20:28:58 DEBUG : Logs will be stored at 'C:/Xilinx/Projects/DRC_Rev2.0_Deliverables/DRC_Rev2.0_SW/IDE.log'.
20:29:10 INFO  : Launching XSCT server: xsct.bat -n  -interactive C:\Xilinx\Projects\DRC_Rev2.0_Deliverables\DRC_Rev2.0_SW\temp_xsdb_launch_script.tcl
20:29:10 INFO  : Registering command handlers for Vitis TCF services
20:29:11 INFO  : Platform repository initialization has completed.
20:29:12 INFO  : XSCT server has started successfully.
20:29:12 INFO  : Successfully done setting XSCT server connection channel  
20:29:12 INFO  : plnx-install-location is set to ''
20:29:12 INFO  : Successfully done query RDI_DATADIR 
20:29:12 INFO  : Successfully done setting workspace for the tool. 
20:29:33 INFO  : Platform 'DRCPlatform' is added to custom repositories.
10:07:07 DEBUG : Logs will be stored at 'C:/Xilinx/Projects/DRC_Rev2.0_Deliverables/DRC_Rev2.0_SW/IDE.log'.
10:07:08 INFO  : Launching XSCT server: xsct.bat -n  -interactive C:\Xilinx\Projects\DRC_Rev2.0_Deliverables\DRC_Rev2.0_SW\temp_xsdb_launch_script.tcl
10:07:11 INFO  : Registering command handlers for Vitis TCF services
10:07:12 INFO  : Platform repository initialization has completed.
10:07:13 INFO  : XSCT server has started successfully.
10:07:13 INFO  : plnx-install-location is set to ''
10:07:13 INFO  : Successfully done setting XSCT server connection channel  
10:07:13 INFO  : Successfully done query RDI_DATADIR 
10:07:13 INFO  : Successfully done setting workspace for the tool. 
16:31:02 DEBUG : Logs will be stored at 'C:/Xilinx/Projects/DRC_Rev2.0_Deliverables/DRC_Rev2.0_SW/IDE.log'.
16:31:02 INFO  : Launching XSCT server: xsct.bat -n  -interactive C:\Xilinx\Projects\DRC_Rev2.0_Deliverables\DRC_Rev2.0_SW\temp_xsdb_launch_script.tcl
16:31:04 INFO  : XSCT server has started successfully.
16:31:04 INFO  : plnx-install-location is set to ''
16:31:04 INFO  : Successfully done setting XSCT server connection channel  
16:31:04 INFO  : Successfully done setting workspace for the tool. 
16:31:17 INFO  : Registering command handlers for Vitis TCF services
16:31:17 INFO  : Successfully done query RDI_DATADIR 
16:31:18 INFO  : Platform repository initialization has completed.
02:00:49 DEBUG : Logs will be stored at 'C:/Xilinx/Projects/DRC_Rev2.0_Deliverables/DRC_Rev2.0_SW/IDE.log'.
02:00:50 INFO  : Launching XSCT server: xsct.bat -n  -interactive C:\Xilinx\Projects\DRC_Rev2.0_Deliverables\DRC_Rev2.0_SW\temp_xsdb_launch_script.tcl
02:00:53 INFO  : Platform repository initialization has completed.
02:00:55 INFO  : XSCT server has started successfully.
02:00:55 INFO  : Registering command handlers for Vitis TCF services
02:00:55 INFO  : Successfully done setting XSCT server connection channel  
02:00:55 INFO  : plnx-install-location is set to ''
02:00:55 INFO  : Successfully done query RDI_DATADIR 
02:00:55 INFO  : Successfully done setting workspace for the tool. 
02:01:53 INFO  : Checking for BSP changes to sync application flags for project 'DRC_Rev2_0_Deliverables_Application'...
02:02:20 INFO  : Connected to target on host '127.0.0.1' and port '3121'.
02:02:22 INFO  : Jtag cable 'Digilent JTAG-HS3 210299BBCD36' is selected.
02:02:22 INFO  : 'jtag frequency' command is executed.
02:02:22 INFO  : Sourcing of 'C:/Xilinx/Vitis/2023.1/scripts/vitis/util/zynqmp_utils.tcl' is done.
02:02:22 INFO  : Context for 'APU' is selected.
02:02:23 INFO  : System reset is completed.
02:02:26 INFO  : 'after 3000' command is executed.
02:02:26 INFO  : 'targets -set -filter {jtag_cable_name =~ "Digilent JTAG-HS3 210299BBCD36" && level==0 && jtag_device_ctx=="jsn-JTAG-HS3-210299BBCD36-14710093-0"}' command is executed.
02:02:29 INFO  : Device configured successfully with "C:/Xilinx/Projects/DRC_Rev2.0_Deliverables/Vitis2023.1/DRC_Rev2.0_SW/DRC_Rev2_0_Deliverables_Application/_ide/bitstream/DRC_Rev2_0_Deliverables.bit"
02:02:29 INFO  : Context for 'APU' is selected.
02:02:30 INFO  : Hardware design and registers information is loaded from 'C:/Xilinx/Projects/DRC_Rev2.0_Deliverables/Vitis2023.1/DRC_Rev2.0_SW/DRCPlatform/export/DRCPlatform/hw/DRC_Rev2_0_Deliverables.xsa'.
02:02:30 INFO  : 'configparams force-mem-access 1' command is executed.
02:02:30 INFO  : Context for 'APU' is selected.
02:02:30 INFO  : Boot mode is read from the target.
02:02:30 INFO  : Context for processor 'psu_cortexa53_0' is selected.
02:02:31 INFO  : Processor reset is completed for 'psu_cortexa53_0'.
02:02:31 INFO  : The application 'C:/Xilinx/Projects/DRC_Rev2.0_Deliverables/Vitis2023.1/DRC_Rev2.0_SW/DRCPlatform/export/DRCPlatform/sw/DRCPlatform/boot/fsbl.elf' is downloaded to processor 'psu_cortexa53_0'.
02:02:31 INFO  : 'set bp_2_31_fsbl_bp [bpadd -addr &XFsbl_Exit]' command is executed.
02:02:32 INFO  : 'con -block -timeout 60' command is executed.
02:02:32 INFO  : 'bpremove $bp_2_31_fsbl_bp' command is executed.
02:02:32 INFO  : Context for processor 'psu_cortexa53_0' is selected.
02:02:33 INFO  : Processor reset is completed for 'psu_cortexa53_0'.
02:02:34 INFO  : The application 'C:/Xilinx/Projects/DRC_Rev2.0_Deliverables/Vitis2023.1/DRC_Rev2.0_SW/DRC_Rev2_0_Deliverables_Application/Debug/DRC_Rev2_0_Deliverables_Application.elf' is downloaded to processor 'psu_cortexa53_0'.
02:02:34 INFO  : 'configparams force-mem-access 0' command is executed.
02:02:34 INFO  : ----------------XSDB Script----------------
connect -url tcp:127.0.0.1:3121
source C:/Xilinx/Vitis/2023.1/scripts/vitis/util/zynqmp_utils.tcl
targets -set -nocase -filter {name =~"APU*"}
rst -system
after 3000
targets -set -filter {jtag_cable_name =~ "Digilent JTAG-HS3 210299BBCD36" && level==0 && jtag_device_ctx=="jsn-JTAG-HS3-210299BBCD36-14710093-0"}
fpga -file C:/Xilinx/Projects/DRC_Rev2.0_Deliverables/Vitis2023.1/DRC_Rev2.0_SW/DRC_Rev2_0_Deliverables_Application/_ide/bitstream/DRC_Rev2_0_Deliverables.bit
targets -set -nocase -filter {name =~"APU*"}
loadhw -hw C:/Xilinx/Projects/DRC_Rev2.0_Deliverables/Vitis2023.1/DRC_Rev2.0_SW/DRCPlatform/export/DRCPlatform/hw/DRC_Rev2_0_Deliverables.xsa -mem-ranges [list {0x80000000 0xbfffffff} {0x400000000 0x5ffffffff} {0x1000000000 0x7fffffffff}] -regs
configparams force-mem-access 1
targets -set -nocase -filter {name =~"APU*"}
set mode [expr [mrd -value 0xFF5E0200] & 0xf]
targets -set -nocase -filter {name =~ "*A53*#0"}
rst -processor
dow C:/Xilinx/Projects/DRC_Rev2.0_Deliverables/Vitis2023.1/DRC_Rev2.0_SW/DRCPlatform/export/DRCPlatform/sw/DRCPlatform/boot/fsbl.elf
set bp_2_31_fsbl_bp [bpadd -addr &XFsbl_Exit]
con -block -timeout 60
bpremove $bp_2_31_fsbl_bp
targets -set -nocase -filter {name =~ "*A53*#0"}
rst -processor
dow C:/Xilinx/Projects/DRC_Rev2.0_Deliverables/Vitis2023.1/DRC_Rev2.0_SW/DRC_Rev2_0_Deliverables_Application/Debug/DRC_Rev2_0_Deliverables_Application.elf
configparams force-mem-access 0
----------------End of Script----------------

02:02:34 INFO  : Context for processor 'psu_cortexa53_0' is selected.
02:02:34 INFO  : 'con' command is executed.
02:02:34 INFO  : ----------------XSDB Script (After Launch)----------------
targets -set -nocase -filter {name =~ "*A53*#0"}
con
----------------End of Script----------------

02:02:34 INFO  : Launch script is exported to file 'C:\Xilinx\Projects\DRC_Rev2.0_Deliverables\DRC_Rev2.0_SW\DRC_Rev2_0_Deliverables_Application_system\_ide\scripts\systemdebugger_drc_rev2_0_deliverables_application_system_11_standalone.tcl'
02:02:47 ERROR : An unexpected exception occurred in the module 'platform project logging'
02:02:55 ERROR : An unexpected exception occurred in the module 'platform project logging'
02:03:05 ERROR : An unexpected exception occurred in the module 'platform project logging'
02:03:10 ERROR : An unexpected exception occurred in the module 'platform project logging'
02:03:10 ERROR : An unexpected exception occurred in the module 'platform project logging'
02:03:10 ERROR : An unexpected exception occurred in the module 'platform project logging'
02:03:10 ERROR : An unexpected exception occurred in the module 'platform project logging'
02:05:11 INFO  : Result from executing command 'getProjects': DRCPlatform
02:05:11 INFO  : Result from executing command 'getPlatforms': DRCPlatform|C:/Xilinx/Projects/DRC_Rev2.0_Deliverables/Vitis2023.1/DRC_Rev2.0_SW/DRCPlatform/export/DRCPlatform/DRCPlatform.xpfm;xilinx_vck190_base_202310_1|C:/Xilinx/Vitis/2023.1/base_platforms/xilinx_vck190_base_202310_1/xilinx_vck190_base_202310_1.xpfm;xilinx_vck190_base_dfx_202310_1|C:/Xilinx/Vitis/2023.1/base_platforms/xilinx_vck190_base_dfx_202310_1/xilinx_vck190_base_dfx_202310_1.xpfm;xilinx_vek280_es1_base_202310_1|C:/Xilinx/Vitis/2023.1/base_platforms/xilinx_vek280_es1_base_202310_1/xilinx_vek280_es1_base_202310_1.xpfm;xilinx_vmk180_base_202310_1|C:/Xilinx/Vitis/2023.1/base_platforms/xilinx_vmk180_base_202310_1/xilinx_vmk180_base_202310_1.xpfm;xilinx_zcu102_base_202310_1|C:/Xilinx/Vitis/2023.1/base_platforms/xilinx_zcu102_base_202310_1/xilinx_zcu102_base_202310_1.xpfm;xilinx_zcu102_base_dfx_202310_1|C:/Xilinx/Vitis/2023.1/base_platforms/xilinx_zcu102_base_dfx_202310_1/xilinx_zcu102_base_dfx_202310_1.xpfm;xilinx_zcu104_base_202310_1|C:/Xilinx/Vitis/2023.1/base_platforms/xilinx_zcu104_base_202310_1/xilinx_zcu104_base_202310_1.xpfm
02:05:11 ERROR : Error from executing command 'addPlatformRepo': ERROR: No valid directory exists at given path.
02:06:34 INFO  : Checking for BSP changes to sync application flags for project 'DRC_Rev2_0_Deliverables_Application'...
02:06:34 INFO  : Updating application flags with new BSP settings...
02:06:35 INFO  : Successfully updated application flags for project DRC_Rev2_0_Deliverables_Application.
02:06:50 INFO  : Disconnected from the channel tcfchan#2.
02:06:51 INFO  : Connected to target on host '127.0.0.1' and port '3121'.
02:07:00 INFO  : ----------------XSDB Script----------------
connect -url tcp:127.0.0.1:3121
----------------End of Script----------------

02:07:00 ERROR : Could not find ARM device on the board for connection 'Local'.
Check if the target is in:
1. Split JTAG - No operations are possible with ARM DAP.
2. Non JTAG bootmode - Bootrom may need time to enable DAP.
Please try again.


Troubleshooting hints:
1. Check whether board is connected to system properly.
2. In case of zynq board, check whether Digilent/Xilinx cable switch settings are correct.
3. If you are using Xilinx Platform Cable USB, ensure that status LED is green.
02:07:08 INFO  : Connected to target on host '127.0.0.1' and port '3121'.
02:07:08 INFO  : Jtag cable 'Digilent JTAG-HS3 210299BBCD36' is selected.
02:07:08 INFO  : 'jtag frequency' command is executed.
02:07:08 INFO  : Sourcing of 'C:/Xilinx/Vitis/2023.1/scripts/vitis/util/zynqmp_utils.tcl' is done.
02:07:08 INFO  : Context for 'APU' is selected.
02:07:08 INFO  : System reset is completed.
02:07:11 INFO  : 'after 3000' command is executed.
02:07:11 INFO  : 'targets -set -filter {jtag_cable_name =~ "Digilent JTAG-HS3 210299BBCD36" && level==0 && jtag_device_ctx=="jsn-JTAG-HS3-210299BBCD36-14710093-0"}' command is executed.
02:07:15 INFO  : Device configured successfully with "C:/Xilinx/Projects/DRC_Rev2.0_Deliverables/Vitis2023.1/DRC_Rev2.0_SW/DRC_Rev2_0_Deliverables_Application/_ide/bitstream/DRC_Rev2_0_Deliverables.bit"
02:07:15 INFO  : Context for 'APU' is selected.
02:07:27 INFO  : Hardware design and registers information is loaded from 'C:/Xilinx/Projects/DRC_Rev2.0_Deliverables/Vitis2023.1/DRC_Rev2.0_SW/DRCPlatform/export/DRCPlatform/hw/DRC_Rev2_0_Deliverables.xsa'.
02:07:27 INFO  : 'configparams force-mem-access 1' command is executed.
02:07:27 INFO  : Context for 'APU' is selected.
02:07:27 INFO  : Boot mode is read from the target.
02:07:28 INFO  : Context for processor 'psu_cortexa53_0' is selected.
02:07:28 INFO  : Processor reset is completed for 'psu_cortexa53_0'.
02:07:28 INFO  : The application 'C:/Xilinx/Projects/DRC_Rev2.0_Deliverables/Vitis2023.1/DRC_Rev2.0_SW/DRCPlatform/export/DRCPlatform/sw/DRCPlatform/boot/fsbl.elf' is downloaded to processor 'psu_cortexa53_0'.
02:07:28 INFO  : 'set bp_7_28_fsbl_bp [bpadd -addr &XFsbl_Exit]' command is executed.
02:07:29 INFO  : 'con -block -timeout 60' command is executed.
02:07:29 INFO  : 'bpremove $bp_7_28_fsbl_bp' command is executed.
02:07:29 INFO  : Context for processor 'psu_cortexa53_0' is selected.
02:07:29 INFO  : Processor reset is completed for 'psu_cortexa53_0'.
02:07:31 INFO  : The application 'C:/Xilinx/Projects/DRC_Rev2.0_Deliverables/Vitis2023.1/DRC_Rev2.0_SW/DRC_Rev2_0_Deliverables_Application/Debug/DRC_Rev2_0_Deliverables_Application.elf' is downloaded to processor 'psu_cortexa53_0'.
02:07:31 INFO  : 'configparams force-mem-access 0' command is executed.
02:07:31 INFO  : ----------------XSDB Script----------------
connect -url tcp:127.0.0.1:3121
source C:/Xilinx/Vitis/2023.1/scripts/vitis/util/zynqmp_utils.tcl
targets -set -nocase -filter {name =~"APU*"}
rst -system
after 3000
targets -set -filter {jtag_cable_name =~ "Digilent JTAG-HS3 210299BBCD36" && level==0 && jtag_device_ctx=="jsn-JTAG-HS3-210299BBCD36-14710093-0"}
fpga -file C:/Xilinx/Projects/DRC_Rev2.0_Deliverables/Vitis2023.1/DRC_Rev2.0_SW/DRC_Rev2_0_Deliverables_Application/_ide/bitstream/DRC_Rev2_0_Deliverables.bit
targets -set -nocase -filter {name =~"APU*"}
loadhw -hw C:/Xilinx/Projects/DRC_Rev2.0_Deliverables/Vitis2023.1/DRC_Rev2.0_SW/DRCPlatform/export/DRCPlatform/hw/DRC_Rev2_0_Deliverables.xsa -mem-ranges [list {0x80000000 0xbfffffff} {0x400000000 0x5ffffffff} {0x1000000000 0x7fffffffff}] -regs
configparams force-mem-access 1
targets -set -nocase -filter {name =~"APU*"}
set mode [expr [mrd -value 0xFF5E0200] & 0xf]
targets -set -nocase -filter {name =~ "*A53*#0"}
rst -processor
dow C:/Xilinx/Projects/DRC_Rev2.0_Deliverables/Vitis2023.1/DRC_Rev2.0_SW/DRCPlatform/export/DRCPlatform/sw/DRCPlatform/boot/fsbl.elf
set bp_7_28_fsbl_bp [bpadd -addr &XFsbl_Exit]
con -block -timeout 60
bpremove $bp_7_28_fsbl_bp
targets -set -nocase -filter {name =~ "*A53*#0"}
rst -processor
dow C:/Xilinx/Projects/DRC_Rev2.0_Deliverables/Vitis2023.1/DRC_Rev2.0_SW/DRC_Rev2_0_Deliverables_Application/Debug/DRC_Rev2_0_Deliverables_Application.elf
configparams force-mem-access 0
----------------End of Script----------------

02:07:31 INFO  : Context for processor 'psu_cortexa53_0' is selected.
02:07:31 INFO  : 'con' command is executed.
02:07:31 INFO  : ----------------XSDB Script (After Launch)----------------
targets -set -nocase -filter {name =~ "*A53*#0"}
con
----------------End of Script----------------

02:07:31 INFO  : Launch script is exported to file 'C:\Xilinx\Projects\DRC_Rev2.0_Deliverables\DRC_Rev2.0_SW\DRC_Rev2_0_Deliverables_Application_system\_ide\scripts\systemdebugger_drc_rev2_0_deliverables_application_system_13_standalone.tcl'
02:08:47 INFO  : Result from executing command 'getProjects': DRCPlatform
02:08:47 INFO  : Result from executing command 'getPlatforms': DRCPlatform|C:/Xilinx/Projects/DRC_Rev2.0_Deliverables/Vitis2023.1/DRC_Rev2.0_SW/DRCPlatform/export/DRCPlatform/DRCPlatform.xpfm;xilinx_vck190_base_202310_1|C:/Xilinx/Vitis/2023.1/base_platforms/xilinx_vck190_base_202310_1/xilinx_vck190_base_202310_1.xpfm;xilinx_vck190_base_dfx_202310_1|C:/Xilinx/Vitis/2023.1/base_platforms/xilinx_vck190_base_dfx_202310_1/xilinx_vck190_base_dfx_202310_1.xpfm;xilinx_vek280_es1_base_202310_1|C:/Xilinx/Vitis/2023.1/base_platforms/xilinx_vek280_es1_base_202310_1/xilinx_vek280_es1_base_202310_1.xpfm;xilinx_vmk180_base_202310_1|C:/Xilinx/Vitis/2023.1/base_platforms/xilinx_vmk180_base_202310_1/xilinx_vmk180_base_202310_1.xpfm;xilinx_zcu102_base_202310_1|C:/Xilinx/Vitis/2023.1/base_platforms/xilinx_zcu102_base_202310_1/xilinx_zcu102_base_202310_1.xpfm;xilinx_zcu102_base_dfx_202310_1|C:/Xilinx/Vitis/2023.1/base_platforms/xilinx_zcu102_base_dfx_202310_1/xilinx_zcu102_base_dfx_202310_1.xpfm;xilinx_zcu104_base_202310_1|C:/Xilinx/Vitis/2023.1/base_platforms/xilinx_zcu104_base_202310_1/xilinx_zcu104_base_202310_1.xpfm
02:08:47 ERROR : Error from executing command 'addPlatformRepo': ERROR: No valid directory exists at given path.
02:08:52 INFO  : Checking for BSP changes to sync application flags for project 'DRC_Rev2_0_Deliverables_Application'...
02:08:52 INFO  : Updating application flags with new BSP settings...
02:08:52 INFO  : Successfully updated application flags for project DRC_Rev2_0_Deliverables_Application.
02:09:04 INFO  : Disconnected from the channel tcfchan#4.
02:09:05 INFO  : Connected to target on host '127.0.0.1' and port '3121'.
02:09:14 INFO  : ----------------XSDB Script----------------
connect -url tcp:127.0.0.1:3121
----------------End of Script----------------

02:09:14 ERROR : Could not find ARM device on the board for connection 'Local'.
Check if the target is in:
1. Split JTAG - No operations are possible with ARM DAP.
2. Non JTAG bootmode - Bootrom may need time to enable DAP.
Please try again.


Troubleshooting hints:
1. Check whether board is connected to system properly.
2. In case of zynq board, check whether Digilent/Xilinx cable switch settings are correct.
3. If you are using Xilinx Platform Cable USB, ensure that status LED is green.
02:09:18 INFO  : Connected to target on host '127.0.0.1' and port '3121'.
02:09:18 INFO  : Jtag cable 'Digilent JTAG-HS3 210299BBCD36' is selected.
02:09:18 INFO  : 'jtag frequency' command is executed.
02:09:18 INFO  : Sourcing of 'C:/Xilinx/Vitis/2023.1/scripts/vitis/util/zynqmp_utils.tcl' is done.
02:09:18 INFO  : Context for 'APU' is selected.
02:09:18 INFO  : System reset is completed.
02:09:21 INFO  : 'after 3000' command is executed.
02:09:21 INFO  : 'targets -set -filter {jtag_cable_name =~ "Digilent JTAG-HS3 210299BBCD36" && level==0 && jtag_device_ctx=="jsn-JTAG-HS3-210299BBCD36-14710093-0"}' command is executed.
02:09:25 INFO  : Device configured successfully with "C:/Xilinx/Projects/DRC_Rev2.0_Deliverables/Vitis2023.1/DRC_Rev2.0_SW/DRC_Rev2_0_Deliverables_Application/_ide/bitstream/DRC_Rev2_0_Deliverables.bit"
02:09:25 INFO  : Context for 'APU' is selected.
02:09:25 INFO  : Hardware design and registers information is loaded from 'C:/Xilinx/Projects/DRC_Rev2.0_Deliverables/Vitis2023.1/DRC_Rev2.0_SW/DRCPlatform/export/DRCPlatform/hw/DRC_Rev2_0_Deliverables.xsa'.
02:09:25 INFO  : 'configparams force-mem-access 1' command is executed.
02:09:25 INFO  : Context for 'APU' is selected.
02:09:25 INFO  : Boot mode is read from the target.
02:09:25 INFO  : Context for processor 'psu_cortexa53_0' is selected.
02:09:25 INFO  : Processor reset is completed for 'psu_cortexa53_0'.
02:09:26 INFO  : The application 'C:/Xilinx/Projects/DRC_Rev2.0_Deliverables/Vitis2023.1/DRC_Rev2.0_SW/DRCPlatform/export/DRCPlatform/sw/DRCPlatform/boot/fsbl.elf' is downloaded to processor 'psu_cortexa53_0'.
02:09:26 INFO  : 'set bp_9_26_fsbl_bp [bpadd -addr &XFsbl_Exit]' command is executed.
02:09:26 INFO  : 'con -block -timeout 60' command is executed.
02:09:26 INFO  : 'bpremove $bp_9_26_fsbl_bp' command is executed.
02:09:26 INFO  : Context for processor 'psu_cortexa53_0' is selected.
02:09:26 INFO  : Processor reset is completed for 'psu_cortexa53_0'.
02:09:28 INFO  : The application 'C:/Xilinx/Projects/DRC_Rev2.0_Deliverables/Vitis2023.1/DRC_Rev2.0_SW/DRC_Rev2_0_Deliverables_Application/Debug/DRC_Rev2_0_Deliverables_Application.elf' is downloaded to processor 'psu_cortexa53_0'.
02:09:28 INFO  : 'configparams force-mem-access 0' command is executed.
02:09:28 INFO  : ----------------XSDB Script----------------
connect -url tcp:127.0.0.1:3121
source C:/Xilinx/Vitis/2023.1/scripts/vitis/util/zynqmp_utils.tcl
targets -set -nocase -filter {name =~"APU*"}
rst -system
after 3000
targets -set -filter {jtag_cable_name =~ "Digilent JTAG-HS3 210299BBCD36" && level==0 && jtag_device_ctx=="jsn-JTAG-HS3-210299BBCD36-14710093-0"}
fpga -file C:/Xilinx/Projects/DRC_Rev2.0_Deliverables/Vitis2023.1/DRC_Rev2.0_SW/DRC_Rev2_0_Deliverables_Application/_ide/bitstream/DRC_Rev2_0_Deliverables.bit
targets -set -nocase -filter {name =~"APU*"}
loadhw -hw C:/Xilinx/Projects/DRC_Rev2.0_Deliverables/Vitis2023.1/DRC_Rev2.0_SW/DRCPlatform/export/DRCPlatform/hw/DRC_Rev2_0_Deliverables.xsa -mem-ranges [list {0x80000000 0xbfffffff} {0x400000000 0x5ffffffff} {0x1000000000 0x7fffffffff}] -regs
configparams force-mem-access 1
targets -set -nocase -filter {name =~"APU*"}
set mode [expr [mrd -value 0xFF5E0200] & 0xf]
targets -set -nocase -filter {name =~ "*A53*#0"}
rst -processor
dow C:/Xilinx/Projects/DRC_Rev2.0_Deliverables/Vitis2023.1/DRC_Rev2.0_SW/DRCPlatform/export/DRCPlatform/sw/DRCPlatform/boot/fsbl.elf
set bp_9_26_fsbl_bp [bpadd -addr &XFsbl_Exit]
con -block -timeout 60
bpremove $bp_9_26_fsbl_bp
targets -set -nocase -filter {name =~ "*A53*#0"}
rst -processor
dow C:/Xilinx/Projects/DRC_Rev2.0_Deliverables/Vitis2023.1/DRC_Rev2.0_SW/DRC_Rev2_0_Deliverables_Application/Debug/DRC_Rev2_0_Deliverables_Application.elf
configparams force-mem-access 0
----------------End of Script----------------

02:09:28 INFO  : Context for processor 'psu_cortexa53_0' is selected.
02:09:28 INFO  : 'con' command is executed.
02:09:28 INFO  : ----------------XSDB Script (After Launch)----------------
targets -set -nocase -filter {name =~ "*A53*#0"}
con
----------------End of Script----------------

02:09:28 INFO  : Launch script is exported to file 'C:\Xilinx\Projects\DRC_Rev2.0_Deliverables\DRC_Rev2.0_SW\DRC_Rev2_0_Deliverables_Application_system\_ide\scripts\systemdebugger_drc_rev2_0_deliverables_application_system_15_standalone.tcl'
02:11:42 INFO  : Result from executing command 'getProjects': DRCPlatform
02:11:42 INFO  : Result from executing command 'getPlatforms': DRCPlatform|C:/Xilinx/Projects/DRC_Rev2.0_Deliverables/Vitis2023.1/DRC_Rev2.0_SW/DRCPlatform/export/DRCPlatform/DRCPlatform.xpfm;xilinx_vck190_base_202310_1|C:/Xilinx/Vitis/2023.1/base_platforms/xilinx_vck190_base_202310_1/xilinx_vck190_base_202310_1.xpfm;xilinx_vck190_base_dfx_202310_1|C:/Xilinx/Vitis/2023.1/base_platforms/xilinx_vck190_base_dfx_202310_1/xilinx_vck190_base_dfx_202310_1.xpfm;xilinx_vek280_es1_base_202310_1|C:/Xilinx/Vitis/2023.1/base_platforms/xilinx_vek280_es1_base_202310_1/xilinx_vek280_es1_base_202310_1.xpfm;xilinx_vmk180_base_202310_1|C:/Xilinx/Vitis/2023.1/base_platforms/xilinx_vmk180_base_202310_1/xilinx_vmk180_base_202310_1.xpfm;xilinx_zcu102_base_202310_1|C:/Xilinx/Vitis/2023.1/base_platforms/xilinx_zcu102_base_202310_1/xilinx_zcu102_base_202310_1.xpfm;xilinx_zcu102_base_dfx_202310_1|C:/Xilinx/Vitis/2023.1/base_platforms/xilinx_zcu102_base_dfx_202310_1/xilinx_zcu102_base_dfx_202310_1.xpfm;xilinx_zcu104_base_202310_1|C:/Xilinx/Vitis/2023.1/base_platforms/xilinx_zcu104_base_202310_1/xilinx_zcu104_base_202310_1.xpfm
02:11:42 ERROR : Error from executing command 'addPlatformRepo': ERROR: No valid directory exists at given path.
02:11:47 INFO  : Checking for BSP changes to sync application flags for project 'DRC_Rev2_0_Deliverables_Application'...
02:11:47 INFO  : Updating application flags with new BSP settings...
02:11:47 INFO  : Successfully updated application flags for project DRC_Rev2_0_Deliverables_Application.
02:12:36 INFO  : Checking for BSP changes to sync application flags for project 'DRC_Rev2_0_Deliverables_Application'...
02:12:44 INFO  : Checking for BSP changes to sync application flags for project 'DRC_Rev2_0_Deliverables_Application'...
02:13:00 ERROR : Error from executing command 'removePlatformRepo': ERROR: No valid directory exists at given path.
02:14:36 INFO  : Result from executing command 'getProjects': DRCPlatform
02:14:36 INFO  : Result from executing command 'getPlatforms': DRCPlatform|C:/Xilinx/Projects/DRC_Rev2.0_Deliverables/Vitis2023.1/DRC_Rev2.0_SW/DRCPlatform/export/DRCPlatform/DRCPlatform.xpfm;xilinx_vck190_base_202310_1|C:/Xilinx/Vitis/2023.1/base_platforms/xilinx_vck190_base_202310_1/xilinx_vck190_base_202310_1.xpfm;xilinx_vck190_base_dfx_202310_1|C:/Xilinx/Vitis/2023.1/base_platforms/xilinx_vck190_base_dfx_202310_1/xilinx_vck190_base_dfx_202310_1.xpfm;xilinx_vek280_es1_base_202310_1|C:/Xilinx/Vitis/2023.1/base_platforms/xilinx_vek280_es1_base_202310_1/xilinx_vek280_es1_base_202310_1.xpfm;xilinx_vmk180_base_202310_1|C:/Xilinx/Vitis/2023.1/base_platforms/xilinx_vmk180_base_202310_1/xilinx_vmk180_base_202310_1.xpfm;xilinx_zcu102_base_202310_1|C:/Xilinx/Vitis/2023.1/base_platforms/xilinx_zcu102_base_202310_1/xilinx_zcu102_base_202310_1.xpfm;xilinx_zcu102_base_dfx_202310_1|C:/Xilinx/Vitis/2023.1/base_platforms/xilinx_zcu102_base_dfx_202310_1/xilinx_zcu102_base_dfx_202310_1.xpfm;xilinx_zcu104_base_202310_1|C:/Xilinx/Vitis/2023.1/base_platforms/xilinx_zcu104_base_202310_1/xilinx_zcu104_base_202310_1.xpfm
02:14:36 ERROR : Error from executing command 'addPlatformRepo': ERROR: No valid directory exists at given path.
02:14:37 INFO  : Checking for BSP changes to sync application flags for project 'DRC_Rev2_0_Deliverables_Application'...
02:14:57 INFO  : Disconnected from the channel tcfchan#6.
02:14:58 INFO  : Connected to target on host '127.0.0.1' and port '3121'.
02:15:07 INFO  : ----------------XSDB Script----------------
connect -url tcp:127.0.0.1:3121
----------------End of Script----------------

02:15:07 ERROR : Could not find ARM device on the board for connection 'Local'.
Check if the target is in:
1. Split JTAG - No operations are possible with ARM DAP.
2. Non JTAG bootmode - Bootrom may need time to enable DAP.
Please try again.


Troubleshooting hints:
1. Check whether board is connected to system properly.
2. In case of zynq board, check whether Digilent/Xilinx cable switch settings are correct.
3. If you are using Xilinx Platform Cable USB, ensure that status LED is green.
02:15:09 INFO  : Checking for BSP changes to sync application flags for project 'DRC_Rev2_0_Deliverables_Application'...
02:15:17 INFO  : Connected to target on host '127.0.0.1' and port '3121'.
02:15:17 INFO  : Jtag cable 'Digilent JTAG-HS3 210299BBCD36' is selected.
02:15:17 INFO  : 'jtag frequency' command is executed.
02:15:17 INFO  : Sourcing of 'C:/Xilinx/Vitis/2023.1/scripts/vitis/util/zynqmp_utils.tcl' is done.
02:15:17 INFO  : Context for 'APU' is selected.
02:15:17 INFO  : System reset is completed.
02:15:20 INFO  : 'after 3000' command is executed.
02:15:20 INFO  : 'targets -set -filter {jtag_cable_name =~ "Digilent JTAG-HS3 210299BBCD36" && level==0 && jtag_device_ctx=="jsn-JTAG-HS3-210299BBCD36-14710093-0"}' command is executed.
02:15:23 INFO  : Device configured successfully with "C:/Xilinx/Projects/DRC_Rev2.0_Deliverables/Vitis2023.1/DRC_Rev2.0_SW/DRC_Rev2_0_Deliverables_Application/_ide/bitstream/DRC_Rev2_0_Deliverables.bit"
02:15:23 INFO  : Context for 'APU' is selected.
02:15:23 INFO  : Hardware design and registers information is loaded from 'C:/Xilinx/Projects/DRC_Rev2.0_Deliverables/Vitis2023.1/DRC_Rev2.0_SW/DRCPlatform/export/DRCPlatform/hw/DRC_Rev2_0_Deliverables.xsa'.
02:15:23 INFO  : 'configparams force-mem-access 1' command is executed.
02:15:23 INFO  : Context for 'APU' is selected.
02:15:23 INFO  : Boot mode is read from the target.
02:15:23 INFO  : Context for processor 'psu_cortexa53_0' is selected.
02:15:23 INFO  : Processor reset is completed for 'psu_cortexa53_0'.
02:15:24 INFO  : The application 'C:/Xilinx/Projects/DRC_Rev2.0_Deliverables/Vitis2023.1/DRC_Rev2.0_SW/DRCPlatform/export/DRCPlatform/sw/DRCPlatform/boot/fsbl.elf' is downloaded to processor 'psu_cortexa53_0'.
02:15:24 INFO  : 'set bp_15_24_fsbl_bp [bpadd -addr &XFsbl_Exit]' command is executed.
02:15:25 INFO  : 'con -block -timeout 60' command is executed.
02:15:25 INFO  : 'bpremove $bp_15_24_fsbl_bp' command is executed.
02:15:25 INFO  : Context for processor 'psu_cortexa53_0' is selected.
02:15:25 INFO  : Processor reset is completed for 'psu_cortexa53_0'.
02:15:26 INFO  : The application 'C:/Xilinx/Projects/DRC_Rev2.0_Deliverables/Vitis2023.1/DRC_Rev2.0_SW/DRC_Rev2_0_Deliverables_Application/Debug/DRC_Rev2_0_Deliverables_Application.elf' is downloaded to processor 'psu_cortexa53_0'.
02:15:26 INFO  : 'configparams force-mem-access 0' command is executed.
02:15:26 INFO  : ----------------XSDB Script----------------
connect -url tcp:127.0.0.1:3121
source C:/Xilinx/Vitis/2023.1/scripts/vitis/util/zynqmp_utils.tcl
targets -set -nocase -filter {name =~"APU*"}
rst -system
after 3000
targets -set -filter {jtag_cable_name =~ "Digilent JTAG-HS3 210299BBCD36" && level==0 && jtag_device_ctx=="jsn-JTAG-HS3-210299BBCD36-14710093-0"}
fpga -file C:/Xilinx/Projects/DRC_Rev2.0_Deliverables/Vitis2023.1/DRC_Rev2.0_SW/DRC_Rev2_0_Deliverables_Application/_ide/bitstream/DRC_Rev2_0_Deliverables.bit
targets -set -nocase -filter {name =~"APU*"}
loadhw -hw C:/Xilinx/Projects/DRC_Rev2.0_Deliverables/Vitis2023.1/DRC_Rev2.0_SW/DRCPlatform/export/DRCPlatform/hw/DRC_Rev2_0_Deliverables.xsa -mem-ranges [list {0x80000000 0xbfffffff} {0x400000000 0x5ffffffff} {0x1000000000 0x7fffffffff}] -regs
configparams force-mem-access 1
targets -set -nocase -filter {name =~"APU*"}
set mode [expr [mrd -value 0xFF5E0200] & 0xf]
targets -set -nocase -filter {name =~ "*A53*#0"}
rst -processor
dow C:/Xilinx/Projects/DRC_Rev2.0_Deliverables/Vitis2023.1/DRC_Rev2.0_SW/DRCPlatform/export/DRCPlatform/sw/DRCPlatform/boot/fsbl.elf
set bp_15_24_fsbl_bp [bpadd -addr &XFsbl_Exit]
con -block -timeout 60
bpremove $bp_15_24_fsbl_bp
targets -set -nocase -filter {name =~ "*A53*#0"}
rst -processor
dow C:/Xilinx/Projects/DRC_Rev2.0_Deliverables/Vitis2023.1/DRC_Rev2.0_SW/DRC_Rev2_0_Deliverables_Application/Debug/DRC_Rev2_0_Deliverables_Application.elf
configparams force-mem-access 0
----------------End of Script----------------

02:15:26 INFO  : Context for processor 'psu_cortexa53_0' is selected.
02:15:27 INFO  : 'con' command is executed.
02:15:27 INFO  : ----------------XSDB Script (After Launch)----------------
targets -set -nocase -filter {name =~ "*A53*#0"}
con
----------------End of Script----------------

02:15:27 INFO  : Launch script is exported to file 'C:\Xilinx\Projects\DRC_Rev2.0_Deliverables\DRC_Rev2.0_SW\DRC_Rev2_0_Deliverables_Application_system\_ide\scripts\systemdebugger_drc_rev2_0_deliverables_application_system_17_standalone.tcl'
02:24:39 INFO  : Disconnected from the channel tcfchan#11.
11:22:05 DEBUG : Logs will be stored at 'C:/Xilinx/Projects/DRC_Rev2.0_Deliverables/DRC_Rev2.0_SW/IDE.log'.
11:22:06 INFO  : Launching XSCT server: xsct.bat -n  -interactive C:\Xilinx\Projects\DRC_Rev2.0_Deliverables\DRC_Rev2.0_SW\temp_xsdb_launch_script.tcl
11:22:08 INFO  : XSCT server has started successfully.
11:22:08 INFO  : plnx-install-location is set to ''
11:22:08 INFO  : Successfully done setting XSCT server connection channel  
11:22:08 INFO  : Successfully done setting workspace for the tool. 
11:22:11 INFO  : Registering command handlers for Vitis TCF services
11:22:12 INFO  : Platform repository initialization has completed.
11:22:12 INFO  : Successfully done query RDI_DATADIR 
11:44:06 INFO  : Connected to target on host '127.0.0.1' and port '3121'.
11:44:06 INFO  : Jtag cable 'Digilent JTAG-HS3 210299BBCD36' is selected.
11:44:06 INFO  : 'jtag frequency' command is executed.
11:44:06 INFO  : Sourcing of 'C:/Xilinx/Vitis/2023.1/scripts/vitis/util/zynqmp_utils.tcl' is done.
11:44:06 INFO  : Context for 'APU' is selected.
11:44:07 INFO  : System reset is completed.
11:44:10 INFO  : 'after 3000' command is executed.
11:44:10 INFO  : 'targets -set -filter {jtag_cable_name =~ "Digilent JTAG-HS3 210299BBCD36" && level==0 && jtag_device_ctx=="jsn-JTAG-HS3-210299BBCD36-14710093-0"}' command is executed.
11:44:13 INFO  : Device configured successfully with "C:/Xilinx/Projects/DRC_Rev2.0_Deliverables/Vitis2023.1/DRC_Rev2.0_SW/DRC_Rev2_0_Deliverables_Application/_ide/bitstream/DRC_Rev2_0_Deliverables.bit"
11:44:13 INFO  : Context for 'APU' is selected.
11:44:15 INFO  : Hardware design and registers information is loaded from 'C:/Xilinx/Projects/DRC_Rev2.0_Deliverables/Vitis2023.1/DRC_Rev2.0_SW/DRCPlatform/export/DRCPlatform/hw/DRC_Rev2_0_Deliverables.xsa'.
11:44:15 INFO  : 'configparams force-mem-access 1' command is executed.
11:44:15 INFO  : Context for 'APU' is selected.
11:44:15 INFO  : Boot mode is read from the target.
11:44:15 INFO  : Context for processor 'psu_cortexa53_0' is selected.
11:44:15 INFO  : Processor reset is completed for 'psu_cortexa53_0'.
11:44:15 INFO  : The application 'C:/Xilinx/Projects/DRC_Rev2.0_Deliverables/Vitis2023.1/DRC_Rev2.0_SW/DRCPlatform/export/DRCPlatform/sw/DRCPlatform/boot/fsbl.elf' is downloaded to processor 'psu_cortexa53_0'.
11:44:16 INFO  : 'set bp_44_15_fsbl_bp [bpadd -addr &XFsbl_Exit]' command is executed.
11:44:17 INFO  : 'con -block -timeout 60' command is executed.
11:44:17 INFO  : 'bpremove $bp_44_15_fsbl_bp' command is executed.
11:44:17 INFO  : Context for processor 'psu_cortexa53_0' is selected.
11:44:17 INFO  : Processor reset is completed for 'psu_cortexa53_0'.
11:44:18 INFO  : The application 'C:/Xilinx/Projects/DRC_Rev2.0_Deliverables/Vitis2023.1/DRC_Rev2.0_SW/DRC_Rev2_0_Deliverables_Application/Debug/DRC_Rev2_0_Deliverables_Application.elf' is downloaded to processor 'psu_cortexa53_0'.
11:44:18 INFO  : 'configparams force-mem-access 0' command is executed.
11:44:18 INFO  : ----------------XSDB Script----------------
connect -url tcp:127.0.0.1:3121
source C:/Xilinx/Vitis/2023.1/scripts/vitis/util/zynqmp_utils.tcl
targets -set -nocase -filter {name =~"APU*"}
rst -system
after 3000
targets -set -filter {jtag_cable_name =~ "Digilent JTAG-HS3 210299BBCD36" && level==0 && jtag_device_ctx=="jsn-JTAG-HS3-210299BBCD36-14710093-0"}
fpga -file C:/Xilinx/Projects/DRC_Rev2.0_Deliverables/Vitis2023.1/DRC_Rev2.0_SW/DRC_Rev2_0_Deliverables_Application/_ide/bitstream/DRC_Rev2_0_Deliverables.bit
targets -set -nocase -filter {name =~"APU*"}
loadhw -hw C:/Xilinx/Projects/DRC_Rev2.0_Deliverables/Vitis2023.1/DRC_Rev2.0_SW/DRCPlatform/export/DRCPlatform/hw/DRC_Rev2_0_Deliverables.xsa -mem-ranges [list {0x80000000 0xbfffffff} {0x400000000 0x5ffffffff} {0x1000000000 0x7fffffffff}] -regs
configparams force-mem-access 1
targets -set -nocase -filter {name =~"APU*"}
set mode [expr [mrd -value 0xFF5E0200] & 0xf]
targets -set -nocase -filter {name =~ "*A53*#0"}
rst -processor
dow C:/Xilinx/Projects/DRC_Rev2.0_Deliverables/Vitis2023.1/DRC_Rev2.0_SW/DRCPlatform/export/DRCPlatform/sw/DRCPlatform/boot/fsbl.elf
set bp_44_15_fsbl_bp [bpadd -addr &XFsbl_Exit]
con -block -timeout 60
bpremove $bp_44_15_fsbl_bp
targets -set -nocase -filter {name =~ "*A53*#0"}
rst -processor
dow C:/Xilinx/Projects/DRC_Rev2.0_Deliverables/Vitis2023.1/DRC_Rev2.0_SW/DRC_Rev2_0_Deliverables_Application/Debug/DRC_Rev2_0_Deliverables_Application.elf
configparams force-mem-access 0
----------------End of Script----------------

11:44:18 INFO  : Context for processor 'psu_cortexa53_0' is selected.
11:44:18 INFO  : 'con' command is executed.
11:44:18 INFO  : ----------------XSDB Script (After Launch)----------------
targets -set -nocase -filter {name =~ "*A53*#0"}
con
----------------End of Script----------------

11:44:18 INFO  : Launch script is exported to file 'C:\Xilinx\Projects\DRC_Rev2.0_Deliverables\DRC_Rev2.0_SW\DRC_Rev2_0_Deliverables_Application_system\_ide\scripts\systemdebugger_drc_rev2_0_deliverables_application_system_18_standalone.tcl'
11:59:30 INFO  : Disconnected from the channel tcfchan#1.
11:59:31 INFO  : Connected to target on host '127.0.0.1' and port '3121'.
11:59:40 INFO  : ----------------XSDB Script----------------
connect -url tcp:127.0.0.1:3121
----------------End of Script----------------

11:59:40 ERROR : Could not find ARM device on the board for connection 'Local'.
Check if the target is in:
1. Split JTAG - No operations are possible with ARM DAP.
2. Non JTAG bootmode - Bootrom may need time to enable DAP.
Please try again.


Troubleshooting hints:
1. Check whether board is connected to system properly.
2. In case of zynq board, check whether Digilent/Xilinx cable switch settings are correct.
3. If you are using Xilinx Platform Cable USB, ensure that status LED is green.
11:59:44 INFO  : Connected to target on host '127.0.0.1' and port '3121'.
11:59:44 INFO  : Jtag cable 'Digilent JTAG-HS3 210299BBCD36' is selected.
11:59:44 INFO  : 'jtag frequency' command is executed.
11:59:44 INFO  : Sourcing of 'C:/Xilinx/Vitis/2023.1/scripts/vitis/util/zynqmp_utils.tcl' is done.
11:59:44 INFO  : Context for 'APU' is selected.
11:59:44 INFO  : System reset is completed.
11:59:47 INFO  : 'after 3000' command is executed.
11:59:47 INFO  : 'targets -set -filter {jtag_cable_name =~ "Digilent JTAG-HS3 210299BBCD36" && level==0 && jtag_device_ctx=="jsn-JTAG-HS3-210299BBCD36-14710093-0"}' command is executed.
11:59:51 INFO  : Device configured successfully with "C:/Xilinx/Projects/DRC_Rev2.0_Deliverables/Vitis2023.1/DRC_Rev2.0_SW/DRC_Rev2_0_Deliverables_Application/_ide/bitstream/DRC_Rev2_0_Deliverables.bit"
11:59:51 INFO  : Context for 'APU' is selected.
12:00:05 INFO  : Hardware design and registers information is loaded from 'C:/Xilinx/Projects/DRC_Rev2.0_Deliverables/Vitis2023.1/DRC_Rev2.0_SW/DRCPlatform/export/DRCPlatform/hw/DRC_Rev2_0_Deliverables.xsa'.
12:00:05 INFO  : 'configparams force-mem-access 1' command is executed.
12:00:05 INFO  : Context for 'APU' is selected.
12:00:05 INFO  : Boot mode is read from the target.
12:00:05 INFO  : Context for processor 'psu_cortexa53_0' is selected.
12:00:05 ERROR : No such stream: VS28
12:00:05 INFO  : ----------------XSDB Script----------------
connect -url tcp:127.0.0.1:3121
source C:/Xilinx/Vitis/2023.1/scripts/vitis/util/zynqmp_utils.tcl
targets -set -nocase -filter {name =~"APU*"}
rst -system
after 3000
targets -set -filter {jtag_cable_name =~ "Digilent JTAG-HS3 210299BBCD36" && level==0 && jtag_device_ctx=="jsn-JTAG-HS3-210299BBCD36-14710093-0"}
fpga -file C:/Xilinx/Projects/DRC_Rev2.0_Deliverables/Vitis2023.1/DRC_Rev2.0_SW/DRC_Rev2_0_Deliverables_Application/_ide/bitstream/DRC_Rev2_0_Deliverables.bit
targets -set -nocase -filter {name =~"APU*"}
loadhw -hw C:/Xilinx/Projects/DRC_Rev2.0_Deliverables/Vitis2023.1/DRC_Rev2.0_SW/DRCPlatform/export/DRCPlatform/hw/DRC_Rev2_0_Deliverables.xsa -mem-ranges [list {0x80000000 0xbfffffff} {0x400000000 0x5ffffffff} {0x1000000000 0x7fffffffff}] -regs
configparams force-mem-access 1
targets -set -nocase -filter {name =~"APU*"}
set mode [expr [mrd -value 0xFF5E0200] & 0xf]
targets -set -nocase -filter {name =~ "*A53*#0"}
rst -processor
----------------End of Script----------------

12:00:05 ERROR : No such stream: VS28
12:00:20 INFO  : Connected to target on host '127.0.0.1' and port '3121'.
12:00:20 INFO  : Jtag cable 'Digilent JTAG-HS3 210299BBCD36' is selected.
12:00:20 INFO  : 'jtag frequency' command is executed.
12:00:20 INFO  : Sourcing of 'C:/Xilinx/Vitis/2023.1/scripts/vitis/util/zynqmp_utils.tcl' is done.
12:00:20 INFO  : Context for 'APU' is selected.
12:00:20 INFO  : System reset is completed.
12:00:23 INFO  : 'after 3000' command is executed.
12:00:24 INFO  : 'targets -set -filter {jtag_cable_name =~ "Digilent JTAG-HS3 210299BBCD36" && level==0 && jtag_device_ctx=="jsn-JTAG-HS3-210299BBCD36-14710093-0"}' command is executed.
12:00:27 INFO  : Device configured successfully with "C:/Xilinx/Projects/DRC_Rev2.0_Deliverables/Vitis2023.1/DRC_Rev2.0_SW/DRC_Rev2_0_Deliverables_Application/_ide/bitstream/DRC_Rev2_0_Deliverables.bit"
12:00:27 INFO  : Context for 'APU' is selected.
12:00:27 INFO  : Hardware design and registers information is loaded from 'C:/Xilinx/Projects/DRC_Rev2.0_Deliverables/Vitis2023.1/DRC_Rev2.0_SW/DRCPlatform/export/DRCPlatform/hw/DRC_Rev2_0_Deliverables.xsa'.
12:00:27 INFO  : 'configparams force-mem-access 1' command is executed.
12:00:27 INFO  : Context for 'APU' is selected.
12:00:27 INFO  : Boot mode is read from the target.
12:00:27 INFO  : Context for processor 'psu_cortexa53_0' is selected.
12:00:27 ERROR : No such stream: VS28
12:00:27 INFO  : ----------------XSDB Script----------------
connect -url tcp:127.0.0.1:3121
source C:/Xilinx/Vitis/2023.1/scripts/vitis/util/zynqmp_utils.tcl
targets -set -nocase -filter {name =~"APU*"}
rst -system
after 3000
targets -set -filter {jtag_cable_name =~ "Digilent JTAG-HS3 210299BBCD36" && level==0 && jtag_device_ctx=="jsn-JTAG-HS3-210299BBCD36-14710093-0"}
fpga -file C:/Xilinx/Projects/DRC_Rev2.0_Deliverables/Vitis2023.1/DRC_Rev2.0_SW/DRC_Rev2_0_Deliverables_Application/_ide/bitstream/DRC_Rev2_0_Deliverables.bit
targets -set -nocase -filter {name =~"APU*"}
loadhw -hw C:/Xilinx/Projects/DRC_Rev2.0_Deliverables/Vitis2023.1/DRC_Rev2.0_SW/DRCPlatform/export/DRCPlatform/hw/DRC_Rev2_0_Deliverables.xsa -mem-ranges [list {0x80000000 0xbfffffff} {0x400000000 0x5ffffffff} {0x1000000000 0x7fffffffff}] -regs
configparams force-mem-access 1
targets -set -nocase -filter {name =~"APU*"}
set mode [expr [mrd -value 0xFF5E0200] & 0xf]
targets -set -nocase -filter {name =~ "*A53*#0"}
rst -processor
----------------End of Script----------------

12:00:27 ERROR : No such stream: VS28
12:00:41 INFO  : Connected to target on host '127.0.0.1' and port '3121'.
12:00:41 INFO  : Jtag cable 'Digilent JTAG-HS3 210299BBCD36' is selected.
12:00:41 INFO  : 'jtag frequency' command is executed.
12:00:41 INFO  : Sourcing of 'C:/Xilinx/Vitis/2023.1/scripts/vitis/util/zynqmp_utils.tcl' is done.
12:00:41 INFO  : Context for 'APU' is selected.
12:00:42 INFO  : System reset is completed.
12:00:45 INFO  : 'after 3000' command is executed.
12:00:45 INFO  : 'targets -set -filter {jtag_cable_name =~ "Digilent JTAG-HS3 210299BBCD36" && level==0 && jtag_device_ctx=="jsn-JTAG-HS3-210299BBCD36-14710093-0"}' command is executed.
12:00:48 INFO  : Device configured successfully with "C:/Xilinx/Projects/DRC_Rev2.0_Deliverables/Vitis2023.1/DRC_Rev2.0_SW/DRC_Rev2_0_Deliverables_Application/_ide/bitstream/DRC_Rev2_0_Deliverables.bit"
12:00:48 INFO  : Context for 'APU' is selected.
12:00:48 INFO  : Hardware design and registers information is loaded from 'C:/Xilinx/Projects/DRC_Rev2.0_Deliverables/Vitis2023.1/DRC_Rev2.0_SW/DRCPlatform/export/DRCPlatform/hw/DRC_Rev2_0_Deliverables.xsa'.
12:00:48 INFO  : 'configparams force-mem-access 1' command is executed.
12:00:48 INFO  : Context for 'APU' is selected.
12:00:48 INFO  : Boot mode is read from the target.
12:00:48 INFO  : Context for processor 'psu_cortexa53_0' is selected.
12:00:48 INFO  : Processor reset is completed for 'psu_cortexa53_0'.
12:00:49 INFO  : The application 'C:/Xilinx/Projects/DRC_Rev2.0_Deliverables/Vitis2023.1/DRC_Rev2.0_SW/DRCPlatform/export/DRCPlatform/sw/DRCPlatform/boot/fsbl.elf' is downloaded to processor 'psu_cortexa53_0'.
12:00:49 INFO  : 'set bp_0_49_fsbl_bp [bpadd -addr &XFsbl_Exit]' command is executed.
12:00:50 INFO  : 'con -block -timeout 60' command is executed.
12:00:50 INFO  : 'bpremove $bp_0_49_fsbl_bp' command is executed.
12:00:50 INFO  : Context for processor 'psu_cortexa53_0' is selected.
12:00:50 INFO  : Processor reset is completed for 'psu_cortexa53_0'.
12:00:51 INFO  : The application 'C:/Xilinx/Projects/DRC_Rev2.0_Deliverables/Vitis2023.1/DRC_Rev2.0_SW/DRC_Rev2_0_Deliverables_Application/Debug/DRC_Rev2_0_Deliverables_Application.elf' is downloaded to processor 'psu_cortexa53_0'.
12:00:51 INFO  : 'configparams force-mem-access 0' command is executed.
12:00:51 INFO  : ----------------XSDB Script----------------
connect -url tcp:127.0.0.1:3121
source C:/Xilinx/Vitis/2023.1/scripts/vitis/util/zynqmp_utils.tcl
targets -set -nocase -filter {name =~"APU*"}
rst -system
after 3000
targets -set -filter {jtag_cable_name =~ "Digilent JTAG-HS3 210299BBCD36" && level==0 && jtag_device_ctx=="jsn-JTAG-HS3-210299BBCD36-14710093-0"}
fpga -file C:/Xilinx/Projects/DRC_Rev2.0_Deliverables/Vitis2023.1/DRC_Rev2.0_SW/DRC_Rev2_0_Deliverables_Application/_ide/bitstream/DRC_Rev2_0_Deliverables.bit
targets -set -nocase -filter {name =~"APU*"}
loadhw -hw C:/Xilinx/Projects/DRC_Rev2.0_Deliverables/Vitis2023.1/DRC_Rev2.0_SW/DRCPlatform/export/DRCPlatform/hw/DRC_Rev2_0_Deliverables.xsa -mem-ranges [list {0x80000000 0xbfffffff} {0x400000000 0x5ffffffff} {0x1000000000 0x7fffffffff}] -regs
configparams force-mem-access 1
targets -set -nocase -filter {name =~"APU*"}
set mode [expr [mrd -value 0xFF5E0200] & 0xf]
targets -set -nocase -filter {name =~ "*A53*#0"}
rst -processor
dow C:/Xilinx/Projects/DRC_Rev2.0_Deliverables/Vitis2023.1/DRC_Rev2.0_SW/DRCPlatform/export/DRCPlatform/sw/DRCPlatform/boot/fsbl.elf
set bp_0_49_fsbl_bp [bpadd -addr &XFsbl_Exit]
con -block -timeout 60
bpremove $bp_0_49_fsbl_bp
targets -set -nocase -filter {name =~ "*A53*#0"}
rst -processor
dow C:/Xilinx/Projects/DRC_Rev2.0_Deliverables/Vitis2023.1/DRC_Rev2.0_SW/DRC_Rev2_0_Deliverables_Application/Debug/DRC_Rev2_0_Deliverables_Application.elf
configparams force-mem-access 0
----------------End of Script----------------

12:00:51 INFO  : Context for processor 'psu_cortexa53_0' is selected.
12:00:52 INFO  : 'con' command is executed.
12:00:52 INFO  : ----------------XSDB Script (After Launch)----------------
targets -set -nocase -filter {name =~ "*A53*#0"}
con
----------------End of Script----------------

12:00:52 INFO  : Launch script is exported to file 'C:\Xilinx\Projects\DRC_Rev2.0_Deliverables\DRC_Rev2.0_SW\DRC_Rev2_0_Deliverables_Application_system\_ide\scripts\systemdebugger_drc_rev2_0_deliverables_application_system_22_standalone.tcl'
12:09:04 INFO  : Disconnected from the channel tcfchan#2.
12:09:05 INFO  : Connected to target on host '127.0.0.1' and port '3121'.
12:09:05 INFO  : Jtag cable 'Digilent JTAG-HS3 210299BBCD36' is selected.
12:09:05 INFO  : 'jtag frequency' command is executed.
12:09:05 INFO  : Sourcing of 'C:/Xilinx/Vitis/2023.1/scripts/vitis/util/zynqmp_utils.tcl' is done.
12:09:05 INFO  : Context for 'APU' is selected.
12:09:06 INFO  : System reset is completed.
12:09:09 INFO  : 'after 3000' command is executed.
12:09:09 INFO  : 'targets -set -filter {jtag_cable_name =~ "Digilent JTAG-HS3 210299BBCD36" && level==0 && jtag_device_ctx=="jsn-JTAG-HS3-210299BBCD36-14710093-0"}' command is executed.
12:09:12 INFO  : Device configured successfully with "C:/Xilinx/Projects/DRC_Rev2.0_Deliverables/Vitis2023.1/DRC_Rev2.0_SW/DRC_Rev2_0_Deliverables_Application/_ide/bitstream/DRC_Rev2_0_Deliverables.bit"
12:09:12 INFO  : Context for 'APU' is selected.
12:09:26 INFO  : Hardware design and registers information is loaded from 'C:/Xilinx/Projects/DRC_Rev2.0_Deliverables/Vitis2023.1/DRC_Rev2.0_SW/DRCPlatform/export/DRCPlatform/hw/DRC_Rev2_0_Deliverables.xsa'.
12:09:26 INFO  : 'configparams force-mem-access 1' command is executed.
12:09:26 INFO  : Context for 'APU' is selected.
12:09:26 INFO  : Boot mode is read from the target.
12:09:26 INFO  : Context for processor 'psu_cortexa53_0' is selected.
12:09:26 INFO  : Processor reset is completed for 'psu_cortexa53_0'.
12:09:27 INFO  : The application 'C:/Xilinx/Projects/DRC_Rev2.0_Deliverables/Vitis2023.1/DRC_Rev2.0_SW/DRCPlatform/export/DRCPlatform/sw/DRCPlatform/boot/fsbl.elf' is downloaded to processor 'psu_cortexa53_0'.
12:09:27 INFO  : 'set bp_9_27_fsbl_bp [bpadd -addr &XFsbl_Exit]' command is executed.
12:09:28 INFO  : 'con -block -timeout 60' command is executed.
12:09:28 INFO  : 'bpremove $bp_9_27_fsbl_bp' command is executed.
12:09:28 INFO  : Context for processor 'psu_cortexa53_0' is selected.
12:09:28 INFO  : Processor reset is completed for 'psu_cortexa53_0'.
12:09:30 INFO  : The application 'C:/Xilinx/Projects/DRC_Rev2.0_Deliverables/Vitis2023.1/DRC_Rev2.0_SW/DRC_Rev2_0_Deliverables_Application/Debug/DRC_Rev2_0_Deliverables_Application.elf' is downloaded to processor 'psu_cortexa53_0'.
12:09:30 INFO  : 'configparams force-mem-access 0' command is executed.
12:09:30 INFO  : ----------------XSDB Script----------------
connect -url tcp:127.0.0.1:3121
source C:/Xilinx/Vitis/2023.1/scripts/vitis/util/zynqmp_utils.tcl
targets -set -nocase -filter {name =~"APU*"}
rst -system
after 3000
targets -set -filter {jtag_cable_name =~ "Digilent JTAG-HS3 210299BBCD36" && level==0 && jtag_device_ctx=="jsn-JTAG-HS3-210299BBCD36-14710093-0"}
fpga -file C:/Xilinx/Projects/DRC_Rev2.0_Deliverables/Vitis2023.1/DRC_Rev2.0_SW/DRC_Rev2_0_Deliverables_Application/_ide/bitstream/DRC_Rev2_0_Deliverables.bit
targets -set -nocase -filter {name =~"APU*"}
loadhw -hw C:/Xilinx/Projects/DRC_Rev2.0_Deliverables/Vitis2023.1/DRC_Rev2.0_SW/DRCPlatform/export/DRCPlatform/hw/DRC_Rev2_0_Deliverables.xsa -mem-ranges [list {0x80000000 0xbfffffff} {0x400000000 0x5ffffffff} {0x1000000000 0x7fffffffff}] -regs
configparams force-mem-access 1
targets -set -nocase -filter {name =~"APU*"}
set mode [expr [mrd -value 0xFF5E0200] & 0xf]
targets -set -nocase -filter {name =~ "*A53*#0"}
rst -processor
dow C:/Xilinx/Projects/DRC_Rev2.0_Deliverables/Vitis2023.1/DRC_Rev2.0_SW/DRCPlatform/export/DRCPlatform/sw/DRCPlatform/boot/fsbl.elf
set bp_9_27_fsbl_bp [bpadd -addr &XFsbl_Exit]
con -block -timeout 60
bpremove $bp_9_27_fsbl_bp
targets -set -nocase -filter {name =~ "*A53*#0"}
rst -processor
dow C:/Xilinx/Projects/DRC_Rev2.0_Deliverables/Vitis2023.1/DRC_Rev2.0_SW/DRC_Rev2_0_Deliverables_Application/Debug/DRC_Rev2_0_Deliverables_Application.elf
configparams force-mem-access 0
----------------End of Script----------------

12:09:30 INFO  : Context for processor 'psu_cortexa53_0' is selected.
12:09:30 INFO  : 'con' command is executed.
12:09:30 INFO  : ----------------XSDB Script (After Launch)----------------
targets -set -nocase -filter {name =~ "*A53*#0"}
con
----------------End of Script----------------

12:09:30 INFO  : Launch script is exported to file 'C:\Xilinx\Projects\DRC_Rev2.0_Deliverables\DRC_Rev2.0_SW\DRC_Rev2_0_Deliverables_Application_system\_ide\scripts\systemdebugger_drc_rev2_0_deliverables_application_system_23_standalone.tcl'
12:15:56 ERROR : (XSDB Server)Channel closed

12:16:03 ERROR : (XSDB Server)Invalid target. Use "connect" command to connect to hw_server/TCF agent

12:16:03 ERROR : (XSDB Server)Invalid target. Use "connect" command to connect to hw_server/TCF agent

12:16:12 WARN  : channel "tcfchan#3" closed
12:16:13 INFO  : Connected to target on host '127.0.0.1' and port '3121'.
12:16:22 INFO  : ----------------XSDB Script----------------
connect -url tcp:127.0.0.1:3121
----------------End of Script----------------

12:16:22 ERROR : Could not find ARM device on the board for connection 'Local'.
Check if the target is in:
1. Split JTAG - No operations are possible with ARM DAP.
2. Non JTAG bootmode - Bootrom may need time to enable DAP.
Please try again.


Troubleshooting hints:
1. Check whether board is connected to system properly.
2. In case of zynq board, check whether Digilent/Xilinx cable switch settings are correct.
3. If you are using Xilinx Platform Cable USB, ensure that status LED is green.
12:16:26 INFO  : Connected to target on host '127.0.0.1' and port '3121'.
12:16:35 INFO  : ----------------XSDB Script----------------
connect -url tcp:127.0.0.1:3121
----------------End of Script----------------

12:16:35 ERROR : Could not find ARM device on the board for connection 'Local'.
Check if the target is in:
1. Split JTAG - No operations are possible with ARM DAP.
2. Non JTAG bootmode - Bootrom may need time to enable DAP.
Please try again.


Troubleshooting hints:
1. Check whether board is connected to system properly.
2. In case of zynq board, check whether Digilent/Xilinx cable switch settings are correct.
3. If you are using Xilinx Platform Cable USB, ensure that status LED is green.
12:17:31 ERROR : (XSDB Server)Invalid target. Use "connect" command to connect to hw_server/TCF agent

12:20:23 INFO  : Connected to target on host '127.0.0.1' and port '3121'.
12:20:23 INFO  : Jtag cable 'Digilent JTAG-HS3 210299BBCD36' is selected.
12:20:23 INFO  : 'jtag frequency' command is executed.
12:20:23 INFO  : Sourcing of 'C:/Xilinx/Vitis/2023.1/scripts/vitis/util/zynqmp_utils.tcl' is done.
12:20:23 INFO  : Context for 'APU' is selected.
12:20:23 INFO  : System reset is completed.
12:20:26 INFO  : 'after 3000' command is executed.
12:20:27 ERROR : Exception occured while running Program Device.
java.lang.RuntimeException: Invalid target. Use "connect" command to connect to hw_server/TCF agent
12:20:27 INFO  : ----------------XSDB Script----------------
connect -url tcp:127.0.0.1:3121
source C:/Xilinx/Vitis/2023.1/scripts/vitis/util/zynqmp_utils.tcl
targets -set -nocase -filter {name =~"APU*"}
rst -system
after 3000
----------------End of Script----------------

12:20:27 ERROR : Invalid target. Use "connect" command to connect to hw_server/TCF agent
12:20:32 INFO  : Connected to target on host '127.0.0.1' and port '3121'.
12:20:32 INFO  : Jtag cable 'Digilent JTAG-HS3 210299BBCD36' is selected.
12:20:32 INFO  : 'jtag frequency' command is executed.
12:20:32 INFO  : Sourcing of 'C:/Xilinx/Vitis/2023.1/scripts/vitis/util/zynqmp_utils.tcl' is done.
12:20:32 INFO  : Context for 'APU' is selected.
12:20:32 INFO  : System reset is completed.
12:20:35 INFO  : 'after 3000' command is executed.
12:20:35 ERROR : Exception occured while running Program Device.
java.lang.RuntimeException: Invalid target. Use "connect" command to connect to hw_server/TCF agent
12:20:35 INFO  : ----------------XSDB Script----------------
connect -url tcp:127.0.0.1:3121
source C:/Xilinx/Vitis/2023.1/scripts/vitis/util/zynqmp_utils.tcl
targets -set -nocase -filter {name =~"APU*"}
rst -system
after 3000
----------------End of Script----------------

12:20:35 ERROR : Invalid target. Use "connect" command to connect to hw_server/TCF agent
12:20:39 ERROR : (XSDB Server)Invalid target. Use "connect" command to connect to hw_server/TCF agent

12:20:47 INFO  : Connected to target on host '127.0.0.1' and port '3121'.
12:20:47 INFO  : Jtag cable 'Digilent JTAG-HS3 210299BBCD36' is selected.
12:20:47 INFO  : 'jtag frequency' command is executed.
12:20:47 INFO  : Sourcing of 'C:/Xilinx/Vitis/2023.1/scripts/vitis/util/zynqmp_utils.tcl' is done.
12:20:47 INFO  : Context for 'APU' is selected.
12:20:48 INFO  : System reset is completed.
12:20:51 INFO  : 'after 3000' command is executed.
12:20:51 ERROR : Exception occured while running Program Device.
java.lang.RuntimeException: Invalid target. Use "connect" command to connect to hw_server/TCF agent
12:20:51 INFO  : ----------------XSDB Script----------------
connect -url tcp:127.0.0.1:3121
source C:/Xilinx/Vitis/2023.1/scripts/vitis/util/zynqmp_utils.tcl
targets -set -nocase -filter {name =~"APU*"}
rst -system
after 3000
----------------End of Script----------------

12:20:51 ERROR : Invalid target. Use "connect" command to connect to hw_server/TCF agent
12:21:08 INFO  : Connected to target on host '127.0.0.1' and port '3121'.
12:21:09 INFO  : Jtag cable 'Digilent JTAG-HS3 210299BBCD36' is selected.
12:21:09 INFO  : 'jtag frequency' command is executed.
12:21:09 INFO  : Sourcing of 'C:/Xilinx/Vitis/2023.1/scripts/vitis/util/zynqmp_utils.tcl' is done.
12:21:09 INFO  : Context for 'APU' is selected.
12:21:09 INFO  : System reset is completed.
12:21:12 INFO  : 'after 3000' command is executed.
12:21:12 ERROR : Exception occured while running Program Device.
java.lang.RuntimeException: Invalid target. Use "connect" command to connect to hw_server/TCF agent
12:21:12 INFO  : ----------------XSDB Script----------------
connect -url tcp:127.0.0.1:3121
source C:/Xilinx/Vitis/2023.1/scripts/vitis/util/zynqmp_utils.tcl
targets -set -nocase -filter {name =~"APU*"}
rst -system
after 3000
----------------End of Script----------------

12:21:12 ERROR : Invalid target. Use "connect" command to connect to hw_server/TCF agent
12:21:18 INFO  : Connected to target on host '127.0.0.1' and port '3121'.
12:21:18 INFO  : Jtag cable 'Digilent JTAG-HS3 210299BBCD36' is selected.
12:21:18 INFO  : 'jtag frequency' command is executed.
12:21:18 INFO  : Sourcing of 'C:/Xilinx/Vitis/2023.1/scripts/vitis/util/zynqmp_utils.tcl' is done.
12:21:18 INFO  : Context for 'APU' is selected.
12:21:19 INFO  : System reset is completed.
12:21:22 INFO  : 'after 3000' command is executed.
12:21:22 ERROR : Exception occured while running Program Device.
java.lang.RuntimeException: Invalid target. Use "connect" command to connect to hw_server/TCF agent
12:21:22 INFO  : ----------------XSDB Script----------------
connect -url tcp:127.0.0.1:3121
source C:/Xilinx/Vitis/2023.1/scripts/vitis/util/zynqmp_utils.tcl
targets -set -nocase -filter {name =~"APU*"}
rst -system
after 3000
----------------End of Script----------------

12:21:22 ERROR : Invalid target. Use "connect" command to connect to hw_server/TCF agent
12:21:40 ERROR : (XSDB Server)Target doesn't support Jtag Uart

12:21:55 INFO  : Connected to target on host '127.0.0.1' and port '3121'.
12:21:55 INFO  : Jtag cable 'Digilent JTAG-HS3 210299BBCD36' is selected.
12:21:55 INFO  : 'jtag frequency' command is executed.
12:21:55 INFO  : Sourcing of 'C:/Xilinx/Vitis/2023.1/scripts/vitis/util/zynqmp_utils.tcl' is done.
12:21:55 INFO  : Context for 'APU' is selected.
12:21:55 INFO  : System reset is completed.
12:21:58 INFO  : 'after 3000' command is executed.
12:21:59 INFO  : 'targets -set -filter {jtag_cable_name =~ "Digilent JTAG-HS3 210299BBCD36" && level==0 && jtag_device_ctx=="jsn-JTAG-HS3-210299BBCD36-14710093-0"}' command is executed.
12:22:02 INFO  : Device configured successfully with "C:/Xilinx/Projects/DRC_Rev2.0_Deliverables/Vitis2023.1/DRC_Rev2.0_SW/DRC_Rev2_0_Deliverables_Application/_ide/bitstream/DRC_Rev2_0_Deliverables.bit"
12:22:02 INFO  : Context for 'APU' is selected.
12:22:15 INFO  : Hardware design and registers information is loaded from 'C:/Xilinx/Projects/DRC_Rev2.0_Deliverables/Vitis2023.1/DRC_Rev2.0_SW/DRCPlatform/export/DRCPlatform/hw/DRC_Rev2_0_Deliverables.xsa'.
12:22:15 INFO  : 'configparams force-mem-access 1' command is executed.
12:22:15 INFO  : Context for 'APU' is selected.
12:22:15 INFO  : Boot mode is read from the target.
12:22:15 INFO  : Context for processor 'psu_cortexa53_0' is selected.
12:22:15 INFO  : Processor reset is completed for 'psu_cortexa53_0'.
12:22:16 INFO  : The application 'C:/Xilinx/Projects/DRC_Rev2.0_Deliverables/Vitis2023.1/DRC_Rev2.0_SW/DRCPlatform/export/DRCPlatform/sw/DRCPlatform/boot/fsbl.elf' is downloaded to processor 'psu_cortexa53_0'.
12:22:16 INFO  : 'set bp_22_16_fsbl_bp [bpadd -addr &XFsbl_Exit]' command is executed.
12:22:16 INFO  : 'con -block -timeout 60' command is executed.
12:22:16 INFO  : 'bpremove $bp_22_16_fsbl_bp' command is executed.
12:22:16 INFO  : Context for processor 'psu_cortexa53_0' is selected.
12:22:16 INFO  : Processor reset is completed for 'psu_cortexa53_0'.
12:22:18 INFO  : The application 'C:/Xilinx/Projects/DRC_Rev2.0_Deliverables/Vitis2023.1/DRC_Rev2.0_SW/DRC_Rev2_0_Deliverables_Application/Debug/DRC_Rev2_0_Deliverables_Application.elf' is downloaded to processor 'psu_cortexa53_0'.
12:22:18 INFO  : 'configparams force-mem-access 0' command is executed.
12:22:18 INFO  : ----------------XSDB Script----------------
connect -url tcp:127.0.0.1:3121
source C:/Xilinx/Vitis/2023.1/scripts/vitis/util/zynqmp_utils.tcl
targets -set -nocase -filter {name =~"APU*"}
rst -system
after 3000
targets -set -filter {jtag_cable_name =~ "Digilent JTAG-HS3 210299BBCD36" && level==0 && jtag_device_ctx=="jsn-JTAG-HS3-210299BBCD36-14710093-0"}
fpga -file C:/Xilinx/Projects/DRC_Rev2.0_Deliverables/Vitis2023.1/DRC_Rev2.0_SW/DRC_Rev2_0_Deliverables_Application/_ide/bitstream/DRC_Rev2_0_Deliverables.bit
targets -set -nocase -filter {name =~"APU*"}
loadhw -hw C:/Xilinx/Projects/DRC_Rev2.0_Deliverables/Vitis2023.1/DRC_Rev2.0_SW/DRCPlatform/export/DRCPlatform/hw/DRC_Rev2_0_Deliverables.xsa -mem-ranges [list {0x80000000 0xbfffffff} {0x400000000 0x5ffffffff} {0x1000000000 0x7fffffffff}] -regs
configparams force-mem-access 1
targets -set -nocase -filter {name =~"APU*"}
set mode [expr [mrd -value 0xFF5E0200] & 0xf]
targets -set -nocase -filter {name =~ "*A53*#0"}
rst -processor
dow C:/Xilinx/Projects/DRC_Rev2.0_Deliverables/Vitis2023.1/DRC_Rev2.0_SW/DRCPlatform/export/DRCPlatform/sw/DRCPlatform/boot/fsbl.elf
set bp_22_16_fsbl_bp [bpadd -addr &XFsbl_Exit]
con -block -timeout 60
bpremove $bp_22_16_fsbl_bp
targets -set -nocase -filter {name =~ "*A53*#0"}
rst -processor
dow C:/Xilinx/Projects/DRC_Rev2.0_Deliverables/Vitis2023.1/DRC_Rev2.0_SW/DRC_Rev2_0_Deliverables_Application/Debug/DRC_Rev2_0_Deliverables_Application.elf
configparams force-mem-access 0
----------------End of Script----------------

12:22:18 INFO  : Context for processor 'psu_cortexa53_0' is selected.
12:22:18 INFO  : 'con' command is executed.
12:22:18 INFO  : ----------------XSDB Script (After Launch)----------------
targets -set -nocase -filter {name =~ "*A53*#0"}
con
----------------End of Script----------------

12:22:18 INFO  : Launch script is exported to file 'C:\Xilinx\Projects\DRC_Rev2.0_Deliverables\DRC_Rev2.0_SW\DRC_Rev2_0_Deliverables_Application_system\_ide\scripts\systemdebugger_drc_rev2_0_deliverables_application_system_31_standalone.tcl'
12:35:28 INFO  : Disconnected from the channel tcfchan#10.
12:35:29 INFO  : Connected to target on host '127.0.0.1' and port '3121'.
12:35:38 INFO  : ----------------XSDB Script----------------
connect -url tcp:127.0.0.1:3121
----------------End of Script----------------

12:35:38 ERROR : Could not find ARM device on the board for connection 'Local'.
Check if the target is in:
1. Split JTAG - No operations are possible with ARM DAP.
2. Non JTAG bootmode - Bootrom may need time to enable DAP.
Please try again.


Troubleshooting hints:
1. Check whether board is connected to system properly.
2. In case of zynq board, check whether Digilent/Xilinx cable switch settings are correct.
3. If you are using Xilinx Platform Cable USB, ensure that status LED is green.
12:35:46 INFO  : Connected to target on host '127.0.0.1' and port '3121'.
12:35:46 INFO  : Jtag cable 'Digilent JTAG-HS3 210299BBCD36' is selected.
12:35:46 INFO  : 'jtag frequency' command is executed.
12:35:46 INFO  : Sourcing of 'C:/Xilinx/Vitis/2023.1/scripts/vitis/util/zynqmp_utils.tcl' is done.
12:35:46 INFO  : Context for 'APU' is selected.
12:35:47 INFO  : System reset is completed.
12:35:50 INFO  : 'after 3000' command is executed.
12:35:50 INFO  : 'targets -set -filter {jtag_cable_name =~ "Digilent JTAG-HS3 210299BBCD36" && level==0 && jtag_device_ctx=="jsn-JTAG-HS3-210299BBCD36-14710093-0"}' command is executed.
12:35:53 INFO  : Device configured successfully with "C:/Xilinx/Projects/DRC_Rev2.0_Deliverables/Vitis2023.1/DRC_Rev2.0_SW/DRC_Rev2_0_Deliverables_Application/_ide/bitstream/DRC_Rev2_0_Deliverables.bit"
12:35:54 INFO  : Context for 'APU' is selected.
12:36:07 INFO  : Hardware design and registers information is loaded from 'C:/Xilinx/Projects/DRC_Rev2.0_Deliverables/Vitis2023.1/DRC_Rev2.0_SW/DRCPlatform/export/DRCPlatform/hw/DRC_Rev2_0_Deliverables.xsa'.
12:36:07 INFO  : 'configparams force-mem-access 1' command is executed.
12:36:07 INFO  : Context for 'APU' is selected.
12:36:07 INFO  : Boot mode is read from the target.
12:36:07 INFO  : Context for processor 'psu_cortexa53_0' is selected.
12:36:07 INFO  : Processor reset is completed for 'psu_cortexa53_0'.
12:36:07 INFO  : The application 'C:/Xilinx/Projects/DRC_Rev2.0_Deliverables/Vitis2023.1/DRC_Rev2.0_SW/DRCPlatform/export/DRCPlatform/sw/DRCPlatform/boot/fsbl.elf' is downloaded to processor 'psu_cortexa53_0'.
12:36:07 INFO  : 'set bp_36_7_fsbl_bp [bpadd -addr &XFsbl_Exit]' command is executed.
12:36:08 INFO  : 'con -block -timeout 60' command is executed.
12:36:08 INFO  : 'bpremove $bp_36_7_fsbl_bp' command is executed.
12:36:08 INFO  : Context for processor 'psu_cortexa53_0' is selected.
12:36:08 INFO  : Processor reset is completed for 'psu_cortexa53_0'.
12:36:09 INFO  : The application 'C:/Xilinx/Projects/DRC_Rev2.0_Deliverables/Vitis2023.1/DRC_Rev2.0_SW/DRC_Rev2_0_Deliverables_Application/Debug/DRC_Rev2_0_Deliverables_Application.elf' is downloaded to processor 'psu_cortexa53_0'.
12:36:09 INFO  : 'configparams force-mem-access 0' command is executed.
12:36:09 INFO  : ----------------XSDB Script----------------
connect -url tcp:127.0.0.1:3121
source C:/Xilinx/Vitis/2023.1/scripts/vitis/util/zynqmp_utils.tcl
targets -set -nocase -filter {name =~"APU*"}
rst -system
after 3000
targets -set -filter {jtag_cable_name =~ "Digilent JTAG-HS3 210299BBCD36" && level==0 && jtag_device_ctx=="jsn-JTAG-HS3-210299BBCD36-14710093-0"}
fpga -file C:/Xilinx/Projects/DRC_Rev2.0_Deliverables/Vitis2023.1/DRC_Rev2.0_SW/DRC_Rev2_0_Deliverables_Application/_ide/bitstream/DRC_Rev2_0_Deliverables.bit
targets -set -nocase -filter {name =~"APU*"}
loadhw -hw C:/Xilinx/Projects/DRC_Rev2.0_Deliverables/Vitis2023.1/DRC_Rev2.0_SW/DRCPlatform/export/DRCPlatform/hw/DRC_Rev2_0_Deliverables.xsa -mem-ranges [list {0x80000000 0xbfffffff} {0x400000000 0x5ffffffff} {0x1000000000 0x7fffffffff}] -regs
configparams force-mem-access 1
targets -set -nocase -filter {name =~"APU*"}
set mode [expr [mrd -value 0xFF5E0200] & 0xf]
targets -set -nocase -filter {name =~ "*A53*#0"}
rst -processor
dow C:/Xilinx/Projects/DRC_Rev2.0_Deliverables/Vitis2023.1/DRC_Rev2.0_SW/DRCPlatform/export/DRCPlatform/sw/DRCPlatform/boot/fsbl.elf
set bp_36_7_fsbl_bp [bpadd -addr &XFsbl_Exit]
con -block -timeout 60
bpremove $bp_36_7_fsbl_bp
targets -set -nocase -filter {name =~ "*A53*#0"}
rst -processor
dow C:/Xilinx/Projects/DRC_Rev2.0_Deliverables/Vitis2023.1/DRC_Rev2.0_SW/DRC_Rev2_0_Deliverables_Application/Debug/DRC_Rev2_0_Deliverables_Application.elf
configparams force-mem-access 0
----------------End of Script----------------

12:36:09 INFO  : Context for processor 'psu_cortexa53_0' is selected.
12:36:09 INFO  : 'con' command is executed.
12:36:09 INFO  : ----------------XSDB Script (After Launch)----------------
targets -set -nocase -filter {name =~ "*A53*#0"}
con
----------------End of Script----------------

12:36:09 INFO  : Launch script is exported to file 'C:\Xilinx\Projects\DRC_Rev2.0_Deliverables\DRC_Rev2.0_SW\DRC_Rev2_0_Deliverables_Application_system\_ide\scripts\systemdebugger_drc_rev2_0_deliverables_application_system_33_standalone.tcl'
12:44:35 INFO  : Disconnected from the channel tcfchan#11.
12:44:36 INFO  : Connected to target on host '127.0.0.1' and port '3121'.
12:44:36 INFO  : Jtag cable 'Digilent JTAG-HS3 210299BBCD36' is selected.
12:44:36 INFO  : 'jtag frequency' command is executed.
12:44:36 INFO  : Sourcing of 'C:/Xilinx/Vitis/2023.1/scripts/vitis/util/zynqmp_utils.tcl' is done.
12:44:36 INFO  : Context for 'APU' is selected.
12:44:36 INFO  : System reset is completed.
12:44:39 INFO  : 'after 3000' command is executed.
12:44:39 INFO  : 'targets -set -filter {jtag_cable_name =~ "Digilent JTAG-HS3 210299BBCD36" && level==0 && jtag_device_ctx=="jsn-JTAG-HS3-210299BBCD36-14710093-0"}' command is executed.
12:44:43 INFO  : Device configured successfully with "C:/Xilinx/Projects/DRC_Rev2.0_Deliverables/Vitis2023.1/DRC_Rev2.0_SW/DRC_Rev2_0_Deliverables_Application/_ide/bitstream/DRC_Rev2_0_Deliverables.bit"
12:44:43 INFO  : Context for 'APU' is selected.
12:44:56 INFO  : Hardware design and registers information is loaded from 'C:/Xilinx/Projects/DRC_Rev2.0_Deliverables/Vitis2023.1/DRC_Rev2.0_SW/DRCPlatform/export/DRCPlatform/hw/DRC_Rev2_0_Deliverables.xsa'.
12:44:56 INFO  : 'configparams force-mem-access 1' command is executed.
12:44:56 INFO  : Context for 'APU' is selected.
12:44:56 INFO  : Boot mode is read from the target.
12:44:56 INFO  : Context for processor 'psu_cortexa53_0' is selected.
12:44:56 INFO  : Processor reset is completed for 'psu_cortexa53_0'.
12:44:57 INFO  : The application 'C:/Xilinx/Projects/DRC_Rev2.0_Deliverables/Vitis2023.1/DRC_Rev2.0_SW/DRCPlatform/export/DRCPlatform/sw/DRCPlatform/boot/fsbl.elf' is downloaded to processor 'psu_cortexa53_0'.
12:44:57 INFO  : 'set bp_44_57_fsbl_bp [bpadd -addr &XFsbl_Exit]' command is executed.
12:44:57 INFO  : 'con -block -timeout 60' command is executed.
12:44:57 INFO  : 'bpremove $bp_44_57_fsbl_bp' command is executed.
12:44:57 INFO  : Context for processor 'psu_cortexa53_0' is selected.
12:44:57 INFO  : Processor reset is completed for 'psu_cortexa53_0'.
12:44:58 INFO  : The application 'C:/Xilinx/Projects/DRC_Rev2.0_Deliverables/Vitis2023.1/DRC_Rev2.0_SW/DRC_Rev2_0_Deliverables_Application/Debug/DRC_Rev2_0_Deliverables_Application.elf' is downloaded to processor 'psu_cortexa53_0'.
12:44:58 INFO  : 'configparams force-mem-access 0' command is executed.
12:44:58 INFO  : ----------------XSDB Script----------------
connect -url tcp:127.0.0.1:3121
source C:/Xilinx/Vitis/2023.1/scripts/vitis/util/zynqmp_utils.tcl
targets -set -nocase -filter {name =~"APU*"}
rst -system
after 3000
targets -set -filter {jtag_cable_name =~ "Digilent JTAG-HS3 210299BBCD36" && level==0 && jtag_device_ctx=="jsn-JTAG-HS3-210299BBCD36-14710093-0"}
fpga -file C:/Xilinx/Projects/DRC_Rev2.0_Deliverables/Vitis2023.1/DRC_Rev2.0_SW/DRC_Rev2_0_Deliverables_Application/_ide/bitstream/DRC_Rev2_0_Deliverables.bit
targets -set -nocase -filter {name =~"APU*"}
loadhw -hw C:/Xilinx/Projects/DRC_Rev2.0_Deliverables/Vitis2023.1/DRC_Rev2.0_SW/DRCPlatform/export/DRCPlatform/hw/DRC_Rev2_0_Deliverables.xsa -mem-ranges [list {0x80000000 0xbfffffff} {0x400000000 0x5ffffffff} {0x1000000000 0x7fffffffff}] -regs
configparams force-mem-access 1
targets -set -nocase -filter {name =~"APU*"}
set mode [expr [mrd -value 0xFF5E0200] & 0xf]
targets -set -nocase -filter {name =~ "*A53*#0"}
rst -processor
dow C:/Xilinx/Projects/DRC_Rev2.0_Deliverables/Vitis2023.1/DRC_Rev2.0_SW/DRCPlatform/export/DRCPlatform/sw/DRCPlatform/boot/fsbl.elf
set bp_44_57_fsbl_bp [bpadd -addr &XFsbl_Exit]
con -block -timeout 60
bpremove $bp_44_57_fsbl_bp
targets -set -nocase -filter {name =~ "*A53*#0"}
rst -processor
dow C:/Xilinx/Projects/DRC_Rev2.0_Deliverables/Vitis2023.1/DRC_Rev2.0_SW/DRC_Rev2_0_Deliverables_Application/Debug/DRC_Rev2_0_Deliverables_Application.elf
configparams force-mem-access 0
----------------End of Script----------------

12:44:58 INFO  : Context for processor 'psu_cortexa53_0' is selected.
12:44:58 INFO  : 'con' command is executed.
12:44:58 INFO  : ----------------XSDB Script (After Launch)----------------
targets -set -nocase -filter {name =~ "*A53*#0"}
con
----------------End of Script----------------

12:44:58 INFO  : Launch script is exported to file 'C:\Xilinx\Projects\DRC_Rev2.0_Deliverables\DRC_Rev2.0_SW\DRC_Rev2_0_Deliverables_Application_system\_ide\scripts\systemdebugger_drc_rev2_0_deliverables_application_system_34_standalone.tcl'
12:51:54 INFO  : Disconnected from the channel tcfchan#12.
12:51:55 INFO  : Connected to target on host '127.0.0.1' and port '3121'.
12:51:55 INFO  : Jtag cable 'Digilent JTAG-HS3 210299BBCD36' is selected.
12:51:55 INFO  : 'jtag frequency' command is executed.
12:51:55 INFO  : Sourcing of 'C:/Xilinx/Vitis/2023.1/scripts/vitis/util/zynqmp_utils.tcl' is done.
12:51:55 INFO  : Context for 'APU' is selected.
12:51:56 INFO  : System reset is completed.
12:51:59 INFO  : 'after 3000' command is executed.
12:51:59 INFO  : 'targets -set -filter {jtag_cable_name =~ "Digilent JTAG-HS3 210299BBCD36" && level==0 && jtag_device_ctx=="jsn-JTAG-HS3-210299BBCD36-14710093-0"}' command is executed.
12:52:02 INFO  : Device configured successfully with "C:/Xilinx/Projects/DRC_Rev2.0_Deliverables/Vitis2023.1/DRC_Rev2.0_SW/DRC_Rev2_0_Deliverables_Application/_ide/bitstream/DRC_Rev2_0_Deliverables.bit"
12:52:02 INFO  : Context for 'APU' is selected.
12:52:15 ERROR : (XSDB Server)Target doesn't support Jtag Uart

12:52:15 INFO  : Hardware design and registers information is loaded from 'C:/Xilinx/Projects/DRC_Rev2.0_Deliverables/Vitis2023.1/DRC_Rev2.0_SW/DRCPlatform/export/DRCPlatform/hw/DRC_Rev2_0_Deliverables.xsa'.
12:52:15 INFO  : 'configparams force-mem-access 1' command is executed.
12:52:15 INFO  : Context for 'APU' is selected.
12:52:15 INFO  : Boot mode is read from the target.
12:52:15 INFO  : Context for processor 'psu_cortexa53_0' is selected.
12:52:15 ERROR : No such stream: VS88
12:52:15 INFO  : ----------------XSDB Script----------------
connect -url tcp:127.0.0.1:3121
source C:/Xilinx/Vitis/2023.1/scripts/vitis/util/zynqmp_utils.tcl
targets -set -nocase -filter {name =~"APU*"}
rst -system
after 3000
targets -set -filter {jtag_cable_name =~ "Digilent JTAG-HS3 210299BBCD36" && level==0 && jtag_device_ctx=="jsn-JTAG-HS3-210299BBCD36-14710093-0"}
fpga -file C:/Xilinx/Projects/DRC_Rev2.0_Deliverables/Vitis2023.1/DRC_Rev2.0_SW/DRC_Rev2_0_Deliverables_Application/_ide/bitstream/DRC_Rev2_0_Deliverables.bit
targets -set -nocase -filter {name =~"APU*"}
loadhw -hw C:/Xilinx/Projects/DRC_Rev2.0_Deliverables/Vitis2023.1/DRC_Rev2.0_SW/DRCPlatform/export/DRCPlatform/hw/DRC_Rev2_0_Deliverables.xsa -mem-ranges [list {0x80000000 0xbfffffff} {0x400000000 0x5ffffffff} {0x1000000000 0x7fffffffff}] -regs
configparams force-mem-access 1
targets -set -nocase -filter {name =~"APU*"}
set mode [expr [mrd -value 0xFF5E0200] & 0xf]
targets -set -nocase -filter {name =~ "*A53*#0"}
rst -processor
----------------End of Script----------------

12:52:15 ERROR : No such stream: VS88
12:52:31 INFO  : Connected to target on host '127.0.0.1' and port '3121'.
12:52:31 INFO  : Jtag cable 'Digilent JTAG-HS3 210299BBCD36' is selected.
12:52:31 INFO  : 'jtag frequency' command is executed.
12:52:31 INFO  : Sourcing of 'C:/Xilinx/Vitis/2023.1/scripts/vitis/util/zynqmp_utils.tcl' is done.
12:52:31 INFO  : Context for 'APU' is selected.
12:52:31 INFO  : System reset is completed.
12:52:34 INFO  : 'after 3000' command is executed.
12:52:34 INFO  : 'targets -set -filter {jtag_cable_name =~ "Digilent JTAG-HS3 210299BBCD36" && level==0 && jtag_device_ctx=="jsn-JTAG-HS3-210299BBCD36-14710093-0"}' command is executed.
12:52:37 INFO  : Device configured successfully with "C:/Xilinx/Projects/DRC_Rev2.0_Deliverables/Vitis2023.1/DRC_Rev2.0_SW/DRC_Rev2_0_Deliverables_Application/_ide/bitstream/DRC_Rev2_0_Deliverables.bit"
12:52:37 INFO  : Context for 'APU' is selected.
12:52:37 INFO  : Hardware design and registers information is loaded from 'C:/Xilinx/Projects/DRC_Rev2.0_Deliverables/Vitis2023.1/DRC_Rev2.0_SW/DRCPlatform/export/DRCPlatform/hw/DRC_Rev2_0_Deliverables.xsa'.
12:52:37 INFO  : 'configparams force-mem-access 1' command is executed.
12:52:37 INFO  : Context for 'APU' is selected.
12:52:37 INFO  : Boot mode is read from the target.
12:52:37 INFO  : Context for processor 'psu_cortexa53_0' is selected.
12:52:38 ERROR : No such stream: VS88
12:52:38 INFO  : ----------------XSDB Script----------------
connect -url tcp:127.0.0.1:3121
source C:/Xilinx/Vitis/2023.1/scripts/vitis/util/zynqmp_utils.tcl
targets -set -nocase -filter {name =~"APU*"}
rst -system
after 3000
targets -set -filter {jtag_cable_name =~ "Digilent JTAG-HS3 210299BBCD36" && level==0 && jtag_device_ctx=="jsn-JTAG-HS3-210299BBCD36-14710093-0"}
fpga -file C:/Xilinx/Projects/DRC_Rev2.0_Deliverables/Vitis2023.1/DRC_Rev2.0_SW/DRC_Rev2_0_Deliverables_Application/_ide/bitstream/DRC_Rev2_0_Deliverables.bit
targets -set -nocase -filter {name =~"APU*"}
loadhw -hw C:/Xilinx/Projects/DRC_Rev2.0_Deliverables/Vitis2023.1/DRC_Rev2.0_SW/DRCPlatform/export/DRCPlatform/hw/DRC_Rev2_0_Deliverables.xsa -mem-ranges [list {0x80000000 0xbfffffff} {0x400000000 0x5ffffffff} {0x1000000000 0x7fffffffff}] -regs
configparams force-mem-access 1
targets -set -nocase -filter {name =~"APU*"}
set mode [expr [mrd -value 0xFF5E0200] & 0xf]
targets -set -nocase -filter {name =~ "*A53*#0"}
rst -processor
----------------End of Script----------------

12:52:38 ERROR : No such stream: VS88
12:52:43 INFO  : Connected to target on host '127.0.0.1' and port '3121'.
12:52:43 INFO  : Jtag cable 'Digilent JTAG-HS3 210299BBCD36' is selected.
12:52:43 INFO  : 'jtag frequency' command is executed.
12:52:43 INFO  : Sourcing of 'C:/Xilinx/Vitis/2023.1/scripts/vitis/util/zynqmp_utils.tcl' is done.
12:52:43 INFO  : Context for 'APU' is selected.
12:52:44 INFO  : System reset is completed.
12:52:47 INFO  : 'after 3000' command is executed.
12:52:47 INFO  : 'targets -set -filter {jtag_cable_name =~ "Digilent JTAG-HS3 210299BBCD36" && level==0 && jtag_device_ctx=="jsn-JTAG-HS3-210299BBCD36-14710093-0"}' command is executed.
12:52:50 INFO  : Device configured successfully with "C:/Xilinx/Projects/DRC_Rev2.0_Deliverables/Vitis2023.1/DRC_Rev2.0_SW/DRC_Rev2_0_Deliverables_Application/_ide/bitstream/DRC_Rev2_0_Deliverables.bit"
12:52:50 INFO  : Context for 'APU' is selected.
12:52:50 INFO  : Hardware design and registers information is loaded from 'C:/Xilinx/Projects/DRC_Rev2.0_Deliverables/Vitis2023.1/DRC_Rev2.0_SW/DRCPlatform/export/DRCPlatform/hw/DRC_Rev2_0_Deliverables.xsa'.
12:52:50 INFO  : 'configparams force-mem-access 1' command is executed.
12:52:50 INFO  : Context for 'APU' is selected.
12:52:50 INFO  : Boot mode is read from the target.
12:52:50 INFO  : Context for processor 'psu_cortexa53_0' is selected.
12:52:50 ERROR : No such stream: VS88
12:52:50 INFO  : ----------------XSDB Script----------------
connect -url tcp:127.0.0.1:3121
source C:/Xilinx/Vitis/2023.1/scripts/vitis/util/zynqmp_utils.tcl
targets -set -nocase -filter {name =~"APU*"}
rst -system
after 3000
targets -set -filter {jtag_cable_name =~ "Digilent JTAG-HS3 210299BBCD36" && level==0 && jtag_device_ctx=="jsn-JTAG-HS3-210299BBCD36-14710093-0"}
fpga -file C:/Xilinx/Projects/DRC_Rev2.0_Deliverables/Vitis2023.1/DRC_Rev2.0_SW/DRC_Rev2_0_Deliverables_Application/_ide/bitstream/DRC_Rev2_0_Deliverables.bit
targets -set -nocase -filter {name =~"APU*"}
loadhw -hw C:/Xilinx/Projects/DRC_Rev2.0_Deliverables/Vitis2023.1/DRC_Rev2.0_SW/DRCPlatform/export/DRCPlatform/hw/DRC_Rev2_0_Deliverables.xsa -mem-ranges [list {0x80000000 0xbfffffff} {0x400000000 0x5ffffffff} {0x1000000000 0x7fffffffff}] -regs
configparams force-mem-access 1
targets -set -nocase -filter {name =~"APU*"}
set mode [expr [mrd -value 0xFF5E0200] & 0xf]
targets -set -nocase -filter {name =~ "*A53*#0"}
rst -processor
----------------End of Script----------------

12:52:50 ERROR : No such stream: VS88
12:52:56 ERROR : (XSDB Server)No such stream: VS88

12:53:05 INFO  : Connected to target on host '127.0.0.1' and port '3121'.
12:53:05 INFO  : Jtag cable 'Digilent JTAG-HS3 210299BBCD36' is selected.
12:53:05 INFO  : 'jtag frequency' command is executed.
12:53:05 INFO  : Sourcing of 'C:/Xilinx/Vitis/2023.1/scripts/vitis/util/zynqmp_utils.tcl' is done.
12:53:05 INFO  : Context for 'APU' is selected.
12:53:05 INFO  : System reset is completed.
12:53:08 INFO  : 'after 3000' command is executed.
12:53:08 INFO  : 'targets -set -filter {jtag_cable_name =~ "Digilent JTAG-HS3 210299BBCD36" && level==0 && jtag_device_ctx=="jsn-JTAG-HS3-210299BBCD36-14710093-0"}' command is executed.
12:53:12 INFO  : Device configured successfully with "C:/Xilinx/Projects/DRC_Rev2.0_Deliverables/Vitis2023.1/DRC_Rev2.0_SW/DRC_Rev2_0_Deliverables_Application/_ide/bitstream/DRC_Rev2_0_Deliverables.bit"
12:53:12 INFO  : Context for 'APU' is selected.
12:53:12 INFO  : Hardware design and registers information is loaded from 'C:/Xilinx/Projects/DRC_Rev2.0_Deliverables/Vitis2023.1/DRC_Rev2.0_SW/DRCPlatform/export/DRCPlatform/hw/DRC_Rev2_0_Deliverables.xsa'.
12:53:12 INFO  : 'configparams force-mem-access 1' command is executed.
12:53:12 INFO  : Context for 'APU' is selected.
12:53:12 INFO  : Boot mode is read from the target.
12:53:12 INFO  : Context for processor 'psu_cortexa53_0' is selected.
12:53:12 INFO  : Processor reset is completed for 'psu_cortexa53_0'.
12:53:13 INFO  : The application 'C:/Xilinx/Projects/DRC_Rev2.0_Deliverables/Vitis2023.1/DRC_Rev2.0_SW/DRCPlatform/export/DRCPlatform/sw/DRCPlatform/boot/fsbl.elf' is downloaded to processor 'psu_cortexa53_0'.
12:53:13 INFO  : 'set bp_53_13_fsbl_bp [bpadd -addr &XFsbl_Exit]' command is executed.
12:53:14 INFO  : 'con -block -timeout 60' command is executed.
12:53:15 INFO  : 'bpremove $bp_53_13_fsbl_bp' command is executed.
12:53:15 INFO  : Context for processor 'psu_cortexa53_0' is selected.
12:53:15 INFO  : Processor reset is completed for 'psu_cortexa53_0'.
12:53:16 INFO  : The application 'C:/Xilinx/Projects/DRC_Rev2.0_Deliverables/Vitis2023.1/DRC_Rev2.0_SW/DRC_Rev2_0_Deliverables_Application/Debug/DRC_Rev2_0_Deliverables_Application.elf' is downloaded to processor 'psu_cortexa53_0'.
12:53:16 INFO  : 'configparams force-mem-access 0' command is executed.
12:53:16 INFO  : ----------------XSDB Script----------------
connect -url tcp:127.0.0.1:3121
source C:/Xilinx/Vitis/2023.1/scripts/vitis/util/zynqmp_utils.tcl
targets -set -nocase -filter {name =~"APU*"}
rst -system
after 3000
targets -set -filter {jtag_cable_name =~ "Digilent JTAG-HS3 210299BBCD36" && level==0 && jtag_device_ctx=="jsn-JTAG-HS3-210299BBCD36-14710093-0"}
fpga -file C:/Xilinx/Projects/DRC_Rev2.0_Deliverables/Vitis2023.1/DRC_Rev2.0_SW/DRC_Rev2_0_Deliverables_Application/_ide/bitstream/DRC_Rev2_0_Deliverables.bit
targets -set -nocase -filter {name =~"APU*"}
loadhw -hw C:/Xilinx/Projects/DRC_Rev2.0_Deliverables/Vitis2023.1/DRC_Rev2.0_SW/DRCPlatform/export/DRCPlatform/hw/DRC_Rev2_0_Deliverables.xsa -mem-ranges [list {0x80000000 0xbfffffff} {0x400000000 0x5ffffffff} {0x1000000000 0x7fffffffff}] -regs
configparams force-mem-access 1
targets -set -nocase -filter {name =~"APU*"}
set mode [expr [mrd -value 0xFF5E0200] & 0xf]
targets -set -nocase -filter {name =~ "*A53*#0"}
rst -processor
dow C:/Xilinx/Projects/DRC_Rev2.0_Deliverables/Vitis2023.1/DRC_Rev2.0_SW/DRCPlatform/export/DRCPlatform/sw/DRCPlatform/boot/fsbl.elf
set bp_53_13_fsbl_bp [bpadd -addr &XFsbl_Exit]
con -block -timeout 60
bpremove $bp_53_13_fsbl_bp
targets -set -nocase -filter {name =~ "*A53*#0"}
rst -processor
dow C:/Xilinx/Projects/DRC_Rev2.0_Deliverables/Vitis2023.1/DRC_Rev2.0_SW/DRC_Rev2_0_Deliverables_Application/Debug/DRC_Rev2_0_Deliverables_Application.elf
configparams force-mem-access 0
----------------End of Script----------------

12:53:16 INFO  : Context for processor 'psu_cortexa53_0' is selected.
12:53:16 INFO  : 'con' command is executed.
12:53:16 INFO  : ----------------XSDB Script (After Launch)----------------
targets -set -nocase -filter {name =~ "*A53*#0"}
con
----------------End of Script----------------

12:53:16 INFO  : Launch script is exported to file 'C:\Xilinx\Projects\DRC_Rev2.0_Deliverables\DRC_Rev2.0_SW\DRC_Rev2_0_Deliverables_Application_system\_ide\scripts\systemdebugger_drc_rev2_0_deliverables_application_system_38_standalone.tcl'
12:56:34 INFO  : Disconnected from the channel tcfchan#13.
12:56:35 INFO  : Connected to target on host '127.0.0.1' and port '3121'.
12:56:44 INFO  : ----------------XSDB Script----------------
connect -url tcp:127.0.0.1:3121
----------------End of Script----------------

12:56:44 ERROR : Could not find ARM device on the board for connection 'Local'.
Check if the target is in:
1. Split JTAG - No operations are possible with ARM DAP.
2. Non JTAG bootmode - Bootrom may need time to enable DAP.
Please try again.


Troubleshooting hints:
1. Check whether board is connected to system properly.
2. In case of zynq board, check whether Digilent/Xilinx cable switch settings are correct.
3. If you are using Xilinx Platform Cable USB, ensure that status LED is green.
12:56:48 INFO  : Connected to target on host '127.0.0.1' and port '3121'.
12:56:48 INFO  : Jtag cable 'Digilent JTAG-HS3 210299BBCD36' is selected.
12:56:48 INFO  : 'jtag frequency' command is executed.
12:56:48 INFO  : Sourcing of 'C:/Xilinx/Vitis/2023.1/scripts/vitis/util/zynqmp_utils.tcl' is done.
12:56:48 INFO  : Context for 'APU' is selected.
12:56:48 INFO  : System reset is completed.
12:56:51 INFO  : 'after 3000' command is executed.
12:56:51 INFO  : 'targets -set -filter {jtag_cable_name =~ "Digilent JTAG-HS3 210299BBCD36" && level==0 && jtag_device_ctx=="jsn-JTAG-HS3-210299BBCD36-14710093-0"}' command is executed.
12:56:55 INFO  : Device configured successfully with "C:/Xilinx/Projects/DRC_Rev2.0_Deliverables/Vitis2023.1/DRC_Rev2.0_SW/DRC_Rev2_0_Deliverables_Application/_ide/bitstream/DRC_Rev2_0_Deliverables.bit"
12:56:55 INFO  : Context for 'APU' is selected.
12:57:08 ERROR : (XSDB Server)Target doesn't support Jtag Uart

12:57:08 INFO  : Hardware design and registers information is loaded from 'C:/Xilinx/Projects/DRC_Rev2.0_Deliverables/Vitis2023.1/DRC_Rev2.0_SW/DRCPlatform/export/DRCPlatform/hw/DRC_Rev2_0_Deliverables.xsa'.
12:57:08 INFO  : 'configparams force-mem-access 1' command is executed.
12:57:08 INFO  : Context for 'APU' is selected.
12:57:08 INFO  : Boot mode is read from the target.
12:57:08 INFO  : Context for processor 'psu_cortexa53_0' is selected.
12:57:08 INFO  : Processor reset is completed for 'psu_cortexa53_0'.
12:57:08 INFO  : The application 'C:/Xilinx/Projects/DRC_Rev2.0_Deliverables/Vitis2023.1/DRC_Rev2.0_SW/DRCPlatform/export/DRCPlatform/sw/DRCPlatform/boot/fsbl.elf' is downloaded to processor 'psu_cortexa53_0'.
12:57:08 INFO  : 'set bp_57_8_fsbl_bp [bpadd -addr &XFsbl_Exit]' command is executed.
12:57:09 INFO  : 'con -block -timeout 60' command is executed.
12:57:09 INFO  : 'bpremove $bp_57_8_fsbl_bp' command is executed.
12:57:09 INFO  : Context for processor 'psu_cortexa53_0' is selected.
12:57:10 INFO  : Processor reset is completed for 'psu_cortexa53_0'.
12:57:11 INFO  : The application 'C:/Xilinx/Projects/DRC_Rev2.0_Deliverables/Vitis2023.1/DRC_Rev2.0_SW/DRC_Rev2_0_Deliverables_Application/Debug/DRC_Rev2_0_Deliverables_Application.elf' is downloaded to processor 'psu_cortexa53_0'.
12:57:11 INFO  : 'configparams force-mem-access 0' command is executed.
12:57:11 INFO  : ----------------XSDB Script----------------
connect -url tcp:127.0.0.1:3121
source C:/Xilinx/Vitis/2023.1/scripts/vitis/util/zynqmp_utils.tcl
targets -set -nocase -filter {name =~"APU*"}
rst -system
after 3000
targets -set -filter {jtag_cable_name =~ "Digilent JTAG-HS3 210299BBCD36" && level==0 && jtag_device_ctx=="jsn-JTAG-HS3-210299BBCD36-14710093-0"}
fpga -file C:/Xilinx/Projects/DRC_Rev2.0_Deliverables/Vitis2023.1/DRC_Rev2.0_SW/DRC_Rev2_0_Deliverables_Application/_ide/bitstream/DRC_Rev2_0_Deliverables.bit
targets -set -nocase -filter {name =~"APU*"}
loadhw -hw C:/Xilinx/Projects/DRC_Rev2.0_Deliverables/Vitis2023.1/DRC_Rev2.0_SW/DRCPlatform/export/DRCPlatform/hw/DRC_Rev2_0_Deliverables.xsa -mem-ranges [list {0x80000000 0xbfffffff} {0x400000000 0x5ffffffff} {0x1000000000 0x7fffffffff}] -regs
configparams force-mem-access 1
targets -set -nocase -filter {name =~"APU*"}
set mode [expr [mrd -value 0xFF5E0200] & 0xf]
targets -set -nocase -filter {name =~ "*A53*#0"}
rst -processor
dow C:/Xilinx/Projects/DRC_Rev2.0_Deliverables/Vitis2023.1/DRC_Rev2.0_SW/DRCPlatform/export/DRCPlatform/sw/DRCPlatform/boot/fsbl.elf
set bp_57_8_fsbl_bp [bpadd -addr &XFsbl_Exit]
con -block -timeout 60
bpremove $bp_57_8_fsbl_bp
targets -set -nocase -filter {name =~ "*A53*#0"}
rst -processor
dow C:/Xilinx/Projects/DRC_Rev2.0_Deliverables/Vitis2023.1/DRC_Rev2.0_SW/DRC_Rev2_0_Deliverables_Application/Debug/DRC_Rev2_0_Deliverables_Application.elf
configparams force-mem-access 0
----------------End of Script----------------

12:57:11 INFO  : Context for processor 'psu_cortexa53_0' is selected.
12:57:11 INFO  : 'con' command is executed.
12:57:11 INFO  : ----------------XSDB Script (After Launch)----------------
targets -set -nocase -filter {name =~ "*A53*#0"}
con
----------------End of Script----------------

12:57:11 INFO  : Launch script is exported to file 'C:\Xilinx\Projects\DRC_Rev2.0_Deliverables\DRC_Rev2.0_SW\DRC_Rev2_0_Deliverables_Application_system\_ide\scripts\systemdebugger_drc_rev2_0_deliverables_application_system_40_standalone.tcl'
12:58:58 ERROR : (XSDB Server)Channel closed

12:59:00 ERROR : (XSDB Server)Invalid target. Use "connect" command to connect to hw_server/TCF agent

12:59:00 ERROR : (XSDB Server)Invalid target. Use "connect" command to connect to hw_server/TCF agent

13:00:45 WARN  : channel "tcfchan#14" closed
13:00:46 INFO  : Connected to target on host '127.0.0.1' and port '3121'.
13:00:46 INFO  : Jtag cable 'Digilent JTAG-HS3 210299BBCD36' is selected.
13:00:46 INFO  : 'jtag frequency' command is executed.
13:00:46 INFO  : Sourcing of 'C:/Xilinx/Vitis/2023.1/scripts/vitis/util/zynqmp_utils.tcl' is done.
13:00:46 INFO  : Context for 'APU' is selected.
13:00:47 INFO  : System reset is completed.
13:00:50 INFO  : 'after 3000' command is executed.
13:00:50 ERROR : Exception occured while running Program Device.
java.lang.RuntimeException: Invalid target. Use "connect" command to connect to hw_server/TCF agent
13:00:50 INFO  : ----------------XSDB Script----------------
connect -url tcp:127.0.0.1:3121
source C:/Xilinx/Vitis/2023.1/scripts/vitis/util/zynqmp_utils.tcl
targets -set -nocase -filter {name =~"APU*"}
rst -system
after 3000
----------------End of Script----------------

13:00:50 ERROR : Invalid target. Use "connect" command to connect to hw_server/TCF agent
13:00:55 ERROR : (XSDB Server)Invalid target. Use "connect" command to connect to hw_server/TCF agent

13:01:08 INFO  : Connected to target on host '127.0.0.1' and port '3121'.
13:01:08 INFO  : Jtag cable 'Digilent JTAG-HS3 210299BBCD36' is selected.
13:01:08 INFO  : 'jtag frequency' command is executed.
13:01:08 INFO  : Sourcing of 'C:/Xilinx/Vitis/2023.1/scripts/vitis/util/zynqmp_utils.tcl' is done.
13:01:08 INFO  : Context for 'APU' is selected.
13:01:08 INFO  : System reset is completed.
13:01:11 INFO  : 'after 3000' command is executed.
13:01:11 ERROR : Exception occured while running Program Device.
java.lang.RuntimeException: Invalid target. Use "connect" command to connect to hw_server/TCF agent
13:01:11 INFO  : ----------------XSDB Script----------------
connect -url tcp:127.0.0.1:3121
source C:/Xilinx/Vitis/2023.1/scripts/vitis/util/zynqmp_utils.tcl
targets -set -nocase -filter {name =~"APU*"}
rst -system
after 3000
----------------End of Script----------------

13:01:11 ERROR : Invalid target. Use "connect" command to connect to hw_server/TCF agent
13:01:16 INFO  : Connected to target on host '127.0.0.1' and port '3121'.
13:01:17 INFO  : Jtag cable 'Digilent JTAG-HS3 210299BBCD36' is selected.
13:01:17 INFO  : 'jtag frequency' command is executed.
13:01:17 INFO  : Sourcing of 'C:/Xilinx/Vitis/2023.1/scripts/vitis/util/zynqmp_utils.tcl' is done.
13:01:17 INFO  : Context for 'APU' is selected.
13:01:17 INFO  : System reset is completed.
13:01:20 INFO  : 'after 3000' command is executed.
13:01:20 ERROR : Exception occured while running Program Device.
java.lang.RuntimeException: Invalid target. Use "connect" command to connect to hw_server/TCF agent
13:01:20 INFO  : ----------------XSDB Script----------------
connect -url tcp:127.0.0.1:3121
source C:/Xilinx/Vitis/2023.1/scripts/vitis/util/zynqmp_utils.tcl
targets -set -nocase -filter {name =~"APU*"}
rst -system
after 3000
----------------End of Script----------------

13:01:20 ERROR : Invalid target. Use "connect" command to connect to hw_server/TCF agent
13:01:37 INFO  : Connected to target on host '127.0.0.1' and port '3121'.
13:01:38 INFO  : Jtag cable 'Digilent JTAG-HS3 210299BBCD36' is selected.
13:01:38 INFO  : 'jtag frequency' command is executed.
13:01:38 INFO  : Sourcing of 'C:/Xilinx/Vitis/2023.1/scripts/vitis/util/zynqmp_utils.tcl' is done.
13:01:38 INFO  : Context for 'APU' is selected.
13:01:38 INFO  : System reset is completed.
13:01:41 INFO  : 'after 3000' command is executed.
13:01:41 ERROR : Exception occured while running Program Device.
java.lang.RuntimeException: Invalid target. Use "connect" command to connect to hw_server/TCF agent
13:01:41 INFO  : ----------------XSDB Script----------------
connect -url tcp:127.0.0.1:3121
source C:/Xilinx/Vitis/2023.1/scripts/vitis/util/zynqmp_utils.tcl
targets -set -nocase -filter {name =~"APU*"}
rst -system
after 3000
----------------End of Script----------------

13:01:41 ERROR : Invalid target. Use "connect" command to connect to hw_server/TCF agent
13:01:50 ERROR : (XSDB Server)Invalid target. Use "connect" command to connect to hw_server/TCF agent

13:03:01 INFO  : Connected to target on host '127.0.0.1' and port '3121'.
13:03:01 INFO  : Jtag cable 'Digilent JTAG-HS3 210299BBCD36' is selected.
13:03:01 INFO  : 'jtag frequency' command is executed.
13:03:01 INFO  : Sourcing of 'C:/Xilinx/Vitis/2023.1/scripts/vitis/util/zynqmp_utils.tcl' is done.
13:03:01 INFO  : Context for 'APU' is selected.
13:03:01 INFO  : System reset is completed.
13:03:04 INFO  : 'after 3000' command is executed.
13:03:04 INFO  : 'targets -set -filter {jtag_cable_name =~ "Digilent JTAG-HS3 210299BBCD36" && level==0 && jtag_device_ctx=="jsn-JTAG-HS3-210299BBCD36-14710093-0"}' command is executed.
13:03:08 INFO  : Device configured successfully with "C:/Xilinx/Projects/DRC_Rev2.0_Deliverables/Vitis2023.1/DRC_Rev2.0_SW/DRC_Rev2_0_Deliverables_Application/_ide/bitstream/DRC_Rev2_0_Deliverables.bit"
13:03:08 INFO  : Context for 'APU' is selected.
13:03:09 INFO  : Hardware design and registers information is loaded from 'C:/Xilinx/Projects/DRC_Rev2.0_Deliverables/Vitis2023.1/DRC_Rev2.0_SW/DRCPlatform/export/DRCPlatform/hw/DRC_Rev2_0_Deliverables.xsa'.
13:03:09 INFO  : 'configparams force-mem-access 1' command is executed.
13:03:09 INFO  : Context for 'APU' is selected.
13:03:09 INFO  : Boot mode is read from the target.
13:03:09 INFO  : Context for processor 'psu_cortexa53_0' is selected.
13:03:09 INFO  : Processor reset is completed for 'psu_cortexa53_0'.
13:03:10 INFO  : The application 'C:/Xilinx/Projects/DRC_Rev2.0_Deliverables/Vitis2023.1/DRC_Rev2.0_SW/DRCPlatform/export/DRCPlatform/sw/DRCPlatform/boot/fsbl.elf' is downloaded to processor 'psu_cortexa53_0'.
13:03:10 INFO  : 'set bp_3_10_fsbl_bp [bpadd -addr &XFsbl_Exit]' command is executed.
13:03:10 INFO  : 'con -block -timeout 60' command is executed.
13:03:10 INFO  : 'bpremove $bp_3_10_fsbl_bp' command is executed.
13:03:10 INFO  : Context for processor 'psu_cortexa53_0' is selected.
13:03:10 INFO  : Processor reset is completed for 'psu_cortexa53_0'.
13:03:11 INFO  : The application 'C:/Xilinx/Projects/DRC_Rev2.0_Deliverables/Vitis2023.1/DRC_Rev2.0_SW/DRC_Rev2_0_Deliverables_Application/Debug/DRC_Rev2_0_Deliverables_Application.elf' is downloaded to processor 'psu_cortexa53_0'.
13:03:12 INFO  : 'configparams force-mem-access 0' command is executed.
13:03:12 INFO  : ----------------XSDB Script----------------
connect -url tcp:127.0.0.1:3121
source C:/Xilinx/Vitis/2023.1/scripts/vitis/util/zynqmp_utils.tcl
targets -set -nocase -filter {name =~"APU*"}
rst -system
after 3000
targets -set -filter {jtag_cable_name =~ "Digilent JTAG-HS3 210299BBCD36" && level==0 && jtag_device_ctx=="jsn-JTAG-HS3-210299BBCD36-14710093-0"}
fpga -file C:/Xilinx/Projects/DRC_Rev2.0_Deliverables/Vitis2023.1/DRC_Rev2.0_SW/DRC_Rev2_0_Deliverables_Application/_ide/bitstream/DRC_Rev2_0_Deliverables.bit
targets -set -nocase -filter {name =~"APU*"}
loadhw -hw C:/Xilinx/Projects/DRC_Rev2.0_Deliverables/Vitis2023.1/DRC_Rev2.0_SW/DRCPlatform/export/DRCPlatform/hw/DRC_Rev2_0_Deliverables.xsa -mem-ranges [list {0x80000000 0xbfffffff} {0x400000000 0x5ffffffff} {0x1000000000 0x7fffffffff}] -regs
configparams force-mem-access 1
targets -set -nocase -filter {name =~"APU*"}
set mode [expr [mrd -value 0xFF5E0200] & 0xf]
targets -set -nocase -filter {name =~ "*A53*#0"}
rst -processor
dow C:/Xilinx/Projects/DRC_Rev2.0_Deliverables/Vitis2023.1/DRC_Rev2.0_SW/DRCPlatform/export/DRCPlatform/sw/DRCPlatform/boot/fsbl.elf
set bp_3_10_fsbl_bp [bpadd -addr &XFsbl_Exit]
con -block -timeout 60
bpremove $bp_3_10_fsbl_bp
targets -set -nocase -filter {name =~ "*A53*#0"}
rst -processor
dow C:/Xilinx/Projects/DRC_Rev2.0_Deliverables/Vitis2023.1/DRC_Rev2.0_SW/DRC_Rev2_0_Deliverables_Application/Debug/DRC_Rev2_0_Deliverables_Application.elf
configparams force-mem-access 0
----------------End of Script----------------

13:03:12 INFO  : Context for processor 'psu_cortexa53_0' is selected.
13:03:13 INFO  : 'con' command is executed.
13:03:13 INFO  : ----------------XSDB Script (After Launch)----------------
targets -set -nocase -filter {name =~ "*A53*#0"}
con
----------------End of Script----------------

13:03:13 INFO  : Launch script is exported to file 'C:\Xilinx\Projects\DRC_Rev2.0_Deliverables\DRC_Rev2.0_SW\DRC_Rev2_0_Deliverables_Application_system\_ide\scripts\systemdebugger_drc_rev2_0_deliverables_application_system_standalone.tcl'
13:07:06 INFO  : Disconnected from the channel tcfchan#19.
13:07:06 INFO  : Connected to target on host '127.0.0.1' and port '3121'.
13:07:06 INFO  : Jtag cable 'Digilent JTAG-HS3 210299BBCD36' is selected.
13:07:06 INFO  : 'jtag frequency' command is executed.
13:07:06 INFO  : Sourcing of 'C:/Xilinx/Vitis/2023.1/scripts/vitis/util/zynqmp_utils.tcl' is done.
13:07:06 INFO  : Context for 'APU' is selected.
13:07:06 INFO  : System reset is completed.
13:07:09 INFO  : 'after 3000' command is executed.
13:07:09 INFO  : 'targets -set -filter {jtag_cable_name =~ "Digilent JTAG-HS3 210299BBCD36" && level==0 && jtag_device_ctx=="jsn-JTAG-HS3-210299BBCD36-14710093-0"}' command is executed.
13:07:13 INFO  : Device configured successfully with "C:/Xilinx/Projects/DRC_Rev2.0_Deliverables/Vitis2023.1/DRC_Rev2.0_SW/DRC_Rev2_0_Deliverables_Application/_ide/bitstream/DRC_Rev2_0_Deliverables.bit"
13:07:13 INFO  : Context for 'APU' is selected.
13:07:27 INFO  : Hardware design and registers information is loaded from 'C:/Xilinx/Projects/DRC_Rev2.0_Deliverables/Vitis2023.1/DRC_Rev2.0_SW/DRCPlatform/export/DRCPlatform/hw/DRC_Rev2_0_Deliverables.xsa'.
13:07:27 INFO  : 'configparams force-mem-access 1' command is executed.
13:07:27 INFO  : Context for 'APU' is selected.
13:07:27 INFO  : Boot mode is read from the target.
13:07:27 INFO  : Context for processor 'psu_cortexa53_0' is selected.
13:07:27 INFO  : Processor reset is completed for 'psu_cortexa53_0'.
13:07:28 INFO  : The application 'C:/Xilinx/Projects/DRC_Rev2.0_Deliverables/Vitis2023.1/DRC_Rev2.0_SW/DRCPlatform/export/DRCPlatform/sw/DRCPlatform/boot/fsbl.elf' is downloaded to processor 'psu_cortexa53_0'.
13:07:28 INFO  : 'set bp_7_28_fsbl_bp [bpadd -addr &XFsbl_Exit]' command is executed.
13:07:28 INFO  : 'con -block -timeout 60' command is executed.
13:07:28 INFO  : 'bpremove $bp_7_28_fsbl_bp' command is executed.
13:07:28 INFO  : Context for processor 'psu_cortexa53_0' is selected.
13:07:28 INFO  : Processor reset is completed for 'psu_cortexa53_0'.
13:07:30 INFO  : The application 'C:/Xilinx/Projects/DRC_Rev2.0_Deliverables/Vitis2023.1/DRC_Rev2.0_SW/DRC_Rev2_0_Deliverables_Application/Debug/DRC_Rev2_0_Deliverables_Application.elf' is downloaded to processor 'psu_cortexa53_0'.
13:07:30 INFO  : 'configparams force-mem-access 0' command is executed.
13:07:30 INFO  : ----------------XSDB Script----------------
connect -url tcp:127.0.0.1:3121
source C:/Xilinx/Vitis/2023.1/scripts/vitis/util/zynqmp_utils.tcl
targets -set -nocase -filter {name =~"APU*"}
rst -system
after 3000
targets -set -filter {jtag_cable_name =~ "Digilent JTAG-HS3 210299BBCD36" && level==0 && jtag_device_ctx=="jsn-JTAG-HS3-210299BBCD36-14710093-0"}
fpga -file C:/Xilinx/Projects/DRC_Rev2.0_Deliverables/Vitis2023.1/DRC_Rev2.0_SW/DRC_Rev2_0_Deliverables_Application/_ide/bitstream/DRC_Rev2_0_Deliverables.bit
targets -set -nocase -filter {name =~"APU*"}
loadhw -hw C:/Xilinx/Projects/DRC_Rev2.0_Deliverables/Vitis2023.1/DRC_Rev2.0_SW/DRCPlatform/export/DRCPlatform/hw/DRC_Rev2_0_Deliverables.xsa -mem-ranges [list {0x80000000 0xbfffffff} {0x400000000 0x5ffffffff} {0x1000000000 0x7fffffffff}] -regs
configparams force-mem-access 1
targets -set -nocase -filter {name =~"APU*"}
set mode [expr [mrd -value 0xFF5E0200] & 0xf]
targets -set -nocase -filter {name =~ "*A53*#0"}
rst -processor
dow C:/Xilinx/Projects/DRC_Rev2.0_Deliverables/Vitis2023.1/DRC_Rev2.0_SW/DRCPlatform/export/DRCPlatform/sw/DRCPlatform/boot/fsbl.elf
set bp_7_28_fsbl_bp [bpadd -addr &XFsbl_Exit]
con -block -timeout 60
bpremove $bp_7_28_fsbl_bp
targets -set -nocase -filter {name =~ "*A53*#0"}
rst -processor
dow C:/Xilinx/Projects/DRC_Rev2.0_Deliverables/Vitis2023.1/DRC_Rev2.0_SW/DRC_Rev2_0_Deliverables_Application/Debug/DRC_Rev2_0_Deliverables_Application.elf
configparams force-mem-access 0
----------------End of Script----------------

13:07:30 INFO  : Context for processor 'psu_cortexa53_0' is selected.
13:07:30 INFO  : 'con' command is executed.
13:07:30 INFO  : ----------------XSDB Script (After Launch)----------------
targets -set -nocase -filter {name =~ "*A53*#0"}
con
----------------End of Script----------------

13:07:30 INFO  : Launch script is exported to file 'C:\Xilinx\Projects\DRC_Rev2.0_Deliverables\DRC_Rev2.0_SW\DRC_Rev2_0_Deliverables_Application_system\_ide\scripts\systemdebugger_drc_rev2_0_deliverables_application_system_standalone.tcl'
13:22:48 INFO  : Disconnected from the channel tcfchan#20.
13:22:48 INFO  : Connected to target on host '127.0.0.1' and port '3121'.
13:22:48 INFO  : Jtag cable 'Digilent JTAG-HS3 210299BBCD36' is selected.
13:22:48 INFO  : 'jtag frequency' command is executed.
13:22:48 INFO  : Sourcing of 'C:/Xilinx/Vitis/2023.1/scripts/vitis/util/zynqmp_utils.tcl' is done.
13:22:48 INFO  : Context for 'APU' is selected.
13:22:49 INFO  : System reset is completed.
13:22:52 INFO  : 'after 3000' command is executed.
13:22:52 INFO  : 'targets -set -filter {jtag_cable_name =~ "Digilent JTAG-HS3 210299BBCD36" && level==0 && jtag_device_ctx=="jsn-JTAG-HS3-210299BBCD36-14710093-0"}' command is executed.
13:22:55 INFO  : Device configured successfully with "C:/Xilinx/Projects/DRC_Rev2.0_Deliverables/Vitis2023.1/DRC_Rev2.0_SW/DRC_Rev2_0_Deliverables_Application/_ide/bitstream/DRC_Rev2_0_Deliverables.bit"
13:22:55 INFO  : Context for 'APU' is selected.
13:23:08 INFO  : Hardware design and registers information is loaded from 'C:/Xilinx/Projects/DRC_Rev2.0_Deliverables/Vitis2023.1/DRC_Rev2.0_SW/DRCPlatform/export/DRCPlatform/hw/DRC_Rev2_0_Deliverables.xsa'.
13:23:08 INFO  : 'configparams force-mem-access 1' command is executed.
13:23:08 INFO  : Context for 'APU' is selected.
13:23:08 INFO  : Boot mode is read from the target.
13:23:08 INFO  : Context for processor 'psu_cortexa53_0' is selected.
13:23:09 INFO  : Processor reset is completed for 'psu_cortexa53_0'.
13:23:09 INFO  : The application 'C:/Xilinx/Projects/DRC_Rev2.0_Deliverables/Vitis2023.1/DRC_Rev2.0_SW/DRCPlatform/export/DRCPlatform/sw/DRCPlatform/boot/fsbl.elf' is downloaded to processor 'psu_cortexa53_0'.
13:23:09 INFO  : 'set bp_23_9_fsbl_bp [bpadd -addr &XFsbl_Exit]' command is executed.
13:23:09 INFO  : 'con -block -timeout 60' command is executed.
13:23:09 INFO  : 'bpremove $bp_23_9_fsbl_bp' command is executed.
13:23:09 INFO  : Context for processor 'psu_cortexa53_0' is selected.
13:23:09 INFO  : Processor reset is completed for 'psu_cortexa53_0'.
13:23:11 INFO  : The application 'C:/Xilinx/Projects/DRC_Rev2.0_Deliverables/Vitis2023.1/DRC_Rev2.0_SW/DRC_Rev2_0_Deliverables_Application/Debug/DRC_Rev2_0_Deliverables_Application.elf' is downloaded to processor 'psu_cortexa53_0'.
13:23:11 INFO  : 'configparams force-mem-access 0' command is executed.
13:23:11 INFO  : ----------------XSDB Script----------------
connect -url tcp:127.0.0.1:3121
source C:/Xilinx/Vitis/2023.1/scripts/vitis/util/zynqmp_utils.tcl
targets -set -nocase -filter {name =~"APU*"}
rst -system
after 3000
targets -set -filter {jtag_cable_name =~ "Digilent JTAG-HS3 210299BBCD36" && level==0 && jtag_device_ctx=="jsn-JTAG-HS3-210299BBCD36-14710093-0"}
fpga -file C:/Xilinx/Projects/DRC_Rev2.0_Deliverables/Vitis2023.1/DRC_Rev2.0_SW/DRC_Rev2_0_Deliverables_Application/_ide/bitstream/DRC_Rev2_0_Deliverables.bit
targets -set -nocase -filter {name =~"APU*"}
loadhw -hw C:/Xilinx/Projects/DRC_Rev2.0_Deliverables/Vitis2023.1/DRC_Rev2.0_SW/DRCPlatform/export/DRCPlatform/hw/DRC_Rev2_0_Deliverables.xsa -mem-ranges [list {0x80000000 0xbfffffff} {0x400000000 0x5ffffffff} {0x1000000000 0x7fffffffff}] -regs
configparams force-mem-access 1
targets -set -nocase -filter {name =~"APU*"}
set mode [expr [mrd -value 0xFF5E0200] & 0xf]
targets -set -nocase -filter {name =~ "*A53*#0"}
rst -processor
dow C:/Xilinx/Projects/DRC_Rev2.0_Deliverables/Vitis2023.1/DRC_Rev2.0_SW/DRCPlatform/export/DRCPlatform/sw/DRCPlatform/boot/fsbl.elf
set bp_23_9_fsbl_bp [bpadd -addr &XFsbl_Exit]
con -block -timeout 60
bpremove $bp_23_9_fsbl_bp
targets -set -nocase -filter {name =~ "*A53*#0"}
rst -processor
dow C:/Xilinx/Projects/DRC_Rev2.0_Deliverables/Vitis2023.1/DRC_Rev2.0_SW/DRC_Rev2_0_Deliverables_Application/Debug/DRC_Rev2_0_Deliverables_Application.elf
configparams force-mem-access 0
----------------End of Script----------------

13:23:11 INFO  : Context for processor 'psu_cortexa53_0' is selected.
13:23:11 INFO  : 'con' command is executed.
13:23:11 INFO  : ----------------XSDB Script (After Launch)----------------
targets -set -nocase -filter {name =~ "*A53*#0"}
con
----------------End of Script----------------

13:23:11 INFO  : Launch script is exported to file 'C:\Xilinx\Projects\DRC_Rev2.0_Deliverables\DRC_Rev2.0_SW\DRC_Rev2_0_Deliverables_Application_system\_ide\scripts\systemdebugger_drc_rev2_0_deliverables_application_system_standalone.tcl'
13:37:41 INFO  : Disconnected from the channel tcfchan#21.
13:30:35 DEBUG : Logs will be stored at 'C:/Xilinx/Projects/DRC_Rev2.0_Deliverables/DRC_Rev2.0_SW/IDE.log'.
13:30:35 INFO  : Launching XSCT server: xsct.bat -n  -interactive C:\Xilinx\Projects\DRC_Rev2.0_Deliverables\DRC_Rev2.0_SW\temp_xsdb_launch_script.tcl
13:30:37 INFO  : XSCT server has started successfully.
13:30:37 INFO  : plnx-install-location is set to ''
13:30:37 INFO  : Successfully done setting XSCT server connection channel  
13:30:37 INFO  : Successfully done setting workspace for the tool. 
13:30:38 INFO  : Registering command handlers for Vitis TCF services
13:30:39 INFO  : Successfully done query RDI_DATADIR 
13:30:39 INFO  : Platform repository initialization has completed.
10:18:14 DEBUG : Logs will be stored at 'C:/Xilinx/Projects/DRC_Rev2.0_Deliverables/DRC_Rev2.0_SW/IDE.log'.
10:18:15 INFO  : Launching XSCT server: xsct.bat -n  -interactive C:\Xilinx\Projects\DRC_Rev2.0_Deliverables\DRC_Rev2.0_SW\temp_xsdb_launch_script.tcl
10:18:17 INFO  : XSCT server has started successfully.
10:18:17 INFO  : plnx-install-location is set to ''
10:18:17 INFO  : Successfully done setting XSCT server connection channel  
10:18:17 INFO  : Successfully done setting workspace for the tool. 
10:18:18 INFO  : Platform repository initialization has completed.
10:18:18 INFO  : Successfully done query RDI_DATADIR 
10:18:18 INFO  : Registering command handlers for Vitis TCF services
11:18:19 DEBUG : Logs will be stored at 'C:/Xilinx/Projects/DRC_Rev2.0_Deliverables/DRC_Rev2.0_SW/IDE.log'.
11:18:19 INFO  : Launching XSCT server: xsct.bat -n  -interactive C:\Xilinx\Projects\DRC_Rev2.0_Deliverables\DRC_Rev2.0_SW\temp_xsdb_launch_script.tcl
11:18:21 INFO  : XSCT server has started successfully.
11:18:21 INFO  : plnx-install-location is set to ''
11:18:21 INFO  : Successfully done setting XSCT server connection channel  
11:18:21 INFO  : Successfully done setting workspace for the tool. 
11:18:23 INFO  : Platform repository initialization has completed.
11:18:27 INFO  : Successfully done query RDI_DATADIR 
11:18:27 INFO  : Registering command handlers for Vitis TCF services
15:04:46 INFO  : Hardware specification for platform project 'DRCPlatform' is updated.
15:07:31 INFO  : Result from executing command 'getProjects': DRCPlatform
15:07:31 INFO  : Result from executing command 'getPlatforms': DRCPlatform|C:/Xilinx/Projects/DRC_Rev2.0_Deliverables/Vitis2023.1/DRC_Rev2.0_SW/DRCPlatform/export/DRCPlatform/DRCPlatform.xpfm;xilinx_vck190_base_202310_1|C:/Xilinx/Vitis/2023.1/base_platforms/xilinx_vck190_base_202310_1/xilinx_vck190_base_202310_1.xpfm;xilinx_vck190_base_dfx_202310_1|C:/Xilinx/Vitis/2023.1/base_platforms/xilinx_vck190_base_dfx_202310_1/xilinx_vck190_base_dfx_202310_1.xpfm;xilinx_vek280_es1_base_202310_1|C:/Xilinx/Vitis/2023.1/base_platforms/xilinx_vek280_es1_base_202310_1/xilinx_vek280_es1_base_202310_1.xpfm;xilinx_vmk180_base_202310_1|C:/Xilinx/Vitis/2023.1/base_platforms/xilinx_vmk180_base_202310_1/xilinx_vmk180_base_202310_1.xpfm;xilinx_zcu102_base_202310_1|C:/Xilinx/Vitis/2023.1/base_platforms/xilinx_zcu102_base_202310_1/xilinx_zcu102_base_202310_1.xpfm;xilinx_zcu102_base_dfx_202310_1|C:/Xilinx/Vitis/2023.1/base_platforms/xilinx_zcu102_base_dfx_202310_1/xilinx_zcu102_base_dfx_202310_1.xpfm;xilinx_zcu104_base_202310_1|C:/Xilinx/Vitis/2023.1/base_platforms/xilinx_zcu104_base_202310_1/xilinx_zcu104_base_202310_1.xpfm
15:07:31 ERROR : Error from executing command 'addPlatformRepo': ERROR: No valid directory exists at given path.
15:07:35 INFO  : Checking for BSP changes to sync application flags for project 'DRC_Rev2_0_Deliverables_Application'...
15:07:35 INFO  : Result from executing command 'getProjects': DRCPlatform;DRC_Rev2_0_Deliverables_Application;DRC_Rev2_0_Deliverables_Application_system;Deliverable_FSBL;Deliverable_FSBL_system;RemoteSystemsTempFiles
15:07:35 ERROR : Failed to openhw "C:/Xilinx/Projects/DRC_Rev2.0_Deliverables/Vitis2023.1/DRC_Rev2.0_SW/DRCPlatform/export/DRCPlatform/hw/DRC_Rev2_0_Deliverables.xsa"
Reason: C:/Xilinx/Projects/DRC_Rev2.0_Deliverables/Vitis2023.1/DRC_Rev2.0_SW/DRCPlatform/export/DRCPlatform/hw/DRC_Rev2_0_Deliverables.xsa is not available in the current workspace
use 'getprojects' command to see list of available projects in current workspace
15:07:35 ERROR : Failed to update application flags from BSP for 'DRC_Rev2_0_Deliverables_Application'. Reason: null
java.lang.NullPointerException: null
	at com.xilinx.sdx.sw.internal.SDxSwPlatform.<init>(SDxSwPlatform.java:305) ~[com.xilinx.sdx.sw_1.0.0.202305040745.jar:?]
	at com.xilinx.sdx.sw.internal.SDxSwPlatform.create(SDxSwPlatform.java:214) ~[com.xilinx.sdx.sw_1.0.0.202305040745.jar:?]
	at com.xilinx.sdx.sdk.core.util.SdkPlatformHelper.getSwPlatform(SdkPlatformHelper.java:64) ~[com.xilinx.sdx.sdk.core_1.0.0.202305040745.jar:?]
	at com.xilinx.sdx.sdk.core.build.SdkMakefileGenerationListener.getSwPlatform(SdkMakefileGenerationListener.java:160) ~[com.xilinx.sdx.sdk.core_1.0.0.202305040745.jar:?]
	at com.xilinx.sdx.sdk.core.build.SdkMakefileGenerationListener.syncAppFlags(SdkMakefileGenerationListener.java:78) [com.xilinx.sdx.sdk.core_1.0.0.202305040745.jar:?]
	at com.xilinx.sdx.sdk.core.build.SdkMakefileGenerationListener.preMakefileGeneration(SdkMakefileGenerationListener.java:48) [com.xilinx.sdx.sdk.core_1.0.0.202305040745.jar:?]
	at com.xilinx.sdk.managedbuilder.XilinxGnuMakefileGenerator.notifyPreMakefileGenerationListeners(XilinxGnuMakefileGenerator.java:91) [com.xilinx.sdk.managedbuilder_1.0.0.202305040745.jar:?]
	at com.xilinx.sdk.managedbuilder.XilinxGnuMakefileGenerator.regenerateMakefiles(XilinxGnuMakefileGenerator.java:75) [com.xilinx.sdk.managedbuilder_1.0.0.202305040745.jar:?]
	at org.eclipse.cdt.managedbuilder.internal.core.CommonBuilder.performMakefileGeneration(CommonBuilder.java:1006) [org.eclipse.cdt.managedbuilder.core_8.6.0.201802261533.jar:?]
	at org.eclipse.cdt.managedbuilder.internal.core.CommonBuilder.performPrebuildGeneration(CommonBuilder.java:873) [org.eclipse.cdt.managedbuilder.core_8.6.0.201802261533.jar:?]
	at org.eclipse.cdt.managedbuilder.internal.core.CommonBuilder.build(CommonBuilder.java:748) [org.eclipse.cdt.managedbuilder.core_8.6.0.201802261533.jar:?]
	at org.eclipse.cdt.managedbuilder.internal.core.CommonBuilder.build(CommonBuilder.java:513) [org.eclipse.cdt.managedbuilder.core_8.6.0.201802261533.jar:?]
	at org.eclipse.cdt.managedbuilder.internal.core.CommonBuilder.build(CommonBuilder.java:459) [org.eclipse.cdt.managedbuilder.core_8.6.0.201802261533.jar:?]
	at org.eclipse.core.internal.events.BuildManager$2.run(BuildManager.java:832) [org.eclipse.core.resources_3.13.700.v20200209-1624.jar:?]
	at org.eclipse.core.runtime.SafeRunner.run(SafeRunner.java:45) [org.eclipse.equinox.common_3.11.0.v20200206-0817.jar:?]
	at org.eclipse.core.internal.events.BuildManager.basicBuild(BuildManager.java:220) [org.eclipse.core.resources_3.13.700.v20200209-1624.jar:?]
	at org.eclipse.core.internal.events.BuildManager.basicBuild(BuildManager.java:263) [org.eclipse.core.resources_3.13.700.v20200209-1624.jar:?]
	at org.eclipse.core.internal.events.BuildManager$1.run(BuildManager.java:316) [org.eclipse.core.resources_3.13.700.v20200209-1624.jar:?]
	at org.eclipse.core.runtime.SafeRunner.run(SafeRunner.java:45) [org.eclipse.equinox.common_3.11.0.v20200206-0817.jar:?]
	at org.eclipse.core.internal.events.BuildManager.basicBuild(BuildManager.java:319) [org.eclipse.core.resources_3.13.700.v20200209-1624.jar:?]
	at org.eclipse.core.internal.events.BuildManager.basicBuildLoop(BuildManager.java:371) [org.eclipse.core.resources_3.13.700.v20200209-1624.jar:?]
	at org.eclipse.core.internal.events.BuildManager.build(BuildManager.java:392) [org.eclipse.core.resources_3.13.700.v20200209-1624.jar:?]
	at org.eclipse.core.internal.resources.Workspace.buildInternal(Workspace.java:515) [org.eclipse.core.resources_3.13.700.v20200209-1624.jar:?]
	at org.eclipse.core.internal.resources.Workspace.build(Workspace.java:412) [org.eclipse.core.resources_3.13.700.v20200209-1624.jar:?]
	at org.eclipse.ui.actions.BuildAction$1.runInWorkspace(BuildAction.java:291) [org.eclipse.ui.ide_3.17.0.v20200217-1511.jar:?]
	at org.eclipse.core.internal.resources.InternalWorkspaceJob.run(InternalWorkspaceJob.java:42) [org.eclipse.core.resources_3.13.700.v20200209-1624.jar:?]
	at org.eclipse.core.internal.jobs.Worker.run(Worker.java:63) [org.eclipse.core.jobs_3.10.700.v20200106-1020.jar:?]
15:07:42 ERROR : Failed to compute checksum of hardware specification file used by project 'DRC_Rev2_0_Deliverables_Application'
15:07:42 INFO  : Result from executing command 'getProjects': DRCPlatform;DRC_Rev2_0_Deliverables_Application;DRC_Rev2_0_Deliverables_Application_system;Deliverable_FSBL;Deliverable_FSBL_system;RemoteSystemsTempFiles
15:07:42 ERROR : Failed to openhw "C:/Xilinx/Projects/DRC_Rev2.0_Deliverables/Vitis2023.1/DRC_Rev2.0_SW/DRCPlatform/export/DRCPlatform/hw/DRC_Rev2_0_Deliverables.xsa"
Reason: C:/Xilinx/Projects/DRC_Rev2.0_Deliverables/Vitis2023.1/DRC_Rev2.0_SW/DRCPlatform/export/DRCPlatform/hw/DRC_Rev2_0_Deliverables.xsa is not available in the current workspace
use 'getprojects' command to see list of available projects in current workspace
15:07:42 INFO  : Result from executing command 'getProjects': DRCPlatform;DRC_Rev2_0_Deliverables_Application;DRC_Rev2_0_Deliverables_Application_system;Deliverable_FSBL;Deliverable_FSBL_system;RemoteSystemsTempFiles
15:07:42 ERROR : Failed to openhw "C:/Xilinx/Projects/DRC_Rev2.0_Deliverables/Vitis2023.1/DRC_Rev2.0_SW/DRCPlatform/export/DRCPlatform/hw/DRC_Rev2_0_Deliverables.xsa"
Reason: C:/Xilinx/Projects/DRC_Rev2.0_Deliverables/Vitis2023.1/DRC_Rev2.0_SW/DRCPlatform/export/DRCPlatform/hw/DRC_Rev2_0_Deliverables.xsa is not available in the current workspace
use 'getprojects' command to see list of available projects in current workspace
15:07:42 INFO  : Result from executing command 'getProjects': DRCPlatform;DRC_Rev2_0_Deliverables_Application;DRC_Rev2_0_Deliverables_Application_system;Deliverable_FSBL;Deliverable_FSBL_system;RemoteSystemsTempFiles
15:07:42 ERROR : Failed to openhw "C:/Xilinx/Projects/DRC_Rev2.0_Deliverables/Vitis2023.1/DRC_Rev2.0_SW/DRCPlatform/export/DRCPlatform/hw/DRC_Rev2_0_Deliverables.xsa"
Reason: C:/Xilinx/Projects/DRC_Rev2.0_Deliverables/Vitis2023.1/DRC_Rev2.0_SW/DRCPlatform/export/DRCPlatform/hw/DRC_Rev2_0_Deliverables.xsa is not available in the current workspace
use 'getprojects' command to see list of available projects in current workspace
15:08:00 INFO  : Checking for BSP changes to sync application flags for project 'DRC_Rev2_0_Deliverables_Application'...
15:08:00 INFO  : Result from executing command 'getProjects': DRCPlatform;DRC_Rev2_0_Deliverables_Application;DRC_Rev2_0_Deliverables_Application_system;Deliverable_FSBL;Deliverable_FSBL_system;RemoteSystemsTempFiles
15:08:00 ERROR : Failed to openhw "C:/Xilinx/Projects/DRC_Rev2.0_Deliverables/Vitis2023.1/DRC_Rev2.0_SW/DRCPlatform/export/DRCPlatform/hw/DRC_Rev2_0_Deliverables.xsa"
Reason: C:/Xilinx/Projects/DRC_Rev2.0_Deliverables/Vitis2023.1/DRC_Rev2.0_SW/DRCPlatform/export/DRCPlatform/hw/DRC_Rev2_0_Deliverables.xsa is not available in the current workspace
use 'getprojects' command to see list of available projects in current workspace
15:08:00 ERROR : Failed to update application flags from BSP for 'DRC_Rev2_0_Deliverables_Application'. Reason: null
java.lang.NullPointerException: null
	at com.xilinx.sdx.sw.internal.SDxSwPlatform.<init>(SDxSwPlatform.java:305) ~[com.xilinx.sdx.sw_1.0.0.202305040745.jar:?]
	at com.xilinx.sdx.sw.internal.SDxSwPlatform.create(SDxSwPlatform.java:214) ~[com.xilinx.sdx.sw_1.0.0.202305040745.jar:?]
	at com.xilinx.sdx.sdk.core.util.SdkPlatformHelper.getSwPlatform(SdkPlatformHelper.java:64) ~[com.xilinx.sdx.sdk.core_1.0.0.202305040745.jar:?]
	at com.xilinx.sdx.sdk.core.build.SdkMakefileGenerationListener.getSwPlatform(SdkMakefileGenerationListener.java:160) ~[com.xilinx.sdx.sdk.core_1.0.0.202305040745.jar:?]
	at com.xilinx.sdx.sdk.core.build.SdkMakefileGenerationListener.syncAppFlags(SdkMakefileGenerationListener.java:78) [com.xilinx.sdx.sdk.core_1.0.0.202305040745.jar:?]
	at com.xilinx.sdx.sdk.core.build.SdkMakefileGenerationListener.preMakefileGeneration(SdkMakefileGenerationListener.java:48) [com.xilinx.sdx.sdk.core_1.0.0.202305040745.jar:?]
	at com.xilinx.sdk.managedbuilder.XilinxGnuMakefileGenerator.notifyPreMakefileGenerationListeners(XilinxGnuMakefileGenerator.java:91) [com.xilinx.sdk.managedbuilder_1.0.0.202305040745.jar:?]
	at com.xilinx.sdk.managedbuilder.XilinxGnuMakefileGenerator.generateMakefiles(XilinxGnuMakefileGenerator.java:40) [com.xilinx.sdk.managedbuilder_1.0.0.202305040745.jar:?]
	at org.eclipse.cdt.managedbuilder.internal.core.CommonBuilder.performMakefileGeneration(CommonBuilder.java:1008) [org.eclipse.cdt.managedbuilder.core_8.6.0.201802261533.jar:?]
	at org.eclipse.cdt.managedbuilder.internal.core.CommonBuilder.performPrebuildGeneration(CommonBuilder.java:873) [org.eclipse.cdt.managedbuilder.core_8.6.0.201802261533.jar:?]
	at org.eclipse.cdt.managedbuilder.internal.core.CommonBuilder.build(CommonBuilder.java:748) [org.eclipse.cdt.managedbuilder.core_8.6.0.201802261533.jar:?]
	at org.eclipse.cdt.managedbuilder.internal.core.CommonBuilder.build(CommonBuilder.java:510) [org.eclipse.cdt.managedbuilder.core_8.6.0.201802261533.jar:?]
	at org.eclipse.cdt.managedbuilder.internal.core.CommonBuilder.build(CommonBuilder.java:459) [org.eclipse.cdt.managedbuilder.core_8.6.0.201802261533.jar:?]
	at org.eclipse.core.internal.events.BuildManager$2.run(BuildManager.java:832) [org.eclipse.core.resources_3.13.700.v20200209-1624.jar:?]
	at org.eclipse.core.runtime.SafeRunner.run(SafeRunner.java:45) [org.eclipse.equinox.common_3.11.0.v20200206-0817.jar:?]
	at org.eclipse.core.internal.events.BuildManager.basicBuild(BuildManager.java:220) [org.eclipse.core.resources_3.13.700.v20200209-1624.jar:?]
	at org.eclipse.core.internal.events.BuildManager.basicBuild(BuildManager.java:263) [org.eclipse.core.resources_3.13.700.v20200209-1624.jar:?]
	at org.eclipse.core.internal.events.BuildManager$1.run(BuildManager.java:316) [org.eclipse.core.resources_3.13.700.v20200209-1624.jar:?]
	at org.eclipse.core.runtime.SafeRunner.run(SafeRunner.java:45) [org.eclipse.equinox.common_3.11.0.v20200206-0817.jar:?]
	at org.eclipse.core.internal.events.BuildManager.basicBuild(BuildManager.java:319) [org.eclipse.core.resources_3.13.700.v20200209-1624.jar:?]
	at org.eclipse.core.internal.events.BuildManager.basicBuildLoop(BuildManager.java:371) [org.eclipse.core.resources_3.13.700.v20200209-1624.jar:?]
	at org.eclipse.core.internal.events.BuildManager.build(BuildManager.java:392) [org.eclipse.core.resources_3.13.700.v20200209-1624.jar:?]
	at org.eclipse.core.internal.resources.Workspace.buildInternal(Workspace.java:515) [org.eclipse.core.resources_3.13.700.v20200209-1624.jar:?]
	at org.eclipse.core.internal.resources.Workspace.build(Workspace.java:412) [org.eclipse.core.resources_3.13.700.v20200209-1624.jar:?]
	at org.eclipse.ui.actions.BuildAction$1.runInWorkspace(BuildAction.java:291) [org.eclipse.ui.ide_3.17.0.v20200217-1511.jar:?]
	at org.eclipse.core.internal.resources.InternalWorkspaceJob.run(InternalWorkspaceJob.java:42) [org.eclipse.core.resources_3.13.700.v20200209-1624.jar:?]
	at org.eclipse.core.internal.jobs.Worker.run(Worker.java:63) [org.eclipse.core.jobs_3.10.700.v20200106-1020.jar:?]
15:08:02 ERROR : Failed to compute checksum of hardware specification file used by project 'DRC_Rev2_0_Deliverables_Application'
15:08:02 INFO  : Result from executing command 'getProjects': DRCPlatform;DRC_Rev2_0_Deliverables_Application;DRC_Rev2_0_Deliverables_Application_system;Deliverable_FSBL;Deliverable_FSBL_system;RemoteSystemsTempFiles
15:08:02 ERROR : Failed to openhw "C:/Xilinx/Projects/DRC_Rev2.0_Deliverables/Vitis2023.1/DRC_Rev2.0_SW/DRCPlatform/export/DRCPlatform/hw/DRC_Rev2_0_Deliverables.xsa"
Reason: C:/Xilinx/Projects/DRC_Rev2.0_Deliverables/Vitis2023.1/DRC_Rev2.0_SW/DRCPlatform/export/DRCPlatform/hw/DRC_Rev2_0_Deliverables.xsa is not available in the current workspace
use 'getprojects' command to see list of available projects in current workspace
15:08:02 INFO  : Result from executing command 'getProjects': DRCPlatform;DRC_Rev2_0_Deliverables_Application;DRC_Rev2_0_Deliverables_Application_system;Deliverable_FSBL;Deliverable_FSBL_system;RemoteSystemsTempFiles
15:08:02 ERROR : Failed to openhw "C:/Xilinx/Projects/DRC_Rev2.0_Deliverables/Vitis2023.1/DRC_Rev2.0_SW/DRCPlatform/export/DRCPlatform/hw/DRC_Rev2_0_Deliverables.xsa"
Reason: C:/Xilinx/Projects/DRC_Rev2.0_Deliverables/Vitis2023.1/DRC_Rev2.0_SW/DRCPlatform/export/DRCPlatform/hw/DRC_Rev2_0_Deliverables.xsa is not available in the current workspace
use 'getprojects' command to see list of available projects in current workspace
15:08:02 INFO  : Result from executing command 'getProjects': DRCPlatform;DRC_Rev2_0_Deliverables_Application;DRC_Rev2_0_Deliverables_Application_system;Deliverable_FSBL;Deliverable_FSBL_system;RemoteSystemsTempFiles
15:08:02 ERROR : Failed to openhw "C:/Xilinx/Projects/DRC_Rev2.0_Deliverables/Vitis2023.1/DRC_Rev2.0_SW/DRCPlatform/export/DRCPlatform/hw/DRC_Rev2_0_Deliverables.xsa"
Reason: C:/Xilinx/Projects/DRC_Rev2.0_Deliverables/Vitis2023.1/DRC_Rev2.0_SW/DRCPlatform/export/DRCPlatform/hw/DRC_Rev2_0_Deliverables.xsa is not available in the current workspace
use 'getprojects' command to see list of available projects in current workspace
15:08:23 INFO  : Checking for BSP changes to sync application flags for project 'DRC_Rev2_0_Deliverables_Application'...
15:08:23 INFO  : Result from executing command 'getProjects': DRCPlatform;DRC_Rev2_0_Deliverables_Application;DRC_Rev2_0_Deliverables_Application_system;Deliverable_FSBL;Deliverable_FSBL_system;RemoteSystemsTempFiles
15:08:23 ERROR : Failed to openhw "C:/Xilinx/Projects/DRC_Rev2.0_Deliverables/Vitis2023.1/DRC_Rev2.0_SW/DRCPlatform/export/DRCPlatform/hw/DRC_Rev2_0_Deliverables.xsa"
Reason: C:/Xilinx/Projects/DRC_Rev2.0_Deliverables/Vitis2023.1/DRC_Rev2.0_SW/DRCPlatform/export/DRCPlatform/hw/DRC_Rev2_0_Deliverables.xsa is not available in the current workspace
use 'getprojects' command to see list of available projects in current workspace
15:08:23 ERROR : Failed to update application flags from BSP for 'DRC_Rev2_0_Deliverables_Application'. Reason: null
java.lang.NullPointerException: null
	at com.xilinx.sdx.sw.internal.SDxSwPlatform.<init>(SDxSwPlatform.java:305) ~[com.xilinx.sdx.sw_1.0.0.202305040745.jar:?]
	at com.xilinx.sdx.sw.internal.SDxSwPlatform.create(SDxSwPlatform.java:214) ~[com.xilinx.sdx.sw_1.0.0.202305040745.jar:?]
	at com.xilinx.sdx.sdk.core.util.SdkPlatformHelper.getSwPlatform(SdkPlatformHelper.java:64) ~[com.xilinx.sdx.sdk.core_1.0.0.202305040745.jar:?]
	at com.xilinx.sdx.sdk.core.build.SdkMakefileGenerationListener.getSwPlatform(SdkMakefileGenerationListener.java:160) ~[com.xilinx.sdx.sdk.core_1.0.0.202305040745.jar:?]
	at com.xilinx.sdx.sdk.core.build.SdkMakefileGenerationListener.syncAppFlags(SdkMakefileGenerationListener.java:78) [com.xilinx.sdx.sdk.core_1.0.0.202305040745.jar:?]
	at com.xilinx.sdx.sdk.core.build.SdkMakefileGenerationListener.preMakefileGeneration(SdkMakefileGenerationListener.java:48) [com.xilinx.sdx.sdk.core_1.0.0.202305040745.jar:?]
	at com.xilinx.sdk.managedbuilder.XilinxGnuMakefileGenerator.notifyPreMakefileGenerationListeners(XilinxGnuMakefileGenerator.java:91) [com.xilinx.sdk.managedbuilder_1.0.0.202305040745.jar:?]
	at com.xilinx.sdk.managedbuilder.XilinxGnuMakefileGenerator.generateMakefiles(XilinxGnuMakefileGenerator.java:40) [com.xilinx.sdk.managedbuilder_1.0.0.202305040745.jar:?]
	at org.eclipse.cdt.managedbuilder.internal.core.CommonBuilder.performMakefileGeneration(CommonBuilder.java:1008) [org.eclipse.cdt.managedbuilder.core_8.6.0.201802261533.jar:?]
	at org.eclipse.cdt.managedbuilder.internal.core.CommonBuilder.performPrebuildGeneration(CommonBuilder.java:873) [org.eclipse.cdt.managedbuilder.core_8.6.0.201802261533.jar:?]
	at org.eclipse.cdt.managedbuilder.internal.core.CommonBuilder.build(CommonBuilder.java:748) [org.eclipse.cdt.managedbuilder.core_8.6.0.201802261533.jar:?]
	at org.eclipse.cdt.managedbuilder.internal.core.CommonBuilder.build(CommonBuilder.java:510) [org.eclipse.cdt.managedbuilder.core_8.6.0.201802261533.jar:?]
	at org.eclipse.cdt.managedbuilder.internal.core.CommonBuilder.build(CommonBuilder.java:459) [org.eclipse.cdt.managedbuilder.core_8.6.0.201802261533.jar:?]
	at org.eclipse.core.internal.events.BuildManager$2.run(BuildManager.java:832) [org.eclipse.core.resources_3.13.700.v20200209-1624.jar:?]
	at org.eclipse.core.runtime.SafeRunner.run(SafeRunner.java:45) [org.eclipse.equinox.common_3.11.0.v20200206-0817.jar:?]
	at org.eclipse.core.internal.events.BuildManager.basicBuild(BuildManager.java:220) [org.eclipse.core.resources_3.13.700.v20200209-1624.jar:?]
	at org.eclipse.core.internal.events.BuildManager.basicBuild(BuildManager.java:263) [org.eclipse.core.resources_3.13.700.v20200209-1624.jar:?]
	at org.eclipse.core.internal.events.BuildManager$1.run(BuildManager.java:316) [org.eclipse.core.resources_3.13.700.v20200209-1624.jar:?]
	at org.eclipse.core.runtime.SafeRunner.run(SafeRunner.java:45) [org.eclipse.equinox.common_3.11.0.v20200206-0817.jar:?]
	at org.eclipse.core.internal.events.BuildManager.basicBuild(BuildManager.java:319) [org.eclipse.core.resources_3.13.700.v20200209-1624.jar:?]
	at org.eclipse.core.internal.events.BuildManager.basicBuildLoop(BuildManager.java:371) [org.eclipse.core.resources_3.13.700.v20200209-1624.jar:?]
	at org.eclipse.core.internal.events.BuildManager.build(BuildManager.java:392) [org.eclipse.core.resources_3.13.700.v20200209-1624.jar:?]
	at org.eclipse.core.internal.resources.Workspace.buildInternal(Workspace.java:515) [org.eclipse.core.resources_3.13.700.v20200209-1624.jar:?]
	at org.eclipse.core.internal.resources.Workspace.build(Workspace.java:412) [org.eclipse.core.resources_3.13.700.v20200209-1624.jar:?]
	at org.eclipse.ui.actions.BuildAction$1.runInWorkspace(BuildAction.java:291) [org.eclipse.ui.ide_3.17.0.v20200217-1511.jar:?]
	at org.eclipse.core.internal.resources.InternalWorkspaceJob.run(InternalWorkspaceJob.java:42) [org.eclipse.core.resources_3.13.700.v20200209-1624.jar:?]
	at org.eclipse.core.internal.jobs.Worker.run(Worker.java:63) [org.eclipse.core.jobs_3.10.700.v20200106-1020.jar:?]
15:08:26 ERROR : Failed to compute checksum of hardware specification file used by project 'DRC_Rev2_0_Deliverables_Application'
15:08:26 INFO  : Result from executing command 'getProjects': DRCPlatform;DRC_Rev2_0_Deliverables_Application;DRC_Rev2_0_Deliverables_Application_system;Deliverable_FSBL;Deliverable_FSBL_system;RemoteSystemsTempFiles
15:08:26 ERROR : Failed to openhw "C:/Xilinx/Projects/DRC_Rev2.0_Deliverables/Vitis2023.1/DRC_Rev2.0_SW/DRCPlatform/export/DRCPlatform/hw/DRC_Rev2_0_Deliverables.xsa"
Reason: C:/Xilinx/Projects/DRC_Rev2.0_Deliverables/Vitis2023.1/DRC_Rev2.0_SW/DRCPlatform/export/DRCPlatform/hw/DRC_Rev2_0_Deliverables.xsa is not available in the current workspace
use 'getprojects' command to see list of available projects in current workspace
15:08:26 INFO  : Result from executing command 'getProjects': DRCPlatform;DRC_Rev2_0_Deliverables_Application;DRC_Rev2_0_Deliverables_Application_system;Deliverable_FSBL;Deliverable_FSBL_system;RemoteSystemsTempFiles
15:08:26 ERROR : Failed to openhw "C:/Xilinx/Projects/DRC_Rev2.0_Deliverables/Vitis2023.1/DRC_Rev2.0_SW/DRCPlatform/export/DRCPlatform/hw/DRC_Rev2_0_Deliverables.xsa"
Reason: C:/Xilinx/Projects/DRC_Rev2.0_Deliverables/Vitis2023.1/DRC_Rev2.0_SW/DRCPlatform/export/DRCPlatform/hw/DRC_Rev2_0_Deliverables.xsa is not available in the current workspace
use 'getprojects' command to see list of available projects in current workspace
15:08:26 INFO  : Result from executing command 'getProjects': DRCPlatform;DRC_Rev2_0_Deliverables_Application;DRC_Rev2_0_Deliverables_Application_system;Deliverable_FSBL;Deliverable_FSBL_system;RemoteSystemsTempFiles
15:08:26 ERROR : Failed to openhw "C:/Xilinx/Projects/DRC_Rev2.0_Deliverables/Vitis2023.1/DRC_Rev2.0_SW/DRCPlatform/export/DRCPlatform/hw/DRC_Rev2_0_Deliverables.xsa"
Reason: C:/Xilinx/Projects/DRC_Rev2.0_Deliverables/Vitis2023.1/DRC_Rev2.0_SW/DRCPlatform/export/DRCPlatform/hw/DRC_Rev2_0_Deliverables.xsa is not available in the current workspace
use 'getprojects' command to see list of available projects in current workspace
15:12:07 INFO  : Checking for BSP changes to sync application flags for project 'DRC_Rev2_0_Deliverables_Application'...
15:12:07 INFO  : Result from executing command 'getProjects': DRCPlatform;DRC_Rev2_0_Deliverables_Application;DRC_Rev2_0_Deliverables_Application_system;Deliverable_FSBL;Deliverable_FSBL_system;RemoteSystemsTempFiles
15:12:07 ERROR : Failed to openhw "C:/Xilinx/Projects/DRC_Rev2.0_Deliverables/Vitis2023.1/DRC_Rev2.0_SW/DRCPlatform/export/DRCPlatform/hw/DRC_Rev2_0_Deliverables.xsa"
Reason: C:/Xilinx/Projects/DRC_Rev2.0_Deliverables/Vitis2023.1/DRC_Rev2.0_SW/DRCPlatform/export/DRCPlatform/hw/DRC_Rev2_0_Deliverables.xsa is not available in the current workspace
use 'getprojects' command to see list of available projects in current workspace
15:12:07 ERROR : Failed to update application flags from BSP for 'DRC_Rev2_0_Deliverables_Application'. Reason: null
java.lang.NullPointerException: null
	at com.xilinx.sdx.sw.internal.SDxSwPlatform.<init>(SDxSwPlatform.java:305) ~[com.xilinx.sdx.sw_1.0.0.202305040745.jar:?]
	at com.xilinx.sdx.sw.internal.SDxSwPlatform.create(SDxSwPlatform.java:214) ~[com.xilinx.sdx.sw_1.0.0.202305040745.jar:?]
	at com.xilinx.sdx.sdk.core.util.SdkPlatformHelper.getSwPlatform(SdkPlatformHelper.java:64) ~[com.xilinx.sdx.sdk.core_1.0.0.202305040745.jar:?]
	at com.xilinx.sdx.sdk.core.build.SdkMakefileGenerationListener.getSwPlatform(SdkMakefileGenerationListener.java:160) ~[com.xilinx.sdx.sdk.core_1.0.0.202305040745.jar:?]
	at com.xilinx.sdx.sdk.core.build.SdkMakefileGenerationListener.syncAppFlags(SdkMakefileGenerationListener.java:78) [com.xilinx.sdx.sdk.core_1.0.0.202305040745.jar:?]
	at com.xilinx.sdx.sdk.core.build.SdkMakefileGenerationListener.preMakefileGeneration(SdkMakefileGenerationListener.java:48) [com.xilinx.sdx.sdk.core_1.0.0.202305040745.jar:?]
	at com.xilinx.sdk.managedbuilder.XilinxGnuMakefileGenerator.notifyPreMakefileGenerationListeners(XilinxGnuMakefileGenerator.java:91) [com.xilinx.sdk.managedbuilder_1.0.0.202305040745.jar:?]
	at com.xilinx.sdk.managedbuilder.XilinxGnuMakefileGenerator.generateMakefiles(XilinxGnuMakefileGenerator.java:40) [com.xilinx.sdk.managedbuilder_1.0.0.202305040745.jar:?]
	at org.eclipse.cdt.managedbuilder.internal.core.CommonBuilder.performMakefileGeneration(CommonBuilder.java:1008) [org.eclipse.cdt.managedbuilder.core_8.6.0.201802261533.jar:?]
	at org.eclipse.cdt.managedbuilder.internal.core.CommonBuilder.performPrebuildGeneration(CommonBuilder.java:873) [org.eclipse.cdt.managedbuilder.core_8.6.0.201802261533.jar:?]
	at org.eclipse.cdt.managedbuilder.internal.core.CommonBuilder.build(CommonBuilder.java:748) [org.eclipse.cdt.managedbuilder.core_8.6.0.201802261533.jar:?]
	at org.eclipse.cdt.managedbuilder.internal.core.CommonBuilder.build(CommonBuilder.java:510) [org.eclipse.cdt.managedbuilder.core_8.6.0.201802261533.jar:?]
	at org.eclipse.cdt.managedbuilder.internal.core.CommonBuilder.build(CommonBuilder.java:459) [org.eclipse.cdt.managedbuilder.core_8.6.0.201802261533.jar:?]
	at org.eclipse.core.internal.events.BuildManager$2.run(BuildManager.java:832) [org.eclipse.core.resources_3.13.700.v20200209-1624.jar:?]
	at org.eclipse.core.runtime.SafeRunner.run(SafeRunner.java:45) [org.eclipse.equinox.common_3.11.0.v20200206-0817.jar:?]
	at org.eclipse.core.internal.events.BuildManager.basicBuild(BuildManager.java:220) [org.eclipse.core.resources_3.13.700.v20200209-1624.jar:?]
	at org.eclipse.core.internal.events.BuildManager.basicBuild(BuildManager.java:263) [org.eclipse.core.resources_3.13.700.v20200209-1624.jar:?]
	at org.eclipse.core.internal.events.BuildManager$1.run(BuildManager.java:316) [org.eclipse.core.resources_3.13.700.v20200209-1624.jar:?]
	at org.eclipse.core.runtime.SafeRunner.run(SafeRunner.java:45) [org.eclipse.equinox.common_3.11.0.v20200206-0817.jar:?]
	at org.eclipse.core.internal.events.BuildManager.basicBuild(BuildManager.java:319) [org.eclipse.core.resources_3.13.700.v20200209-1624.jar:?]
	at org.eclipse.core.internal.events.BuildManager.basicBuildLoop(BuildManager.java:371) [org.eclipse.core.resources_3.13.700.v20200209-1624.jar:?]
	at org.eclipse.core.internal.events.BuildManager.build(BuildManager.java:392) [org.eclipse.core.resources_3.13.700.v20200209-1624.jar:?]
	at org.eclipse.core.internal.resources.Workspace.buildInternal(Workspace.java:515) [org.eclipse.core.resources_3.13.700.v20200209-1624.jar:?]
	at org.eclipse.core.internal.resources.Workspace.build(Workspace.java:412) [org.eclipse.core.resources_3.13.700.v20200209-1624.jar:?]
	at org.eclipse.ui.actions.BuildAction$1.runInWorkspace(BuildAction.java:291) [org.eclipse.ui.ide_3.17.0.v20200217-1511.jar:?]
	at org.eclipse.core.internal.resources.InternalWorkspaceJob.run(InternalWorkspaceJob.java:42) [org.eclipse.core.resources_3.13.700.v20200209-1624.jar:?]
	at org.eclipse.core.internal.jobs.Worker.run(Worker.java:63) [org.eclipse.core.jobs_3.10.700.v20200106-1020.jar:?]
15:12:10 ERROR : Failed to compute checksum of hardware specification file used by project 'DRC_Rev2_0_Deliverables_Application'
15:12:10 INFO  : Result from executing command 'getProjects': DRCPlatform;DRC_Rev2_0_Deliverables_Application;DRC_Rev2_0_Deliverables_Application_system;Deliverable_FSBL;Deliverable_FSBL_system;RemoteSystemsTempFiles
15:12:10 ERROR : Failed to openhw "C:/Xilinx/Projects/DRC_Rev2.0_Deliverables/Vitis2023.1/DRC_Rev2.0_SW/DRCPlatform/export/DRCPlatform/hw/DRC_Rev2_0_Deliverables.xsa"
Reason: C:/Xilinx/Projects/DRC_Rev2.0_Deliverables/Vitis2023.1/DRC_Rev2.0_SW/DRCPlatform/export/DRCPlatform/hw/DRC_Rev2_0_Deliverables.xsa is not available in the current workspace
use 'getprojects' command to see list of available projects in current workspace
15:12:10 INFO  : Result from executing command 'getProjects': DRCPlatform;DRC_Rev2_0_Deliverables_Application;DRC_Rev2_0_Deliverables_Application_system;Deliverable_FSBL;Deliverable_FSBL_system;RemoteSystemsTempFiles
15:12:10 ERROR : Failed to openhw "C:/Xilinx/Projects/DRC_Rev2.0_Deliverables/Vitis2023.1/DRC_Rev2.0_SW/DRCPlatform/export/DRCPlatform/hw/DRC_Rev2_0_Deliverables.xsa"
Reason: C:/Xilinx/Projects/DRC_Rev2.0_Deliverables/Vitis2023.1/DRC_Rev2.0_SW/DRCPlatform/export/DRCPlatform/hw/DRC_Rev2_0_Deliverables.xsa is not available in the current workspace
use 'getprojects' command to see list of available projects in current workspace
15:12:10 INFO  : Result from executing command 'getProjects': DRCPlatform;DRC_Rev2_0_Deliverables_Application;DRC_Rev2_0_Deliverables_Application_system;Deliverable_FSBL;Deliverable_FSBL_system;RemoteSystemsTempFiles
15:12:10 ERROR : Failed to openhw "C:/Xilinx/Projects/DRC_Rev2.0_Deliverables/Vitis2023.1/DRC_Rev2.0_SW/DRCPlatform/export/DRCPlatform/hw/DRC_Rev2_0_Deliverables.xsa"
Reason: C:/Xilinx/Projects/DRC_Rev2.0_Deliverables/Vitis2023.1/DRC_Rev2.0_SW/DRCPlatform/export/DRCPlatform/hw/DRC_Rev2_0_Deliverables.xsa is not available in the current workspace
use 'getprojects' command to see list of available projects in current workspace
15:12:38 INFO  : Checking for BSP changes to sync application flags for project 'DRC_Rev2_0_Deliverables_Application'...
15:12:38 INFO  : Result from executing command 'getProjects': DRCPlatform;DRC_Rev2_0_Deliverables_Application;DRC_Rev2_0_Deliverables_Application_system;Deliverable_FSBL;Deliverable_FSBL_system;RemoteSystemsTempFiles
15:12:38 ERROR : Failed to openhw "C:/Xilinx/Projects/DRC_Rev2.0_Deliverables/Vitis2023.1/DRC_Rev2.0_SW/DRCPlatform/export/DRCPlatform/hw/DRC_Rev2_0_Deliverables.xsa"
Reason: C:/Xilinx/Projects/DRC_Rev2.0_Deliverables/Vitis2023.1/DRC_Rev2.0_SW/DRCPlatform/export/DRCPlatform/hw/DRC_Rev2_0_Deliverables.xsa is not available in the current workspace
use 'getprojects' command to see list of available projects in current workspace
15:12:38 ERROR : Failed to update application flags from BSP for 'DRC_Rev2_0_Deliverables_Application'. Reason: null
java.lang.NullPointerException: null
	at com.xilinx.sdx.sw.internal.SDxSwPlatform.<init>(SDxSwPlatform.java:305) ~[com.xilinx.sdx.sw_1.0.0.202305040745.jar:?]
	at com.xilinx.sdx.sw.internal.SDxSwPlatform.create(SDxSwPlatform.java:214) ~[com.xilinx.sdx.sw_1.0.0.202305040745.jar:?]
	at com.xilinx.sdx.sdk.core.util.SdkPlatformHelper.getSwPlatform(SdkPlatformHelper.java:64) ~[com.xilinx.sdx.sdk.core_1.0.0.202305040745.jar:?]
	at com.xilinx.sdx.sdk.core.build.SdkMakefileGenerationListener.getSwPlatform(SdkMakefileGenerationListener.java:160) ~[com.xilinx.sdx.sdk.core_1.0.0.202305040745.jar:?]
	at com.xilinx.sdx.sdk.core.build.SdkMakefileGenerationListener.syncAppFlags(SdkMakefileGenerationListener.java:78) [com.xilinx.sdx.sdk.core_1.0.0.202305040745.jar:?]
	at com.xilinx.sdx.sdk.core.build.SdkMakefileGenerationListener.preMakefileGeneration(SdkMakefileGenerationListener.java:48) [com.xilinx.sdx.sdk.core_1.0.0.202305040745.jar:?]
	at com.xilinx.sdk.managedbuilder.XilinxGnuMakefileGenerator.notifyPreMakefileGenerationListeners(XilinxGnuMakefileGenerator.java:91) [com.xilinx.sdk.managedbuilder_1.0.0.202305040745.jar:?]
	at com.xilinx.sdk.managedbuilder.XilinxGnuMakefileGenerator.generateMakefiles(XilinxGnuMakefileGenerator.java:40) [com.xilinx.sdk.managedbuilder_1.0.0.202305040745.jar:?]
	at org.eclipse.cdt.managedbuilder.internal.core.CommonBuilder.performMakefileGeneration(CommonBuilder.java:1008) [org.eclipse.cdt.managedbuilder.core_8.6.0.201802261533.jar:?]
	at org.eclipse.cdt.managedbuilder.internal.core.CommonBuilder.performPrebuildGeneration(CommonBuilder.java:873) [org.eclipse.cdt.managedbuilder.core_8.6.0.201802261533.jar:?]
	at org.eclipse.cdt.managedbuilder.internal.core.CommonBuilder.build(CommonBuilder.java:748) [org.eclipse.cdt.managedbuilder.core_8.6.0.201802261533.jar:?]
	at org.eclipse.cdt.managedbuilder.internal.core.CommonBuilder.build(CommonBuilder.java:510) [org.eclipse.cdt.managedbuilder.core_8.6.0.201802261533.jar:?]
	at org.eclipse.cdt.managedbuilder.internal.core.CommonBuilder.build(CommonBuilder.java:459) [org.eclipse.cdt.managedbuilder.core_8.6.0.201802261533.jar:?]
	at org.eclipse.core.internal.events.BuildManager$2.run(BuildManager.java:832) [org.eclipse.core.resources_3.13.700.v20200209-1624.jar:?]
	at org.eclipse.core.runtime.SafeRunner.run(SafeRunner.java:45) [org.eclipse.equinox.common_3.11.0.v20200206-0817.jar:?]
	at org.eclipse.core.internal.events.BuildManager.basicBuild(BuildManager.java:220) [org.eclipse.core.resources_3.13.700.v20200209-1624.jar:?]
	at org.eclipse.core.internal.events.BuildManager.basicBuild(BuildManager.java:263) [org.eclipse.core.resources_3.13.700.v20200209-1624.jar:?]
	at org.eclipse.core.internal.events.BuildManager$1.run(BuildManager.java:316) [org.eclipse.core.resources_3.13.700.v20200209-1624.jar:?]
	at org.eclipse.core.runtime.SafeRunner.run(SafeRunner.java:45) [org.eclipse.equinox.common_3.11.0.v20200206-0817.jar:?]
	at org.eclipse.core.internal.events.BuildManager.basicBuild(BuildManager.java:319) [org.eclipse.core.resources_3.13.700.v20200209-1624.jar:?]
	at org.eclipse.core.internal.events.BuildManager.basicBuildLoop(BuildManager.java:371) [org.eclipse.core.resources_3.13.700.v20200209-1624.jar:?]
	at org.eclipse.core.internal.events.BuildManager.build(BuildManager.java:392) [org.eclipse.core.resources_3.13.700.v20200209-1624.jar:?]
	at org.eclipse.core.internal.resources.Workspace.buildInternal(Workspace.java:515) [org.eclipse.core.resources_3.13.700.v20200209-1624.jar:?]
	at org.eclipse.core.internal.resources.Workspace.build(Workspace.java:412) [org.eclipse.core.resources_3.13.700.v20200209-1624.jar:?]
	at org.eclipse.ui.actions.BuildAction$1.runInWorkspace(BuildAction.java:291) [org.eclipse.ui.ide_3.17.0.v20200217-1511.jar:?]
	at org.eclipse.core.internal.resources.InternalWorkspaceJob.run(InternalWorkspaceJob.java:42) [org.eclipse.core.resources_3.13.700.v20200209-1624.jar:?]
	at org.eclipse.core.internal.jobs.Worker.run(Worker.java:63) [org.eclipse.core.jobs_3.10.700.v20200106-1020.jar:?]
15:12:46 ERROR : Failed to compute checksum of hardware specification file used by project 'DRC_Rev2_0_Deliverables_Application'
15:12:46 INFO  : Result from executing command 'getProjects': DRCPlatform;DRC_Rev2_0_Deliverables_Application;DRC_Rev2_0_Deliverables_Application_system;Deliverable_FSBL;Deliverable_FSBL_system;RemoteSystemsTempFiles
15:12:46 ERROR : Failed to openhw "C:/Xilinx/Projects/DRC_Rev2.0_Deliverables/Vitis2023.1/DRC_Rev2.0_SW/DRCPlatform/export/DRCPlatform/hw/DRC_Rev2_0_Deliverables.xsa"
Reason: C:/Xilinx/Projects/DRC_Rev2.0_Deliverables/Vitis2023.1/DRC_Rev2.0_SW/DRCPlatform/export/DRCPlatform/hw/DRC_Rev2_0_Deliverables.xsa is not available in the current workspace
use 'getprojects' command to see list of available projects in current workspace
15:12:46 INFO  : Result from executing command 'getProjects': DRCPlatform;DRC_Rev2_0_Deliverables_Application;DRC_Rev2_0_Deliverables_Application_system;Deliverable_FSBL;Deliverable_FSBL_system;RemoteSystemsTempFiles
15:12:46 ERROR : Failed to openhw "C:/Xilinx/Projects/DRC_Rev2.0_Deliverables/Vitis2023.1/DRC_Rev2.0_SW/DRCPlatform/export/DRCPlatform/hw/DRC_Rev2_0_Deliverables.xsa"
Reason: C:/Xilinx/Projects/DRC_Rev2.0_Deliverables/Vitis2023.1/DRC_Rev2.0_SW/DRCPlatform/export/DRCPlatform/hw/DRC_Rev2_0_Deliverables.xsa is not available in the current workspace
use 'getprojects' command to see list of available projects in current workspace
15:12:46 INFO  : Result from executing command 'getProjects': DRCPlatform;DRC_Rev2_0_Deliverables_Application;DRC_Rev2_0_Deliverables_Application_system;Deliverable_FSBL;Deliverable_FSBL_system;RemoteSystemsTempFiles
15:12:46 ERROR : Failed to openhw "C:/Xilinx/Projects/DRC_Rev2.0_Deliverables/Vitis2023.1/DRC_Rev2.0_SW/DRCPlatform/export/DRCPlatform/hw/DRC_Rev2_0_Deliverables.xsa"
Reason: C:/Xilinx/Projects/DRC_Rev2.0_Deliverables/Vitis2023.1/DRC_Rev2.0_SW/DRCPlatform/export/DRCPlatform/hw/DRC_Rev2_0_Deliverables.xsa is not available in the current workspace
use 'getprojects' command to see list of available projects in current workspace
15:14:47 INFO  : Checking for BSP changes to sync application flags for project 'DRC_Rev2_0_Deliverables_Application'...
15:14:47 INFO  : Result from executing command 'getProjects': DRCPlatform;DRC_Rev2_0_Deliverables_Application;DRC_Rev2_0_Deliverables_Application_system;Deliverable_FSBL;Deliverable_FSBL_system;RemoteSystemsTempFiles
15:14:47 ERROR : Failed to openhw "C:/Xilinx/Projects/DRC_Rev2.0_Deliverables/Vitis2023.1/DRC_Rev2.0_SW/DRCPlatform/export/DRCPlatform/hw/DRC_Rev2_0_Deliverables.xsa"
Reason: C:/Xilinx/Projects/DRC_Rev2.0_Deliverables/Vitis2023.1/DRC_Rev2.0_SW/DRCPlatform/export/DRCPlatform/hw/DRC_Rev2_0_Deliverables.xsa is not available in the current workspace
use 'getprojects' command to see list of available projects in current workspace
15:14:47 ERROR : Failed to update application flags from BSP for 'DRC_Rev2_0_Deliverables_Application'. Reason: null
java.lang.NullPointerException: null
	at com.xilinx.sdx.sw.internal.SDxSwPlatform.<init>(SDxSwPlatform.java:305) ~[com.xilinx.sdx.sw_1.0.0.202305040745.jar:?]
	at com.xilinx.sdx.sw.internal.SDxSwPlatform.create(SDxSwPlatform.java:214) ~[com.xilinx.sdx.sw_1.0.0.202305040745.jar:?]
	at com.xilinx.sdx.sdk.core.util.SdkPlatformHelper.getSwPlatform(SdkPlatformHelper.java:64) ~[com.xilinx.sdx.sdk.core_1.0.0.202305040745.jar:?]
	at com.xilinx.sdx.sdk.core.build.SdkMakefileGenerationListener.getSwPlatform(SdkMakefileGenerationListener.java:160) ~[com.xilinx.sdx.sdk.core_1.0.0.202305040745.jar:?]
	at com.xilinx.sdx.sdk.core.build.SdkMakefileGenerationListener.syncAppFlags(SdkMakefileGenerationListener.java:78) [com.xilinx.sdx.sdk.core_1.0.0.202305040745.jar:?]
	at com.xilinx.sdx.sdk.core.build.SdkMakefileGenerationListener.preMakefileGeneration(SdkMakefileGenerationListener.java:48) [com.xilinx.sdx.sdk.core_1.0.0.202305040745.jar:?]
	at com.xilinx.sdk.managedbuilder.XilinxGnuMakefileGenerator.notifyPreMakefileGenerationListeners(XilinxGnuMakefileGenerator.java:91) [com.xilinx.sdk.managedbuilder_1.0.0.202305040745.jar:?]
	at com.xilinx.sdk.managedbuilder.XilinxGnuMakefileGenerator.generateMakefiles(XilinxGnuMakefileGenerator.java:40) [com.xilinx.sdk.managedbuilder_1.0.0.202305040745.jar:?]
	at org.eclipse.cdt.managedbuilder.internal.core.CommonBuilder.performMakefileGeneration(CommonBuilder.java:1008) [org.eclipse.cdt.managedbuilder.core_8.6.0.201802261533.jar:?]
	at org.eclipse.cdt.managedbuilder.internal.core.CommonBuilder.performPrebuildGeneration(CommonBuilder.java:873) [org.eclipse.cdt.managedbuilder.core_8.6.0.201802261533.jar:?]
	at org.eclipse.cdt.managedbuilder.internal.core.CommonBuilder.build(CommonBuilder.java:748) [org.eclipse.cdt.managedbuilder.core_8.6.0.201802261533.jar:?]
	at org.eclipse.cdt.managedbuilder.internal.core.CommonBuilder.build(CommonBuilder.java:510) [org.eclipse.cdt.managedbuilder.core_8.6.0.201802261533.jar:?]
	at org.eclipse.cdt.managedbuilder.internal.core.CommonBuilder.build(CommonBuilder.java:459) [org.eclipse.cdt.managedbuilder.core_8.6.0.201802261533.jar:?]
	at org.eclipse.core.internal.events.BuildManager$2.run(BuildManager.java:832) [org.eclipse.core.resources_3.13.700.v20200209-1624.jar:?]
	at org.eclipse.core.runtime.SafeRunner.run(SafeRunner.java:45) [org.eclipse.equinox.common_3.11.0.v20200206-0817.jar:?]
	at org.eclipse.core.internal.events.BuildManager.basicBuild(BuildManager.java:220) [org.eclipse.core.resources_3.13.700.v20200209-1624.jar:?]
	at org.eclipse.core.internal.events.BuildManager.basicBuild(BuildManager.java:263) [org.eclipse.core.resources_3.13.700.v20200209-1624.jar:?]
	at org.eclipse.core.internal.events.BuildManager$1.run(BuildManager.java:316) [org.eclipse.core.resources_3.13.700.v20200209-1624.jar:?]
	at org.eclipse.core.runtime.SafeRunner.run(SafeRunner.java:45) [org.eclipse.equinox.common_3.11.0.v20200206-0817.jar:?]
	at org.eclipse.core.internal.events.BuildManager.basicBuild(BuildManager.java:319) [org.eclipse.core.resources_3.13.700.v20200209-1624.jar:?]
	at org.eclipse.core.internal.events.BuildManager.basicBuildLoop(BuildManager.java:371) [org.eclipse.core.resources_3.13.700.v20200209-1624.jar:?]
	at org.eclipse.core.internal.events.BuildManager.build(BuildManager.java:392) [org.eclipse.core.resources_3.13.700.v20200209-1624.jar:?]
	at org.eclipse.core.internal.resources.Workspace.buildInternal(Workspace.java:515) [org.eclipse.core.resources_3.13.700.v20200209-1624.jar:?]
	at org.eclipse.core.internal.resources.Workspace.build(Workspace.java:412) [org.eclipse.core.resources_3.13.700.v20200209-1624.jar:?]
	at org.eclipse.ui.actions.BuildAction$1.runInWorkspace(BuildAction.java:291) [org.eclipse.ui.ide_3.17.0.v20200217-1511.jar:?]
	at org.eclipse.core.internal.resources.InternalWorkspaceJob.run(InternalWorkspaceJob.java:42) [org.eclipse.core.resources_3.13.700.v20200209-1624.jar:?]
	at org.eclipse.core.internal.jobs.Worker.run(Worker.java:63) [org.eclipse.core.jobs_3.10.700.v20200106-1020.jar:?]
15:14:51 ERROR : Failed to compute checksum of hardware specification file used by project 'DRC_Rev2_0_Deliverables_Application'
15:14:51 INFO  : Result from executing command 'getProjects': DRCPlatform;DRC_Rev2_0_Deliverables_Application;DRC_Rev2_0_Deliverables_Application_system;Deliverable_FSBL;Deliverable_FSBL_system;RemoteSystemsTempFiles
15:14:51 ERROR : Failed to openhw "C:/Xilinx/Projects/DRC_Rev2.0_Deliverables/Vitis2023.1/DRC_Rev2.0_SW/DRCPlatform/export/DRCPlatform/hw/DRC_Rev2_0_Deliverables.xsa"
Reason: C:/Xilinx/Projects/DRC_Rev2.0_Deliverables/Vitis2023.1/DRC_Rev2.0_SW/DRCPlatform/export/DRCPlatform/hw/DRC_Rev2_0_Deliverables.xsa is not available in the current workspace
use 'getprojects' command to see list of available projects in current workspace
15:14:51 INFO  : Result from executing command 'getProjects': DRCPlatform;DRC_Rev2_0_Deliverables_Application;DRC_Rev2_0_Deliverables_Application_system;Deliverable_FSBL;Deliverable_FSBL_system;RemoteSystemsTempFiles
15:14:51 ERROR : Failed to openhw "C:/Xilinx/Projects/DRC_Rev2.0_Deliverables/Vitis2023.1/DRC_Rev2.0_SW/DRCPlatform/export/DRCPlatform/hw/DRC_Rev2_0_Deliverables.xsa"
Reason: C:/Xilinx/Projects/DRC_Rev2.0_Deliverables/Vitis2023.1/DRC_Rev2.0_SW/DRCPlatform/export/DRCPlatform/hw/DRC_Rev2_0_Deliverables.xsa is not available in the current workspace
use 'getprojects' command to see list of available projects in current workspace
15:14:51 INFO  : Result from executing command 'getProjects': DRCPlatform;DRC_Rev2_0_Deliverables_Application;DRC_Rev2_0_Deliverables_Application_system;Deliverable_FSBL;Deliverable_FSBL_system;RemoteSystemsTempFiles
15:14:51 ERROR : Failed to openhw "C:/Xilinx/Projects/DRC_Rev2.0_Deliverables/Vitis2023.1/DRC_Rev2.0_SW/DRCPlatform/export/DRCPlatform/hw/DRC_Rev2_0_Deliverables.xsa"
Reason: C:/Xilinx/Projects/DRC_Rev2.0_Deliverables/Vitis2023.1/DRC_Rev2.0_SW/DRCPlatform/export/DRCPlatform/hw/DRC_Rev2_0_Deliverables.xsa is not available in the current workspace
use 'getprojects' command to see list of available projects in current workspace
15:15:05 INFO  : Checking for BSP changes to sync application flags for project 'DRC_Rev2_0_Deliverables_Application'...
15:15:05 INFO  : Result from executing command 'getProjects': DRCPlatform;DRC_Rev2_0_Deliverables_Application;DRC_Rev2_0_Deliverables_Application_system;Deliverable_FSBL;Deliverable_FSBL_system;RemoteSystemsTempFiles
15:15:05 ERROR : Failed to openhw "C:/Xilinx/Projects/DRC_Rev2.0_Deliverables/Vitis2023.1/DRC_Rev2.0_SW/DRCPlatform/export/DRCPlatform/hw/DRC_Rev2_0_Deliverables.xsa"
Reason: C:/Xilinx/Projects/DRC_Rev2.0_Deliverables/Vitis2023.1/DRC_Rev2.0_SW/DRCPlatform/export/DRCPlatform/hw/DRC_Rev2_0_Deliverables.xsa is not available in the current workspace
use 'getprojects' command to see list of available projects in current workspace
15:15:05 ERROR : Failed to update application flags from BSP for 'DRC_Rev2_0_Deliverables_Application'. Reason: null
java.lang.NullPointerException: null
	at com.xilinx.sdx.sw.internal.SDxSwPlatform.<init>(SDxSwPlatform.java:305) ~[com.xilinx.sdx.sw_1.0.0.202305040745.jar:?]
	at com.xilinx.sdx.sw.internal.SDxSwPlatform.create(SDxSwPlatform.java:214) ~[com.xilinx.sdx.sw_1.0.0.202305040745.jar:?]
	at com.xilinx.sdx.sdk.core.util.SdkPlatformHelper.getSwPlatform(SdkPlatformHelper.java:64) ~[com.xilinx.sdx.sdk.core_1.0.0.202305040745.jar:?]
	at com.xilinx.sdx.sdk.core.build.SdkMakefileGenerationListener.getSwPlatform(SdkMakefileGenerationListener.java:160) ~[com.xilinx.sdx.sdk.core_1.0.0.202305040745.jar:?]
	at com.xilinx.sdx.sdk.core.build.SdkMakefileGenerationListener.syncAppFlags(SdkMakefileGenerationListener.java:78) [com.xilinx.sdx.sdk.core_1.0.0.202305040745.jar:?]
	at com.xilinx.sdx.sdk.core.build.SdkMakefileGenerationListener.preMakefileGeneration(SdkMakefileGenerationListener.java:48) [com.xilinx.sdx.sdk.core_1.0.0.202305040745.jar:?]
	at com.xilinx.sdk.managedbuilder.XilinxGnuMakefileGenerator.notifyPreMakefileGenerationListeners(XilinxGnuMakefileGenerator.java:91) [com.xilinx.sdk.managedbuilder_1.0.0.202305040745.jar:?]
	at com.xilinx.sdk.managedbuilder.XilinxGnuMakefileGenerator.generateMakefiles(XilinxGnuMakefileGenerator.java:40) [com.xilinx.sdk.managedbuilder_1.0.0.202305040745.jar:?]
	at org.eclipse.cdt.managedbuilder.internal.core.CommonBuilder.performMakefileGeneration(CommonBuilder.java:1008) [org.eclipse.cdt.managedbuilder.core_8.6.0.201802261533.jar:?]
	at org.eclipse.cdt.managedbuilder.internal.core.CommonBuilder.performPrebuildGeneration(CommonBuilder.java:873) [org.eclipse.cdt.managedbuilder.core_8.6.0.201802261533.jar:?]
	at org.eclipse.cdt.managedbuilder.internal.core.CommonBuilder.build(CommonBuilder.java:748) [org.eclipse.cdt.managedbuilder.core_8.6.0.201802261533.jar:?]
	at org.eclipse.cdt.managedbuilder.internal.core.CommonBuilder.build(CommonBuilder.java:510) [org.eclipse.cdt.managedbuilder.core_8.6.0.201802261533.jar:?]
	at org.eclipse.cdt.managedbuilder.internal.core.CommonBuilder.build(CommonBuilder.java:459) [org.eclipse.cdt.managedbuilder.core_8.6.0.201802261533.jar:?]
	at org.eclipse.core.internal.events.BuildManager$2.run(BuildManager.java:832) [org.eclipse.core.resources_3.13.700.v20200209-1624.jar:?]
	at org.eclipse.core.runtime.SafeRunner.run(SafeRunner.java:45) [org.eclipse.equinox.common_3.11.0.v20200206-0817.jar:?]
	at org.eclipse.core.internal.events.BuildManager.basicBuild(BuildManager.java:220) [org.eclipse.core.resources_3.13.700.v20200209-1624.jar:?]
	at org.eclipse.core.internal.events.BuildManager.basicBuild(BuildManager.java:263) [org.eclipse.core.resources_3.13.700.v20200209-1624.jar:?]
	at org.eclipse.core.internal.events.BuildManager$1.run(BuildManager.java:316) [org.eclipse.core.resources_3.13.700.v20200209-1624.jar:?]
	at org.eclipse.core.runtime.SafeRunner.run(SafeRunner.java:45) [org.eclipse.equinox.common_3.11.0.v20200206-0817.jar:?]
	at org.eclipse.core.internal.events.BuildManager.basicBuild(BuildManager.java:319) [org.eclipse.core.resources_3.13.700.v20200209-1624.jar:?]
	at org.eclipse.core.internal.events.BuildManager.basicBuildLoop(BuildManager.java:371) [org.eclipse.core.resources_3.13.700.v20200209-1624.jar:?]
	at org.eclipse.core.internal.events.BuildManager.build(BuildManager.java:392) [org.eclipse.core.resources_3.13.700.v20200209-1624.jar:?]
	at org.eclipse.core.internal.resources.Workspace.buildInternal(Workspace.java:515) [org.eclipse.core.resources_3.13.700.v20200209-1624.jar:?]
	at org.eclipse.core.internal.resources.Workspace.build(Workspace.java:412) [org.eclipse.core.resources_3.13.700.v20200209-1624.jar:?]
	at org.eclipse.ui.actions.BuildAction$1.runInWorkspace(BuildAction.java:291) [org.eclipse.ui.ide_3.17.0.v20200217-1511.jar:?]
	at org.eclipse.core.internal.resources.InternalWorkspaceJob.run(InternalWorkspaceJob.java:42) [org.eclipse.core.resources_3.13.700.v20200209-1624.jar:?]
	at org.eclipse.core.internal.jobs.Worker.run(Worker.java:63) [org.eclipse.core.jobs_3.10.700.v20200106-1020.jar:?]
15:15:06 INFO  : Checking for BSP changes to sync application flags for project 'DRC_Rev2_0_Deliverables_Application'...
15:15:06 INFO  : Result from executing command 'getProjects': DRCPlatform;DRC_Rev2_0_Deliverables_Application;DRC_Rev2_0_Deliverables_Application_system;Deliverable_FSBL;Deliverable_FSBL_system;RemoteSystemsTempFiles
15:15:06 ERROR : Failed to openhw "C:/Xilinx/Projects/DRC_Rev2.0_Deliverables/Vitis2023.1/DRC_Rev2.0_SW/DRCPlatform/export/DRCPlatform/hw/DRC_Rev2_0_Deliverables.xsa"
Reason: C:/Xilinx/Projects/DRC_Rev2.0_Deliverables/Vitis2023.1/DRC_Rev2.0_SW/DRCPlatform/export/DRCPlatform/hw/DRC_Rev2_0_Deliverables.xsa is not available in the current workspace
use 'getprojects' command to see list of available projects in current workspace
15:15:06 ERROR : Failed to update application flags from BSP for 'DRC_Rev2_0_Deliverables_Application'. Reason: null
java.lang.NullPointerException: null
	at com.xilinx.sdx.sw.internal.SDxSwPlatform.<init>(SDxSwPlatform.java:305) ~[com.xilinx.sdx.sw_1.0.0.202305040745.jar:?]
	at com.xilinx.sdx.sw.internal.SDxSwPlatform.create(SDxSwPlatform.java:214) ~[com.xilinx.sdx.sw_1.0.0.202305040745.jar:?]
	at com.xilinx.sdx.sdk.core.util.SdkPlatformHelper.getSwPlatform(SdkPlatformHelper.java:64) ~[com.xilinx.sdx.sdk.core_1.0.0.202305040745.jar:?]
	at com.xilinx.sdx.sdk.core.build.SdkMakefileGenerationListener.getSwPlatform(SdkMakefileGenerationListener.java:160) ~[com.xilinx.sdx.sdk.core_1.0.0.202305040745.jar:?]
	at com.xilinx.sdx.sdk.core.build.SdkMakefileGenerationListener.syncAppFlags(SdkMakefileGenerationListener.java:78) [com.xilinx.sdx.sdk.core_1.0.0.202305040745.jar:?]
	at com.xilinx.sdx.sdk.core.build.SdkMakefileGenerationListener.preMakefileGeneration(SdkMakefileGenerationListener.java:48) [com.xilinx.sdx.sdk.core_1.0.0.202305040745.jar:?]
	at com.xilinx.sdk.managedbuilder.XilinxGnuMakefileGenerator.notifyPreMakefileGenerationListeners(XilinxGnuMakefileGenerator.java:91) [com.xilinx.sdk.managedbuilder_1.0.0.202305040745.jar:?]
	at com.xilinx.sdk.managedbuilder.XilinxGnuMakefileGenerator.generateMakefiles(XilinxGnuMakefileGenerator.java:40) [com.xilinx.sdk.managedbuilder_1.0.0.202305040745.jar:?]
	at org.eclipse.cdt.managedbuilder.internal.core.CommonBuilder.performMakefileGeneration(CommonBuilder.java:1008) [org.eclipse.cdt.managedbuilder.core_8.6.0.201802261533.jar:?]
	at org.eclipse.cdt.managedbuilder.internal.core.CommonBuilder.performPrebuildGeneration(CommonBuilder.java:873) [org.eclipse.cdt.managedbuilder.core_8.6.0.201802261533.jar:?]
	at org.eclipse.cdt.managedbuilder.internal.core.CommonBuilder.build(CommonBuilder.java:748) [org.eclipse.cdt.managedbuilder.core_8.6.0.201802261533.jar:?]
	at org.eclipse.cdt.managedbuilder.internal.core.CommonBuilder.build(CommonBuilder.java:510) [org.eclipse.cdt.managedbuilder.core_8.6.0.201802261533.jar:?]
	at org.eclipse.cdt.managedbuilder.internal.core.CommonBuilder.build(CommonBuilder.java:459) [org.eclipse.cdt.managedbuilder.core_8.6.0.201802261533.jar:?]
	at org.eclipse.core.internal.events.BuildManager$2.run(BuildManager.java:832) [org.eclipse.core.resources_3.13.700.v20200209-1624.jar:?]
	at org.eclipse.core.runtime.SafeRunner.run(SafeRunner.java:45) [org.eclipse.equinox.common_3.11.0.v20200206-0817.jar:?]
	at org.eclipse.core.internal.events.BuildManager.basicBuild(BuildManager.java:220) [org.eclipse.core.resources_3.13.700.v20200209-1624.jar:?]
	at org.eclipse.core.internal.events.BuildManager.basicBuild(BuildManager.java:263) [org.eclipse.core.resources_3.13.700.v20200209-1624.jar:?]
	at org.eclipse.core.internal.events.BuildManager$1.run(BuildManager.java:316) [org.eclipse.core.resources_3.13.700.v20200209-1624.jar:?]
	at org.eclipse.core.runtime.SafeRunner.run(SafeRunner.java:45) [org.eclipse.equinox.common_3.11.0.v20200206-0817.jar:?]
	at org.eclipse.core.internal.events.BuildManager.basicBuild(BuildManager.java:319) [org.eclipse.core.resources_3.13.700.v20200209-1624.jar:?]
	at org.eclipse.core.internal.events.BuildManager.basicBuildLoop(BuildManager.java:371) [org.eclipse.core.resources_3.13.700.v20200209-1624.jar:?]
	at org.eclipse.core.internal.events.BuildManager.build(BuildManager.java:392) [org.eclipse.core.resources_3.13.700.v20200209-1624.jar:?]
	at org.eclipse.core.internal.resources.Workspace.buildInternal(Workspace.java:515) [org.eclipse.core.resources_3.13.700.v20200209-1624.jar:?]
	at org.eclipse.core.internal.resources.Workspace.build(Workspace.java:412) [org.eclipse.core.resources_3.13.700.v20200209-1624.jar:?]
	at org.eclipse.ui.actions.BuildAction$1.runInWorkspace(BuildAction.java:291) [org.eclipse.ui.ide_3.17.0.v20200217-1511.jar:?]
	at org.eclipse.core.internal.resources.InternalWorkspaceJob.run(InternalWorkspaceJob.java:42) [org.eclipse.core.resources_3.13.700.v20200209-1624.jar:?]
	at org.eclipse.core.internal.jobs.Worker.run(Worker.java:63) [org.eclipse.core.jobs_3.10.700.v20200106-1020.jar:?]
15:36:11 INFO  : Checking for BSP changes to sync application flags for project 'DRC_Rev2_0_Deliverables_Application'...
15:36:11 INFO  : Result from executing command 'getProjects': DRCPlatform;DRC_Rev2_0_Deliverables_Application;DRC_Rev2_0_Deliverables_Application_system;Deliverable_FSBL;Deliverable_FSBL_system;RemoteSystemsTempFiles
15:36:11 ERROR : Failed to openhw "C:/Xilinx/Projects/DRC_Rev2.0_Deliverables/Vitis2023.1/DRC_Rev2.0_SW/DRCPlatform/export/DRCPlatform/hw/DRC_Rev2_0_Deliverables.xsa"
Reason: C:/Xilinx/Projects/DRC_Rev2.0_Deliverables/Vitis2023.1/DRC_Rev2.0_SW/DRCPlatform/export/DRCPlatform/hw/DRC_Rev2_0_Deliverables.xsa is not available in the current workspace
use 'getprojects' command to see list of available projects in current workspace
15:36:11 ERROR : Failed to update application flags from BSP for 'DRC_Rev2_0_Deliverables_Application'. Reason: null
java.lang.NullPointerException: null
	at com.xilinx.sdx.sw.internal.SDxSwPlatform.<init>(SDxSwPlatform.java:305) ~[com.xilinx.sdx.sw_1.0.0.202305040745.jar:?]
	at com.xilinx.sdx.sw.internal.SDxSwPlatform.create(SDxSwPlatform.java:214) ~[com.xilinx.sdx.sw_1.0.0.202305040745.jar:?]
	at com.xilinx.sdx.sdk.core.util.SdkPlatformHelper.getSwPlatform(SdkPlatformHelper.java:64) ~[com.xilinx.sdx.sdk.core_1.0.0.202305040745.jar:?]
	at com.xilinx.sdx.sdk.core.build.SdkMakefileGenerationListener.getSwPlatform(SdkMakefileGenerationListener.java:160) ~[com.xilinx.sdx.sdk.core_1.0.0.202305040745.jar:?]
	at com.xilinx.sdx.sdk.core.build.SdkMakefileGenerationListener.syncAppFlags(SdkMakefileGenerationListener.java:78) [com.xilinx.sdx.sdk.core_1.0.0.202305040745.jar:?]
	at com.xilinx.sdx.sdk.core.build.SdkMakefileGenerationListener.preMakefileGeneration(SdkMakefileGenerationListener.java:48) [com.xilinx.sdx.sdk.core_1.0.0.202305040745.jar:?]
	at com.xilinx.sdk.managedbuilder.XilinxGnuMakefileGenerator.notifyPreMakefileGenerationListeners(XilinxGnuMakefileGenerator.java:91) [com.xilinx.sdk.managedbuilder_1.0.0.202305040745.jar:?]
	at com.xilinx.sdk.managedbuilder.XilinxGnuMakefileGenerator.generateMakefiles(XilinxGnuMakefileGenerator.java:40) [com.xilinx.sdk.managedbuilder_1.0.0.202305040745.jar:?]
	at org.eclipse.cdt.managedbuilder.internal.core.CommonBuilder.performMakefileGeneration(CommonBuilder.java:1008) [org.eclipse.cdt.managedbuilder.core_8.6.0.201802261533.jar:?]
	at org.eclipse.cdt.managedbuilder.internal.core.CommonBuilder.performPrebuildGeneration(CommonBuilder.java:873) [org.eclipse.cdt.managedbuilder.core_8.6.0.201802261533.jar:?]
	at org.eclipse.cdt.managedbuilder.internal.core.CommonBuilder.build(CommonBuilder.java:748) [org.eclipse.cdt.managedbuilder.core_8.6.0.201802261533.jar:?]
	at org.eclipse.cdt.managedbuilder.internal.core.CommonBuilder.build(CommonBuilder.java:510) [org.eclipse.cdt.managedbuilder.core_8.6.0.201802261533.jar:?]
	at org.eclipse.cdt.managedbuilder.internal.core.CommonBuilder.build(CommonBuilder.java:459) [org.eclipse.cdt.managedbuilder.core_8.6.0.201802261533.jar:?]
	at org.eclipse.core.internal.events.BuildManager$2.run(BuildManager.java:832) [org.eclipse.core.resources_3.13.700.v20200209-1624.jar:?]
	at org.eclipse.core.runtime.SafeRunner.run(SafeRunner.java:45) [org.eclipse.equinox.common_3.11.0.v20200206-0817.jar:?]
	at org.eclipse.core.internal.events.BuildManager.basicBuild(BuildManager.java:220) [org.eclipse.core.resources_3.13.700.v20200209-1624.jar:?]
	at org.eclipse.core.internal.events.BuildManager.basicBuild(BuildManager.java:263) [org.eclipse.core.resources_3.13.700.v20200209-1624.jar:?]
	at org.eclipse.core.internal.events.BuildManager$1.run(BuildManager.java:316) [org.eclipse.core.resources_3.13.700.v20200209-1624.jar:?]
	at org.eclipse.core.runtime.SafeRunner.run(SafeRunner.java:45) [org.eclipse.equinox.common_3.11.0.v20200206-0817.jar:?]
	at org.eclipse.core.internal.events.BuildManager.basicBuild(BuildManager.java:319) [org.eclipse.core.resources_3.13.700.v20200209-1624.jar:?]
	at org.eclipse.core.internal.events.BuildManager.basicBuildLoop(BuildManager.java:371) [org.eclipse.core.resources_3.13.700.v20200209-1624.jar:?]
	at org.eclipse.core.internal.events.BuildManager.build(BuildManager.java:392) [org.eclipse.core.resources_3.13.700.v20200209-1624.jar:?]
	at org.eclipse.core.internal.resources.Workspace.buildInternal(Workspace.java:515) [org.eclipse.core.resources_3.13.700.v20200209-1624.jar:?]
	at org.eclipse.core.internal.resources.Workspace.build(Workspace.java:412) [org.eclipse.core.resources_3.13.700.v20200209-1624.jar:?]
	at org.eclipse.ui.actions.BuildAction$1.runInWorkspace(BuildAction.java:291) [org.eclipse.ui.ide_3.17.0.v20200217-1511.jar:?]
	at org.eclipse.core.internal.resources.InternalWorkspaceJob.run(InternalWorkspaceJob.java:42) [org.eclipse.core.resources_3.13.700.v20200209-1624.jar:?]
	at org.eclipse.core.internal.jobs.Worker.run(Worker.java:63) [org.eclipse.core.jobs_3.10.700.v20200106-1020.jar:?]
15:36:16 ERROR : Hardaware specification file used in the launch configuration 'SystemDebugger_DRC_Rev2_0_Deliverables_Application_system_1_Standalone' doesn't exist at the location 'C:/Xilinx/Projects/DRC_Rev2.0_Deliverables/Vitis2023.1/DRC_Rev2.0_SW/DRCPlatform/export/DRCPlatform/hw/DRC_Rev2_0_Deliverables.xsa'.
15:36:34 ERROR : Hardaware specification file used in the launch configuration 'SystemDebugger_DRC_Rev2_0_Deliverables_Application_system_2_Standalone' doesn't exist at the location 'C:/Xilinx/Projects/DRC_Rev2.0_Deliverables/Vitis2023.1/DRC_Rev2.0_SW/DRCPlatform/export/DRCPlatform/hw/DRC_Rev2_0_Deliverables.xsa'.
15:36:54 ERROR : Error from executing command 'removePlatformRepo': ERROR: No valid directory exists at given path.
15:39:21 INFO  : Result from executing command 'getProjects': DRCPlatform
15:39:21 INFO  : Result from executing command 'getPlatforms': DRCPlatform|C:/Xilinx/Projects/DRC_Rev2.0_Deliverables/Vitis2023.1/DRC_Rev2.0_SW/DRCPlatform/export/DRCPlatform/DRCPlatform.xpfm;xilinx_vck190_base_202310_1|C:/Xilinx/Vitis/2023.1/base_platforms/xilinx_vck190_base_202310_1/xilinx_vck190_base_202310_1.xpfm;xilinx_vck190_base_dfx_202310_1|C:/Xilinx/Vitis/2023.1/base_platforms/xilinx_vck190_base_dfx_202310_1/xilinx_vck190_base_dfx_202310_1.xpfm;xilinx_vek280_es1_base_202310_1|C:/Xilinx/Vitis/2023.1/base_platforms/xilinx_vek280_es1_base_202310_1/xilinx_vek280_es1_base_202310_1.xpfm;xilinx_vmk180_base_202310_1|C:/Xilinx/Vitis/2023.1/base_platforms/xilinx_vmk180_base_202310_1/xilinx_vmk180_base_202310_1.xpfm;xilinx_zcu102_base_202310_1|C:/Xilinx/Vitis/2023.1/base_platforms/xilinx_zcu102_base_202310_1/xilinx_zcu102_base_202310_1.xpfm;xilinx_zcu102_base_dfx_202310_1|C:/Xilinx/Vitis/2023.1/base_platforms/xilinx_zcu102_base_dfx_202310_1/xilinx_zcu102_base_dfx_202310_1.xpfm;xilinx_zcu104_base_202310_1|C:/Xilinx/Vitis/2023.1/base_platforms/xilinx_zcu104_base_202310_1/xilinx_zcu104_base_202310_1.xpfm
15:39:21 ERROR : Error from executing command 'addPlatformRepo': ERROR: No valid directory exists at given path.
15:39:21 INFO  : Checking for BSP changes to sync application flags for project 'DRC_Rev2_0_Deliverables_Application'...
15:39:21 INFO  : Result from executing command 'getProjects': DRCPlatform;DRC_Rev2_0_Deliverables_Application;DRC_Rev2_0_Deliverables_Application_system;Deliverable_FSBL;Deliverable_FSBL_system;RemoteSystemsTempFiles
15:39:21 ERROR : Failed to openhw "C:/Xilinx/Projects/DRC_Rev2.0_Deliverables/Vitis2023.1/DRC_Rev2.0_SW/DRCPlatform/export/DRCPlatform/hw/DRC_Rev2_0_Deliverables.xsa"
Reason: C:/Xilinx/Projects/DRC_Rev2.0_Deliverables/Vitis2023.1/DRC_Rev2.0_SW/DRCPlatform/export/DRCPlatform/hw/DRC_Rev2_0_Deliverables.xsa is not available in the current workspace
use 'getprojects' command to see list of available projects in current workspace
15:39:21 ERROR : Failed to update application flags from BSP for 'DRC_Rev2_0_Deliverables_Application'. Reason: null
java.lang.NullPointerException: null
	at com.xilinx.sdx.sw.internal.SDxSwPlatform.<init>(SDxSwPlatform.java:305) ~[com.xilinx.sdx.sw_1.0.0.202305040745.jar:?]
	at com.xilinx.sdx.sw.internal.SDxSwPlatform.create(SDxSwPlatform.java:214) ~[com.xilinx.sdx.sw_1.0.0.202305040745.jar:?]
	at com.xilinx.sdx.sdk.core.util.SdkPlatformHelper.getSwPlatform(SdkPlatformHelper.java:64) ~[com.xilinx.sdx.sdk.core_1.0.0.202305040745.jar:?]
	at com.xilinx.sdx.sdk.core.build.SdkMakefileGenerationListener.getSwPlatform(SdkMakefileGenerationListener.java:160) ~[com.xilinx.sdx.sdk.core_1.0.0.202305040745.jar:?]
	at com.xilinx.sdx.sdk.core.build.SdkMakefileGenerationListener.syncAppFlags(SdkMakefileGenerationListener.java:78) [com.xilinx.sdx.sdk.core_1.0.0.202305040745.jar:?]
	at com.xilinx.sdx.sdk.core.build.SdkMakefileGenerationListener.preMakefileGeneration(SdkMakefileGenerationListener.java:48) [com.xilinx.sdx.sdk.core_1.0.0.202305040745.jar:?]
	at com.xilinx.sdk.managedbuilder.XilinxGnuMakefileGenerator.notifyPreMakefileGenerationListeners(XilinxGnuMakefileGenerator.java:91) [com.xilinx.sdk.managedbuilder_1.0.0.202305040745.jar:?]
	at com.xilinx.sdk.managedbuilder.XilinxGnuMakefileGenerator.generateMakefiles(XilinxGnuMakefileGenerator.java:40) [com.xilinx.sdk.managedbuilder_1.0.0.202305040745.jar:?]
	at org.eclipse.cdt.managedbuilder.internal.core.CommonBuilder.performMakefileGeneration(CommonBuilder.java:1008) [org.eclipse.cdt.managedbuilder.core_8.6.0.201802261533.jar:?]
	at org.eclipse.cdt.managedbuilder.internal.core.CommonBuilder.performPrebuildGeneration(CommonBuilder.java:873) [org.eclipse.cdt.managedbuilder.core_8.6.0.201802261533.jar:?]
	at org.eclipse.cdt.managedbuilder.internal.core.CommonBuilder.build(CommonBuilder.java:748) [org.eclipse.cdt.managedbuilder.core_8.6.0.201802261533.jar:?]
	at org.eclipse.cdt.managedbuilder.internal.core.CommonBuilder.build(CommonBuilder.java:510) [org.eclipse.cdt.managedbuilder.core_8.6.0.201802261533.jar:?]
	at org.eclipse.cdt.managedbuilder.internal.core.CommonBuilder.build(CommonBuilder.java:459) [org.eclipse.cdt.managedbuilder.core_8.6.0.201802261533.jar:?]
	at org.eclipse.core.internal.events.BuildManager$2.run(BuildManager.java:832) [org.eclipse.core.resources_3.13.700.v20200209-1624.jar:?]
	at org.eclipse.core.runtime.SafeRunner.run(SafeRunner.java:45) [org.eclipse.equinox.common_3.11.0.v20200206-0817.jar:?]
	at org.eclipse.core.internal.events.BuildManager.basicBuild(BuildManager.java:220) [org.eclipse.core.resources_3.13.700.v20200209-1624.jar:?]
	at org.eclipse.core.internal.events.BuildManager.basicBuild(BuildManager.java:263) [org.eclipse.core.resources_3.13.700.v20200209-1624.jar:?]
	at org.eclipse.core.internal.events.BuildManager$1.run(BuildManager.java:316) [org.eclipse.core.resources_3.13.700.v20200209-1624.jar:?]
	at org.eclipse.core.runtime.SafeRunner.run(SafeRunner.java:45) [org.eclipse.equinox.common_3.11.0.v20200206-0817.jar:?]
	at org.eclipse.core.internal.events.BuildManager.basicBuild(BuildManager.java:319) [org.eclipse.core.resources_3.13.700.v20200209-1624.jar:?]
	at org.eclipse.core.internal.events.BuildManager.basicBuildLoop(BuildManager.java:371) [org.eclipse.core.resources_3.13.700.v20200209-1624.jar:?]
	at org.eclipse.core.internal.events.BuildManager.build(BuildManager.java:392) [org.eclipse.core.resources_3.13.700.v20200209-1624.jar:?]
	at org.eclipse.core.internal.resources.Workspace.buildInternal(Workspace.java:515) [org.eclipse.core.resources_3.13.700.v20200209-1624.jar:?]
	at org.eclipse.core.internal.resources.Workspace.build(Workspace.java:412) [org.eclipse.core.resources_3.13.700.v20200209-1624.jar:?]
	at org.eclipse.ui.actions.BuildAction$1.runInWorkspace(BuildAction.java:291) [org.eclipse.ui.ide_3.17.0.v20200217-1511.jar:?]
	at org.eclipse.core.internal.resources.InternalWorkspaceJob.run(InternalWorkspaceJob.java:42) [org.eclipse.core.resources_3.13.700.v20200209-1624.jar:?]
	at org.eclipse.core.internal.jobs.Worker.run(Worker.java:63) [org.eclipse.core.jobs_3.10.700.v20200106-1020.jar:?]
15:39:22 ERROR : Failed to compute checksum of hardware specification file used by project 'DRC_Rev2_0_Deliverables_Application'
15:39:22 INFO  : Result from executing command 'getProjects': DRCPlatform;DRC_Rev2_0_Deliverables_Application;DRC_Rev2_0_Deliverables_Application_system;Deliverable_FSBL;Deliverable_FSBL_system;RemoteSystemsTempFiles
15:39:22 ERROR : Failed to openhw "C:/Xilinx/Projects/DRC_Rev2.0_Deliverables/Vitis2023.1/DRC_Rev2.0_SW/DRCPlatform/export/DRCPlatform/hw/DRC_Rev2_0_Deliverables.xsa"
Reason: C:/Xilinx/Projects/DRC_Rev2.0_Deliverables/Vitis2023.1/DRC_Rev2.0_SW/DRCPlatform/export/DRCPlatform/hw/DRC_Rev2_0_Deliverables.xsa is not available in the current workspace
use 'getprojects' command to see list of available projects in current workspace
15:39:22 INFO  : Result from executing command 'getProjects': DRCPlatform;DRC_Rev2_0_Deliverables_Application;DRC_Rev2_0_Deliverables_Application_system;Deliverable_FSBL;Deliverable_FSBL_system;RemoteSystemsTempFiles
15:39:22 ERROR : Failed to openhw "C:/Xilinx/Projects/DRC_Rev2.0_Deliverables/Vitis2023.1/DRC_Rev2.0_SW/DRCPlatform/export/DRCPlatform/hw/DRC_Rev2_0_Deliverables.xsa"
Reason: C:/Xilinx/Projects/DRC_Rev2.0_Deliverables/Vitis2023.1/DRC_Rev2.0_SW/DRCPlatform/export/DRCPlatform/hw/DRC_Rev2_0_Deliverables.xsa is not available in the current workspace
use 'getprojects' command to see list of available projects in current workspace
15:39:22 INFO  : Result from executing command 'getProjects': DRCPlatform;DRC_Rev2_0_Deliverables_Application;DRC_Rev2_0_Deliverables_Application_system;Deliverable_FSBL;Deliverable_FSBL_system;RemoteSystemsTempFiles
15:39:22 ERROR : Failed to openhw "C:/Xilinx/Projects/DRC_Rev2.0_Deliverables/Vitis2023.1/DRC_Rev2.0_SW/DRCPlatform/export/DRCPlatform/hw/DRC_Rev2_0_Deliverables.xsa"
Reason: C:/Xilinx/Projects/DRC_Rev2.0_Deliverables/Vitis2023.1/DRC_Rev2.0_SW/DRCPlatform/export/DRCPlatform/hw/DRC_Rev2_0_Deliverables.xsa is not available in the current workspace
use 'getprojects' command to see list of available projects in current workspace
15:39:34 ERROR : Hardaware specification file used in the launch configuration 'SystemDebugger_DRC_Rev2_0_Deliverables_Application_system_3_Standalone' doesn't exist at the location 'C:/Xilinx/Projects/DRC_Rev2.0_Deliverables/Vitis2023.1/DRC_Rev2.0_SW/DRCPlatform/export/DRCPlatform/hw/DRC_Rev2_0_Deliverables.xsa'.
15:40:06 INFO  : Hardware specification for platform project 'DRCPlatform' is updated.
15:40:12 ERROR : Error from executing command 'removePlatformRepo': ERROR: No valid directory exists at given path.
15:40:41 ERROR : Error from executing command 'removePlatformRepo': ERROR: No valid directory exists at given path.
15:42:54 INFO  : Result from executing command 'getProjects': DRCPlatform
15:42:54 INFO  : Result from executing command 'getPlatforms': DRCPlatform|C:/Xilinx/Projects/DRC_Rev2.0_Deliverables/Vitis2023.1/DRC_Rev2.0_SW/DRCPlatform/export/DRCPlatform/DRCPlatform.xpfm;xilinx_vck190_base_202310_1|C:/Xilinx/Vitis/2023.1/base_platforms/xilinx_vck190_base_202310_1/xilinx_vck190_base_202310_1.xpfm;xilinx_vck190_base_dfx_202310_1|C:/Xilinx/Vitis/2023.1/base_platforms/xilinx_vck190_base_dfx_202310_1/xilinx_vck190_base_dfx_202310_1.xpfm;xilinx_vek280_es1_base_202310_1|C:/Xilinx/Vitis/2023.1/base_platforms/xilinx_vek280_es1_base_202310_1/xilinx_vek280_es1_base_202310_1.xpfm;xilinx_vmk180_base_202310_1|C:/Xilinx/Vitis/2023.1/base_platforms/xilinx_vmk180_base_202310_1/xilinx_vmk180_base_202310_1.xpfm;xilinx_zcu102_base_202310_1|C:/Xilinx/Vitis/2023.1/base_platforms/xilinx_zcu102_base_202310_1/xilinx_zcu102_base_202310_1.xpfm;xilinx_zcu102_base_dfx_202310_1|C:/Xilinx/Vitis/2023.1/base_platforms/xilinx_zcu102_base_dfx_202310_1/xilinx_zcu102_base_dfx_202310_1.xpfm;xilinx_zcu104_base_202310_1|C:/Xilinx/Vitis/2023.1/base_platforms/xilinx_zcu104_base_202310_1/xilinx_zcu104_base_202310_1.xpfm
15:42:54 ERROR : Error from executing command 'addPlatformRepo': ERROR: No valid directory exists at given path.
15:43:01 INFO  : Checking for BSP changes to sync application flags for project 'DRC_Rev2_0_Deliverables_Application'...
15:43:01 INFO  : Result from executing command 'getProjects': DRCPlatform;DRC_Rev2_0_Deliverables_Application;DRC_Rev2_0_Deliverables_Application_system;Deliverable_FSBL;Deliverable_FSBL_system;RemoteSystemsTempFiles
15:43:01 ERROR : Failed to openhw "C:/Xilinx/Projects/DRC_Rev2.0_Deliverables/Vitis2023.1/DRC_Rev2.0_SW/DRCPlatform/export/DRCPlatform/hw/DRC_Rev2_0_Deliverables.xsa"
Reason: C:/Xilinx/Projects/DRC_Rev2.0_Deliverables/Vitis2023.1/DRC_Rev2.0_SW/DRCPlatform/export/DRCPlatform/hw/DRC_Rev2_0_Deliverables.xsa is not available in the current workspace
use 'getprojects' command to see list of available projects in current workspace
15:43:01 ERROR : Failed to update application flags from BSP for 'DRC_Rev2_0_Deliverables_Application'. Reason: null
java.lang.NullPointerException: null
	at com.xilinx.sdx.sw.internal.SDxSwPlatform.<init>(SDxSwPlatform.java:305) ~[com.xilinx.sdx.sw_1.0.0.202305040745.jar:?]
	at com.xilinx.sdx.sw.internal.SDxSwPlatform.create(SDxSwPlatform.java:214) ~[com.xilinx.sdx.sw_1.0.0.202305040745.jar:?]
	at com.xilinx.sdx.sdk.core.util.SdkPlatformHelper.getSwPlatform(SdkPlatformHelper.java:64) ~[com.xilinx.sdx.sdk.core_1.0.0.202305040745.jar:?]
	at com.xilinx.sdx.sdk.core.build.SdkMakefileGenerationListener.getSwPlatform(SdkMakefileGenerationListener.java:160) ~[com.xilinx.sdx.sdk.core_1.0.0.202305040745.jar:?]
	at com.xilinx.sdx.sdk.core.build.SdkMakefileGenerationListener.syncAppFlags(SdkMakefileGenerationListener.java:78) [com.xilinx.sdx.sdk.core_1.0.0.202305040745.jar:?]
	at com.xilinx.sdx.sdk.core.build.SdkMakefileGenerationListener.preMakefileGeneration(SdkMakefileGenerationListener.java:48) [com.xilinx.sdx.sdk.core_1.0.0.202305040745.jar:?]
	at com.xilinx.sdk.managedbuilder.XilinxGnuMakefileGenerator.notifyPreMakefileGenerationListeners(XilinxGnuMakefileGenerator.java:91) [com.xilinx.sdk.managedbuilder_1.0.0.202305040745.jar:?]
	at com.xilinx.sdk.managedbuilder.XilinxGnuMakefileGenerator.regenerateMakefiles(XilinxGnuMakefileGenerator.java:75) [com.xilinx.sdk.managedbuilder_1.0.0.202305040745.jar:?]
	at org.eclipse.cdt.managedbuilder.internal.core.CommonBuilder.performMakefileGeneration(CommonBuilder.java:1006) [org.eclipse.cdt.managedbuilder.core_8.6.0.201802261533.jar:?]
	at org.eclipse.cdt.managedbuilder.internal.core.CommonBuilder.performPrebuildGeneration(CommonBuilder.java:873) [org.eclipse.cdt.managedbuilder.core_8.6.0.201802261533.jar:?]
	at org.eclipse.cdt.managedbuilder.internal.core.CommonBuilder.build(CommonBuilder.java:748) [org.eclipse.cdt.managedbuilder.core_8.6.0.201802261533.jar:?]
	at org.eclipse.cdt.managedbuilder.internal.core.CommonBuilder.build(CommonBuilder.java:513) [org.eclipse.cdt.managedbuilder.core_8.6.0.201802261533.jar:?]
	at org.eclipse.cdt.managedbuilder.internal.core.CommonBuilder.build(CommonBuilder.java:459) [org.eclipse.cdt.managedbuilder.core_8.6.0.201802261533.jar:?]
	at org.eclipse.core.internal.events.BuildManager$2.run(BuildManager.java:832) [org.eclipse.core.resources_3.13.700.v20200209-1624.jar:?]
	at org.eclipse.core.runtime.SafeRunner.run(SafeRunner.java:45) [org.eclipse.equinox.common_3.11.0.v20200206-0817.jar:?]
	at org.eclipse.core.internal.events.BuildManager.basicBuild(BuildManager.java:220) [org.eclipse.core.resources_3.13.700.v20200209-1624.jar:?]
	at org.eclipse.core.internal.events.BuildManager.basicBuild(BuildManager.java:263) [org.eclipse.core.resources_3.13.700.v20200209-1624.jar:?]
	at org.eclipse.core.internal.events.BuildManager$1.run(BuildManager.java:316) [org.eclipse.core.resources_3.13.700.v20200209-1624.jar:?]
	at org.eclipse.core.runtime.SafeRunner.run(SafeRunner.java:45) [org.eclipse.equinox.common_3.11.0.v20200206-0817.jar:?]
	at org.eclipse.core.internal.events.BuildManager.basicBuild(BuildManager.java:319) [org.eclipse.core.resources_3.13.700.v20200209-1624.jar:?]
	at org.eclipse.core.internal.events.BuildManager.basicBuildLoop(BuildManager.java:371) [org.eclipse.core.resources_3.13.700.v20200209-1624.jar:?]
	at org.eclipse.core.internal.events.BuildManager.build(BuildManager.java:392) [org.eclipse.core.resources_3.13.700.v20200209-1624.jar:?]
	at org.eclipse.core.internal.resources.Workspace.buildInternal(Workspace.java:515) [org.eclipse.core.resources_3.13.700.v20200209-1624.jar:?]
	at org.eclipse.core.internal.resources.Workspace.build(Workspace.java:412) [org.eclipse.core.resources_3.13.700.v20200209-1624.jar:?]
	at org.eclipse.ui.actions.BuildAction$1.runInWorkspace(BuildAction.java:291) [org.eclipse.ui.ide_3.17.0.v20200217-1511.jar:?]
	at org.eclipse.core.internal.resources.InternalWorkspaceJob.run(InternalWorkspaceJob.java:42) [org.eclipse.core.resources_3.13.700.v20200209-1624.jar:?]
	at org.eclipse.core.internal.jobs.Worker.run(Worker.java:63) [org.eclipse.core.jobs_3.10.700.v20200106-1020.jar:?]
15:43:10 ERROR : Failed to compute checksum of hardware specification file used by project 'DRC_Rev2_0_Deliverables_Application'
15:43:10 INFO  : Result from executing command 'getProjects': DRCPlatform;DRC_Rev2_0_Deliverables_Application;DRC_Rev2_0_Deliverables_Application_system;Deliverable_FSBL;Deliverable_FSBL_system;RemoteSystemsTempFiles
15:43:10 ERROR : Failed to openhw "C:/Xilinx/Projects/DRC_Rev2.0_Deliverables/Vitis2023.1/DRC_Rev2.0_SW/DRCPlatform/export/DRCPlatform/hw/DRC_Rev2_0_Deliverables.xsa"
Reason: C:/Xilinx/Projects/DRC_Rev2.0_Deliverables/Vitis2023.1/DRC_Rev2.0_SW/DRCPlatform/export/DRCPlatform/hw/DRC_Rev2_0_Deliverables.xsa is not available in the current workspace
use 'getprojects' command to see list of available projects in current workspace
15:43:10 INFO  : Result from executing command 'getProjects': DRCPlatform;DRC_Rev2_0_Deliverables_Application;DRC_Rev2_0_Deliverables_Application_system;Deliverable_FSBL;Deliverable_FSBL_system;RemoteSystemsTempFiles
15:43:10 ERROR : Failed to openhw "C:/Xilinx/Projects/DRC_Rev2.0_Deliverables/Vitis2023.1/DRC_Rev2.0_SW/DRCPlatform/export/DRCPlatform/hw/DRC_Rev2_0_Deliverables.xsa"
Reason: C:/Xilinx/Projects/DRC_Rev2.0_Deliverables/Vitis2023.1/DRC_Rev2.0_SW/DRCPlatform/export/DRCPlatform/hw/DRC_Rev2_0_Deliverables.xsa is not available in the current workspace
use 'getprojects' command to see list of available projects in current workspace
15:43:10 INFO  : Result from executing command 'getProjects': DRCPlatform;DRC_Rev2_0_Deliverables_Application;DRC_Rev2_0_Deliverables_Application_system;Deliverable_FSBL;Deliverable_FSBL_system;RemoteSystemsTempFiles
15:43:10 ERROR : Failed to openhw "C:/Xilinx/Projects/DRC_Rev2.0_Deliverables/Vitis2023.1/DRC_Rev2.0_SW/DRCPlatform/export/DRCPlatform/hw/DRC_Rev2_0_Deliverables.xsa"
Reason: C:/Xilinx/Projects/DRC_Rev2.0_Deliverables/Vitis2023.1/DRC_Rev2.0_SW/DRCPlatform/export/DRCPlatform/hw/DRC_Rev2_0_Deliverables.xsa is not available in the current workspace
use 'getprojects' command to see list of available projects in current workspace
15:43:23 INFO  : Checking for BSP changes to sync application flags for project 'DRC_Rev2_0_Deliverables_Application'...
15:43:23 INFO  : Result from executing command 'getProjects': DRCPlatform;DRC_Rev2_0_Deliverables_Application;DRC_Rev2_0_Deliverables_Application_system;Deliverable_FSBL;Deliverable_FSBL_system;RemoteSystemsTempFiles
15:43:23 ERROR : Failed to openhw "C:/Xilinx/Projects/DRC_Rev2.0_Deliverables/Vitis2023.1/DRC_Rev2.0_SW/DRCPlatform/export/DRCPlatform/hw/DRC_Rev2_0_Deliverables.xsa"
Reason: C:/Xilinx/Projects/DRC_Rev2.0_Deliverables/Vitis2023.1/DRC_Rev2.0_SW/DRCPlatform/export/DRCPlatform/hw/DRC_Rev2_0_Deliverables.xsa is not available in the current workspace
use 'getprojects' command to see list of available projects in current workspace
15:43:23 ERROR : Failed to update application flags from BSP for 'DRC_Rev2_0_Deliverables_Application'. Reason: null
java.lang.NullPointerException: null
	at com.xilinx.sdx.sw.internal.SDxSwPlatform.<init>(SDxSwPlatform.java:305) ~[com.xilinx.sdx.sw_1.0.0.202305040745.jar:?]
	at com.xilinx.sdx.sw.internal.SDxSwPlatform.create(SDxSwPlatform.java:214) ~[com.xilinx.sdx.sw_1.0.0.202305040745.jar:?]
	at com.xilinx.sdx.sdk.core.util.SdkPlatformHelper.getSwPlatform(SdkPlatformHelper.java:64) ~[com.xilinx.sdx.sdk.core_1.0.0.202305040745.jar:?]
	at com.xilinx.sdx.sdk.core.build.SdkMakefileGenerationListener.getSwPlatform(SdkMakefileGenerationListener.java:160) ~[com.xilinx.sdx.sdk.core_1.0.0.202305040745.jar:?]
	at com.xilinx.sdx.sdk.core.build.SdkMakefileGenerationListener.syncAppFlags(SdkMakefileGenerationListener.java:78) [com.xilinx.sdx.sdk.core_1.0.0.202305040745.jar:?]
	at com.xilinx.sdx.sdk.core.build.SdkMakefileGenerationListener.preMakefileGeneration(SdkMakefileGenerationListener.java:48) [com.xilinx.sdx.sdk.core_1.0.0.202305040745.jar:?]
	at com.xilinx.sdk.managedbuilder.XilinxGnuMakefileGenerator.notifyPreMakefileGenerationListeners(XilinxGnuMakefileGenerator.java:91) [com.xilinx.sdk.managedbuilder_1.0.0.202305040745.jar:?]
	at com.xilinx.sdk.managedbuilder.XilinxGnuMakefileGenerator.generateMakefiles(XilinxGnuMakefileGenerator.java:40) [com.xilinx.sdk.managedbuilder_1.0.0.202305040745.jar:?]
	at org.eclipse.cdt.managedbuilder.internal.core.CommonBuilder.performMakefileGeneration(CommonBuilder.java:1008) [org.eclipse.cdt.managedbuilder.core_8.6.0.201802261533.jar:?]
	at org.eclipse.cdt.managedbuilder.internal.core.CommonBuilder.performPrebuildGeneration(CommonBuilder.java:873) [org.eclipse.cdt.managedbuilder.core_8.6.0.201802261533.jar:?]
	at org.eclipse.cdt.managedbuilder.internal.core.CommonBuilder.build(CommonBuilder.java:748) [org.eclipse.cdt.managedbuilder.core_8.6.0.201802261533.jar:?]
	at org.eclipse.cdt.managedbuilder.internal.core.CommonBuilder.build(CommonBuilder.java:510) [org.eclipse.cdt.managedbuilder.core_8.6.0.201802261533.jar:?]
	at org.eclipse.cdt.managedbuilder.internal.core.CommonBuilder.build(CommonBuilder.java:459) [org.eclipse.cdt.managedbuilder.core_8.6.0.201802261533.jar:?]
	at org.eclipse.core.internal.events.BuildManager$2.run(BuildManager.java:832) [org.eclipse.core.resources_3.13.700.v20200209-1624.jar:?]
	at org.eclipse.core.runtime.SafeRunner.run(SafeRunner.java:45) [org.eclipse.equinox.common_3.11.0.v20200206-0817.jar:?]
	at org.eclipse.core.internal.events.BuildManager.basicBuild(BuildManager.java:220) [org.eclipse.core.resources_3.13.700.v20200209-1624.jar:?]
	at org.eclipse.core.internal.events.BuildManager.basicBuild(BuildManager.java:263) [org.eclipse.core.resources_3.13.700.v20200209-1624.jar:?]
	at org.eclipse.core.internal.events.BuildManager$1.run(BuildManager.java:316) [org.eclipse.core.resources_3.13.700.v20200209-1624.jar:?]
	at org.eclipse.core.runtime.SafeRunner.run(SafeRunner.java:45) [org.eclipse.equinox.common_3.11.0.v20200206-0817.jar:?]
	at org.eclipse.core.internal.events.BuildManager.basicBuild(BuildManager.java:319) [org.eclipse.core.resources_3.13.700.v20200209-1624.jar:?]
	at org.eclipse.core.internal.events.BuildManager.basicBuildLoop(BuildManager.java:371) [org.eclipse.core.resources_3.13.700.v20200209-1624.jar:?]
	at org.eclipse.core.internal.events.BuildManager.build(BuildManager.java:392) [org.eclipse.core.resources_3.13.700.v20200209-1624.jar:?]
	at org.eclipse.core.internal.resources.Workspace.buildInternal(Workspace.java:515) [org.eclipse.core.resources_3.13.700.v20200209-1624.jar:?]
	at org.eclipse.core.internal.resources.Workspace.build(Workspace.java:412) [org.eclipse.core.resources_3.13.700.v20200209-1624.jar:?]
	at org.eclipse.ui.actions.BuildAction$1.runInWorkspace(BuildAction.java:291) [org.eclipse.ui.ide_3.17.0.v20200217-1511.jar:?]
	at org.eclipse.core.internal.resources.InternalWorkspaceJob.run(InternalWorkspaceJob.java:42) [org.eclipse.core.resources_3.13.700.v20200209-1624.jar:?]
	at org.eclipse.core.internal.jobs.Worker.run(Worker.java:63) [org.eclipse.core.jobs_3.10.700.v20200106-1020.jar:?]
15:43:26 ERROR : Hardaware specification file used in the launch configuration 'SystemDebugger_DRC_Rev2_0_Deliverables_Application_system_4_Standalone' doesn't exist at the location 'C:/Xilinx/Projects/DRC_Rev2.0_Deliverables/Vitis2023.1/DRC_Rev2.0_SW/DRCPlatform/export/DRCPlatform/hw/DRC_Rev2_0_Deliverables.xsa'.
15:43:50 DEBUG : Logs will be stored at 'C:/Xilinx/Projects/DRC_Rev2.0_Deliverables/DRC_Rev2.0_SW/IDE.log'.
15:43:50 INFO  : Launching XSCT server: xsct.bat -n  -interactive C:\Xilinx\Projects\DRC_Rev2.0_Deliverables\DRC_Rev2.0_SW\temp_xsdb_launch_script.tcl
15:43:52 INFO  : XSCT server has started successfully.
15:43:52 INFO  : Successfully done setting XSCT server connection channel  
15:43:52 INFO  : plnx-install-location is set to ''
15:43:52 INFO  : Successfully done setting workspace for the tool. 
15:43:55 INFO  : Successfully done query RDI_DATADIR 
15:43:55 INFO  : Registering command handlers for Vitis TCF services
15:43:56 INFO  : Platform repository initialization has completed.
15:44:03 INFO  : The hardware specification used by project 'DRC_Rev2_0_Deliverables_Application' is out of sync with the platform. Resource files extracted from the hardware specification will be updated.
15:44:03 INFO  : The file 'C:\Xilinx\Projects\DRC_Rev2.0_Deliverables\Vitis2023.1\DRC_Rev2.0_SW\DRC_Rev2_0_Deliverables_Application\_ide\bitstream\DRC_Rev2_0_Deliverables.bit' stored in project is removed.
15:44:03 INFO  : The updated bitstream files are copied from platform to folder 'C:\Xilinx\Projects\DRC_Rev2.0_Deliverables\Vitis2023.1\DRC_Rev2.0_SW\DRC_Rev2_0_Deliverables_Application\_ide\bitstream' in project 'DRC_Rev2_0_Deliverables_Application'.
15:44:03 INFO  : The file 'C:\Xilinx\Projects\DRC_Rev2.0_Deliverables\Vitis2023.1\DRC_Rev2.0_SW\DRC_Rev2_0_Deliverables_Application\_ide\psinit\psu_init.tcl' stored in project is removed.
15:44:03 INFO  : The updated ps init files are copied from platform to folder 'C:\Xilinx\Projects\DRC_Rev2.0_Deliverables\Vitis2023.1\DRC_Rev2.0_SW\DRC_Rev2_0_Deliverables_Application\_ide\psinit' in project 'DRC_Rev2_0_Deliverables_Application'.
15:44:07 INFO  : Connected to target on host '127.0.0.1' and port '3121'.
15:44:16 INFO  : ----------------XSDB Script----------------
connect -url tcp:127.0.0.1:3121
----------------End of Script----------------

15:44:16 ERROR : Could not find ARM device on the board for connection 'Local'.
Check if the target is in:
1. Split JTAG - No operations are possible with ARM DAP.
2. Non JTAG bootmode - Bootrom may need time to enable DAP.
Please try again.


Troubleshooting hints:
1. Check whether board is connected to system properly.
2. In case of zynq board, check whether Digilent/Xilinx cable switch settings are correct.
3. If you are using Xilinx Platform Cable USB, ensure that status LED is green.
15:45:59 INFO  : Checking for BSP changes to sync application flags for project 'DRC_Rev2_0_Deliverables_Application'...
15:45:59 INFO  : Updating application flags with new BSP settings...
15:45:59 INFO  : Successfully updated application flags for project DRC_Rev2_0_Deliverables_Application.
15:46:09 ERROR : (XSDB Server)ERROR: [Hsi 55-1571] The design file C:/Xilinx/Projects/DRC_Rev2.0_Deliverables/Vitis2023.1/DRC_Rev2.0_SW/DRCPlatform/export/DRCPlatform/hw/DRC_Rev_2_0_QualTest_wrapper.xsa is already opened

15:46:52 INFO  : Checking for BSP changes to sync application flags for project 'DRC_Rev2_0_Deliverables_Application'...
15:46:55 ERROR : (XSDB Server)ERROR: [Hsi 55-1571] The design file C:/Xilinx/Projects/DRC_Rev2.0_Deliverables/Vitis2023.1/DRC_Rev2.0_SW/DRCPlatform/export/DRCPlatform/hw/DRC_Rev_2_0_QualTest_wrapper.xsa is already opened

15:47:19 INFO  : Hardware specification for platform project 'DRCPlatform' is updated.
15:48:00 INFO  : Result from executing command 'getProjects': DRCPlatform
15:48:00 INFO  : Result from executing command 'getPlatforms': DRCPlatform|C:/Xilinx/Projects/DRC_Rev2.0_Deliverables/Vitis2023.1/DRC_Rev2.0_SW/DRCPlatform/export/DRCPlatform/DRCPlatform.xpfm;xilinx_vck190_base_202310_1|C:/Xilinx/Vitis/2023.1/base_platforms/xilinx_vck190_base_202310_1/xilinx_vck190_base_202310_1.xpfm;xilinx_vck190_base_dfx_202310_1|C:/Xilinx/Vitis/2023.1/base_platforms/xilinx_vck190_base_dfx_202310_1/xilinx_vck190_base_dfx_202310_1.xpfm;xilinx_vek280_es1_base_202310_1|C:/Xilinx/Vitis/2023.1/base_platforms/xilinx_vek280_es1_base_202310_1/xilinx_vek280_es1_base_202310_1.xpfm;xilinx_vmk180_base_202310_1|C:/Xilinx/Vitis/2023.1/base_platforms/xilinx_vmk180_base_202310_1/xilinx_vmk180_base_202310_1.xpfm;xilinx_zcu102_base_202310_1|C:/Xilinx/Vitis/2023.1/base_platforms/xilinx_zcu102_base_202310_1/xilinx_zcu102_base_202310_1.xpfm;xilinx_zcu102_base_dfx_202310_1|C:/Xilinx/Vitis/2023.1/base_platforms/xilinx_zcu102_base_dfx_202310_1/xilinx_zcu102_base_dfx_202310_1.xpfm;xilinx_zcu104_base_202310_1|C:/Xilinx/Vitis/2023.1/base_platforms/xilinx_zcu104_base_202310_1/xilinx_zcu104_base_202310_1.xpfm
15:48:00 ERROR : Error from executing command 'addPlatformRepo': ERROR: No valid directory exists at given path.
15:49:15 INFO  : Checking for BSP changes to sync application flags for project 'DRC_Rev2_0_Deliverables_Application'...
15:49:36 INFO  : Connected to target on host '127.0.0.1' and port '3121'.
15:49:45 INFO  : ----------------XSDB Script----------------
connect -url tcp:127.0.0.1:3121
----------------End of Script----------------

15:49:45 ERROR : Could not find ARM device on the board for connection 'Local'.
Check if the target is in:
1. Split JTAG - No operations are possible with ARM DAP.
2. Non JTAG bootmode - Bootrom may need time to enable DAP.
Please try again.


Troubleshooting hints:
1. Check whether board is connected to system properly.
2. In case of zynq board, check whether Digilent/Xilinx cable switch settings are correct.
3. If you are using Xilinx Platform Cable USB, ensure that status LED is green.
15:50:25 INFO  : Connected to target on host '127.0.0.1' and port '3121'.
15:50:25 INFO  : Jtag cable 'Digilent JTAG-HS3 210299BBCD36' is selected.
15:50:25 INFO  : 'jtag frequency' command is executed.
15:50:25 INFO  : Sourcing of 'C:/Xilinx/Vitis/2023.1/scripts/vitis/util/zynqmp_utils.tcl' is done.
15:50:25 INFO  : Context for 'APU' is selected.
15:50:25 INFO  : System reset is completed.
15:50:28 INFO  : 'after 3000' command is executed.
15:50:28 INFO  : 'targets -set -filter {jtag_cable_name =~ "Digilent JTAG-HS3 210299BBCD36" && level==0 && jtag_device_ctx=="jsn-JTAG-HS3-210299BBCD36-14710093-0"}' command is executed.
15:50:32 INFO  : Device configured successfully with "C:/Xilinx/Projects/DRC_Rev2.0_Deliverables/Vitis2023.1/DRC_Rev2.0_SW/DRC_Rev2_0_Deliverables_Application/_ide/bitstream/DRC_Rev_2_0_QualTest_wrapper.bit"
15:50:32 INFO  : Context for 'APU' is selected.
15:50:33 INFO  : Hardware design and registers information is loaded from 'C:/Xilinx/Projects/DRC_Rev2.0_Deliverables/Vitis2023.1/DRC_Rev2.0_SW/DRCPlatform/export/DRCPlatform/hw/DRC_Rev_2_0_QualTest_wrapper.xsa'.
15:50:33 INFO  : 'configparams force-mem-access 1' command is executed.
15:50:33 INFO  : Context for 'APU' is selected.
15:50:33 INFO  : Boot mode is read from the target.
15:50:33 INFO  : Context for processor 'psu_cortexa53_0' is selected.
15:50:33 INFO  : Processor reset is completed for 'psu_cortexa53_0'.
15:50:33 INFO  : The application 'C:/Xilinx/Projects/DRC_Rev2.0_Deliverables/Vitis2023.1/DRC_Rev2.0_SW/DRCPlatform/export/DRCPlatform/sw/DRCPlatform/boot/fsbl.elf' is downloaded to processor 'psu_cortexa53_0'.
15:50:33 INFO  : 'set bp_50_33_fsbl_bp [bpadd -addr &XFsbl_Exit]' command is executed.
15:50:34 INFO  : 'con -block -timeout 60' command is executed.
15:50:34 INFO  : 'bpremove $bp_50_33_fsbl_bp' command is executed.
15:50:34 INFO  : Context for processor 'psu_cortexa53_0' is selected.
15:50:34 INFO  : Processor reset is completed for 'psu_cortexa53_0'.
15:50:35 INFO  : The application 'C:/Xilinx/Projects/DRC_Rev2.0_Deliverables/Vitis2023.1/DRC_Rev2.0_SW/DRC_Rev2_0_Deliverables_Application/Debug/DRC_Rev2_0_Deliverables_Application.elf' is downloaded to processor 'psu_cortexa53_0'.
15:50:35 INFO  : 'configparams force-mem-access 0' command is executed.
15:50:35 INFO  : ----------------XSDB Script----------------
connect -url tcp:127.0.0.1:3121
source C:/Xilinx/Vitis/2023.1/scripts/vitis/util/zynqmp_utils.tcl
targets -set -nocase -filter {name =~"APU*"}
rst -system
after 3000
targets -set -filter {jtag_cable_name =~ "Digilent JTAG-HS3 210299BBCD36" && level==0 && jtag_device_ctx=="jsn-JTAG-HS3-210299BBCD36-14710093-0"}
fpga -file C:/Xilinx/Projects/DRC_Rev2.0_Deliverables/Vitis2023.1/DRC_Rev2.0_SW/DRC_Rev2_0_Deliverables_Application/_ide/bitstream/DRC_Rev_2_0_QualTest_wrapper.bit
targets -set -nocase -filter {name =~"APU*"}
loadhw -hw C:/Xilinx/Projects/DRC_Rev2.0_Deliverables/Vitis2023.1/DRC_Rev2.0_SW/DRCPlatform/export/DRCPlatform/hw/DRC_Rev_2_0_QualTest_wrapper.xsa -mem-ranges [list {0x80000000 0xbfffffff} {0x400000000 0x5ffffffff} {0x1000000000 0x7fffffffff}] -regs
configparams force-mem-access 1
targets -set -nocase -filter {name =~"APU*"}
set mode [expr [mrd -value 0xFF5E0200] & 0xf]
targets -set -nocase -filter {name =~ "*A53*#0"}
rst -processor
dow C:/Xilinx/Projects/DRC_Rev2.0_Deliverables/Vitis2023.1/DRC_Rev2.0_SW/DRCPlatform/export/DRCPlatform/sw/DRCPlatform/boot/fsbl.elf
set bp_50_33_fsbl_bp [bpadd -addr &XFsbl_Exit]
con -block -timeout 60
bpremove $bp_50_33_fsbl_bp
targets -set -nocase -filter {name =~ "*A53*#0"}
rst -processor
dow C:/Xilinx/Projects/DRC_Rev2.0_Deliverables/Vitis2023.1/DRC_Rev2.0_SW/DRC_Rev2_0_Deliverables_Application/Debug/DRC_Rev2_0_Deliverables_Application.elf
configparams force-mem-access 0
----------------End of Script----------------

15:50:35 INFO  : Context for processor 'psu_cortexa53_0' is selected.
15:50:35 INFO  : 'con' command is executed.
15:50:35 INFO  : ----------------XSDB Script (After Launch)----------------
targets -set -nocase -filter {name =~ "*A53*#0"}
con
----------------End of Script----------------

15:50:35 INFO  : Launch script is exported to file 'C:\Xilinx\Projects\DRC_Rev2.0_Deliverables\DRC_Rev2.0_SW\DRC_Rev2_0_Deliverables_Application_system\_ide\scripts\systemdebugger_drc_rev2_0_deliverables_application_system_7_standalone.tcl'
15:51:58 INFO  : Checking for BSP changes to sync application flags for project 'DRC_Rev2_0_Deliverables_Application'...
15:52:03 INFO  : Disconnected from the channel tcfchan#1.
15:52:04 INFO  : Connected to target on host '127.0.0.1' and port '3121'.
15:52:04 INFO  : Jtag cable 'Digilent JTAG-HS3 210299BBCD36' is selected.
15:52:04 INFO  : 'jtag frequency' command is executed.
15:52:04 INFO  : Sourcing of 'C:/Xilinx/Vitis/2023.1/scripts/vitis/util/zynqmp_utils.tcl' is done.
15:52:04 INFO  : Context for 'APU' is selected.
15:52:04 INFO  : System reset is completed.
15:52:07 INFO  : 'after 3000' command is executed.
15:52:07 INFO  : 'targets -set -filter {jtag_cable_name =~ "Digilent JTAG-HS3 210299BBCD36" && level==0 && jtag_device_ctx=="jsn-JTAG-HS3-210299BBCD36-14710093-0"}' command is executed.
15:52:10 INFO  : Device configured successfully with "C:/Xilinx/Projects/DRC_Rev2.0_Deliverables/Vitis2023.1/DRC_Rev2.0_SW/DRC_Rev2_0_Deliverables_Application/_ide/bitstream/DRC_Rev_2_0_QualTest_wrapper.bit"
15:52:11 INFO  : Context for 'APU' is selected.
15:52:17 INFO  : Hardware design and registers information is loaded from 'C:/Xilinx/Projects/DRC_Rev2.0_Deliverables/Vitis2023.1/DRC_Rev2.0_SW/DRCPlatform/export/DRCPlatform/hw/DRC_Rev_2_0_QualTest_wrapper.xsa'.
15:52:17 INFO  : 'configparams force-mem-access 1' command is executed.
15:52:17 INFO  : Context for 'APU' is selected.
15:52:17 INFO  : Boot mode is read from the target.
15:52:17 INFO  : Context for processor 'psu_cortexa53_0' is selected.
15:52:17 ERROR : No such stream: VS16
15:52:17 INFO  : ----------------XSDB Script----------------
connect -url tcp:127.0.0.1:3121
source C:/Xilinx/Vitis/2023.1/scripts/vitis/util/zynqmp_utils.tcl
targets -set -nocase -filter {name =~"APU*"}
rst -system
after 3000
targets -set -filter {jtag_cable_name =~ "Digilent JTAG-HS3 210299BBCD36" && level==0 && jtag_device_ctx=="jsn-JTAG-HS3-210299BBCD36-14710093-0"}
fpga -file C:/Xilinx/Projects/DRC_Rev2.0_Deliverables/Vitis2023.1/DRC_Rev2.0_SW/DRC_Rev2_0_Deliverables_Application/_ide/bitstream/DRC_Rev_2_0_QualTest_wrapper.bit
targets -set -nocase -filter {name =~"APU*"}
loadhw -hw C:/Xilinx/Projects/DRC_Rev2.0_Deliverables/Vitis2023.1/DRC_Rev2.0_SW/DRCPlatform/export/DRCPlatform/hw/DRC_Rev_2_0_QualTest_wrapper.xsa -mem-ranges [list {0x80000000 0xbfffffff} {0x400000000 0x5ffffffff} {0x1000000000 0x7fffffffff}] -regs
configparams force-mem-access 1
targets -set -nocase -filter {name =~"APU*"}
set mode [expr [mrd -value 0xFF5E0200] & 0xf]
targets -set -nocase -filter {name =~ "*A53*#0"}
rst -processor
----------------End of Script----------------

15:52:17 ERROR : No such stream: VS16
15:52:23 ERROR : (XSDB Server)No such stream: VS16

15:52:32 INFO  : Connected to target on host '127.0.0.1' and port '3121'.
15:52:32 INFO  : Jtag cable 'Digilent JTAG-HS3 210299BBCD36' is selected.
15:52:32 INFO  : 'jtag frequency' command is executed.
15:52:32 INFO  : Sourcing of 'C:/Xilinx/Vitis/2023.1/scripts/vitis/util/zynqmp_utils.tcl' is done.
15:52:33 INFO  : Context for 'APU' is selected.
15:52:33 INFO  : System reset is completed.
15:52:36 INFO  : 'after 3000' command is executed.
15:52:36 INFO  : 'targets -set -filter {jtag_cable_name =~ "Digilent JTAG-HS3 210299BBCD36" && level==0 && jtag_device_ctx=="jsn-JTAG-HS3-210299BBCD36-14710093-0"}' command is executed.
15:52:39 INFO  : Device configured successfully with "C:/Xilinx/Projects/DRC_Rev2.0_Deliverables/Vitis2023.1/DRC_Rev2.0_SW/DRC_Rev2_0_Deliverables_Application/_ide/bitstream/DRC_Rev_2_0_QualTest_wrapper.bit"
15:52:39 INFO  : Context for 'APU' is selected.
15:52:39 INFO  : Hardware design and registers information is loaded from 'C:/Xilinx/Projects/DRC_Rev2.0_Deliverables/Vitis2023.1/DRC_Rev2.0_SW/DRCPlatform/export/DRCPlatform/hw/DRC_Rev_2_0_QualTest_wrapper.xsa'.
15:52:39 INFO  : 'configparams force-mem-access 1' command is executed.
15:52:39 INFO  : Context for 'APU' is selected.
15:52:39 INFO  : Boot mode is read from the target.
15:52:39 INFO  : Context for processor 'psu_cortexa53_0' is selected.
15:52:40 INFO  : Processor reset is completed for 'psu_cortexa53_0'.
15:52:40 INFO  : The application 'C:/Xilinx/Projects/DRC_Rev2.0_Deliverables/Vitis2023.1/DRC_Rev2.0_SW/DRCPlatform/export/DRCPlatform/sw/DRCPlatform/boot/fsbl.elf' is downloaded to processor 'psu_cortexa53_0'.
15:52:40 INFO  : 'set bp_52_40_fsbl_bp [bpadd -addr &XFsbl_Exit]' command is executed.
15:52:40 INFO  : 'con -block -timeout 60' command is executed.
15:52:40 INFO  : 'bpremove $bp_52_40_fsbl_bp' command is executed.
15:52:40 INFO  : Context for processor 'psu_cortexa53_0' is selected.
15:52:40 INFO  : Processor reset is completed for 'psu_cortexa53_0'.
15:52:41 INFO  : The application 'C:/Xilinx/Projects/DRC_Rev2.0_Deliverables/Vitis2023.1/DRC_Rev2.0_SW/DRC_Rev2_0_Deliverables_Application/Debug/DRC_Rev2_0_Deliverables_Application.elf' is downloaded to processor 'psu_cortexa53_0'.
15:52:41 INFO  : 'configparams force-mem-access 0' command is executed.
15:52:41 INFO  : ----------------XSDB Script----------------
connect -url tcp:127.0.0.1:3121
source C:/Xilinx/Vitis/2023.1/scripts/vitis/util/zynqmp_utils.tcl
targets -set -nocase -filter {name =~"APU*"}
rst -system
after 3000
targets -set -filter {jtag_cable_name =~ "Digilent JTAG-HS3 210299BBCD36" && level==0 && jtag_device_ctx=="jsn-JTAG-HS3-210299BBCD36-14710093-0"}
fpga -file C:/Xilinx/Projects/DRC_Rev2.0_Deliverables/Vitis2023.1/DRC_Rev2.0_SW/DRC_Rev2_0_Deliverables_Application/_ide/bitstream/DRC_Rev_2_0_QualTest_wrapper.bit
targets -set -nocase -filter {name =~"APU*"}
loadhw -hw C:/Xilinx/Projects/DRC_Rev2.0_Deliverables/Vitis2023.1/DRC_Rev2.0_SW/DRCPlatform/export/DRCPlatform/hw/DRC_Rev_2_0_QualTest_wrapper.xsa -mem-ranges [list {0x80000000 0xbfffffff} {0x400000000 0x5ffffffff} {0x1000000000 0x7fffffffff}] -regs
configparams force-mem-access 1
targets -set -nocase -filter {name =~"APU*"}
set mode [expr [mrd -value 0xFF5E0200] & 0xf]
targets -set -nocase -filter {name =~ "*A53*#0"}
rst -processor
dow C:/Xilinx/Projects/DRC_Rev2.0_Deliverables/Vitis2023.1/DRC_Rev2.0_SW/DRCPlatform/export/DRCPlatform/sw/DRCPlatform/boot/fsbl.elf
set bp_52_40_fsbl_bp [bpadd -addr &XFsbl_Exit]
con -block -timeout 60
bpremove $bp_52_40_fsbl_bp
targets -set -nocase -filter {name =~ "*A53*#0"}
rst -processor
dow C:/Xilinx/Projects/DRC_Rev2.0_Deliverables/Vitis2023.1/DRC_Rev2.0_SW/DRC_Rev2_0_Deliverables_Application/Debug/DRC_Rev2_0_Deliverables_Application.elf
configparams force-mem-access 0
----------------End of Script----------------

15:52:41 INFO  : Context for processor 'psu_cortexa53_0' is selected.
15:52:42 INFO  : 'con' command is executed.
15:52:42 INFO  : ----------------XSDB Script (After Launch)----------------
targets -set -nocase -filter {name =~ "*A53*#0"}
con
----------------End of Script----------------

15:52:42 INFO  : Launch script is exported to file 'C:\Xilinx\Projects\DRC_Rev2.0_Deliverables\DRC_Rev2.0_SW\DRC_Rev2_0_Deliverables_Application_system\_ide\scripts\systemdebugger_drc_rev2_0_deliverables_application_system_8_standalone.tcl'
15:59:13 INFO  : Checking for BSP changes to sync application flags for project 'DRC_Rev2_0_Deliverables_Application'...
15:59:18 INFO  : Disconnected from the channel tcfchan#6.
15:59:19 INFO  : Connected to target on host '127.0.0.1' and port '3121'.
15:59:29 INFO  : ----------------XSDB Script----------------
connect -url tcp:127.0.0.1:3121
----------------End of Script----------------

15:59:29 ERROR : Could not find ARM device on the board for connection 'Local'.
Check if the target is in:
1. Split JTAG - No operations are possible with ARM DAP.
2. Non JTAG bootmode - Bootrom may need time to enable DAP.
Please try again.


Troubleshooting hints:
1. Check whether board is connected to system properly.
2. In case of zynq board, check whether Digilent/Xilinx cable switch settings are correct.
3. If you are using Xilinx Platform Cable USB, ensure that status LED is green.
15:59:35 INFO  : Connected to target on host '127.0.0.1' and port '3121'.
15:59:35 INFO  : Jtag cable 'Digilent JTAG-HS3 210299BBCD36' is selected.
15:59:35 INFO  : 'jtag frequency' command is executed.
15:59:35 INFO  : Sourcing of 'C:/Xilinx/Vitis/2023.1/scripts/vitis/util/zynqmp_utils.tcl' is done.
15:59:35 INFO  : Context for 'APU' is selected.
15:59:35 INFO  : System reset is completed.
15:59:38 INFO  : 'after 3000' command is executed.
15:59:38 INFO  : 'targets -set -filter {jtag_cable_name =~ "Digilent JTAG-HS3 210299BBCD36" && level==0 && jtag_device_ctx=="jsn-JTAG-HS3-210299BBCD36-14710093-0"}' command is executed.
15:59:42 INFO  : Device configured successfully with "C:/Xilinx/Projects/DRC_Rev2.0_Deliverables/Vitis2023.1/DRC_Rev2.0_SW/DRC_Rev2_0_Deliverables_Application/_ide/bitstream/DRC_Rev_2_0_QualTest_wrapper.bit"
15:59:42 INFO  : Context for 'APU' is selected.
15:59:42 INFO  : Hardware design and registers information is loaded from 'C:/Xilinx/Projects/DRC_Rev2.0_Deliverables/Vitis2023.1/DRC_Rev2.0_SW/DRCPlatform/export/DRCPlatform/hw/DRC_Rev_2_0_QualTest_wrapper.xsa'.
15:59:42 INFO  : 'configparams force-mem-access 1' command is executed.
15:59:42 INFO  : Context for 'APU' is selected.
15:59:42 INFO  : Boot mode is read from the target.
15:59:42 INFO  : Context for processor 'psu_cortexa53_0' is selected.
15:59:42 INFO  : Processor reset is completed for 'psu_cortexa53_0'.
15:59:42 INFO  : The application 'C:/Xilinx/Projects/DRC_Rev2.0_Deliverables/Vitis2023.1/DRC_Rev2.0_SW/DRCPlatform/export/DRCPlatform/sw/DRCPlatform/boot/fsbl.elf' is downloaded to processor 'psu_cortexa53_0'.
15:59:42 INFO  : 'set bp_59_42_fsbl_bp [bpadd -addr &XFsbl_Exit]' command is executed.
15:59:43 INFO  : 'con -block -timeout 60' command is executed.
15:59:43 INFO  : 'bpremove $bp_59_42_fsbl_bp' command is executed.
15:59:43 INFO  : Context for processor 'psu_cortexa53_0' is selected.
15:59:43 INFO  : Processor reset is completed for 'psu_cortexa53_0'.
15:59:44 INFO  : The application 'C:/Xilinx/Projects/DRC_Rev2.0_Deliverables/Vitis2023.1/DRC_Rev2.0_SW/DRC_Rev2_0_Deliverables_Application/Debug/DRC_Rev2_0_Deliverables_Application.elf' is downloaded to processor 'psu_cortexa53_0'.
15:59:44 INFO  : 'configparams force-mem-access 0' command is executed.
15:59:44 INFO  : ----------------XSDB Script----------------
connect -url tcp:127.0.0.1:3121
source C:/Xilinx/Vitis/2023.1/scripts/vitis/util/zynqmp_utils.tcl
targets -set -nocase -filter {name =~"APU*"}
rst -system
after 3000
targets -set -filter {jtag_cable_name =~ "Digilent JTAG-HS3 210299BBCD36" && level==0 && jtag_device_ctx=="jsn-JTAG-HS3-210299BBCD36-14710093-0"}
fpga -file C:/Xilinx/Projects/DRC_Rev2.0_Deliverables/Vitis2023.1/DRC_Rev2.0_SW/DRC_Rev2_0_Deliverables_Application/_ide/bitstream/DRC_Rev_2_0_QualTest_wrapper.bit
targets -set -nocase -filter {name =~"APU*"}
loadhw -hw C:/Xilinx/Projects/DRC_Rev2.0_Deliverables/Vitis2023.1/DRC_Rev2.0_SW/DRCPlatform/export/DRCPlatform/hw/DRC_Rev_2_0_QualTest_wrapper.xsa -mem-ranges [list {0x80000000 0xbfffffff} {0x400000000 0x5ffffffff} {0x1000000000 0x7fffffffff}] -regs
configparams force-mem-access 1
targets -set -nocase -filter {name =~"APU*"}
set mode [expr [mrd -value 0xFF5E0200] & 0xf]
targets -set -nocase -filter {name =~ "*A53*#0"}
rst -processor
dow C:/Xilinx/Projects/DRC_Rev2.0_Deliverables/Vitis2023.1/DRC_Rev2.0_SW/DRCPlatform/export/DRCPlatform/sw/DRCPlatform/boot/fsbl.elf
set bp_59_42_fsbl_bp [bpadd -addr &XFsbl_Exit]
con -block -timeout 60
bpremove $bp_59_42_fsbl_bp
targets -set -nocase -filter {name =~ "*A53*#0"}
rst -processor
dow C:/Xilinx/Projects/DRC_Rev2.0_Deliverables/Vitis2023.1/DRC_Rev2.0_SW/DRC_Rev2_0_Deliverables_Application/Debug/DRC_Rev2_0_Deliverables_Application.elf
configparams force-mem-access 0
----------------End of Script----------------

15:59:44 INFO  : Context for processor 'psu_cortexa53_0' is selected.
15:59:44 INFO  : 'con' command is executed.
15:59:44 INFO  : ----------------XSDB Script (After Launch)----------------
targets -set -nocase -filter {name =~ "*A53*#0"}
con
----------------End of Script----------------

15:59:44 INFO  : Launch script is exported to file 'C:\Xilinx\Projects\DRC_Rev2.0_Deliverables\DRC_Rev2.0_SW\DRC_Rev2_0_Deliverables_Application_system\_ide\scripts\systemdebugger_drc_rev2_0_deliverables_application_system_10_standalone.tcl'
16:05:08 INFO  : Checking for BSP changes to sync application flags for project 'DRC_Rev2_0_Deliverables_Application'...
16:05:21 INFO  : Disconnected from the channel tcfchan#7.
16:05:22 INFO  : Connected to target on host '127.0.0.1' and port '3121'.
16:05:31 INFO  : ----------------XSDB Script----------------
connect -url tcp:127.0.0.1:3121
----------------End of Script----------------

16:05:31 ERROR : Could not find ARM device on the board for connection 'Local'.
Check if the target is in:
1. Split JTAG - No operations are possible with ARM DAP.
2. Non JTAG bootmode - Bootrom may need time to enable DAP.
Please try again.


Troubleshooting hints:
1. Check whether board is connected to system properly.
2. In case of zynq board, check whether Digilent/Xilinx cable switch settings are correct.
3. If you are using Xilinx Platform Cable USB, ensure that status LED is green.
16:05:39 INFO  : Connected to target on host '127.0.0.1' and port '3121'.
16:05:39 INFO  : Jtag cable 'Digilent JTAG-HS3 210299BBCD36' is selected.
16:05:39 INFO  : 'jtag frequency' command is executed.
16:05:39 INFO  : Sourcing of 'C:/Xilinx/Vitis/2023.1/scripts/vitis/util/zynqmp_utils.tcl' is done.
16:05:39 INFO  : Context for 'APU' is selected.
16:05:39 INFO  : System reset is completed.
16:05:42 INFO  : 'after 3000' command is executed.
16:05:42 INFO  : 'targets -set -filter {jtag_cable_name =~ "Digilent JTAG-HS3 210299BBCD36" && level==0 && jtag_device_ctx=="jsn-JTAG-HS3-210299BBCD36-14710093-0"}' command is executed.
16:05:45 INFO  : Device configured successfully with "C:/Xilinx/Projects/DRC_Rev2.0_Deliverables/Vitis2023.1/DRC_Rev2.0_SW/DRC_Rev2_0_Deliverables_Application/_ide/bitstream/DRC_Rev_2_0_QualTest_wrapper.bit"
16:05:45 INFO  : Context for 'APU' is selected.
16:05:46 INFO  : Hardware design and registers information is loaded from 'C:/Xilinx/Projects/DRC_Rev2.0_Deliverables/Vitis2023.1/DRC_Rev2.0_SW/DRCPlatform/export/DRCPlatform/hw/DRC_Rev_2_0_QualTest_wrapper.xsa'.
16:05:46 INFO  : 'configparams force-mem-access 1' command is executed.
16:05:46 INFO  : Context for 'APU' is selected.
16:05:46 INFO  : Boot mode is read from the target.
16:05:46 INFO  : Context for processor 'psu_cortexa53_0' is selected.
16:05:46 INFO  : Processor reset is completed for 'psu_cortexa53_0'.
16:05:46 INFO  : The application 'C:/Xilinx/Projects/DRC_Rev2.0_Deliverables/Vitis2023.1/DRC_Rev2.0_SW/DRCPlatform/export/DRCPlatform/sw/DRCPlatform/boot/fsbl.elf' is downloaded to processor 'psu_cortexa53_0'.
16:05:46 INFO  : 'set bp_5_46_fsbl_bp [bpadd -addr &XFsbl_Exit]' command is executed.
16:05:47 INFO  : 'con -block -timeout 60' command is executed.
16:05:47 INFO  : 'bpremove $bp_5_46_fsbl_bp' command is executed.
16:05:47 INFO  : Context for processor 'psu_cortexa53_0' is selected.
16:05:47 INFO  : Processor reset is completed for 'psu_cortexa53_0'.
16:05:48 INFO  : The application 'C:/Xilinx/Projects/DRC_Rev2.0_Deliverables/Vitis2023.1/DRC_Rev2.0_SW/DRC_Rev2_0_Deliverables_Application/Debug/DRC_Rev2_0_Deliverables_Application.elf' is downloaded to processor 'psu_cortexa53_0'.
16:05:49 INFO  : 'configparams force-mem-access 0' command is executed.
16:05:49 INFO  : ----------------XSDB Script----------------
connect -url tcp:127.0.0.1:3121
source C:/Xilinx/Vitis/2023.1/scripts/vitis/util/zynqmp_utils.tcl
targets -set -nocase -filter {name =~"APU*"}
rst -system
after 3000
targets -set -filter {jtag_cable_name =~ "Digilent JTAG-HS3 210299BBCD36" && level==0 && jtag_device_ctx=="jsn-JTAG-HS3-210299BBCD36-14710093-0"}
fpga -file C:/Xilinx/Projects/DRC_Rev2.0_Deliverables/Vitis2023.1/DRC_Rev2.0_SW/DRC_Rev2_0_Deliverables_Application/_ide/bitstream/DRC_Rev_2_0_QualTest_wrapper.bit
targets -set -nocase -filter {name =~"APU*"}
loadhw -hw C:/Xilinx/Projects/DRC_Rev2.0_Deliverables/Vitis2023.1/DRC_Rev2.0_SW/DRCPlatform/export/DRCPlatform/hw/DRC_Rev_2_0_QualTest_wrapper.xsa -mem-ranges [list {0x80000000 0xbfffffff} {0x400000000 0x5ffffffff} {0x1000000000 0x7fffffffff}] -regs
configparams force-mem-access 1
targets -set -nocase -filter {name =~"APU*"}
set mode [expr [mrd -value 0xFF5E0200] & 0xf]
targets -set -nocase -filter {name =~ "*A53*#0"}
rst -processor
dow C:/Xilinx/Projects/DRC_Rev2.0_Deliverables/Vitis2023.1/DRC_Rev2.0_SW/DRCPlatform/export/DRCPlatform/sw/DRCPlatform/boot/fsbl.elf
set bp_5_46_fsbl_bp [bpadd -addr &XFsbl_Exit]
con -block -timeout 60
bpremove $bp_5_46_fsbl_bp
targets -set -nocase -filter {name =~ "*A53*#0"}
rst -processor
dow C:/Xilinx/Projects/DRC_Rev2.0_Deliverables/Vitis2023.1/DRC_Rev2.0_SW/DRC_Rev2_0_Deliverables_Application/Debug/DRC_Rev2_0_Deliverables_Application.elf
configparams force-mem-access 0
----------------End of Script----------------

16:05:49 INFO  : Context for processor 'psu_cortexa53_0' is selected.
16:05:49 INFO  : 'con' command is executed.
16:05:49 INFO  : ----------------XSDB Script (After Launch)----------------
targets -set -nocase -filter {name =~ "*A53*#0"}
con
----------------End of Script----------------

16:05:49 INFO  : Launch script is exported to file 'C:\Xilinx\Projects\DRC_Rev2.0_Deliverables\DRC_Rev2.0_SW\DRC_Rev2_0_Deliverables_Application_system\_ide\scripts\systemdebugger_drc_rev2_0_deliverables_application_system_9_standalone.tcl'
16:10:48 INFO  : Checking for BSP changes to sync application flags for project 'DRC_Rev2_0_Deliverables_Application'...
16:10:52 INFO  : Disconnected from the channel tcfchan#8.
16:10:52 INFO  : Connected to target on host '127.0.0.1' and port '3121'.
16:10:52 INFO  : Jtag cable 'Digilent JTAG-HS3 210299BBCD36' is selected.
16:10:52 INFO  : 'jtag frequency' command is executed.
16:10:52 INFO  : Sourcing of 'C:/Xilinx/Vitis/2023.1/scripts/vitis/util/zynqmp_utils.tcl' is done.
16:10:52 INFO  : Context for 'APU' is selected.
16:10:52 INFO  : System reset is completed.
16:10:55 INFO  : 'after 3000' command is executed.
16:10:55 ERROR : (XSDB Server)Target doesn't support Jtag Uart

16:10:55 ERROR : (XSDB Server)Target doesn't support Jtag Uart

16:10:56 INFO  : 'targets -set -filter {jtag_cable_name =~ "Digilent JTAG-HS3 210299BBCD36" && level==0 && jtag_device_ctx=="jsn-JTAG-HS3-210299BBCD36-14710093-0"}' command is executed.
16:10:59 INFO  : Device configured successfully with "C:/Xilinx/Projects/DRC_Rev2.0_Deliverables/Vitis2023.1/DRC_Rev2.0_SW/DRC_Rev2_0_Deliverables_Application/_ide/bitstream/DRC_Rev_2_0_QualTest_wrapper.bit"
16:10:59 INFO  : Context for 'APU' is selected.
16:10:59 INFO  : Hardware design and registers information is loaded from 'C:/Xilinx/Projects/DRC_Rev2.0_Deliverables/Vitis2023.1/DRC_Rev2.0_SW/DRCPlatform/export/DRCPlatform/hw/DRC_Rev_2_0_QualTest_wrapper.xsa'.
16:10:59 INFO  : 'configparams force-mem-access 1' command is executed.
16:10:59 INFO  : Context for 'APU' is selected.
16:10:59 INFO  : Boot mode is read from the target.
16:10:59 INFO  : Context for processor 'psu_cortexa53_0' is selected.
16:10:59 ERROR : No such stream: VS88
16:10:59 INFO  : ----------------XSDB Script----------------
connect -url tcp:127.0.0.1:3121
source C:/Xilinx/Vitis/2023.1/scripts/vitis/util/zynqmp_utils.tcl
targets -set -nocase -filter {name =~"APU*"}
rst -system
after 3000
targets -set -filter {jtag_cable_name =~ "Digilent JTAG-HS3 210299BBCD36" && level==0 && jtag_device_ctx=="jsn-JTAG-HS3-210299BBCD36-14710093-0"}
fpga -file C:/Xilinx/Projects/DRC_Rev2.0_Deliverables/Vitis2023.1/DRC_Rev2.0_SW/DRC_Rev2_0_Deliverables_Application/_ide/bitstream/DRC_Rev_2_0_QualTest_wrapper.bit
targets -set -nocase -filter {name =~"APU*"}
loadhw -hw C:/Xilinx/Projects/DRC_Rev2.0_Deliverables/Vitis2023.1/DRC_Rev2.0_SW/DRCPlatform/export/DRCPlatform/hw/DRC_Rev_2_0_QualTest_wrapper.xsa -mem-ranges [list {0x80000000 0xbfffffff} {0x400000000 0x5ffffffff} {0x1000000000 0x7fffffffff}] -regs
configparams force-mem-access 1
targets -set -nocase -filter {name =~"APU*"}
set mode [expr [mrd -value 0xFF5E0200] & 0xf]
targets -set -nocase -filter {name =~ "*A53*#0"}
rst -processor
----------------End of Script----------------

16:10:59 ERROR : No such stream: VS88
16:11:08 INFO  : Connected to target on host '127.0.0.1' and port '3121'.
16:11:08 INFO  : Jtag cable 'Digilent JTAG-HS3 210299BBCD36' is selected.
16:11:08 INFO  : 'jtag frequency' command is executed.
16:11:08 INFO  : Sourcing of 'C:/Xilinx/Vitis/2023.1/scripts/vitis/util/zynqmp_utils.tcl' is done.
16:11:08 INFO  : Context for 'APU' is selected.
16:11:09 INFO  : System reset is completed.
16:11:12 INFO  : 'after 3000' command is executed.
16:11:12 INFO  : 'targets -set -filter {jtag_cable_name =~ "Digilent JTAG-HS3 210299BBCD36" && level==0 && jtag_device_ctx=="jsn-JTAG-HS3-210299BBCD36-14710093-0"}' command is executed.
16:11:15 INFO  : Device configured successfully with "C:/Xilinx/Projects/DRC_Rev2.0_Deliverables/Vitis2023.1/DRC_Rev2.0_SW/DRC_Rev2_0_Deliverables_Application/_ide/bitstream/DRC_Rev_2_0_QualTest_wrapper.bit"
16:11:15 INFO  : Context for 'APU' is selected.
16:11:15 INFO  : Hardware design and registers information is loaded from 'C:/Xilinx/Projects/DRC_Rev2.0_Deliverables/Vitis2023.1/DRC_Rev2.0_SW/DRCPlatform/export/DRCPlatform/hw/DRC_Rev_2_0_QualTest_wrapper.xsa'.
16:11:15 INFO  : 'configparams force-mem-access 1' command is executed.
16:11:15 INFO  : Context for 'APU' is selected.
16:11:15 INFO  : Boot mode is read from the target.
16:11:15 INFO  : Context for processor 'psu_cortexa53_0' is selected.
16:11:15 INFO  : Processor reset is completed for 'psu_cortexa53_0'.
16:11:16 INFO  : The application 'C:/Xilinx/Projects/DRC_Rev2.0_Deliverables/Vitis2023.1/DRC_Rev2.0_SW/DRCPlatform/export/DRCPlatform/sw/DRCPlatform/boot/fsbl.elf' is downloaded to processor 'psu_cortexa53_0'.
16:11:16 INFO  : 'set bp_11_16_fsbl_bp [bpadd -addr &XFsbl_Exit]' command is executed.
16:11:16 INFO  : 'con -block -timeout 60' command is executed.
16:11:16 INFO  : 'bpremove $bp_11_16_fsbl_bp' command is executed.
16:11:16 INFO  : Context for processor 'psu_cortexa53_0' is selected.
16:11:16 INFO  : Processor reset is completed for 'psu_cortexa53_0'.
16:11:17 INFO  : The application 'C:/Xilinx/Projects/DRC_Rev2.0_Deliverables/Vitis2023.1/DRC_Rev2.0_SW/DRC_Rev2_0_Deliverables_Application/Debug/DRC_Rev2_0_Deliverables_Application.elf' is downloaded to processor 'psu_cortexa53_0'.
16:11:17 INFO  : 'configparams force-mem-access 0' command is executed.
16:11:17 INFO  : ----------------XSDB Script----------------
connect -url tcp:127.0.0.1:3121
source C:/Xilinx/Vitis/2023.1/scripts/vitis/util/zynqmp_utils.tcl
targets -set -nocase -filter {name =~"APU*"}
rst -system
after 3000
targets -set -filter {jtag_cable_name =~ "Digilent JTAG-HS3 210299BBCD36" && level==0 && jtag_device_ctx=="jsn-JTAG-HS3-210299BBCD36-14710093-0"}
fpga -file C:/Xilinx/Projects/DRC_Rev2.0_Deliverables/Vitis2023.1/DRC_Rev2.0_SW/DRC_Rev2_0_Deliverables_Application/_ide/bitstream/DRC_Rev_2_0_QualTest_wrapper.bit
targets -set -nocase -filter {name =~"APU*"}
loadhw -hw C:/Xilinx/Projects/DRC_Rev2.0_Deliverables/Vitis2023.1/DRC_Rev2.0_SW/DRCPlatform/export/DRCPlatform/hw/DRC_Rev_2_0_QualTest_wrapper.xsa -mem-ranges [list {0x80000000 0xbfffffff} {0x400000000 0x5ffffffff} {0x1000000000 0x7fffffffff}] -regs
configparams force-mem-access 1
targets -set -nocase -filter {name =~"APU*"}
set mode [expr [mrd -value 0xFF5E0200] & 0xf]
targets -set -nocase -filter {name =~ "*A53*#0"}
rst -processor
dow C:/Xilinx/Projects/DRC_Rev2.0_Deliverables/Vitis2023.1/DRC_Rev2.0_SW/DRCPlatform/export/DRCPlatform/sw/DRCPlatform/boot/fsbl.elf
set bp_11_16_fsbl_bp [bpadd -addr &XFsbl_Exit]
con -block -timeout 60
bpremove $bp_11_16_fsbl_bp
targets -set -nocase -filter {name =~ "*A53*#0"}
rst -processor
dow C:/Xilinx/Projects/DRC_Rev2.0_Deliverables/Vitis2023.1/DRC_Rev2.0_SW/DRC_Rev2_0_Deliverables_Application/Debug/DRC_Rev2_0_Deliverables_Application.elf
configparams force-mem-access 0
----------------End of Script----------------

16:11:18 INFO  : Context for processor 'psu_cortexa53_0' is selected.
16:11:18 INFO  : 'con' command is executed.
16:11:18 INFO  : ----------------XSDB Script (After Launch)----------------
targets -set -nocase -filter {name =~ "*A53*#0"}
con
----------------End of Script----------------

16:11:18 INFO  : Launch script is exported to file 'C:\Xilinx\Projects\DRC_Rev2.0_Deliverables\DRC_Rev2.0_SW\DRC_Rev2_0_Deliverables_Application_system\_ide\scripts\systemdebugger_drc_rev2_0_deliverables_application_system_9_standalone.tcl'
16:22:29 INFO  : Checking for BSP changes to sync application flags for project 'DRC_Rev2_0_Deliverables_Application'...
16:22:33 INFO  : Disconnected from the channel tcfchan#9.
16:22:33 INFO  : Connected to target on host '127.0.0.1' and port '3121'.
16:22:34 INFO  : Jtag cable 'Digilent JTAG-HS3 210299BBCD36' is selected.
16:22:34 INFO  : 'jtag frequency' command is executed.
16:22:34 INFO  : Sourcing of 'C:/Xilinx/Vitis/2023.1/scripts/vitis/util/zynqmp_utils.tcl' is done.
16:22:34 INFO  : Context for 'APU' is selected.
16:22:34 INFO  : System reset is completed.
16:22:37 INFO  : 'after 3000' command is executed.
16:22:37 INFO  : 'targets -set -filter {jtag_cable_name =~ "Digilent JTAG-HS3 210299BBCD36" && level==0 && jtag_device_ctx=="jsn-JTAG-HS3-210299BBCD36-14710093-0"}' command is executed.
16:22:40 INFO  : Device configured successfully with "C:/Xilinx/Projects/DRC_Rev2.0_Deliverables/Vitis2023.1/DRC_Rev2.0_SW/DRC_Rev2_0_Deliverables_Application/_ide/bitstream/DRC_Rev_2_0_QualTest_wrapper.bit"
16:22:40 INFO  : Context for 'APU' is selected.
16:22:40 INFO  : Hardware design and registers information is loaded from 'C:/Xilinx/Projects/DRC_Rev2.0_Deliverables/Vitis2023.1/DRC_Rev2.0_SW/DRCPlatform/export/DRCPlatform/hw/DRC_Rev_2_0_QualTest_wrapper.xsa'.
16:22:40 INFO  : 'configparams force-mem-access 1' command is executed.
16:22:40 INFO  : Context for 'APU' is selected.
16:22:40 INFO  : Boot mode is read from the target.
16:22:40 INFO  : Context for processor 'psu_cortexa53_0' is selected.
16:22:40 ERROR : No such stream: VS112
16:22:40 INFO  : ----------------XSDB Script----------------
connect -url tcp:127.0.0.1:3121
source C:/Xilinx/Vitis/2023.1/scripts/vitis/util/zynqmp_utils.tcl
targets -set -nocase -filter {name =~"APU*"}
rst -system
after 3000
targets -set -filter {jtag_cable_name =~ "Digilent JTAG-HS3 210299BBCD36" && level==0 && jtag_device_ctx=="jsn-JTAG-HS3-210299BBCD36-14710093-0"}
fpga -file C:/Xilinx/Projects/DRC_Rev2.0_Deliverables/Vitis2023.1/DRC_Rev2.0_SW/DRC_Rev2_0_Deliverables_Application/_ide/bitstream/DRC_Rev_2_0_QualTest_wrapper.bit
targets -set -nocase -filter {name =~"APU*"}
loadhw -hw C:/Xilinx/Projects/DRC_Rev2.0_Deliverables/Vitis2023.1/DRC_Rev2.0_SW/DRCPlatform/export/DRCPlatform/hw/DRC_Rev_2_0_QualTest_wrapper.xsa -mem-ranges [list {0x80000000 0xbfffffff} {0x400000000 0x5ffffffff} {0x1000000000 0x7fffffffff}] -regs
configparams force-mem-access 1
targets -set -nocase -filter {name =~"APU*"}
set mode [expr [mrd -value 0xFF5E0200] & 0xf]
targets -set -nocase -filter {name =~ "*A53*#0"}
rst -processor
----------------End of Script----------------

16:22:40 ERROR : No such stream: VS112
16:22:50 INFO  : Connected to target on host '127.0.0.1' and port '3121'.
16:22:50 INFO  : Jtag cable 'Digilent JTAG-HS3 210299BBCD36' is selected.
16:22:50 INFO  : 'jtag frequency' command is executed.
16:22:50 INFO  : Sourcing of 'C:/Xilinx/Vitis/2023.1/scripts/vitis/util/zynqmp_utils.tcl' is done.
16:22:50 INFO  : Context for 'APU' is selected.
16:22:50 INFO  : System reset is completed.
16:22:53 INFO  : 'after 3000' command is executed.
16:22:53 INFO  : 'targets -set -filter {jtag_cable_name =~ "Digilent JTAG-HS3 210299BBCD36" && level==0 && jtag_device_ctx=="jsn-JTAG-HS3-210299BBCD36-14710093-0"}' command is executed.
16:22:56 INFO  : Device configured successfully with "C:/Xilinx/Projects/DRC_Rev2.0_Deliverables/Vitis2023.1/DRC_Rev2.0_SW/DRC_Rev2_0_Deliverables_Application/_ide/bitstream/DRC_Rev_2_0_QualTest_wrapper.bit"
16:22:56 INFO  : Context for 'APU' is selected.
16:22:56 INFO  : Hardware design and registers information is loaded from 'C:/Xilinx/Projects/DRC_Rev2.0_Deliverables/Vitis2023.1/DRC_Rev2.0_SW/DRCPlatform/export/DRCPlatform/hw/DRC_Rev_2_0_QualTest_wrapper.xsa'.
16:22:56 INFO  : 'configparams force-mem-access 1' command is executed.
16:22:56 INFO  : Context for 'APU' is selected.
16:22:56 INFO  : Boot mode is read from the target.
16:22:56 INFO  : Context for processor 'psu_cortexa53_0' is selected.
16:22:57 INFO  : Processor reset is completed for 'psu_cortexa53_0'.
16:22:57 INFO  : The application 'C:/Xilinx/Projects/DRC_Rev2.0_Deliverables/Vitis2023.1/DRC_Rev2.0_SW/DRCPlatform/export/DRCPlatform/sw/DRCPlatform/boot/fsbl.elf' is downloaded to processor 'psu_cortexa53_0'.
16:22:57 INFO  : 'set bp_22_57_fsbl_bp [bpadd -addr &XFsbl_Exit]' command is executed.
16:22:57 INFO  : 'con -block -timeout 60' command is executed.
16:22:57 INFO  : 'bpremove $bp_22_57_fsbl_bp' command is executed.
16:22:57 INFO  : Context for processor 'psu_cortexa53_0' is selected.
16:22:58 INFO  : Processor reset is completed for 'psu_cortexa53_0'.
16:22:59 INFO  : The application 'C:/Xilinx/Projects/DRC_Rev2.0_Deliverables/Vitis2023.1/DRC_Rev2.0_SW/DRC_Rev2_0_Deliverables_Application/Debug/DRC_Rev2_0_Deliverables_Application.elf' is downloaded to processor 'psu_cortexa53_0'.
16:22:59 INFO  : 'configparams force-mem-access 0' command is executed.
16:22:59 INFO  : ----------------XSDB Script----------------
connect -url tcp:127.0.0.1:3121
source C:/Xilinx/Vitis/2023.1/scripts/vitis/util/zynqmp_utils.tcl
targets -set -nocase -filter {name =~"APU*"}
rst -system
after 3000
targets -set -filter {jtag_cable_name =~ "Digilent JTAG-HS3 210299BBCD36" && level==0 && jtag_device_ctx=="jsn-JTAG-HS3-210299BBCD36-14710093-0"}
fpga -file C:/Xilinx/Projects/DRC_Rev2.0_Deliverables/Vitis2023.1/DRC_Rev2.0_SW/DRC_Rev2_0_Deliverables_Application/_ide/bitstream/DRC_Rev_2_0_QualTest_wrapper.bit
targets -set -nocase -filter {name =~"APU*"}
loadhw -hw C:/Xilinx/Projects/DRC_Rev2.0_Deliverables/Vitis2023.1/DRC_Rev2.0_SW/DRCPlatform/export/DRCPlatform/hw/DRC_Rev_2_0_QualTest_wrapper.xsa -mem-ranges [list {0x80000000 0xbfffffff} {0x400000000 0x5ffffffff} {0x1000000000 0x7fffffffff}] -regs
configparams force-mem-access 1
targets -set -nocase -filter {name =~"APU*"}
set mode [expr [mrd -value 0xFF5E0200] & 0xf]
targets -set -nocase -filter {name =~ "*A53*#0"}
rst -processor
dow C:/Xilinx/Projects/DRC_Rev2.0_Deliverables/Vitis2023.1/DRC_Rev2.0_SW/DRCPlatform/export/DRCPlatform/sw/DRCPlatform/boot/fsbl.elf
set bp_22_57_fsbl_bp [bpadd -addr &XFsbl_Exit]
con -block -timeout 60
bpremove $bp_22_57_fsbl_bp
targets -set -nocase -filter {name =~ "*A53*#0"}
rst -processor
dow C:/Xilinx/Projects/DRC_Rev2.0_Deliverables/Vitis2023.1/DRC_Rev2.0_SW/DRC_Rev2_0_Deliverables_Application/Debug/DRC_Rev2_0_Deliverables_Application.elf
configparams force-mem-access 0
----------------End of Script----------------

16:22:59 INFO  : Context for processor 'psu_cortexa53_0' is selected.
16:22:59 INFO  : 'con' command is executed.
16:22:59 INFO  : ----------------XSDB Script (After Launch)----------------
targets -set -nocase -filter {name =~ "*A53*#0"}
con
----------------End of Script----------------

16:22:59 INFO  : Launch script is exported to file 'C:\Xilinx\Projects\DRC_Rev2.0_Deliverables\DRC_Rev2.0_SW\DRC_Rev2_0_Deliverables_Application_system\_ide\scripts\systemdebugger_drc_rev2_0_deliverables_application_system_9_standalone.tcl'
16:24:20 INFO  : Disconnected from the channel tcfchan#10.
16:24:20 INFO  : Connected to target on host '127.0.0.1' and port '3121'.
16:24:21 INFO  : Jtag cable 'Digilent JTAG-HS3 210299BBCD36' is selected.
16:24:21 INFO  : 'jtag frequency' command is executed.
16:24:21 INFO  : Sourcing of 'C:/Xilinx/Vitis/2023.1/scripts/vitis/util/zynqmp_utils.tcl' is done.
16:24:21 INFO  : Context for 'APU' is selected.
16:24:21 INFO  : System reset is completed.
16:24:24 INFO  : 'after 3000' command is executed.
16:24:24 INFO  : 'targets -set -filter {jtag_cable_name =~ "Digilent JTAG-HS3 210299BBCD36" && level==0 && jtag_device_ctx=="jsn-JTAG-HS3-210299BBCD36-14710093-0"}' command is executed.
16:24:27 INFO  : Device configured successfully with "C:/Xilinx/Projects/DRC_Rev2.0_Deliverables/Vitis2023.1/DRC_Rev2.0_SW/DRC_Rev2_0_Deliverables_Application/_ide/bitstream/DRC_Rev_2_0_QualTest_wrapper.bit"
16:24:27 INFO  : Context for 'APU' is selected.
16:24:27 INFO  : Hardware design and registers information is loaded from 'C:/Xilinx/Projects/DRC_Rev2.0_Deliverables/Vitis2023.1/DRC_Rev2.0_SW/DRCPlatform/export/DRCPlatform/hw/DRC_Rev_2_0_QualTest_wrapper.xsa'.
16:24:28 INFO  : 'configparams force-mem-access 1' command is executed.
16:24:28 INFO  : Context for 'APU' is selected.
16:24:28 INFO  : Boot mode is read from the target.
16:24:28 INFO  : Context for processor 'psu_cortexa53_0' is selected.
16:24:28 INFO  : Processor reset is completed for 'psu_cortexa53_0'.
16:24:28 INFO  : The application 'C:/Xilinx/Projects/DRC_Rev2.0_Deliverables/Vitis2023.1/DRC_Rev2.0_SW/DRCPlatform/export/DRCPlatform/sw/DRCPlatform/boot/fsbl.elf' is downloaded to processor 'psu_cortexa53_0'.
16:24:28 INFO  : 'set bp_24_28_fsbl_bp [bpadd -addr &XFsbl_Exit]' command is executed.
16:24:29 INFO  : Checking for BSP changes to sync application flags for project 'DRC_Rev2_0_Deliverables_Application'...
16:24:29 INFO  : 'con -block -timeout 60' command is executed.
16:24:29 INFO  : 'bpremove $bp_24_28_fsbl_bp' command is executed.
16:24:29 INFO  : Context for processor 'psu_cortexa53_0' is selected.
16:24:29 INFO  : Processor reset is completed for 'psu_cortexa53_0'.
16:24:30 INFO  : The application 'C:/Xilinx/Projects/DRC_Rev2.0_Deliverables/Vitis2023.1/DRC_Rev2.0_SW/DRC_Rev2_0_Deliverables_Application/Debug/DRC_Rev2_0_Deliverables_Application.elf' is downloaded to processor 'psu_cortexa53_0'.
16:24:30 INFO  : 'configparams force-mem-access 0' command is executed.
16:24:30 INFO  : ----------------XSDB Script----------------
connect -url tcp:127.0.0.1:3121
source C:/Xilinx/Vitis/2023.1/scripts/vitis/util/zynqmp_utils.tcl
targets -set -nocase -filter {name =~"APU*"}
rst -system
after 3000
targets -set -filter {jtag_cable_name =~ "Digilent JTAG-HS3 210299BBCD36" && level==0 && jtag_device_ctx=="jsn-JTAG-HS3-210299BBCD36-14710093-0"}
fpga -file C:/Xilinx/Projects/DRC_Rev2.0_Deliverables/Vitis2023.1/DRC_Rev2.0_SW/DRC_Rev2_0_Deliverables_Application/_ide/bitstream/DRC_Rev_2_0_QualTest_wrapper.bit
targets -set -nocase -filter {name =~"APU*"}
loadhw -hw C:/Xilinx/Projects/DRC_Rev2.0_Deliverables/Vitis2023.1/DRC_Rev2.0_SW/DRCPlatform/export/DRCPlatform/hw/DRC_Rev_2_0_QualTest_wrapper.xsa -mem-ranges [list {0x80000000 0xbfffffff} {0x400000000 0x5ffffffff} {0x1000000000 0x7fffffffff}] -regs
configparams force-mem-access 1
targets -set -nocase -filter {name =~"APU*"}
set mode [expr [mrd -value 0xFF5E0200] & 0xf]
targets -set -nocase -filter {name =~ "*A53*#0"}
rst -processor
dow C:/Xilinx/Projects/DRC_Rev2.0_Deliverables/Vitis2023.1/DRC_Rev2.0_SW/DRCPlatform/export/DRCPlatform/sw/DRCPlatform/boot/fsbl.elf
set bp_24_28_fsbl_bp [bpadd -addr &XFsbl_Exit]
con -block -timeout 60
bpremove $bp_24_28_fsbl_bp
targets -set -nocase -filter {name =~ "*A53*#0"}
rst -processor
dow C:/Xilinx/Projects/DRC_Rev2.0_Deliverables/Vitis2023.1/DRC_Rev2.0_SW/DRC_Rev2_0_Deliverables_Application/Debug/DRC_Rev2_0_Deliverables_Application.elf
configparams force-mem-access 0
----------------End of Script----------------

16:24:30 INFO  : Context for processor 'psu_cortexa53_0' is selected.
16:24:31 INFO  : 'con' command is executed.
16:24:31 INFO  : ----------------XSDB Script (After Launch)----------------
targets -set -nocase -filter {name =~ "*A53*#0"}
con
----------------End of Script----------------

16:24:31 INFO  : Launch script is exported to file 'C:\Xilinx\Projects\DRC_Rev2.0_Deliverables\DRC_Rev2.0_SW\DRC_Rev2_0_Deliverables_Application_system\_ide\scripts\systemdebugger_drc_rev2_0_deliverables_application_system_9_standalone.tcl'
16:24:34 INFO  : Disconnected from the channel tcfchan#11.
16:24:34 INFO  : Connected to target on host '127.0.0.1' and port '3121'.
16:24:34 INFO  : Jtag cable 'Digilent JTAG-HS3 210299BBCD36' is selected.
16:24:34 INFO  : 'jtag frequency' command is executed.
16:24:34 INFO  : Sourcing of 'C:/Xilinx/Vitis/2023.1/scripts/vitis/util/zynqmp_utils.tcl' is done.
16:24:34 INFO  : Context for 'APU' is selected.
16:24:34 INFO  : System reset is completed.
16:24:37 INFO  : 'after 3000' command is executed.
16:24:37 INFO  : 'targets -set -filter {jtag_cable_name =~ "Digilent JTAG-HS3 210299BBCD36" && level==0 && jtag_device_ctx=="jsn-JTAG-HS3-210299BBCD36-14710093-0"}' command is executed.
16:24:41 INFO  : Device configured successfully with "C:/Xilinx/Projects/DRC_Rev2.0_Deliverables/Vitis2023.1/DRC_Rev2.0_SW/DRC_Rev2_0_Deliverables_Application/_ide/bitstream/DRC_Rev_2_0_QualTest_wrapper.bit"
16:24:41 INFO  : Context for 'APU' is selected.
16:24:41 INFO  : Hardware design and registers information is loaded from 'C:/Xilinx/Projects/DRC_Rev2.0_Deliverables/Vitis2023.1/DRC_Rev2.0_SW/DRCPlatform/export/DRCPlatform/hw/DRC_Rev_2_0_QualTest_wrapper.xsa'.
16:24:41 INFO  : 'configparams force-mem-access 1' command is executed.
16:24:41 INFO  : Context for 'APU' is selected.
16:24:41 INFO  : Boot mode is read from the target.
16:24:41 INFO  : Context for processor 'psu_cortexa53_0' is selected.
16:24:41 INFO  : Processor reset is completed for 'psu_cortexa53_0'.
16:24:41 INFO  : The application 'C:/Xilinx/Projects/DRC_Rev2.0_Deliverables/Vitis2023.1/DRC_Rev2.0_SW/DRCPlatform/export/DRCPlatform/sw/DRCPlatform/boot/fsbl.elf' is downloaded to processor 'psu_cortexa53_0'.
16:24:41 INFO  : 'set bp_24_41_fsbl_bp [bpadd -addr &XFsbl_Exit]' command is executed.
16:24:42 INFO  : 'con -block -timeout 60' command is executed.
16:24:43 INFO  : 'bpremove $bp_24_41_fsbl_bp' command is executed.
16:24:43 INFO  : Context for processor 'psu_cortexa53_0' is selected.
16:24:43 INFO  : Processor reset is completed for 'psu_cortexa53_0'.
16:24:44 INFO  : The application 'C:/Xilinx/Projects/DRC_Rev2.0_Deliverables/Vitis2023.1/DRC_Rev2.0_SW/DRC_Rev2_0_Deliverables_Application/Debug/DRC_Rev2_0_Deliverables_Application.elf' is downloaded to processor 'psu_cortexa53_0'.
16:24:44 INFO  : 'configparams force-mem-access 0' command is executed.
16:24:44 INFO  : ----------------XSDB Script----------------
connect -url tcp:127.0.0.1:3121
source C:/Xilinx/Vitis/2023.1/scripts/vitis/util/zynqmp_utils.tcl
targets -set -nocase -filter {name =~"APU*"}
rst -system
after 3000
targets -set -filter {jtag_cable_name =~ "Digilent JTAG-HS3 210299BBCD36" && level==0 && jtag_device_ctx=="jsn-JTAG-HS3-210299BBCD36-14710093-0"}
fpga -file C:/Xilinx/Projects/DRC_Rev2.0_Deliverables/Vitis2023.1/DRC_Rev2.0_SW/DRC_Rev2_0_Deliverables_Application/_ide/bitstream/DRC_Rev_2_0_QualTest_wrapper.bit
targets -set -nocase -filter {name =~"APU*"}
loadhw -hw C:/Xilinx/Projects/DRC_Rev2.0_Deliverables/Vitis2023.1/DRC_Rev2.0_SW/DRCPlatform/export/DRCPlatform/hw/DRC_Rev_2_0_QualTest_wrapper.xsa -mem-ranges [list {0x80000000 0xbfffffff} {0x400000000 0x5ffffffff} {0x1000000000 0x7fffffffff}] -regs
configparams force-mem-access 1
targets -set -nocase -filter {name =~"APU*"}
set mode [expr [mrd -value 0xFF5E0200] & 0xf]
targets -set -nocase -filter {name =~ "*A53*#0"}
rst -processor
dow C:/Xilinx/Projects/DRC_Rev2.0_Deliverables/Vitis2023.1/DRC_Rev2.0_SW/DRCPlatform/export/DRCPlatform/sw/DRCPlatform/boot/fsbl.elf
set bp_24_41_fsbl_bp [bpadd -addr &XFsbl_Exit]
con -block -timeout 60
bpremove $bp_24_41_fsbl_bp
targets -set -nocase -filter {name =~ "*A53*#0"}
rst -processor
dow C:/Xilinx/Projects/DRC_Rev2.0_Deliverables/Vitis2023.1/DRC_Rev2.0_SW/DRC_Rev2_0_Deliverables_Application/Debug/DRC_Rev2_0_Deliverables_Application.elf
configparams force-mem-access 0
----------------End of Script----------------

16:24:44 INFO  : Context for processor 'psu_cortexa53_0' is selected.
16:24:44 INFO  : 'con' command is executed.
16:24:44 INFO  : ----------------XSDB Script (After Launch)----------------
targets -set -nocase -filter {name =~ "*A53*#0"}
con
----------------End of Script----------------

16:24:44 INFO  : Launch script is exported to file 'C:\Xilinx\Projects\DRC_Rev2.0_Deliverables\DRC_Rev2.0_SW\DRC_Rev2_0_Deliverables_Application_system\_ide\scripts\systemdebugger_drc_rev2_0_deliverables_application_system_9_standalone.tcl'
16:38:46 INFO  : Checking for BSP changes to sync application flags for project 'DRC_Rev2_0_Deliverables_Application'...
16:38:58 INFO  : Disconnected from the channel tcfchan#12.
16:38:59 INFO  : Connected to target on host '127.0.0.1' and port '3121'.
16:38:59 INFO  : Jtag cable 'Digilent JTAG-HS3 210299BBCD36' is selected.
16:38:59 INFO  : 'jtag frequency' command is executed.
16:38:59 INFO  : Sourcing of 'C:/Xilinx/Vitis/2023.1/scripts/vitis/util/zynqmp_utils.tcl' is done.
16:38:59 INFO  : Context for 'APU' is selected.
16:38:59 INFO  : System reset is completed.
16:39:02 INFO  : 'after 3000' command is executed.
16:39:02 INFO  : 'targets -set -filter {jtag_cable_name =~ "Digilent JTAG-HS3 210299BBCD36" && level==0 && jtag_device_ctx=="jsn-JTAG-HS3-210299BBCD36-14710093-0"}' command is executed.
16:39:06 INFO  : Device configured successfully with "C:/Xilinx/Projects/DRC_Rev2.0_Deliverables/Vitis2023.1/DRC_Rev2.0_SW/DRC_Rev2_0_Deliverables_Application/_ide/bitstream/DRC_Rev_2_0_QualTest_wrapper.bit"
16:39:06 INFO  : Context for 'APU' is selected.
16:39:06 INFO  : Hardware design and registers information is loaded from 'C:/Xilinx/Projects/DRC_Rev2.0_Deliverables/Vitis2023.1/DRC_Rev2.0_SW/DRCPlatform/export/DRCPlatform/hw/DRC_Rev_2_0_QualTest_wrapper.xsa'.
16:39:06 INFO  : 'configparams force-mem-access 1' command is executed.
16:39:06 INFO  : Context for 'APU' is selected.
16:39:06 INFO  : Boot mode is read from the target.
16:39:06 INFO  : Context for processor 'psu_cortexa53_0' is selected.
16:39:06 INFO  : Processor reset is completed for 'psu_cortexa53_0'.
16:39:06 INFO  : The application 'C:/Xilinx/Projects/DRC_Rev2.0_Deliverables/Vitis2023.1/DRC_Rev2.0_SW/DRCPlatform/export/DRCPlatform/sw/DRCPlatform/boot/fsbl.elf' is downloaded to processor 'psu_cortexa53_0'.
16:39:08 INFO  : 'set bp_39_6_fsbl_bp [bpadd -addr &XFsbl_Exit]' command is executed.
16:39:09 INFO  : 'con -block -timeout 60' command is executed.
16:39:09 INFO  : 'bpremove $bp_39_6_fsbl_bp' command is executed.
16:39:09 INFO  : Context for processor 'psu_cortexa53_0' is selected.
16:39:09 INFO  : Processor reset is completed for 'psu_cortexa53_0'.
16:39:10 INFO  : The application 'C:/Xilinx/Projects/DRC_Rev2.0_Deliverables/Vitis2023.1/DRC_Rev2.0_SW/DRC_Rev2_0_Deliverables_Application/Debug/DRC_Rev2_0_Deliverables_Application.elf' is downloaded to processor 'psu_cortexa53_0'.
16:39:10 INFO  : 'configparams force-mem-access 0' command is executed.
16:39:10 INFO  : ----------------XSDB Script----------------
connect -url tcp:127.0.0.1:3121
source C:/Xilinx/Vitis/2023.1/scripts/vitis/util/zynqmp_utils.tcl
targets -set -nocase -filter {name =~"APU*"}
rst -system
after 3000
targets -set -filter {jtag_cable_name =~ "Digilent JTAG-HS3 210299BBCD36" && level==0 && jtag_device_ctx=="jsn-JTAG-HS3-210299BBCD36-14710093-0"}
fpga -file C:/Xilinx/Projects/DRC_Rev2.0_Deliverables/Vitis2023.1/DRC_Rev2.0_SW/DRC_Rev2_0_Deliverables_Application/_ide/bitstream/DRC_Rev_2_0_QualTest_wrapper.bit
targets -set -nocase -filter {name =~"APU*"}
loadhw -hw C:/Xilinx/Projects/DRC_Rev2.0_Deliverables/Vitis2023.1/DRC_Rev2.0_SW/DRCPlatform/export/DRCPlatform/hw/DRC_Rev_2_0_QualTest_wrapper.xsa -mem-ranges [list {0x80000000 0xbfffffff} {0x400000000 0x5ffffffff} {0x1000000000 0x7fffffffff}] -regs
configparams force-mem-access 1
targets -set -nocase -filter {name =~"APU*"}
set mode [expr [mrd -value 0xFF5E0200] & 0xf]
targets -set -nocase -filter {name =~ "*A53*#0"}
rst -processor
dow C:/Xilinx/Projects/DRC_Rev2.0_Deliverables/Vitis2023.1/DRC_Rev2.0_SW/DRCPlatform/export/DRCPlatform/sw/DRCPlatform/boot/fsbl.elf
set bp_39_6_fsbl_bp [bpadd -addr &XFsbl_Exit]
con -block -timeout 60
bpremove $bp_39_6_fsbl_bp
targets -set -nocase -filter {name =~ "*A53*#0"}
rst -processor
dow C:/Xilinx/Projects/DRC_Rev2.0_Deliverables/Vitis2023.1/DRC_Rev2.0_SW/DRC_Rev2_0_Deliverables_Application/Debug/DRC_Rev2_0_Deliverables_Application.elf
configparams force-mem-access 0
----------------End of Script----------------

16:39:10 INFO  : Context for processor 'psu_cortexa53_0' is selected.
16:39:10 INFO  : 'con' command is executed.
16:39:10 INFO  : ----------------XSDB Script (After Launch)----------------
targets -set -nocase -filter {name =~ "*A53*#0"}
con
----------------End of Script----------------

16:39:10 INFO  : Launch script is exported to file 'C:\Xilinx\Projects\DRC_Rev2.0_Deliverables\DRC_Rev2.0_SW\DRC_Rev2_0_Deliverables_Application_system\_ide\scripts\systemdebugger_drc_rev2_0_deliverables_application_system_9_standalone.tcl'
16:39:21 INFO  : Checking for BSP changes to sync application flags for project 'DRC_Rev2_0_Deliverables_Application'...
16:40:08 INFO  : Checking for BSP changes to sync application flags for project 'DRC_Rev2_0_Deliverables_Application'...
16:40:15 INFO  : Disconnected from the channel tcfchan#13.
16:40:15 INFO  : Connected to target on host '127.0.0.1' and port '3121'.
16:40:16 INFO  : Jtag cable 'Digilent JTAG-HS3 210299BBCD36' is selected.
16:40:16 INFO  : 'jtag frequency' command is executed.
16:40:16 INFO  : Sourcing of 'C:/Xilinx/Vitis/2023.1/scripts/vitis/util/zynqmp_utils.tcl' is done.
16:40:16 INFO  : Context for 'APU' is selected.
16:40:16 INFO  : System reset is completed.
16:40:19 INFO  : 'after 3000' command is executed.
16:40:19 INFO  : 'targets -set -filter {jtag_cable_name =~ "Digilent JTAG-HS3 210299BBCD36" && level==0 && jtag_device_ctx=="jsn-JTAG-HS3-210299BBCD36-14710093-0"}' command is executed.
16:40:22 INFO  : Device configured successfully with "C:/Xilinx/Projects/DRC_Rev2.0_Deliverables/Vitis2023.1/DRC_Rev2.0_SW/DRC_Rev2_0_Deliverables_Application/_ide/bitstream/DRC_Rev_2_0_QualTest_wrapper.bit"
16:40:22 INFO  : Context for 'APU' is selected.
16:40:22 INFO  : Hardware design and registers information is loaded from 'C:/Xilinx/Projects/DRC_Rev2.0_Deliverables/Vitis2023.1/DRC_Rev2.0_SW/DRCPlatform/export/DRCPlatform/hw/DRC_Rev_2_0_QualTest_wrapper.xsa'.
16:40:22 INFO  : 'configparams force-mem-access 1' command is executed.
16:40:22 INFO  : Context for 'APU' is selected.
16:40:22 INFO  : Boot mode is read from the target.
16:40:22 INFO  : Context for processor 'psu_cortexa53_0' is selected.
16:40:22 INFO  : Processor reset is completed for 'psu_cortexa53_0'.
16:40:23 INFO  : The application 'C:/Xilinx/Projects/DRC_Rev2.0_Deliverables/Vitis2023.1/DRC_Rev2.0_SW/DRCPlatform/export/DRCPlatform/sw/DRCPlatform/boot/fsbl.elf' is downloaded to processor 'psu_cortexa53_0'.
16:40:23 INFO  : 'set bp_40_23_fsbl_bp [bpadd -addr &XFsbl_Exit]' command is executed.
16:40:23 INFO  : 'con -block -timeout 60' command is executed.
16:40:23 INFO  : 'bpremove $bp_40_23_fsbl_bp' command is executed.
16:40:23 INFO  : Context for processor 'psu_cortexa53_0' is selected.
16:40:23 INFO  : Processor reset is completed for 'psu_cortexa53_0'.
16:40:24 INFO  : The application 'C:/Xilinx/Projects/DRC_Rev2.0_Deliverables/Vitis2023.1/DRC_Rev2.0_SW/DRC_Rev2_0_Deliverables_Application/Debug/DRC_Rev2_0_Deliverables_Application.elf' is downloaded to processor 'psu_cortexa53_0'.
16:40:24 INFO  : 'configparams force-mem-access 0' command is executed.
16:40:24 INFO  : ----------------XSDB Script----------------
connect -url tcp:127.0.0.1:3121
source C:/Xilinx/Vitis/2023.1/scripts/vitis/util/zynqmp_utils.tcl
targets -set -nocase -filter {name =~"APU*"}
rst -system
after 3000
targets -set -filter {jtag_cable_name =~ "Digilent JTAG-HS3 210299BBCD36" && level==0 && jtag_device_ctx=="jsn-JTAG-HS3-210299BBCD36-14710093-0"}
fpga -file C:/Xilinx/Projects/DRC_Rev2.0_Deliverables/Vitis2023.1/DRC_Rev2.0_SW/DRC_Rev2_0_Deliverables_Application/_ide/bitstream/DRC_Rev_2_0_QualTest_wrapper.bit
targets -set -nocase -filter {name =~"APU*"}
loadhw -hw C:/Xilinx/Projects/DRC_Rev2.0_Deliverables/Vitis2023.1/DRC_Rev2.0_SW/DRCPlatform/export/DRCPlatform/hw/DRC_Rev_2_0_QualTest_wrapper.xsa -mem-ranges [list {0x80000000 0xbfffffff} {0x400000000 0x5ffffffff} {0x1000000000 0x7fffffffff}] -regs
configparams force-mem-access 1
targets -set -nocase -filter {name =~"APU*"}
set mode [expr [mrd -value 0xFF5E0200] & 0xf]
targets -set -nocase -filter {name =~ "*A53*#0"}
rst -processor
dow C:/Xilinx/Projects/DRC_Rev2.0_Deliverables/Vitis2023.1/DRC_Rev2.0_SW/DRCPlatform/export/DRCPlatform/sw/DRCPlatform/boot/fsbl.elf
set bp_40_23_fsbl_bp [bpadd -addr &XFsbl_Exit]
con -block -timeout 60
bpremove $bp_40_23_fsbl_bp
targets -set -nocase -filter {name =~ "*A53*#0"}
rst -processor
dow C:/Xilinx/Projects/DRC_Rev2.0_Deliverables/Vitis2023.1/DRC_Rev2.0_SW/DRC_Rev2_0_Deliverables_Application/Debug/DRC_Rev2_0_Deliverables_Application.elf
configparams force-mem-access 0
----------------End of Script----------------

16:40:24 INFO  : Context for processor 'psu_cortexa53_0' is selected.
16:40:24 INFO  : 'con' command is executed.
16:40:24 INFO  : ----------------XSDB Script (After Launch)----------------
targets -set -nocase -filter {name =~ "*A53*#0"}
con
----------------End of Script----------------

16:40:24 INFO  : Launch script is exported to file 'C:\Xilinx\Projects\DRC_Rev2.0_Deliverables\DRC_Rev2.0_SW\DRC_Rev2_0_Deliverables_Application_system\_ide\scripts\systemdebugger_drc_rev2_0_deliverables_application_system_9_standalone.tcl'
16:41:31 INFO  : Checking for BSP changes to sync application flags for project 'DRC_Rev2_0_Deliverables_Application'...
16:41:39 INFO  : Disconnected from the channel tcfchan#14.
16:41:39 INFO  : Connected to target on host '127.0.0.1' and port '3121'.
16:41:39 INFO  : Jtag cable 'Digilent JTAG-HS3 210299BBCD36' is selected.
16:41:39 INFO  : 'jtag frequency' command is executed.
16:41:39 INFO  : Sourcing of 'C:/Xilinx/Vitis/2023.1/scripts/vitis/util/zynqmp_utils.tcl' is done.
16:41:39 INFO  : Context for 'APU' is selected.
16:41:40 INFO  : System reset is completed.
16:41:43 INFO  : 'after 3000' command is executed.
16:41:43 INFO  : 'targets -set -filter {jtag_cable_name =~ "Digilent JTAG-HS3 210299BBCD36" && level==0 && jtag_device_ctx=="jsn-JTAG-HS3-210299BBCD36-14710093-0"}' command is executed.
16:41:46 INFO  : Device configured successfully with "C:/Xilinx/Projects/DRC_Rev2.0_Deliverables/Vitis2023.1/DRC_Rev2.0_SW/DRC_Rev2_0_Deliverables_Application/_ide/bitstream/DRC_Rev_2_0_QualTest_wrapper.bit"
16:41:46 INFO  : Context for 'APU' is selected.
16:41:46 INFO  : Hardware design and registers information is loaded from 'C:/Xilinx/Projects/DRC_Rev2.0_Deliverables/Vitis2023.1/DRC_Rev2.0_SW/DRCPlatform/export/DRCPlatform/hw/DRC_Rev_2_0_QualTest_wrapper.xsa'.
16:41:46 INFO  : 'configparams force-mem-access 1' command is executed.
16:41:46 INFO  : Context for 'APU' is selected.
16:41:46 INFO  : Boot mode is read from the target.
16:41:46 INFO  : Context for processor 'psu_cortexa53_0' is selected.
16:41:46 INFO  : Processor reset is completed for 'psu_cortexa53_0'.
16:41:47 INFO  : The application 'C:/Xilinx/Projects/DRC_Rev2.0_Deliverables/Vitis2023.1/DRC_Rev2.0_SW/DRCPlatform/export/DRCPlatform/sw/DRCPlatform/boot/fsbl.elf' is downloaded to processor 'psu_cortexa53_0'.
16:41:47 INFO  : 'set bp_41_47_fsbl_bp [bpadd -addr &XFsbl_Exit]' command is executed.
16:41:48 INFO  : 'con -block -timeout 60' command is executed.
16:41:48 INFO  : 'bpremove $bp_41_47_fsbl_bp' command is executed.
16:41:48 INFO  : Context for processor 'psu_cortexa53_0' is selected.
16:41:48 INFO  : Processor reset is completed for 'psu_cortexa53_0'.
16:41:49 INFO  : The application 'C:/Xilinx/Projects/DRC_Rev2.0_Deliverables/Vitis2023.1/DRC_Rev2.0_SW/DRC_Rev2_0_Deliverables_Application/Debug/DRC_Rev2_0_Deliverables_Application.elf' is downloaded to processor 'psu_cortexa53_0'.
16:41:49 INFO  : 'configparams force-mem-access 0' command is executed.
16:41:49 INFO  : ----------------XSDB Script----------------
connect -url tcp:127.0.0.1:3121
source C:/Xilinx/Vitis/2023.1/scripts/vitis/util/zynqmp_utils.tcl
targets -set -nocase -filter {name =~"APU*"}
rst -system
after 3000
targets -set -filter {jtag_cable_name =~ "Digilent JTAG-HS3 210299BBCD36" && level==0 && jtag_device_ctx=="jsn-JTAG-HS3-210299BBCD36-14710093-0"}
fpga -file C:/Xilinx/Projects/DRC_Rev2.0_Deliverables/Vitis2023.1/DRC_Rev2.0_SW/DRC_Rev2_0_Deliverables_Application/_ide/bitstream/DRC_Rev_2_0_QualTest_wrapper.bit
targets -set -nocase -filter {name =~"APU*"}
loadhw -hw C:/Xilinx/Projects/DRC_Rev2.0_Deliverables/Vitis2023.1/DRC_Rev2.0_SW/DRCPlatform/export/DRCPlatform/hw/DRC_Rev_2_0_QualTest_wrapper.xsa -mem-ranges [list {0x80000000 0xbfffffff} {0x400000000 0x5ffffffff} {0x1000000000 0x7fffffffff}] -regs
configparams force-mem-access 1
targets -set -nocase -filter {name =~"APU*"}
set mode [expr [mrd -value 0xFF5E0200] & 0xf]
targets -set -nocase -filter {name =~ "*A53*#0"}
rst -processor
dow C:/Xilinx/Projects/DRC_Rev2.0_Deliverables/Vitis2023.1/DRC_Rev2.0_SW/DRCPlatform/export/DRCPlatform/sw/DRCPlatform/boot/fsbl.elf
set bp_41_47_fsbl_bp [bpadd -addr &XFsbl_Exit]
con -block -timeout 60
bpremove $bp_41_47_fsbl_bp
targets -set -nocase -filter {name =~ "*A53*#0"}
rst -processor
dow C:/Xilinx/Projects/DRC_Rev2.0_Deliverables/Vitis2023.1/DRC_Rev2.0_SW/DRC_Rev2_0_Deliverables_Application/Debug/DRC_Rev2_0_Deliverables_Application.elf
configparams force-mem-access 0
----------------End of Script----------------

16:41:49 INFO  : Context for processor 'psu_cortexa53_0' is selected.
16:41:50 INFO  : 'con' command is executed.
16:41:50 INFO  : ----------------XSDB Script (After Launch)----------------
targets -set -nocase -filter {name =~ "*A53*#0"}
con
----------------End of Script----------------

16:41:50 INFO  : Launch script is exported to file 'C:\Xilinx\Projects\DRC_Rev2.0_Deliverables\DRC_Rev2.0_SW\DRC_Rev2_0_Deliverables_Application_system\_ide\scripts\systemdebugger_drc_rev2_0_deliverables_application_system_9_standalone.tcl'
16:45:40 INFO  : Checking for BSP changes to sync application flags for project 'DRC_Rev2_0_Deliverables_Application'...
16:45:45 INFO  : Disconnected from the channel tcfchan#15.
16:45:45 INFO  : Connected to target on host '127.0.0.1' and port '3121'.
16:45:46 INFO  : Jtag cable 'Digilent JTAG-HS3 210299BBCD36' is selected.
16:45:46 INFO  : 'jtag frequency' command is executed.
16:45:46 INFO  : Sourcing of 'C:/Xilinx/Vitis/2023.1/scripts/vitis/util/zynqmp_utils.tcl' is done.
16:45:46 INFO  : Context for 'APU' is selected.
16:45:46 INFO  : System reset is completed.
16:45:49 INFO  : 'after 3000' command is executed.
16:45:49 INFO  : 'targets -set -filter {jtag_cable_name =~ "Digilent JTAG-HS3 210299BBCD36" && level==0 && jtag_device_ctx=="jsn-JTAG-HS3-210299BBCD36-14710093-0"}' command is executed.
16:45:52 INFO  : Device configured successfully with "C:/Xilinx/Projects/DRC_Rev2.0_Deliverables/Vitis2023.1/DRC_Rev2.0_SW/DRC_Rev2_0_Deliverables_Application/_ide/bitstream/DRC_Rev_2_0_QualTest_wrapper.bit"
16:45:52 INFO  : Context for 'APU' is selected.
16:45:52 INFO  : Hardware design and registers information is loaded from 'C:/Xilinx/Projects/DRC_Rev2.0_Deliverables/Vitis2023.1/DRC_Rev2.0_SW/DRCPlatform/export/DRCPlatform/hw/DRC_Rev_2_0_QualTest_wrapper.xsa'.
16:45:52 INFO  : 'configparams force-mem-access 1' command is executed.
16:45:52 INFO  : Context for 'APU' is selected.
16:45:52 INFO  : Boot mode is read from the target.
16:45:52 INFO  : Context for processor 'psu_cortexa53_0' is selected.
16:45:52 INFO  : Processor reset is completed for 'psu_cortexa53_0'.
16:45:53 INFO  : The application 'C:/Xilinx/Projects/DRC_Rev2.0_Deliverables/Vitis2023.1/DRC_Rev2.0_SW/DRCPlatform/export/DRCPlatform/sw/DRCPlatform/boot/fsbl.elf' is downloaded to processor 'psu_cortexa53_0'.
16:45:53 INFO  : 'set bp_45_53_fsbl_bp [bpadd -addr &XFsbl_Exit]' command is executed.
16:45:54 INFO  : 'con -block -timeout 60' command is executed.
16:45:54 INFO  : 'bpremove $bp_45_53_fsbl_bp' command is executed.
16:45:54 INFO  : Context for processor 'psu_cortexa53_0' is selected.
16:45:54 INFO  : Processor reset is completed for 'psu_cortexa53_0'.
16:45:55 INFO  : The application 'C:/Xilinx/Projects/DRC_Rev2.0_Deliverables/Vitis2023.1/DRC_Rev2.0_SW/DRC_Rev2_0_Deliverables_Application/Debug/DRC_Rev2_0_Deliverables_Application.elf' is downloaded to processor 'psu_cortexa53_0'.
16:45:55 INFO  : 'configparams force-mem-access 0' command is executed.
16:45:55 INFO  : ----------------XSDB Script----------------
connect -url tcp:127.0.0.1:3121
source C:/Xilinx/Vitis/2023.1/scripts/vitis/util/zynqmp_utils.tcl
targets -set -nocase -filter {name =~"APU*"}
rst -system
after 3000
targets -set -filter {jtag_cable_name =~ "Digilent JTAG-HS3 210299BBCD36" && level==0 && jtag_device_ctx=="jsn-JTAG-HS3-210299BBCD36-14710093-0"}
fpga -file C:/Xilinx/Projects/DRC_Rev2.0_Deliverables/Vitis2023.1/DRC_Rev2.0_SW/DRC_Rev2_0_Deliverables_Application/_ide/bitstream/DRC_Rev_2_0_QualTest_wrapper.bit
targets -set -nocase -filter {name =~"APU*"}
loadhw -hw C:/Xilinx/Projects/DRC_Rev2.0_Deliverables/Vitis2023.1/DRC_Rev2.0_SW/DRCPlatform/export/DRCPlatform/hw/DRC_Rev_2_0_QualTest_wrapper.xsa -mem-ranges [list {0x80000000 0xbfffffff} {0x400000000 0x5ffffffff} {0x1000000000 0x7fffffffff}] -regs
configparams force-mem-access 1
targets -set -nocase -filter {name =~"APU*"}
set mode [expr [mrd -value 0xFF5E0200] & 0xf]
targets -set -nocase -filter {name =~ "*A53*#0"}
rst -processor
dow C:/Xilinx/Projects/DRC_Rev2.0_Deliverables/Vitis2023.1/DRC_Rev2.0_SW/DRCPlatform/export/DRCPlatform/sw/DRCPlatform/boot/fsbl.elf
set bp_45_53_fsbl_bp [bpadd -addr &XFsbl_Exit]
con -block -timeout 60
bpremove $bp_45_53_fsbl_bp
targets -set -nocase -filter {name =~ "*A53*#0"}
rst -processor
dow C:/Xilinx/Projects/DRC_Rev2.0_Deliverables/Vitis2023.1/DRC_Rev2.0_SW/DRC_Rev2_0_Deliverables_Application/Debug/DRC_Rev2_0_Deliverables_Application.elf
configparams force-mem-access 0
----------------End of Script----------------

16:45:55 INFO  : Context for processor 'psu_cortexa53_0' is selected.
16:45:55 INFO  : 'con' command is executed.
16:45:55 INFO  : ----------------XSDB Script (After Launch)----------------
targets -set -nocase -filter {name =~ "*A53*#0"}
con
----------------End of Script----------------

16:45:55 INFO  : Launch script is exported to file 'C:\Xilinx\Projects\DRC_Rev2.0_Deliverables\DRC_Rev2.0_SW\DRC_Rev2_0_Deliverables_Application_system\_ide\scripts\systemdebugger_drc_rev2_0_deliverables_application_system_9_standalone.tcl'
17:05:04 INFO  : Checking for BSP changes to sync application flags for project 'DRC_Rev2_0_Deliverables_Application'...
17:05:17 INFO  : Disconnected from the channel tcfchan#16.
17:05:17 INFO  : Connected to target on host '127.0.0.1' and port '3121'.
17:05:17 INFO  : Jtag cable 'Digilent JTAG-HS3 210299BBCD36' is selected.
17:05:17 INFO  : 'jtag frequency' command is executed.
17:05:17 INFO  : Sourcing of 'C:/Xilinx/Vitis/2023.1/scripts/vitis/util/zynqmp_utils.tcl' is done.
17:05:17 INFO  : Context for 'APU' is selected.
17:05:18 INFO  : System reset is completed.
17:05:21 INFO  : 'after 3000' command is executed.
17:05:21 INFO  : 'targets -set -filter {jtag_cable_name =~ "Digilent JTAG-HS3 210299BBCD36" && level==0 && jtag_device_ctx=="jsn-JTAG-HS3-210299BBCD36-14710093-0"}' command is executed.
17:05:24 INFO  : Device configured successfully with "C:/Xilinx/Projects/DRC_Rev2.0_Deliverables/Vitis2023.1/DRC_Rev2.0_SW/DRC_Rev2_0_Deliverables_Application/_ide/bitstream/DRC_Rev_2_0_QualTest_wrapper.bit"
17:05:24 INFO  : Context for 'APU' is selected.
17:05:24 INFO  : Hardware design and registers information is loaded from 'C:/Xilinx/Projects/DRC_Rev2.0_Deliverables/Vitis2023.1/DRC_Rev2.0_SW/DRCPlatform/export/DRCPlatform/hw/DRC_Rev_2_0_QualTest_wrapper.xsa'.
17:05:24 INFO  : 'configparams force-mem-access 1' command is executed.
17:05:24 INFO  : Context for 'APU' is selected.
17:05:24 INFO  : Boot mode is read from the target.
17:05:24 INFO  : Context for processor 'psu_cortexa53_0' is selected.
17:05:24 INFO  : Processor reset is completed for 'psu_cortexa53_0'.
17:05:25 INFO  : The application 'C:/Xilinx/Projects/DRC_Rev2.0_Deliverables/Vitis2023.1/DRC_Rev2.0_SW/DRCPlatform/export/DRCPlatform/sw/DRCPlatform/boot/fsbl.elf' is downloaded to processor 'psu_cortexa53_0'.
17:05:25 INFO  : 'set bp_5_25_fsbl_bp [bpadd -addr &XFsbl_Exit]' command is executed.
17:05:25 INFO  : 'con -block -timeout 60' command is executed.
17:05:25 INFO  : 'bpremove $bp_5_25_fsbl_bp' command is executed.
17:05:25 INFO  : Context for processor 'psu_cortexa53_0' is selected.
17:05:25 INFO  : Processor reset is completed for 'psu_cortexa53_0'.
17:05:27 INFO  : The application 'C:/Xilinx/Projects/DRC_Rev2.0_Deliverables/Vitis2023.1/DRC_Rev2.0_SW/DRC_Rev2_0_Deliverables_Application/Debug/DRC_Rev2_0_Deliverables_Application.elf' is downloaded to processor 'psu_cortexa53_0'.
17:05:27 INFO  : 'configparams force-mem-access 0' command is executed.
17:05:27 INFO  : ----------------XSDB Script----------------
connect -url tcp:127.0.0.1:3121
source C:/Xilinx/Vitis/2023.1/scripts/vitis/util/zynqmp_utils.tcl
targets -set -nocase -filter {name =~"APU*"}
rst -system
after 3000
targets -set -filter {jtag_cable_name =~ "Digilent JTAG-HS3 210299BBCD36" && level==0 && jtag_device_ctx=="jsn-JTAG-HS3-210299BBCD36-14710093-0"}
fpga -file C:/Xilinx/Projects/DRC_Rev2.0_Deliverables/Vitis2023.1/DRC_Rev2.0_SW/DRC_Rev2_0_Deliverables_Application/_ide/bitstream/DRC_Rev_2_0_QualTest_wrapper.bit
targets -set -nocase -filter {name =~"APU*"}
loadhw -hw C:/Xilinx/Projects/DRC_Rev2.0_Deliverables/Vitis2023.1/DRC_Rev2.0_SW/DRCPlatform/export/DRCPlatform/hw/DRC_Rev_2_0_QualTest_wrapper.xsa -mem-ranges [list {0x80000000 0xbfffffff} {0x400000000 0x5ffffffff} {0x1000000000 0x7fffffffff}] -regs
configparams force-mem-access 1
targets -set -nocase -filter {name =~"APU*"}
set mode [expr [mrd -value 0xFF5E0200] & 0xf]
targets -set -nocase -filter {name =~ "*A53*#0"}
rst -processor
dow C:/Xilinx/Projects/DRC_Rev2.0_Deliverables/Vitis2023.1/DRC_Rev2.0_SW/DRCPlatform/export/DRCPlatform/sw/DRCPlatform/boot/fsbl.elf
set bp_5_25_fsbl_bp [bpadd -addr &XFsbl_Exit]
con -block -timeout 60
bpremove $bp_5_25_fsbl_bp
targets -set -nocase -filter {name =~ "*A53*#0"}
rst -processor
dow C:/Xilinx/Projects/DRC_Rev2.0_Deliverables/Vitis2023.1/DRC_Rev2.0_SW/DRC_Rev2_0_Deliverables_Application/Debug/DRC_Rev2_0_Deliverables_Application.elf
configparams force-mem-access 0
----------------End of Script----------------

17:05:27 INFO  : Context for processor 'psu_cortexa53_0' is selected.
17:05:27 INFO  : 'con' command is executed.
17:05:27 INFO  : ----------------XSDB Script (After Launch)----------------
targets -set -nocase -filter {name =~ "*A53*#0"}
con
----------------End of Script----------------

17:05:27 INFO  : Launch script is exported to file 'C:\Xilinx\Projects\DRC_Rev2.0_Deliverables\DRC_Rev2.0_SW\DRC_Rev2_0_Deliverables_Application_system\_ide\scripts\systemdebugger_drc_rev2_0_deliverables_application_system_9_standalone.tcl'
17:10:36 INFO  : Checking for BSP changes to sync application flags for project 'DRC_Rev2_0_Deliverables_Application'...
17:10:40 INFO  : Disconnected from the channel tcfchan#17.
17:10:40 INFO  : Connected to target on host '127.0.0.1' and port '3121'.
17:10:41 INFO  : Jtag cable 'Digilent JTAG-HS3 210299BBCD36' is selected.
17:10:41 INFO  : 'jtag frequency' command is executed.
17:10:41 INFO  : Sourcing of 'C:/Xilinx/Vitis/2023.1/scripts/vitis/util/zynqmp_utils.tcl' is done.
17:10:41 INFO  : Context for 'APU' is selected.
17:10:41 INFO  : System reset is completed.
17:10:44 INFO  : 'after 3000' command is executed.
17:10:44 INFO  : 'targets -set -filter {jtag_cable_name =~ "Digilent JTAG-HS3 210299BBCD36" && level==0 && jtag_device_ctx=="jsn-JTAG-HS3-210299BBCD36-14710093-0"}' command is executed.
17:10:47 INFO  : Device configured successfully with "C:/Xilinx/Projects/DRC_Rev2.0_Deliverables/Vitis2023.1/DRC_Rev2.0_SW/DRC_Rev2_0_Deliverables_Application/_ide/bitstream/DRC_Rev_2_0_QualTest_wrapper.bit"
17:10:47 INFO  : Context for 'APU' is selected.
17:10:47 INFO  : Hardware design and registers information is loaded from 'C:/Xilinx/Projects/DRC_Rev2.0_Deliverables/Vitis2023.1/DRC_Rev2.0_SW/DRCPlatform/export/DRCPlatform/hw/DRC_Rev_2_0_QualTest_wrapper.xsa'.
17:10:47 INFO  : 'configparams force-mem-access 1' command is executed.
17:10:47 INFO  : Context for 'APU' is selected.
17:10:47 INFO  : Boot mode is read from the target.
17:10:47 INFO  : Context for processor 'psu_cortexa53_0' is selected.
17:10:47 ERROR : No such stream: VS232
17:10:47 INFO  : ----------------XSDB Script----------------
connect -url tcp:127.0.0.1:3121
source C:/Xilinx/Vitis/2023.1/scripts/vitis/util/zynqmp_utils.tcl
targets -set -nocase -filter {name =~"APU*"}
rst -system
after 3000
targets -set -filter {jtag_cable_name =~ "Digilent JTAG-HS3 210299BBCD36" && level==0 && jtag_device_ctx=="jsn-JTAG-HS3-210299BBCD36-14710093-0"}
fpga -file C:/Xilinx/Projects/DRC_Rev2.0_Deliverables/Vitis2023.1/DRC_Rev2.0_SW/DRC_Rev2_0_Deliverables_Application/_ide/bitstream/DRC_Rev_2_0_QualTest_wrapper.bit
targets -set -nocase -filter {name =~"APU*"}
loadhw -hw C:/Xilinx/Projects/DRC_Rev2.0_Deliverables/Vitis2023.1/DRC_Rev2.0_SW/DRCPlatform/export/DRCPlatform/hw/DRC_Rev_2_0_QualTest_wrapper.xsa -mem-ranges [list {0x80000000 0xbfffffff} {0x400000000 0x5ffffffff} {0x1000000000 0x7fffffffff}] -regs
configparams force-mem-access 1
targets -set -nocase -filter {name =~"APU*"}
set mode [expr [mrd -value 0xFF5E0200] & 0xf]
targets -set -nocase -filter {name =~ "*A53*#0"}
rst -processor
----------------End of Script----------------

17:10:47 ERROR : No such stream: VS232
17:11:02 INFO  : Connected to target on host '127.0.0.1' and port '3121'.
17:11:02 INFO  : Jtag cable 'Digilent JTAG-HS3 210299BBCD36' is selected.
17:11:02 INFO  : 'jtag frequency' command is executed.
17:11:02 INFO  : Sourcing of 'C:/Xilinx/Vitis/2023.1/scripts/vitis/util/zynqmp_utils.tcl' is done.
17:11:03 INFO  : Context for 'APU' is selected.
17:11:03 INFO  : System reset is completed.
17:11:06 INFO  : 'after 3000' command is executed.
17:11:06 INFO  : 'targets -set -filter {jtag_cable_name =~ "Digilent JTAG-HS3 210299BBCD36" && level==0 && jtag_device_ctx=="jsn-JTAG-HS3-210299BBCD36-14710093-0"}' command is executed.
17:11:09 INFO  : Device configured successfully with "C:/Xilinx/Projects/DRC_Rev2.0_Deliverables/Vitis2023.1/DRC_Rev2.0_SW/DRC_Rev2_0_Deliverables_Application/_ide/bitstream/DRC_Rev_2_0_QualTest_wrapper.bit"
17:11:09 INFO  : Context for 'APU' is selected.
17:11:09 INFO  : Hardware design and registers information is loaded from 'C:/Xilinx/Projects/DRC_Rev2.0_Deliverables/Vitis2023.1/DRC_Rev2.0_SW/DRCPlatform/export/DRCPlatform/hw/DRC_Rev_2_0_QualTest_wrapper.xsa'.
17:11:09 INFO  : 'configparams force-mem-access 1' command is executed.
17:11:09 INFO  : Context for 'APU' is selected.
17:11:09 INFO  : Boot mode is read from the target.
17:11:09 INFO  : Context for processor 'psu_cortexa53_0' is selected.
17:11:10 INFO  : Processor reset is completed for 'psu_cortexa53_0'.
17:11:10 INFO  : The application 'C:/Xilinx/Projects/DRC_Rev2.0_Deliverables/Vitis2023.1/DRC_Rev2.0_SW/DRCPlatform/export/DRCPlatform/sw/DRCPlatform/boot/fsbl.elf' is downloaded to processor 'psu_cortexa53_0'.
17:11:10 INFO  : 'set bp_11_10_fsbl_bp [bpadd -addr &XFsbl_Exit]' command is executed.
17:11:10 INFO  : 'con -block -timeout 60' command is executed.
17:11:10 INFO  : 'bpremove $bp_11_10_fsbl_bp' command is executed.
17:11:10 INFO  : Context for processor 'psu_cortexa53_0' is selected.
17:11:11 INFO  : Processor reset is completed for 'psu_cortexa53_0'.
17:11:12 INFO  : The application 'C:/Xilinx/Projects/DRC_Rev2.0_Deliverables/Vitis2023.1/DRC_Rev2.0_SW/DRC_Rev2_0_Deliverables_Application/Debug/DRC_Rev2_0_Deliverables_Application.elf' is downloaded to processor 'psu_cortexa53_0'.
17:11:12 INFO  : 'configparams force-mem-access 0' command is executed.
17:11:12 INFO  : ----------------XSDB Script----------------
connect -url tcp:127.0.0.1:3121
source C:/Xilinx/Vitis/2023.1/scripts/vitis/util/zynqmp_utils.tcl
targets -set -nocase -filter {name =~"APU*"}
rst -system
after 3000
targets -set -filter {jtag_cable_name =~ "Digilent JTAG-HS3 210299BBCD36" && level==0 && jtag_device_ctx=="jsn-JTAG-HS3-210299BBCD36-14710093-0"}
fpga -file C:/Xilinx/Projects/DRC_Rev2.0_Deliverables/Vitis2023.1/DRC_Rev2.0_SW/DRC_Rev2_0_Deliverables_Application/_ide/bitstream/DRC_Rev_2_0_QualTest_wrapper.bit
targets -set -nocase -filter {name =~"APU*"}
loadhw -hw C:/Xilinx/Projects/DRC_Rev2.0_Deliverables/Vitis2023.1/DRC_Rev2.0_SW/DRCPlatform/export/DRCPlatform/hw/DRC_Rev_2_0_QualTest_wrapper.xsa -mem-ranges [list {0x80000000 0xbfffffff} {0x400000000 0x5ffffffff} {0x1000000000 0x7fffffffff}] -regs
configparams force-mem-access 1
targets -set -nocase -filter {name =~"APU*"}
set mode [expr [mrd -value 0xFF5E0200] & 0xf]
targets -set -nocase -filter {name =~ "*A53*#0"}
rst -processor
dow C:/Xilinx/Projects/DRC_Rev2.0_Deliverables/Vitis2023.1/DRC_Rev2.0_SW/DRCPlatform/export/DRCPlatform/sw/DRCPlatform/boot/fsbl.elf
set bp_11_10_fsbl_bp [bpadd -addr &XFsbl_Exit]
con -block -timeout 60
bpremove $bp_11_10_fsbl_bp
targets -set -nocase -filter {name =~ "*A53*#0"}
rst -processor
dow C:/Xilinx/Projects/DRC_Rev2.0_Deliverables/Vitis2023.1/DRC_Rev2.0_SW/DRC_Rev2_0_Deliverables_Application/Debug/DRC_Rev2_0_Deliverables_Application.elf
configparams force-mem-access 0
----------------End of Script----------------

17:11:12 INFO  : Context for processor 'psu_cortexa53_0' is selected.
17:11:12 INFO  : 'con' command is executed.
17:11:12 INFO  : ----------------XSDB Script (After Launch)----------------
targets -set -nocase -filter {name =~ "*A53*#0"}
con
----------------End of Script----------------

17:11:12 INFO  : Launch script is exported to file 'C:\Xilinx\Projects\DRC_Rev2.0_Deliverables\DRC_Rev2.0_SW\DRC_Rev2_0_Deliverables_Application_system\_ide\scripts\systemdebugger_drc_rev2_0_deliverables_application_system_9_standalone.tcl'
17:27:40 INFO  : Checking for BSP changes to sync application flags for project 'DRC_Rev2_0_Deliverables_Application'...
17:28:08 ERROR : (XSDB Server)channel "tcfchan#18" closed

17:28:09 ERROR : (XSDB Server)channel "tcfchan#18" closed

17:28:15 ERROR : (XSDB Server)Invalid context

17:28:24 ERROR : (XSDB Server)Invalid context

17:31:44 DEBUG : Logs will be stored at 'C:/Xilinx/Projects/DRC_Rev2.0_Deliverables/DRC_Rev2.0_SW/IDE.log'.
17:31:45 INFO  : Launching XSCT server: xsct.bat -n  -interactive C:\Xilinx\Projects\DRC_Rev2.0_Deliverables\DRC_Rev2.0_SW\temp_xsdb_launch_script.tcl
17:31:47 INFO  : XSCT server has started successfully.
17:31:47 INFO  : Successfully done setting XSCT server connection channel  
17:31:47 INFO  : plnx-install-location is set to ''
17:31:47 INFO  : Successfully done setting workspace for the tool. 
17:31:48 INFO  : Platform repository initialization has completed.
17:31:53 INFO  : Successfully done query RDI_DATADIR 
17:31:54 INFO  : Registering command handlers for Vitis TCF services
17:34:20 DEBUG : Logs will be stored at 'C:/Xilinx/Projects/DRC_Rev2.0_Deliverables/DRC_Rev2.0_SW/IDE.log'.
17:34:21 INFO  : Launching XSCT server: xsct.bat -n  -interactive C:\Xilinx\Projects\DRC_Rev2.0_Deliverables\DRC_Rev2.0_SW\temp_xsdb_launch_script.tcl
17:34:23 INFO  : XSCT server has started successfully.
17:34:23 INFO  : Successfully done setting XSCT server connection channel  
17:34:23 INFO  : plnx-install-location is set to ''
17:34:23 INFO  : Successfully done setting workspace for the tool. 
17:34:25 INFO  : Registering command handlers for Vitis TCF services
17:34:25 INFO  : Successfully done query RDI_DATADIR 
17:34:25 INFO  : Platform repository initialization has completed.
17:34:44 ERROR : (XSDB Server)Invalid target. Use "connect" command to connect to hw_server/TCF agent

17:50:57 INFO  : Connected to target on host '127.0.0.1' and port '3121'.
17:50:57 INFO  : Jtag cable 'Digilent JTAG-HS3 210299BBCD36' is selected.
17:50:57 INFO  : 'jtag frequency' command is executed.
17:50:57 INFO  : Sourcing of 'C:/Xilinx/Vitis/2023.1/scripts/vitis/util/zynqmp_utils.tcl' is done.
17:50:57 INFO  : Context for 'APU' is selected.
17:50:58 INFO  : System reset is completed.
17:51:01 INFO  : 'after 3000' command is executed.
17:51:01 INFO  : 'targets -set -filter {jtag_cable_name =~ "Digilent JTAG-HS3 210299BBCD36" && level==0 && jtag_device_ctx=="jsn-JTAG-HS3-210299BBCD36-14710093-0"}' command is executed.
17:51:05 INFO  : Device configured successfully with "C:/Xilinx/Projects/DRC_Rev2.0_Deliverables/Vitis2023.1/DRC_Rev2.0_SW/DRC_Rev2_0_Deliverables_Application/_ide/bitstream/DRC_Rev_2_0_QualTest_wrapper.bit"
17:51:05 INFO  : Context for 'APU' is selected.
17:51:05 INFO  : Hardware design and registers information is loaded from 'C:/Xilinx/Projects/DRC_Rev2.0_Deliverables/Vitis2023.1/DRC_Rev2.0_SW/DRCPlatform/export/DRCPlatform/hw/DRC_Rev_2_0_QualTest_wrapper.xsa'.
17:51:05 INFO  : 'configparams force-mem-access 1' command is executed.
17:51:05 INFO  : Context for 'APU' is selected.
17:51:05 INFO  : Boot mode is read from the target.
17:51:05 INFO  : Context for processor 'psu_cortexa53_0' is selected.
17:51:06 INFO  : Processor reset is completed for 'psu_cortexa53_0'.
17:51:06 INFO  : The application 'C:/Xilinx/Projects/DRC_Rev2.0_Deliverables/Vitis2023.1/DRC_Rev2.0_SW/DRCPlatform/export/DRCPlatform/sw/DRCPlatform/boot/fsbl.elf' is downloaded to processor 'psu_cortexa53_0'.
17:51:06 INFO  : 'set bp_51_6_fsbl_bp [bpadd -addr &XFsbl_Exit]' command is executed.
17:51:07 INFO  : 'con -block -timeout 60' command is executed.
17:51:07 INFO  : 'bpremove $bp_51_6_fsbl_bp' command is executed.
17:51:07 INFO  : Context for processor 'psu_cortexa53_0' is selected.
17:51:07 INFO  : Processor reset is completed for 'psu_cortexa53_0'.
17:51:08 INFO  : The application 'C:/Xilinx/Projects/DRC_Rev2.0_Deliverables/Vitis2023.1/DRC_Rev2.0_SW/DRC_Rev2_0_Deliverables_Application/Debug/DRC_Rev2_0_Deliverables_Application.elf' is downloaded to processor 'psu_cortexa53_0'.
17:51:08 INFO  : 'configparams force-mem-access 0' command is executed.
17:51:08 INFO  : ----------------XSDB Script----------------
connect -url tcp:127.0.0.1:3121
source C:/Xilinx/Vitis/2023.1/scripts/vitis/util/zynqmp_utils.tcl
targets -set -nocase -filter {name =~"APU*"}
rst -system
after 3000
targets -set -filter {jtag_cable_name =~ "Digilent JTAG-HS3 210299BBCD36" && level==0 && jtag_device_ctx=="jsn-JTAG-HS3-210299BBCD36-14710093-0"}
fpga -file C:/Xilinx/Projects/DRC_Rev2.0_Deliverables/Vitis2023.1/DRC_Rev2.0_SW/DRC_Rev2_0_Deliverables_Application/_ide/bitstream/DRC_Rev_2_0_QualTest_wrapper.bit
targets -set -nocase -filter {name =~"APU*"}
loadhw -hw C:/Xilinx/Projects/DRC_Rev2.0_Deliverables/Vitis2023.1/DRC_Rev2.0_SW/DRCPlatform/export/DRCPlatform/hw/DRC_Rev_2_0_QualTest_wrapper.xsa -mem-ranges [list {0x80000000 0xbfffffff} {0x400000000 0x5ffffffff} {0x1000000000 0x7fffffffff}] -regs
configparams force-mem-access 1
targets -set -nocase -filter {name =~"APU*"}
set mode [expr [mrd -value 0xFF5E0200] & 0xf]
targets -set -nocase -filter {name =~ "*A53*#0"}
rst -processor
dow C:/Xilinx/Projects/DRC_Rev2.0_Deliverables/Vitis2023.1/DRC_Rev2.0_SW/DRCPlatform/export/DRCPlatform/sw/DRCPlatform/boot/fsbl.elf
set bp_51_6_fsbl_bp [bpadd -addr &XFsbl_Exit]
con -block -timeout 60
bpremove $bp_51_6_fsbl_bp
targets -set -nocase -filter {name =~ "*A53*#0"}
rst -processor
dow C:/Xilinx/Projects/DRC_Rev2.0_Deliverables/Vitis2023.1/DRC_Rev2.0_SW/DRC_Rev2_0_Deliverables_Application/Debug/DRC_Rev2_0_Deliverables_Application.elf
configparams force-mem-access 0
----------------End of Script----------------

17:51:08 INFO  : Context for processor 'psu_cortexa53_0' is selected.
17:51:08 INFO  : 'con' command is executed.
17:51:08 INFO  : ----------------XSDB Script (After Launch)----------------
targets -set -nocase -filter {name =~ "*A53*#0"}
con
----------------End of Script----------------

17:51:08 INFO  : Launch script is exported to file 'C:\Xilinx\Projects\DRC_Rev2.0_Deliverables\DRC_Rev2.0_SW\DRC_Rev2_0_Deliverables_Application_system\_ide\scripts\systemdebugger_drc_rev2_0_deliverables_application_system_9_standalone.tcl'
17:52:35 INFO  : Checking for BSP changes to sync application flags for project 'DRC_Rev2_0_Deliverables_Application'...
17:52:42 INFO  : Disconnected from the channel tcfchan#1.
17:52:43 INFO  : Connected to target on host '127.0.0.1' and port '3121'.
17:52:48 ERROR : (XSDB Server)No such stream: VS16

17:52:52 INFO  : ----------------XSDB Script----------------
connect -url tcp:127.0.0.1:3121
----------------End of Script----------------

17:52:52 ERROR : Could not find ARM device on the board for connection 'Local'.
Check if the target is in:
1. Split JTAG - No operations are possible with ARM DAP.
2. Non JTAG bootmode - Bootrom may need time to enable DAP.
Please try again.


Troubleshooting hints:
1. Check whether board is connected to system properly.
2. In case of zynq board, check whether Digilent/Xilinx cable switch settings are correct.
3. If you are using Xilinx Platform Cable USB, ensure that status LED is green.
17:52:59 INFO  : Connected to target on host '127.0.0.1' and port '3121'.
17:52:59 INFO  : Jtag cable 'Digilent JTAG-HS3 210299BBCD36' is selected.
17:52:59 INFO  : 'jtag frequency' command is executed.
17:52:59 INFO  : Sourcing of 'C:/Xilinx/Vitis/2023.1/scripts/vitis/util/zynqmp_utils.tcl' is done.
17:52:59 INFO  : Context for 'APU' is selected.
17:53:00 INFO  : System reset is completed.
17:53:03 INFO  : 'after 3000' command is executed.
17:53:03 INFO  : 'targets -set -filter {jtag_cable_name =~ "Digilent JTAG-HS3 210299BBCD36" && level==0 && jtag_device_ctx=="jsn-JTAG-HS3-210299BBCD36-14710093-0"}' command is executed.
17:53:06 INFO  : Device configured successfully with "C:/Xilinx/Projects/DRC_Rev2.0_Deliverables/Vitis2023.1/DRC_Rev2.0_SW/DRC_Rev2_0_Deliverables_Application/_ide/bitstream/DRC_Rev_2_0_QualTest_wrapper.bit"
17:53:06 INFO  : Context for 'APU' is selected.
17:53:12 INFO  : Hardware design and registers information is loaded from 'C:/Xilinx/Projects/DRC_Rev2.0_Deliverables/Vitis2023.1/DRC_Rev2.0_SW/DRCPlatform/export/DRCPlatform/hw/DRC_Rev_2_0_QualTest_wrapper.xsa'.
17:53:12 INFO  : 'configparams force-mem-access 1' command is executed.
17:53:12 INFO  : Context for 'APU' is selected.
17:53:12 INFO  : Boot mode is read from the target.
17:53:12 INFO  : Context for processor 'psu_cortexa53_0' is selected.
17:53:12 INFO  : Processor reset is completed for 'psu_cortexa53_0'.
17:53:13 INFO  : The application 'C:/Xilinx/Projects/DRC_Rev2.0_Deliverables/Vitis2023.1/DRC_Rev2.0_SW/DRCPlatform/export/DRCPlatform/sw/DRCPlatform/boot/fsbl.elf' is downloaded to processor 'psu_cortexa53_0'.
17:53:13 INFO  : 'set bp_53_13_fsbl_bp [bpadd -addr &XFsbl_Exit]' command is executed.
17:53:13 INFO  : 'con -block -timeout 60' command is executed.
17:53:13 INFO  : 'bpremove $bp_53_13_fsbl_bp' command is executed.
17:53:13 INFO  : Context for processor 'psu_cortexa53_0' is selected.
17:53:13 INFO  : Processor reset is completed for 'psu_cortexa53_0'.
17:53:15 INFO  : The application 'C:/Xilinx/Projects/DRC_Rev2.0_Deliverables/Vitis2023.1/DRC_Rev2.0_SW/DRC_Rev2_0_Deliverables_Application/Debug/DRC_Rev2_0_Deliverables_Application.elf' is downloaded to processor 'psu_cortexa53_0'.
17:53:15 INFO  : 'configparams force-mem-access 0' command is executed.
17:53:15 INFO  : ----------------XSDB Script----------------
connect -url tcp:127.0.0.1:3121
source C:/Xilinx/Vitis/2023.1/scripts/vitis/util/zynqmp_utils.tcl
targets -set -nocase -filter {name =~"APU*"}
rst -system
after 3000
targets -set -filter {jtag_cable_name =~ "Digilent JTAG-HS3 210299BBCD36" && level==0 && jtag_device_ctx=="jsn-JTAG-HS3-210299BBCD36-14710093-0"}
fpga -file C:/Xilinx/Projects/DRC_Rev2.0_Deliverables/Vitis2023.1/DRC_Rev2.0_SW/DRC_Rev2_0_Deliverables_Application/_ide/bitstream/DRC_Rev_2_0_QualTest_wrapper.bit
targets -set -nocase -filter {name =~"APU*"}
loadhw -hw C:/Xilinx/Projects/DRC_Rev2.0_Deliverables/Vitis2023.1/DRC_Rev2.0_SW/DRCPlatform/export/DRCPlatform/hw/DRC_Rev_2_0_QualTest_wrapper.xsa -mem-ranges [list {0x80000000 0xbfffffff} {0x400000000 0x5ffffffff} {0x1000000000 0x7fffffffff}] -regs
configparams force-mem-access 1
targets -set -nocase -filter {name =~"APU*"}
set mode [expr [mrd -value 0xFF5E0200] & 0xf]
targets -set -nocase -filter {name =~ "*A53*#0"}
rst -processor
dow C:/Xilinx/Projects/DRC_Rev2.0_Deliverables/Vitis2023.1/DRC_Rev2.0_SW/DRCPlatform/export/DRCPlatform/sw/DRCPlatform/boot/fsbl.elf
set bp_53_13_fsbl_bp [bpadd -addr &XFsbl_Exit]
con -block -timeout 60
bpremove $bp_53_13_fsbl_bp
targets -set -nocase -filter {name =~ "*A53*#0"}
rst -processor
dow C:/Xilinx/Projects/DRC_Rev2.0_Deliverables/Vitis2023.1/DRC_Rev2.0_SW/DRC_Rev2_0_Deliverables_Application/Debug/DRC_Rev2_0_Deliverables_Application.elf
configparams force-mem-access 0
----------------End of Script----------------

17:53:15 INFO  : Context for processor 'psu_cortexa53_0' is selected.
17:53:15 INFO  : 'con' command is executed.
17:53:15 INFO  : ----------------XSDB Script (After Launch)----------------
targets -set -nocase -filter {name =~ "*A53*#0"}
con
----------------End of Script----------------

17:53:15 INFO  : Launch script is exported to file 'C:\Xilinx\Projects\DRC_Rev2.0_Deliverables\DRC_Rev2.0_SW\DRC_Rev2_0_Deliverables_Application_system\_ide\scripts\systemdebugger_drc_rev2_0_deliverables_application_system_9_standalone.tcl'
17:58:28 INFO  : Checking for BSP changes to sync application flags for project 'DRC_Rev2_0_Deliverables_Application'...
17:59:11 INFO  : Checking for BSP changes to sync application flags for project 'DRC_Rev2_0_Deliverables_Application'...
17:59:22 INFO  : Disconnected from the channel tcfchan#3.
17:59:22 INFO  : Connected to target on host '127.0.0.1' and port '3121'.
17:59:23 INFO  : Jtag cable 'Digilent JTAG-HS3 210299BBCD36' is selected.
17:59:23 INFO  : 'jtag frequency' command is executed.
17:59:23 INFO  : Sourcing of 'C:/Xilinx/Vitis/2023.1/scripts/vitis/util/zynqmp_utils.tcl' is done.
17:59:23 INFO  : Context for 'APU' is selected.
17:59:23 INFO  : System reset is completed.
17:59:26 INFO  : 'after 3000' command is executed.
17:59:26 INFO  : 'targets -set -filter {jtag_cable_name =~ "Digilent JTAG-HS3 210299BBCD36" && level==0 && jtag_device_ctx=="jsn-JTAG-HS3-210299BBCD36-14710093-0"}' command is executed.
17:59:30 INFO  : Device configured successfully with "C:/Xilinx/Projects/DRC_Rev2.0_Deliverables/Vitis2023.1/DRC_Rev2.0_SW/DRC_Rev2_0_Deliverables_Application/_ide/bitstream/DRC_Rev_2_0_QualTest_wrapper.bit"
17:59:30 INFO  : Context for 'APU' is selected.
17:59:36 INFO  : Hardware design and registers information is loaded from 'C:/Xilinx/Projects/DRC_Rev2.0_Deliverables/Vitis2023.1/DRC_Rev2.0_SW/DRCPlatform/export/DRCPlatform/hw/DRC_Rev_2_0_QualTest_wrapper.xsa'.
17:59:36 INFO  : 'configparams force-mem-access 1' command is executed.
17:59:36 INFO  : Context for 'APU' is selected.
17:59:36 INFO  : Boot mode is read from the target.
17:59:36 INFO  : Context for processor 'psu_cortexa53_0' is selected.
17:59:36 INFO  : Processor reset is completed for 'psu_cortexa53_0'.
17:59:37 INFO  : The application 'C:/Xilinx/Projects/DRC_Rev2.0_Deliverables/Vitis2023.1/DRC_Rev2.0_SW/DRCPlatform/export/DRCPlatform/sw/DRCPlatform/boot/fsbl.elf' is downloaded to processor 'psu_cortexa53_0'.
17:59:37 INFO  : 'set bp_59_37_fsbl_bp [bpadd -addr &XFsbl_Exit]' command is executed.
17:59:38 INFO  : 'con -block -timeout 60' command is executed.
17:59:38 INFO  : 'bpremove $bp_59_37_fsbl_bp' command is executed.
17:59:38 INFO  : Context for processor 'psu_cortexa53_0' is selected.
17:59:38 INFO  : Processor reset is completed for 'psu_cortexa53_0'.
17:59:40 INFO  : The application 'C:/Xilinx/Projects/DRC_Rev2.0_Deliverables/Vitis2023.1/DRC_Rev2.0_SW/DRC_Rev2_0_Deliverables_Application/Debug/DRC_Rev2_0_Deliverables_Application.elf' is downloaded to processor 'psu_cortexa53_0'.
17:59:40 INFO  : 'configparams force-mem-access 0' command is executed.
17:59:40 INFO  : ----------------XSDB Script----------------
connect -url tcp:127.0.0.1:3121
source C:/Xilinx/Vitis/2023.1/scripts/vitis/util/zynqmp_utils.tcl
targets -set -nocase -filter {name =~"APU*"}
rst -system
after 3000
targets -set -filter {jtag_cable_name =~ "Digilent JTAG-HS3 210299BBCD36" && level==0 && jtag_device_ctx=="jsn-JTAG-HS3-210299BBCD36-14710093-0"}
fpga -file C:/Xilinx/Projects/DRC_Rev2.0_Deliverables/Vitis2023.1/DRC_Rev2.0_SW/DRC_Rev2_0_Deliverables_Application/_ide/bitstream/DRC_Rev_2_0_QualTest_wrapper.bit
targets -set -nocase -filter {name =~"APU*"}
loadhw -hw C:/Xilinx/Projects/DRC_Rev2.0_Deliverables/Vitis2023.1/DRC_Rev2.0_SW/DRCPlatform/export/DRCPlatform/hw/DRC_Rev_2_0_QualTest_wrapper.xsa -mem-ranges [list {0x80000000 0xbfffffff} {0x400000000 0x5ffffffff} {0x1000000000 0x7fffffffff}] -regs
configparams force-mem-access 1
targets -set -nocase -filter {name =~"APU*"}
set mode [expr [mrd -value 0xFF5E0200] & 0xf]
targets -set -nocase -filter {name =~ "*A53*#0"}
rst -processor
dow C:/Xilinx/Projects/DRC_Rev2.0_Deliverables/Vitis2023.1/DRC_Rev2.0_SW/DRCPlatform/export/DRCPlatform/sw/DRCPlatform/boot/fsbl.elf
set bp_59_37_fsbl_bp [bpadd -addr &XFsbl_Exit]
con -block -timeout 60
bpremove $bp_59_37_fsbl_bp
targets -set -nocase -filter {name =~ "*A53*#0"}
rst -processor
dow C:/Xilinx/Projects/DRC_Rev2.0_Deliverables/Vitis2023.1/DRC_Rev2.0_SW/DRC_Rev2_0_Deliverables_Application/Debug/DRC_Rev2_0_Deliverables_Application.elf
configparams force-mem-access 0
----------------End of Script----------------

17:59:40 INFO  : Context for processor 'psu_cortexa53_0' is selected.
17:59:40 INFO  : 'con' command is executed.
17:59:40 INFO  : ----------------XSDB Script (After Launch)----------------
targets -set -nocase -filter {name =~ "*A53*#0"}
con
----------------End of Script----------------

17:59:40 INFO  : Launch script is exported to file 'C:\Xilinx\Projects\DRC_Rev2.0_Deliverables\DRC_Rev2.0_SW\DRC_Rev2_0_Deliverables_Application_system\_ide\scripts\systemdebugger_drc_rev2_0_deliverables_application_system_9_standalone.tcl'
18:04:29 INFO  : Checking for BSP changes to sync application flags for project 'DRC_Rev2_0_Deliverables_Application'...
18:04:35 INFO  : Disconnected from the channel tcfchan#6.
18:04:35 INFO  : Connected to target on host '127.0.0.1' and port '3121'.
18:04:35 INFO  : Jtag cable 'Digilent JTAG-HS3 210299BBCD36' is selected.
18:04:35 INFO  : 'jtag frequency' command is executed.
18:04:35 INFO  : Sourcing of 'C:/Xilinx/Vitis/2023.1/scripts/vitis/util/zynqmp_utils.tcl' is done.
18:04:35 INFO  : Context for 'APU' is selected.
18:04:36 INFO  : System reset is completed.
18:04:39 INFO  : 'after 3000' command is executed.
18:04:39 INFO  : 'targets -set -filter {jtag_cable_name =~ "Digilent JTAG-HS3 210299BBCD36" && level==0 && jtag_device_ctx=="jsn-JTAG-HS3-210299BBCD36-14710093-0"}' command is executed.
18:04:42 INFO  : Device configured successfully with "C:/Xilinx/Projects/DRC_Rev2.0_Deliverables/Vitis2023.1/DRC_Rev2.0_SW/DRC_Rev2_0_Deliverables_Application/_ide/bitstream/DRC_Rev_2_0_QualTest_wrapper.bit"
18:04:42 INFO  : Context for 'APU' is selected.
18:04:48 INFO  : Hardware design and registers information is loaded from 'C:/Xilinx/Projects/DRC_Rev2.0_Deliverables/Vitis2023.1/DRC_Rev2.0_SW/DRCPlatform/export/DRCPlatform/hw/DRC_Rev_2_0_QualTest_wrapper.xsa'.
18:04:48 INFO  : 'configparams force-mem-access 1' command is executed.
18:04:48 INFO  : Context for 'APU' is selected.
18:04:48 INFO  : Boot mode is read from the target.
18:04:48 INFO  : Context for processor 'psu_cortexa53_0' is selected.
18:04:49 INFO  : Processor reset is completed for 'psu_cortexa53_0'.
18:04:49 INFO  : The application 'C:/Xilinx/Projects/DRC_Rev2.0_Deliverables/Vitis2023.1/DRC_Rev2.0_SW/DRCPlatform/export/DRCPlatform/sw/DRCPlatform/boot/fsbl.elf' is downloaded to processor 'psu_cortexa53_0'.
18:04:49 INFO  : 'set bp_4_49_fsbl_bp [bpadd -addr &XFsbl_Exit]' command is executed.
18:04:51 INFO  : 'con -block -timeout 60' command is executed.
18:04:51 INFO  : 'bpremove $bp_4_49_fsbl_bp' command is executed.
18:04:51 INFO  : Context for processor 'psu_cortexa53_0' is selected.
18:04:51 INFO  : Processor reset is completed for 'psu_cortexa53_0'.
18:04:52 INFO  : The application 'C:/Xilinx/Projects/DRC_Rev2.0_Deliverables/Vitis2023.1/DRC_Rev2.0_SW/DRC_Rev2_0_Deliverables_Application/Debug/DRC_Rev2_0_Deliverables_Application.elf' is downloaded to processor 'psu_cortexa53_0'.
18:04:52 INFO  : 'configparams force-mem-access 0' command is executed.
18:04:52 INFO  : ----------------XSDB Script----------------
connect -url tcp:127.0.0.1:3121
source C:/Xilinx/Vitis/2023.1/scripts/vitis/util/zynqmp_utils.tcl
targets -set -nocase -filter {name =~"APU*"}
rst -system
after 3000
targets -set -filter {jtag_cable_name =~ "Digilent JTAG-HS3 210299BBCD36" && level==0 && jtag_device_ctx=="jsn-JTAG-HS3-210299BBCD36-14710093-0"}
fpga -file C:/Xilinx/Projects/DRC_Rev2.0_Deliverables/Vitis2023.1/DRC_Rev2.0_SW/DRC_Rev2_0_Deliverables_Application/_ide/bitstream/DRC_Rev_2_0_QualTest_wrapper.bit
targets -set -nocase -filter {name =~"APU*"}
loadhw -hw C:/Xilinx/Projects/DRC_Rev2.0_Deliverables/Vitis2023.1/DRC_Rev2.0_SW/DRCPlatform/export/DRCPlatform/hw/DRC_Rev_2_0_QualTest_wrapper.xsa -mem-ranges [list {0x80000000 0xbfffffff} {0x400000000 0x5ffffffff} {0x1000000000 0x7fffffffff}] -regs
configparams force-mem-access 1
targets -set -nocase -filter {name =~"APU*"}
set mode [expr [mrd -value 0xFF5E0200] & 0xf]
targets -set -nocase -filter {name =~ "*A53*#0"}
rst -processor
dow C:/Xilinx/Projects/DRC_Rev2.0_Deliverables/Vitis2023.1/DRC_Rev2.0_SW/DRCPlatform/export/DRCPlatform/sw/DRCPlatform/boot/fsbl.elf
set bp_4_49_fsbl_bp [bpadd -addr &XFsbl_Exit]
con -block -timeout 60
bpremove $bp_4_49_fsbl_bp
targets -set -nocase -filter {name =~ "*A53*#0"}
rst -processor
dow C:/Xilinx/Projects/DRC_Rev2.0_Deliverables/Vitis2023.1/DRC_Rev2.0_SW/DRC_Rev2_0_Deliverables_Application/Debug/DRC_Rev2_0_Deliverables_Application.elf
configparams force-mem-access 0
----------------End of Script----------------

18:04:52 INFO  : Context for processor 'psu_cortexa53_0' is selected.
18:04:52 INFO  : 'con' command is executed.
18:04:52 INFO  : ----------------XSDB Script (After Launch)----------------
targets -set -nocase -filter {name =~ "*A53*#0"}
con
----------------End of Script----------------

18:04:52 INFO  : Launch script is exported to file 'C:\Xilinx\Projects\DRC_Rev2.0_Deliverables\DRC_Rev2.0_SW\DRC_Rev2_0_Deliverables_Application_system\_ide\scripts\systemdebugger_drc_rev2_0_deliverables_application_system_9_standalone.tcl'
18:12:47 INFO  : Checking for BSP changes to sync application flags for project 'DRC_Rev2_0_Deliverables_Application'...
18:12:52 INFO  : Disconnected from the channel tcfchan#8.
18:12:53 INFO  : Connected to target on host '127.0.0.1' and port '3121'.
18:12:53 INFO  : Jtag cable 'Digilent JTAG-HS3 210299BBCD36' is selected.
18:12:53 INFO  : 'jtag frequency' command is executed.
18:12:53 INFO  : Sourcing of 'C:/Xilinx/Vitis/2023.1/scripts/vitis/util/zynqmp_utils.tcl' is done.
18:12:53 INFO  : Context for 'APU' is selected.
18:12:53 INFO  : System reset is completed.
18:12:56 INFO  : 'after 3000' command is executed.
18:12:56 INFO  : 'targets -set -filter {jtag_cable_name =~ "Digilent JTAG-HS3 210299BBCD36" && level==0 && jtag_device_ctx=="jsn-JTAG-HS3-210299BBCD36-14710093-0"}' command is executed.
18:13:00 INFO  : Device configured successfully with "C:/Xilinx/Projects/DRC_Rev2.0_Deliverables/Vitis2023.1/DRC_Rev2.0_SW/DRC_Rev2_0_Deliverables_Application/_ide/bitstream/DRC_Rev_2_0_QualTest_wrapper.bit"
18:13:00 INFO  : Context for 'APU' is selected.
18:13:06 INFO  : Hardware design and registers information is loaded from 'C:/Xilinx/Projects/DRC_Rev2.0_Deliverables/Vitis2023.1/DRC_Rev2.0_SW/DRCPlatform/export/DRCPlatform/hw/DRC_Rev_2_0_QualTest_wrapper.xsa'.
18:13:06 INFO  : 'configparams force-mem-access 1' command is executed.
18:13:06 INFO  : Context for 'APU' is selected.
18:13:06 INFO  : Boot mode is read from the target.
18:13:06 INFO  : Context for processor 'psu_cortexa53_0' is selected.
18:13:06 INFO  : Processor reset is completed for 'psu_cortexa53_0'.
18:13:07 INFO  : The application 'C:/Xilinx/Projects/DRC_Rev2.0_Deliverables/Vitis2023.1/DRC_Rev2.0_SW/DRCPlatform/export/DRCPlatform/sw/DRCPlatform/boot/fsbl.elf' is downloaded to processor 'psu_cortexa53_0'.
18:13:07 INFO  : 'set bp_13_7_fsbl_bp [bpadd -addr &XFsbl_Exit]' command is executed.
18:13:07 INFO  : 'con -block -timeout 60' command is executed.
18:13:07 INFO  : 'bpremove $bp_13_7_fsbl_bp' command is executed.
18:13:07 INFO  : Context for processor 'psu_cortexa53_0' is selected.
18:13:07 INFO  : Processor reset is completed for 'psu_cortexa53_0'.
18:13:09 INFO  : The application 'C:/Xilinx/Projects/DRC_Rev2.0_Deliverables/Vitis2023.1/DRC_Rev2.0_SW/DRC_Rev2_0_Deliverables_Application/Debug/DRC_Rev2_0_Deliverables_Application.elf' is downloaded to processor 'psu_cortexa53_0'.
18:13:09 INFO  : 'configparams force-mem-access 0' command is executed.
18:13:09 INFO  : ----------------XSDB Script----------------
connect -url tcp:127.0.0.1:3121
source C:/Xilinx/Vitis/2023.1/scripts/vitis/util/zynqmp_utils.tcl
targets -set -nocase -filter {name =~"APU*"}
rst -system
after 3000
targets -set -filter {jtag_cable_name =~ "Digilent JTAG-HS3 210299BBCD36" && level==0 && jtag_device_ctx=="jsn-JTAG-HS3-210299BBCD36-14710093-0"}
fpga -file C:/Xilinx/Projects/DRC_Rev2.0_Deliverables/Vitis2023.1/DRC_Rev2.0_SW/DRC_Rev2_0_Deliverables_Application/_ide/bitstream/DRC_Rev_2_0_QualTest_wrapper.bit
targets -set -nocase -filter {name =~"APU*"}
loadhw -hw C:/Xilinx/Projects/DRC_Rev2.0_Deliverables/Vitis2023.1/DRC_Rev2.0_SW/DRCPlatform/export/DRCPlatform/hw/DRC_Rev_2_0_QualTest_wrapper.xsa -mem-ranges [list {0x80000000 0xbfffffff} {0x400000000 0x5ffffffff} {0x1000000000 0x7fffffffff}] -regs
configparams force-mem-access 1
targets -set -nocase -filter {name =~"APU*"}
set mode [expr [mrd -value 0xFF5E0200] & 0xf]
targets -set -nocase -filter {name =~ "*A53*#0"}
rst -processor
dow C:/Xilinx/Projects/DRC_Rev2.0_Deliverables/Vitis2023.1/DRC_Rev2.0_SW/DRCPlatform/export/DRCPlatform/sw/DRCPlatform/boot/fsbl.elf
set bp_13_7_fsbl_bp [bpadd -addr &XFsbl_Exit]
con -block -timeout 60
bpremove $bp_13_7_fsbl_bp
targets -set -nocase -filter {name =~ "*A53*#0"}
rst -processor
dow C:/Xilinx/Projects/DRC_Rev2.0_Deliverables/Vitis2023.1/DRC_Rev2.0_SW/DRC_Rev2_0_Deliverables_Application/Debug/DRC_Rev2_0_Deliverables_Application.elf
configparams force-mem-access 0
----------------End of Script----------------

18:13:09 INFO  : Context for processor 'psu_cortexa53_0' is selected.
18:13:09 INFO  : 'con' command is executed.
18:13:09 INFO  : ----------------XSDB Script (After Launch)----------------
targets -set -nocase -filter {name =~ "*A53*#0"}
con
----------------End of Script----------------

18:13:09 INFO  : Launch script is exported to file 'C:\Xilinx\Projects\DRC_Rev2.0_Deliverables\DRC_Rev2.0_SW\DRC_Rev2_0_Deliverables_Application_system\_ide\scripts\systemdebugger_drc_rev2_0_deliverables_application_system_9_standalone.tcl'
18:56:26 INFO  : Checking for BSP changes to sync application flags for project 'DRC_Rev2_0_Deliverables_Application'...
18:56:42 INFO  : Checking for BSP changes to sync application flags for project 'DRC_Rev2_0_Deliverables_Application'...
18:56:44 INFO  : Disconnected from the channel tcfchan#10.
18:56:45 INFO  : Connected to target on host '127.0.0.1' and port '3121'.
18:56:45 INFO  : Jtag cable 'Digilent JTAG-HS3 210299BBCD36' is selected.
18:56:45 INFO  : 'jtag frequency' command is executed.
18:56:45 INFO  : Sourcing of 'C:/Xilinx/Vitis/2023.1/scripts/vitis/util/zynqmp_utils.tcl' is done.
18:56:45 INFO  : Context for 'APU' is selected.
18:56:45 INFO  : System reset is completed.
18:56:48 INFO  : 'after 3000' command is executed.
18:56:48 INFO  : 'targets -set -filter {jtag_cable_name =~ "Digilent JTAG-HS3 210299BBCD36" && level==0 && jtag_device_ctx=="jsn-JTAG-HS3-210299BBCD36-14710093-0"}' command is executed.
18:56:52 INFO  : Device configured successfully with "C:/Xilinx/Projects/DRC_Rev2.0_Deliverables/Vitis2023.1/DRC_Rev2.0_SW/DRC_Rev2_0_Deliverables_Application/_ide/bitstream/DRC_Rev_2_0_QualTest_wrapper.bit"
18:56:52 INFO  : Context for 'APU' is selected.
18:56:58 INFO  : Hardware design and registers information is loaded from 'C:/Xilinx/Projects/DRC_Rev2.0_Deliverables/Vitis2023.1/DRC_Rev2.0_SW/DRCPlatform/export/DRCPlatform/hw/DRC_Rev_2_0_QualTest_wrapper.xsa'.
18:56:58 INFO  : 'configparams force-mem-access 1' command is executed.
18:56:58 INFO  : Context for 'APU' is selected.
18:56:58 INFO  : Boot mode is read from the target.
18:56:58 INFO  : Context for processor 'psu_cortexa53_0' is selected.
18:56:58 INFO  : Processor reset is completed for 'psu_cortexa53_0'.
18:56:59 INFO  : The application 'C:/Xilinx/Projects/DRC_Rev2.0_Deliverables/Vitis2023.1/DRC_Rev2.0_SW/DRCPlatform/export/DRCPlatform/sw/DRCPlatform/boot/fsbl.elf' is downloaded to processor 'psu_cortexa53_0'.
18:57:00 INFO  : 'set bp_56_59_fsbl_bp [bpadd -addr &XFsbl_Exit]' command is executed.
18:57:01 INFO  : 'con -block -timeout 60' command is executed.
18:57:01 INFO  : 'bpremove $bp_56_59_fsbl_bp' command is executed.
18:57:01 INFO  : Context for processor 'psu_cortexa53_0' is selected.
18:57:01 INFO  : Processor reset is completed for 'psu_cortexa53_0'.
18:57:02 INFO  : The application 'C:/Xilinx/Projects/DRC_Rev2.0_Deliverables/Vitis2023.1/DRC_Rev2.0_SW/DRC_Rev2_0_Deliverables_Application/Debug/DRC_Rev2_0_Deliverables_Application.elf' is downloaded to processor 'psu_cortexa53_0'.
18:57:02 INFO  : 'configparams force-mem-access 0' command is executed.
18:57:02 INFO  : ----------------XSDB Script----------------
connect -url tcp:127.0.0.1:3121
source C:/Xilinx/Vitis/2023.1/scripts/vitis/util/zynqmp_utils.tcl
targets -set -nocase -filter {name =~"APU*"}
rst -system
after 3000
targets -set -filter {jtag_cable_name =~ "Digilent JTAG-HS3 210299BBCD36" && level==0 && jtag_device_ctx=="jsn-JTAG-HS3-210299BBCD36-14710093-0"}
fpga -file C:/Xilinx/Projects/DRC_Rev2.0_Deliverables/Vitis2023.1/DRC_Rev2.0_SW/DRC_Rev2_0_Deliverables_Application/_ide/bitstream/DRC_Rev_2_0_QualTest_wrapper.bit
targets -set -nocase -filter {name =~"APU*"}
loadhw -hw C:/Xilinx/Projects/DRC_Rev2.0_Deliverables/Vitis2023.1/DRC_Rev2.0_SW/DRCPlatform/export/DRCPlatform/hw/DRC_Rev_2_0_QualTest_wrapper.xsa -mem-ranges [list {0x80000000 0xbfffffff} {0x400000000 0x5ffffffff} {0x1000000000 0x7fffffffff}] -regs
configparams force-mem-access 1
targets -set -nocase -filter {name =~"APU*"}
set mode [expr [mrd -value 0xFF5E0200] & 0xf]
targets -set -nocase -filter {name =~ "*A53*#0"}
rst -processor
dow C:/Xilinx/Projects/DRC_Rev2.0_Deliverables/Vitis2023.1/DRC_Rev2.0_SW/DRCPlatform/export/DRCPlatform/sw/DRCPlatform/boot/fsbl.elf
set bp_56_59_fsbl_bp [bpadd -addr &XFsbl_Exit]
con -block -timeout 60
bpremove $bp_56_59_fsbl_bp
targets -set -nocase -filter {name =~ "*A53*#0"}
rst -processor
dow C:/Xilinx/Projects/DRC_Rev2.0_Deliverables/Vitis2023.1/DRC_Rev2.0_SW/DRC_Rev2_0_Deliverables_Application/Debug/DRC_Rev2_0_Deliverables_Application.elf
configparams force-mem-access 0
----------------End of Script----------------

18:57:02 INFO  : Context for processor 'psu_cortexa53_0' is selected.
18:57:02 INFO  : 'con' command is executed.
18:57:02 INFO  : ----------------XSDB Script (After Launch)----------------
targets -set -nocase -filter {name =~ "*A53*#0"}
con
----------------End of Script----------------

18:57:02 INFO  : Launch script is exported to file 'C:\Xilinx\Projects\DRC_Rev2.0_Deliverables\DRC_Rev2.0_SW\DRC_Rev2_0_Deliverables_Application_system\_ide\scripts\systemdebugger_drc_rev2_0_deliverables_application_system_9_standalone.tcl'
19:05:15 INFO  : Checking for BSP changes to sync application flags for project 'DRC_Rev2_0_Deliverables_Application'...
19:05:20 INFO  : Disconnected from the channel tcfchan#13.
19:05:20 INFO  : Connected to target on host '127.0.0.1' and port '3121'.
19:05:20 INFO  : Jtag cable 'Digilent JTAG-HS3 210299BBCD36' is selected.
19:05:20 INFO  : 'jtag frequency' command is executed.
19:05:20 INFO  : Sourcing of 'C:/Xilinx/Vitis/2023.1/scripts/vitis/util/zynqmp_utils.tcl' is done.
19:05:20 INFO  : Context for 'APU' is selected.
19:05:21 INFO  : System reset is completed.
19:05:24 INFO  : 'after 3000' command is executed.
19:05:24 INFO  : 'targets -set -filter {jtag_cable_name =~ "Digilent JTAG-HS3 210299BBCD36" && level==0 && jtag_device_ctx=="jsn-JTAG-HS3-210299BBCD36-14710093-0"}' command is executed.
19:05:27 INFO  : Device configured successfully with "C:/Xilinx/Projects/DRC_Rev2.0_Deliverables/Vitis2023.1/DRC_Rev2.0_SW/DRC_Rev2_0_Deliverables_Application/_ide/bitstream/DRC_Rev_2_0_QualTest_wrapper.bit"
19:05:27 INFO  : Context for 'APU' is selected.
19:05:33 INFO  : Hardware design and registers information is loaded from 'C:/Xilinx/Projects/DRC_Rev2.0_Deliverables/Vitis2023.1/DRC_Rev2.0_SW/DRCPlatform/export/DRCPlatform/hw/DRC_Rev_2_0_QualTest_wrapper.xsa'.
19:05:33 INFO  : 'configparams force-mem-access 1' command is executed.
19:05:33 INFO  : Context for 'APU' is selected.
19:05:33 INFO  : Boot mode is read from the target.
19:05:33 INFO  : Context for processor 'psu_cortexa53_0' is selected.
19:05:33 INFO  : Processor reset is completed for 'psu_cortexa53_0'.
19:05:34 INFO  : The application 'C:/Xilinx/Projects/DRC_Rev2.0_Deliverables/Vitis2023.1/DRC_Rev2.0_SW/DRCPlatform/export/DRCPlatform/sw/DRCPlatform/boot/fsbl.elf' is downloaded to processor 'psu_cortexa53_0'.
19:05:34 INFO  : 'set bp_5_34_fsbl_bp [bpadd -addr &XFsbl_Exit]' command is executed.
19:05:35 INFO  : 'con -block -timeout 60' command is executed.
19:05:35 INFO  : 'bpremove $bp_5_34_fsbl_bp' command is executed.
19:05:35 INFO  : Context for processor 'psu_cortexa53_0' is selected.
19:05:35 INFO  : Processor reset is completed for 'psu_cortexa53_0'.
19:05:37 INFO  : The application 'C:/Xilinx/Projects/DRC_Rev2.0_Deliverables/Vitis2023.1/DRC_Rev2.0_SW/DRC_Rev2_0_Deliverables_Application/Debug/DRC_Rev2_0_Deliverables_Application.elf' is downloaded to processor 'psu_cortexa53_0'.
19:05:37 INFO  : 'configparams force-mem-access 0' command is executed.
19:05:37 INFO  : ----------------XSDB Script----------------
connect -url tcp:127.0.0.1:3121
source C:/Xilinx/Vitis/2023.1/scripts/vitis/util/zynqmp_utils.tcl
targets -set -nocase -filter {name =~"APU*"}
rst -system
after 3000
targets -set -filter {jtag_cable_name =~ "Digilent JTAG-HS3 210299BBCD36" && level==0 && jtag_device_ctx=="jsn-JTAG-HS3-210299BBCD36-14710093-0"}
fpga -file C:/Xilinx/Projects/DRC_Rev2.0_Deliverables/Vitis2023.1/DRC_Rev2.0_SW/DRC_Rev2_0_Deliverables_Application/_ide/bitstream/DRC_Rev_2_0_QualTest_wrapper.bit
targets -set -nocase -filter {name =~"APU*"}
loadhw -hw C:/Xilinx/Projects/DRC_Rev2.0_Deliverables/Vitis2023.1/DRC_Rev2.0_SW/DRCPlatform/export/DRCPlatform/hw/DRC_Rev_2_0_QualTest_wrapper.xsa -mem-ranges [list {0x80000000 0xbfffffff} {0x400000000 0x5ffffffff} {0x1000000000 0x7fffffffff}] -regs
configparams force-mem-access 1
targets -set -nocase -filter {name =~"APU*"}
set mode [expr [mrd -value 0xFF5E0200] & 0xf]
targets -set -nocase -filter {name =~ "*A53*#0"}
rst -processor
dow C:/Xilinx/Projects/DRC_Rev2.0_Deliverables/Vitis2023.1/DRC_Rev2.0_SW/DRCPlatform/export/DRCPlatform/sw/DRCPlatform/boot/fsbl.elf
set bp_5_34_fsbl_bp [bpadd -addr &XFsbl_Exit]
con -block -timeout 60
bpremove $bp_5_34_fsbl_bp
targets -set -nocase -filter {name =~ "*A53*#0"}
rst -processor
dow C:/Xilinx/Projects/DRC_Rev2.0_Deliverables/Vitis2023.1/DRC_Rev2.0_SW/DRC_Rev2_0_Deliverables_Application/Debug/DRC_Rev2_0_Deliverables_Application.elf
configparams force-mem-access 0
----------------End of Script----------------

19:05:37 INFO  : Context for processor 'psu_cortexa53_0' is selected.
19:05:37 INFO  : 'con' command is executed.
19:05:37 INFO  : ----------------XSDB Script (After Launch)----------------
targets -set -nocase -filter {name =~ "*A53*#0"}
con
----------------End of Script----------------

19:05:37 INFO  : Launch script is exported to file 'C:\Xilinx\Projects\DRC_Rev2.0_Deliverables\DRC_Rev2.0_SW\DRC_Rev2_0_Deliverables_Application_system\_ide\scripts\systemdebugger_drc_rev2_0_deliverables_application_system_9_standalone.tcl'
19:23:37 INFO  : Checking for BSP changes to sync application flags for project 'DRC_Rev2_0_Deliverables_Application'...
19:23:48 INFO  : Disconnected from the channel tcfchan#15.
19:23:48 INFO  : Connected to target on host '127.0.0.1' and port '3121'.
19:23:48 INFO  : Jtag cable 'Digilent JTAG-HS3 210299BBCD36' is selected.
19:23:48 INFO  : 'jtag frequency' command is executed.
19:23:48 INFO  : Sourcing of 'C:/Xilinx/Vitis/2023.1/scripts/vitis/util/zynqmp_utils.tcl' is done.
19:23:48 INFO  : Context for 'APU' is selected.
19:23:49 INFO  : System reset is completed.
19:23:52 INFO  : 'after 3000' command is executed.
19:23:52 INFO  : 'targets -set -filter {jtag_cable_name =~ "Digilent JTAG-HS3 210299BBCD36" && level==0 && jtag_device_ctx=="jsn-JTAG-HS3-210299BBCD36-14710093-0"}' command is executed.
19:23:55 INFO  : Device configured successfully with "C:/Xilinx/Projects/DRC_Rev2.0_Deliverables/Vitis2023.1/DRC_Rev2.0_SW/DRC_Rev2_0_Deliverables_Application/_ide/bitstream/DRC_Rev_2_0_QualTest_wrapper.bit"
19:23:55 INFO  : Context for 'APU' is selected.
19:24:02 INFO  : Hardware design and registers information is loaded from 'C:/Xilinx/Projects/DRC_Rev2.0_Deliverables/Vitis2023.1/DRC_Rev2.0_SW/DRCPlatform/export/DRCPlatform/hw/DRC_Rev_2_0_QualTest_wrapper.xsa'.
19:24:02 INFO  : 'configparams force-mem-access 1' command is executed.
19:24:02 INFO  : Context for 'APU' is selected.
19:24:02 INFO  : Boot mode is read from the target.
19:24:02 INFO  : Context for processor 'psu_cortexa53_0' is selected.
19:24:02 INFO  : Processor reset is completed for 'psu_cortexa53_0'.
19:24:03 INFO  : The application 'C:/Xilinx/Projects/DRC_Rev2.0_Deliverables/Vitis2023.1/DRC_Rev2.0_SW/DRCPlatform/export/DRCPlatform/sw/DRCPlatform/boot/fsbl.elf' is downloaded to processor 'psu_cortexa53_0'.
19:24:03 INFO  : 'set bp_24_3_fsbl_bp [bpadd -addr &XFsbl_Exit]' command is executed.
19:24:04 INFO  : 'con -block -timeout 60' command is executed.
19:24:04 INFO  : 'bpremove $bp_24_3_fsbl_bp' command is executed.
19:24:04 INFO  : Context for processor 'psu_cortexa53_0' is selected.
19:24:04 INFO  : Processor reset is completed for 'psu_cortexa53_0'.
19:24:05 INFO  : The application 'C:/Xilinx/Projects/DRC_Rev2.0_Deliverables/Vitis2023.1/DRC_Rev2.0_SW/DRC_Rev2_0_Deliverables_Application/Debug/DRC_Rev2_0_Deliverables_Application.elf' is downloaded to processor 'psu_cortexa53_0'.
19:24:05 INFO  : 'configparams force-mem-access 0' command is executed.
19:24:05 INFO  : ----------------XSDB Script----------------
connect -url tcp:127.0.0.1:3121
source C:/Xilinx/Vitis/2023.1/scripts/vitis/util/zynqmp_utils.tcl
targets -set -nocase -filter {name =~"APU*"}
rst -system
after 3000
targets -set -filter {jtag_cable_name =~ "Digilent JTAG-HS3 210299BBCD36" && level==0 && jtag_device_ctx=="jsn-JTAG-HS3-210299BBCD36-14710093-0"}
fpga -file C:/Xilinx/Projects/DRC_Rev2.0_Deliverables/Vitis2023.1/DRC_Rev2.0_SW/DRC_Rev2_0_Deliverables_Application/_ide/bitstream/DRC_Rev_2_0_QualTest_wrapper.bit
targets -set -nocase -filter {name =~"APU*"}
loadhw -hw C:/Xilinx/Projects/DRC_Rev2.0_Deliverables/Vitis2023.1/DRC_Rev2.0_SW/DRCPlatform/export/DRCPlatform/hw/DRC_Rev_2_0_QualTest_wrapper.xsa -mem-ranges [list {0x80000000 0xbfffffff} {0x400000000 0x5ffffffff} {0x1000000000 0x7fffffffff}] -regs
configparams force-mem-access 1
targets -set -nocase -filter {name =~"APU*"}
set mode [expr [mrd -value 0xFF5E0200] & 0xf]
targets -set -nocase -filter {name =~ "*A53*#0"}
rst -processor
dow C:/Xilinx/Projects/DRC_Rev2.0_Deliverables/Vitis2023.1/DRC_Rev2.0_SW/DRCPlatform/export/DRCPlatform/sw/DRCPlatform/boot/fsbl.elf
set bp_24_3_fsbl_bp [bpadd -addr &XFsbl_Exit]
con -block -timeout 60
bpremove $bp_24_3_fsbl_bp
targets -set -nocase -filter {name =~ "*A53*#0"}
rst -processor
dow C:/Xilinx/Projects/DRC_Rev2.0_Deliverables/Vitis2023.1/DRC_Rev2.0_SW/DRC_Rev2_0_Deliverables_Application/Debug/DRC_Rev2_0_Deliverables_Application.elf
configparams force-mem-access 0
----------------End of Script----------------

19:24:05 INFO  : Context for processor 'psu_cortexa53_0' is selected.
19:24:05 INFO  : 'con' command is executed.
19:24:05 INFO  : ----------------XSDB Script (After Launch)----------------
targets -set -nocase -filter {name =~ "*A53*#0"}
con
----------------End of Script----------------

19:24:05 INFO  : Launch script is exported to file 'C:\Xilinx\Projects\DRC_Rev2.0_Deliverables\DRC_Rev2.0_SW\DRC_Rev2_0_Deliverables_Application_system\_ide\scripts\systemdebugger_drc_rev2_0_deliverables_application_system_9_standalone.tcl'
19:31:45 INFO  : Checking for BSP changes to sync application flags for project 'DRC_Rev2_0_Deliverables_Application'...
19:31:52 INFO  : Disconnected from the channel tcfchan#17.
19:31:52 INFO  : Connected to target on host '127.0.0.1' and port '3121'.
19:31:53 INFO  : Jtag cable 'Digilent JTAG-HS3 210299BBCD36' is selected.
19:31:53 INFO  : 'jtag frequency' command is executed.
19:31:53 INFO  : Sourcing of 'C:/Xilinx/Vitis/2023.1/scripts/vitis/util/zynqmp_utils.tcl' is done.
19:31:53 INFO  : Context for 'APU' is selected.
19:31:54 INFO  : System reset is completed.
19:31:57 INFO  : 'after 3000' command is executed.
19:31:57 INFO  : 'targets -set -filter {jtag_cable_name =~ "Digilent JTAG-HS3 210299BBCD36" && level==0 && jtag_device_ctx=="jsn-JTAG-HS3-210299BBCD36-14710093-0"}' command is executed.
19:32:00 INFO  : Device configured successfully with "C:/Xilinx/Projects/DRC_Rev2.0_Deliverables/Vitis2023.1/DRC_Rev2.0_SW/DRC_Rev2_0_Deliverables_Application/_ide/bitstream/DRC_Rev_2_0_QualTest_wrapper.bit"
19:32:00 INFO  : Context for 'APU' is selected.
19:32:06 INFO  : Hardware design and registers information is loaded from 'C:/Xilinx/Projects/DRC_Rev2.0_Deliverables/Vitis2023.1/DRC_Rev2.0_SW/DRCPlatform/export/DRCPlatform/hw/DRC_Rev_2_0_QualTest_wrapper.xsa'.
19:32:06 INFO  : 'configparams force-mem-access 1' command is executed.
19:32:06 INFO  : Context for 'APU' is selected.
19:32:06 INFO  : Boot mode is read from the target.
19:32:06 INFO  : Context for processor 'psu_cortexa53_0' is selected.
19:32:06 INFO  : Processor reset is completed for 'psu_cortexa53_0'.
19:32:07 INFO  : The application 'C:/Xilinx/Projects/DRC_Rev2.0_Deliverables/Vitis2023.1/DRC_Rev2.0_SW/DRCPlatform/export/DRCPlatform/sw/DRCPlatform/boot/fsbl.elf' is downloaded to processor 'psu_cortexa53_0'.
19:32:07 INFO  : 'set bp_32_7_fsbl_bp [bpadd -addr &XFsbl_Exit]' command is executed.
19:32:07 INFO  : 'con -block -timeout 60' command is executed.
19:32:07 INFO  : 'bpremove $bp_32_7_fsbl_bp' command is executed.
19:32:07 INFO  : Context for processor 'psu_cortexa53_0' is selected.
19:32:07 INFO  : Processor reset is completed for 'psu_cortexa53_0'.
19:32:09 INFO  : The application 'C:/Xilinx/Projects/DRC_Rev2.0_Deliverables/Vitis2023.1/DRC_Rev2.0_SW/DRC_Rev2_0_Deliverables_Application/Debug/DRC_Rev2_0_Deliverables_Application.elf' is downloaded to processor 'psu_cortexa53_0'.
19:32:09 INFO  : 'configparams force-mem-access 0' command is executed.
19:32:09 INFO  : ----------------XSDB Script----------------
connect -url tcp:127.0.0.1:3121
source C:/Xilinx/Vitis/2023.1/scripts/vitis/util/zynqmp_utils.tcl
targets -set -nocase -filter {name =~"APU*"}
rst -system
after 3000
targets -set -filter {jtag_cable_name =~ "Digilent JTAG-HS3 210299BBCD36" && level==0 && jtag_device_ctx=="jsn-JTAG-HS3-210299BBCD36-14710093-0"}
fpga -file C:/Xilinx/Projects/DRC_Rev2.0_Deliverables/Vitis2023.1/DRC_Rev2.0_SW/DRC_Rev2_0_Deliverables_Application/_ide/bitstream/DRC_Rev_2_0_QualTest_wrapper.bit
targets -set -nocase -filter {name =~"APU*"}
loadhw -hw C:/Xilinx/Projects/DRC_Rev2.0_Deliverables/Vitis2023.1/DRC_Rev2.0_SW/DRCPlatform/export/DRCPlatform/hw/DRC_Rev_2_0_QualTest_wrapper.xsa -mem-ranges [list {0x80000000 0xbfffffff} {0x400000000 0x5ffffffff} {0x1000000000 0x7fffffffff}] -regs
configparams force-mem-access 1
targets -set -nocase -filter {name =~"APU*"}
set mode [expr [mrd -value 0xFF5E0200] & 0xf]
targets -set -nocase -filter {name =~ "*A53*#0"}
rst -processor
dow C:/Xilinx/Projects/DRC_Rev2.0_Deliverables/Vitis2023.1/DRC_Rev2.0_SW/DRCPlatform/export/DRCPlatform/sw/DRCPlatform/boot/fsbl.elf
set bp_32_7_fsbl_bp [bpadd -addr &XFsbl_Exit]
con -block -timeout 60
bpremove $bp_32_7_fsbl_bp
targets -set -nocase -filter {name =~ "*A53*#0"}
rst -processor
dow C:/Xilinx/Projects/DRC_Rev2.0_Deliverables/Vitis2023.1/DRC_Rev2.0_SW/DRC_Rev2_0_Deliverables_Application/Debug/DRC_Rev2_0_Deliverables_Application.elf
configparams force-mem-access 0
----------------End of Script----------------

19:32:09 INFO  : Context for processor 'psu_cortexa53_0' is selected.
19:32:09 INFO  : 'con' command is executed.
19:32:09 INFO  : ----------------XSDB Script (After Launch)----------------
targets -set -nocase -filter {name =~ "*A53*#0"}
con
----------------End of Script----------------

19:32:09 INFO  : Launch script is exported to file 'C:\Xilinx\Projects\DRC_Rev2.0_Deliverables\DRC_Rev2.0_SW\DRC_Rev2_0_Deliverables_Application_system\_ide\scripts\systemdebugger_drc_rev2_0_deliverables_application_system_9_standalone.tcl'
19:38:35 INFO  : Checking for BSP changes to sync application flags for project 'DRC_Rev2_0_Deliverables_Application'...
19:38:43 INFO  : Disconnected from the channel tcfchan#19.
19:38:43 INFO  : Connected to target on host '127.0.0.1' and port '3121'.
19:38:43 INFO  : Jtag cable 'Digilent JTAG-HS3 210299BBCD36' is selected.
19:38:43 INFO  : 'jtag frequency' command is executed.
19:38:43 INFO  : Sourcing of 'C:/Xilinx/Vitis/2023.1/scripts/vitis/util/zynqmp_utils.tcl' is done.
19:38:43 INFO  : Context for 'APU' is selected.
19:38:43 INFO  : System reset is completed.
19:38:46 INFO  : 'after 3000' command is executed.
19:38:46 INFO  : 'targets -set -filter {jtag_cable_name =~ "Digilent JTAG-HS3 210299BBCD36" && level==0 && jtag_device_ctx=="jsn-JTAG-HS3-210299BBCD36-14710093-0"}' command is executed.
19:38:49 INFO  : Device configured successfully with "C:/Xilinx/Projects/DRC_Rev2.0_Deliverables/Vitis2023.1/DRC_Rev2.0_SW/DRC_Rev2_0_Deliverables_Application/_ide/bitstream/DRC_Rev_2_0_QualTest_wrapper.bit"
19:38:50 INFO  : Context for 'APU' is selected.
19:38:55 INFO  : Hardware design and registers information is loaded from 'C:/Xilinx/Projects/DRC_Rev2.0_Deliverables/Vitis2023.1/DRC_Rev2.0_SW/DRCPlatform/export/DRCPlatform/hw/DRC_Rev_2_0_QualTest_wrapper.xsa'.
19:38:55 INFO  : 'configparams force-mem-access 1' command is executed.
19:38:55 INFO  : Context for 'APU' is selected.
19:38:55 INFO  : Boot mode is read from the target.
19:38:55 INFO  : Context for processor 'psu_cortexa53_0' is selected.
19:38:55 INFO  : Processor reset is completed for 'psu_cortexa53_0'.
19:38:56 INFO  : The application 'C:/Xilinx/Projects/DRC_Rev2.0_Deliverables/Vitis2023.1/DRC_Rev2.0_SW/DRCPlatform/export/DRCPlatform/sw/DRCPlatform/boot/fsbl.elf' is downloaded to processor 'psu_cortexa53_0'.
19:38:56 INFO  : 'set bp_38_56_fsbl_bp [bpadd -addr &XFsbl_Exit]' command is executed.
19:38:56 INFO  : 'con -block -timeout 60' command is executed.
19:38:56 INFO  : 'bpremove $bp_38_56_fsbl_bp' command is executed.
19:38:56 INFO  : Context for processor 'psu_cortexa53_0' is selected.
19:38:56 INFO  : Processor reset is completed for 'psu_cortexa53_0'.
19:38:58 INFO  : The application 'C:/Xilinx/Projects/DRC_Rev2.0_Deliverables/Vitis2023.1/DRC_Rev2.0_SW/DRC_Rev2_0_Deliverables_Application/Debug/DRC_Rev2_0_Deliverables_Application.elf' is downloaded to processor 'psu_cortexa53_0'.
19:38:58 INFO  : 'configparams force-mem-access 0' command is executed.
19:38:58 INFO  : ----------------XSDB Script----------------
connect -url tcp:127.0.0.1:3121
source C:/Xilinx/Vitis/2023.1/scripts/vitis/util/zynqmp_utils.tcl
targets -set -nocase -filter {name =~"APU*"}
rst -system
after 3000
targets -set -filter {jtag_cable_name =~ "Digilent JTAG-HS3 210299BBCD36" && level==0 && jtag_device_ctx=="jsn-JTAG-HS3-210299BBCD36-14710093-0"}
fpga -file C:/Xilinx/Projects/DRC_Rev2.0_Deliverables/Vitis2023.1/DRC_Rev2.0_SW/DRC_Rev2_0_Deliverables_Application/_ide/bitstream/DRC_Rev_2_0_QualTest_wrapper.bit
targets -set -nocase -filter {name =~"APU*"}
loadhw -hw C:/Xilinx/Projects/DRC_Rev2.0_Deliverables/Vitis2023.1/DRC_Rev2.0_SW/DRCPlatform/export/DRCPlatform/hw/DRC_Rev_2_0_QualTest_wrapper.xsa -mem-ranges [list {0x80000000 0xbfffffff} {0x400000000 0x5ffffffff} {0x1000000000 0x7fffffffff}] -regs
configparams force-mem-access 1
targets -set -nocase -filter {name =~"APU*"}
set mode [expr [mrd -value 0xFF5E0200] & 0xf]
targets -set -nocase -filter {name =~ "*A53*#0"}
rst -processor
dow C:/Xilinx/Projects/DRC_Rev2.0_Deliverables/Vitis2023.1/DRC_Rev2.0_SW/DRCPlatform/export/DRCPlatform/sw/DRCPlatform/boot/fsbl.elf
set bp_38_56_fsbl_bp [bpadd -addr &XFsbl_Exit]
con -block -timeout 60
bpremove $bp_38_56_fsbl_bp
targets -set -nocase -filter {name =~ "*A53*#0"}
rst -processor
dow C:/Xilinx/Projects/DRC_Rev2.0_Deliverables/Vitis2023.1/DRC_Rev2.0_SW/DRC_Rev2_0_Deliverables_Application/Debug/DRC_Rev2_0_Deliverables_Application.elf
configparams force-mem-access 0
----------------End of Script----------------

19:38:58 INFO  : Context for processor 'psu_cortexa53_0' is selected.
19:38:58 INFO  : 'con' command is executed.
19:38:58 INFO  : ----------------XSDB Script (After Launch)----------------
targets -set -nocase -filter {name =~ "*A53*#0"}
con
----------------End of Script----------------

19:38:58 INFO  : Launch script is exported to file 'C:\Xilinx\Projects\DRC_Rev2.0_Deliverables\DRC_Rev2.0_SW\DRC_Rev2_0_Deliverables_Application_system\_ide\scripts\systemdebugger_drc_rev2_0_deliverables_application_system_9_standalone.tcl'
19:46:54 INFO  : Checking for BSP changes to sync application flags for project 'DRC_Rev2_0_Deliverables_Application'...
19:46:59 INFO  : Disconnected from the channel tcfchan#21.
19:46:59 INFO  : Connected to target on host '127.0.0.1' and port '3121'.
19:46:59 INFO  : Jtag cable 'Digilent JTAG-HS3 210299BBCD36' is selected.
19:46:59 INFO  : 'jtag frequency' command is executed.
19:46:59 INFO  : Sourcing of 'C:/Xilinx/Vitis/2023.1/scripts/vitis/util/zynqmp_utils.tcl' is done.
19:46:59 INFO  : Context for 'APU' is selected.
19:47:00 INFO  : System reset is completed.
19:47:03 INFO  : 'after 3000' command is executed.
19:47:03 INFO  : 'targets -set -filter {jtag_cable_name =~ "Digilent JTAG-HS3 210299BBCD36" && level==0 && jtag_device_ctx=="jsn-JTAG-HS3-210299BBCD36-14710093-0"}' command is executed.
19:47:06 INFO  : Device configured successfully with "C:/Xilinx/Projects/DRC_Rev2.0_Deliverables/Vitis2023.1/DRC_Rev2.0_SW/DRC_Rev2_0_Deliverables_Application/_ide/bitstream/DRC_Rev_2_0_QualTest_wrapper.bit"
19:47:06 INFO  : Context for 'APU' is selected.
19:47:12 INFO  : Hardware design and registers information is loaded from 'C:/Xilinx/Projects/DRC_Rev2.0_Deliverables/Vitis2023.1/DRC_Rev2.0_SW/DRCPlatform/export/DRCPlatform/hw/DRC_Rev_2_0_QualTest_wrapper.xsa'.
19:47:12 INFO  : 'configparams force-mem-access 1' command is executed.
19:47:12 INFO  : Context for 'APU' is selected.
19:47:12 INFO  : Boot mode is read from the target.
19:47:12 INFO  : Context for processor 'psu_cortexa53_0' is selected.
19:47:12 INFO  : Processor reset is completed for 'psu_cortexa53_0'.
19:47:13 INFO  : The application 'C:/Xilinx/Projects/DRC_Rev2.0_Deliverables/Vitis2023.1/DRC_Rev2.0_SW/DRCPlatform/export/DRCPlatform/sw/DRCPlatform/boot/fsbl.elf' is downloaded to processor 'psu_cortexa53_0'.
19:47:13 INFO  : 'set bp_47_13_fsbl_bp [bpadd -addr &XFsbl_Exit]' command is executed.
19:47:14 INFO  : 'con -block -timeout 60' command is executed.
19:47:14 INFO  : 'bpremove $bp_47_13_fsbl_bp' command is executed.
19:47:14 INFO  : Context for processor 'psu_cortexa53_0' is selected.
19:47:14 INFO  : Processor reset is completed for 'psu_cortexa53_0'.
19:47:15 INFO  : The application 'C:/Xilinx/Projects/DRC_Rev2.0_Deliverables/Vitis2023.1/DRC_Rev2.0_SW/DRC_Rev2_0_Deliverables_Application/Debug/DRC_Rev2_0_Deliverables_Application.elf' is downloaded to processor 'psu_cortexa53_0'.
19:47:16 INFO  : 'configparams force-mem-access 0' command is executed.
19:47:16 INFO  : ----------------XSDB Script----------------
connect -url tcp:127.0.0.1:3121
source C:/Xilinx/Vitis/2023.1/scripts/vitis/util/zynqmp_utils.tcl
targets -set -nocase -filter {name =~"APU*"}
rst -system
after 3000
targets -set -filter {jtag_cable_name =~ "Digilent JTAG-HS3 210299BBCD36" && level==0 && jtag_device_ctx=="jsn-JTAG-HS3-210299BBCD36-14710093-0"}
fpga -file C:/Xilinx/Projects/DRC_Rev2.0_Deliverables/Vitis2023.1/DRC_Rev2.0_SW/DRC_Rev2_0_Deliverables_Application/_ide/bitstream/DRC_Rev_2_0_QualTest_wrapper.bit
targets -set -nocase -filter {name =~"APU*"}
loadhw -hw C:/Xilinx/Projects/DRC_Rev2.0_Deliverables/Vitis2023.1/DRC_Rev2.0_SW/DRCPlatform/export/DRCPlatform/hw/DRC_Rev_2_0_QualTest_wrapper.xsa -mem-ranges [list {0x80000000 0xbfffffff} {0x400000000 0x5ffffffff} {0x1000000000 0x7fffffffff}] -regs
configparams force-mem-access 1
targets -set -nocase -filter {name =~"APU*"}
set mode [expr [mrd -value 0xFF5E0200] & 0xf]
targets -set -nocase -filter {name =~ "*A53*#0"}
rst -processor
dow C:/Xilinx/Projects/DRC_Rev2.0_Deliverables/Vitis2023.1/DRC_Rev2.0_SW/DRCPlatform/export/DRCPlatform/sw/DRCPlatform/boot/fsbl.elf
set bp_47_13_fsbl_bp [bpadd -addr &XFsbl_Exit]
con -block -timeout 60
bpremove $bp_47_13_fsbl_bp
targets -set -nocase -filter {name =~ "*A53*#0"}
rst -processor
dow C:/Xilinx/Projects/DRC_Rev2.0_Deliverables/Vitis2023.1/DRC_Rev2.0_SW/DRC_Rev2_0_Deliverables_Application/Debug/DRC_Rev2_0_Deliverables_Application.elf
configparams force-mem-access 0
----------------End of Script----------------

19:47:16 INFO  : Context for processor 'psu_cortexa53_0' is selected.
19:47:17 INFO  : 'con' command is executed.
19:47:17 INFO  : ----------------XSDB Script (After Launch)----------------
targets -set -nocase -filter {name =~ "*A53*#0"}
con
----------------End of Script----------------

19:47:17 INFO  : Launch script is exported to file 'C:\Xilinx\Projects\DRC_Rev2.0_Deliverables\DRC_Rev2.0_SW\DRC_Rev2_0_Deliverables_Application_system\_ide\scripts\systemdebugger_drc_rev2_0_deliverables_application_system_9_standalone.tcl'
19:50:06 INFO  : Checking for BSP changes to sync application flags for project 'DRC_Rev2_0_Deliverables_Application'...
19:50:16 INFO  : Disconnected from the channel tcfchan#23.
19:50:16 INFO  : Connected to target on host '127.0.0.1' and port '3121'.
19:50:16 INFO  : Jtag cable 'Digilent JTAG-HS3 210299BBCD36' is selected.
19:50:16 INFO  : 'jtag frequency' command is executed.
19:50:16 INFO  : Sourcing of 'C:/Xilinx/Vitis/2023.1/scripts/vitis/util/zynqmp_utils.tcl' is done.
19:50:16 INFO  : Context for 'APU' is selected.
19:50:16 INFO  : System reset is completed.
19:50:19 INFO  : 'after 3000' command is executed.
19:50:19 INFO  : 'targets -set -filter {jtag_cable_name =~ "Digilent JTAG-HS3 210299BBCD36" && level==0 && jtag_device_ctx=="jsn-JTAG-HS3-210299BBCD36-14710093-0"}' command is executed.
19:50:23 INFO  : Device configured successfully with "C:/Xilinx/Projects/DRC_Rev2.0_Deliverables/Vitis2023.1/DRC_Rev2.0_SW/DRC_Rev2_0_Deliverables_Application/_ide/bitstream/DRC_Rev_2_0_QualTest_wrapper.bit"
19:50:23 INFO  : Context for 'APU' is selected.
19:50:29 INFO  : Hardware design and registers information is loaded from 'C:/Xilinx/Projects/DRC_Rev2.0_Deliverables/Vitis2023.1/DRC_Rev2.0_SW/DRCPlatform/export/DRCPlatform/hw/DRC_Rev_2_0_QualTest_wrapper.xsa'.
19:50:29 INFO  : 'configparams force-mem-access 1' command is executed.
19:50:29 INFO  : Context for 'APU' is selected.
19:50:29 INFO  : Boot mode is read from the target.
19:50:29 INFO  : Context for processor 'psu_cortexa53_0' is selected.
19:50:30 INFO  : Processor reset is completed for 'psu_cortexa53_0'.
19:50:30 INFO  : The application 'C:/Xilinx/Projects/DRC_Rev2.0_Deliverables/Vitis2023.1/DRC_Rev2.0_SW/DRCPlatform/export/DRCPlatform/sw/DRCPlatform/boot/fsbl.elf' is downloaded to processor 'psu_cortexa53_0'.
19:50:30 INFO  : 'set bp_50_30_fsbl_bp [bpadd -addr &XFsbl_Exit]' command is executed.
19:50:31 INFO  : 'con -block -timeout 60' command is executed.
19:50:31 INFO  : 'bpremove $bp_50_30_fsbl_bp' command is executed.
19:50:31 INFO  : Context for processor 'psu_cortexa53_0' is selected.
19:50:31 INFO  : Processor reset is completed for 'psu_cortexa53_0'.
19:50:32 INFO  : The application 'C:/Xilinx/Projects/DRC_Rev2.0_Deliverables/Vitis2023.1/DRC_Rev2.0_SW/DRC_Rev2_0_Deliverables_Application/Debug/DRC_Rev2_0_Deliverables_Application.elf' is downloaded to processor 'psu_cortexa53_0'.
19:50:32 INFO  : 'configparams force-mem-access 0' command is executed.
19:50:32 INFO  : ----------------XSDB Script----------------
connect -url tcp:127.0.0.1:3121
source C:/Xilinx/Vitis/2023.1/scripts/vitis/util/zynqmp_utils.tcl
targets -set -nocase -filter {name =~"APU*"}
rst -system
after 3000
targets -set -filter {jtag_cable_name =~ "Digilent JTAG-HS3 210299BBCD36" && level==0 && jtag_device_ctx=="jsn-JTAG-HS3-210299BBCD36-14710093-0"}
fpga -file C:/Xilinx/Projects/DRC_Rev2.0_Deliverables/Vitis2023.1/DRC_Rev2.0_SW/DRC_Rev2_0_Deliverables_Application/_ide/bitstream/DRC_Rev_2_0_QualTest_wrapper.bit
targets -set -nocase -filter {name =~"APU*"}
loadhw -hw C:/Xilinx/Projects/DRC_Rev2.0_Deliverables/Vitis2023.1/DRC_Rev2.0_SW/DRCPlatform/export/DRCPlatform/hw/DRC_Rev_2_0_QualTest_wrapper.xsa -mem-ranges [list {0x80000000 0xbfffffff} {0x400000000 0x5ffffffff} {0x1000000000 0x7fffffffff}] -regs
configparams force-mem-access 1
targets -set -nocase -filter {name =~"APU*"}
set mode [expr [mrd -value 0xFF5E0200] & 0xf]
targets -set -nocase -filter {name =~ "*A53*#0"}
rst -processor
dow C:/Xilinx/Projects/DRC_Rev2.0_Deliverables/Vitis2023.1/DRC_Rev2.0_SW/DRCPlatform/export/DRCPlatform/sw/DRCPlatform/boot/fsbl.elf
set bp_50_30_fsbl_bp [bpadd -addr &XFsbl_Exit]
con -block -timeout 60
bpremove $bp_50_30_fsbl_bp
targets -set -nocase -filter {name =~ "*A53*#0"}
rst -processor
dow C:/Xilinx/Projects/DRC_Rev2.0_Deliverables/Vitis2023.1/DRC_Rev2.0_SW/DRC_Rev2_0_Deliverables_Application/Debug/DRC_Rev2_0_Deliverables_Application.elf
configparams force-mem-access 0
----------------End of Script----------------

19:50:32 INFO  : Context for processor 'psu_cortexa53_0' is selected.
19:50:32 INFO  : 'con' command is executed.
19:50:32 INFO  : ----------------XSDB Script (After Launch)----------------
targets -set -nocase -filter {name =~ "*A53*#0"}
con
----------------End of Script----------------

19:50:32 INFO  : Launch script is exported to file 'C:\Xilinx\Projects\DRC_Rev2.0_Deliverables\DRC_Rev2.0_SW\DRC_Rev2_0_Deliverables_Application_system\_ide\scripts\systemdebugger_drc_rev2_0_deliverables_application_system_9_standalone.tcl'
19:51:44 INFO  : Checking for BSP changes to sync application flags for project 'DRC_Rev2_0_Deliverables_Application'...
19:53:04 INFO  : Disconnected from the channel tcfchan#25.
19:53:04 INFO  : Connected to target on host '127.0.0.1' and port '3121'.
19:53:05 INFO  : Jtag cable 'Digilent JTAG-HS3 210299BBCD36' is selected.
19:53:05 INFO  : 'jtag frequency' command is executed.
19:53:05 INFO  : Sourcing of 'C:/Xilinx/Vitis/2023.1/scripts/vitis/util/zynqmp_utils.tcl' is done.
19:53:05 INFO  : Context for 'APU' is selected.
19:53:05 INFO  : System reset is completed.
19:53:08 INFO  : 'after 3000' command is executed.
19:53:08 INFO  : 'targets -set -filter {jtag_cable_name =~ "Digilent JTAG-HS3 210299BBCD36" && level==0 && jtag_device_ctx=="jsn-JTAG-HS3-210299BBCD36-14710093-0"}' command is executed.
19:53:12 INFO  : Device configured successfully with "C:/Xilinx/Projects/DRC_Rev2.0_Deliverables/Vitis2023.1/DRC_Rev2.0_SW/DRC_Rev2_0_Deliverables_Application/_ide/bitstream/DRC_Rev_2_0_QualTest_wrapper.bit"
19:53:12 INFO  : Context for 'APU' is selected.
19:53:18 INFO  : Hardware design and registers information is loaded from 'C:/Xilinx/Projects/DRC_Rev2.0_Deliverables/Vitis2023.1/DRC_Rev2.0_SW/DRCPlatform/export/DRCPlatform/hw/DRC_Rev_2_0_QualTest_wrapper.xsa'.
19:53:18 INFO  : 'configparams force-mem-access 1' command is executed.
19:53:18 INFO  : Context for 'APU' is selected.
19:53:18 INFO  : Boot mode is read from the target.
19:53:18 INFO  : Context for processor 'psu_cortexa53_0' is selected.
19:53:18 INFO  : Processor reset is completed for 'psu_cortexa53_0'.
19:53:19 INFO  : The application 'C:/Xilinx/Projects/DRC_Rev2.0_Deliverables/Vitis2023.1/DRC_Rev2.0_SW/DRCPlatform/export/DRCPlatform/sw/DRCPlatform/boot/fsbl.elf' is downloaded to processor 'psu_cortexa53_0'.
19:53:19 INFO  : 'set bp_53_19_fsbl_bp [bpadd -addr &XFsbl_Exit]' command is executed.
19:53:19 INFO  : 'con -block -timeout 60' command is executed.
19:53:19 INFO  : 'bpremove $bp_53_19_fsbl_bp' command is executed.
19:53:19 INFO  : Context for processor 'psu_cortexa53_0' is selected.
19:53:19 INFO  : Processor reset is completed for 'psu_cortexa53_0'.
19:53:20 INFO  : The application 'C:/Xilinx/Projects/DRC_Rev2.0_Deliverables/Vitis2023.1/DRC_Rev2.0_SW/DRC_Rev2_0_Deliverables_Application/Debug/DRC_Rev2_0_Deliverables_Application.elf' is downloaded to processor 'psu_cortexa53_0'.
19:53:21 INFO  : 'configparams force-mem-access 0' command is executed.
19:53:21 INFO  : ----------------XSDB Script----------------
connect -url tcp:127.0.0.1:3121
source C:/Xilinx/Vitis/2023.1/scripts/vitis/util/zynqmp_utils.tcl
targets -set -nocase -filter {name =~"APU*"}
rst -system
after 3000
targets -set -filter {jtag_cable_name =~ "Digilent JTAG-HS3 210299BBCD36" && level==0 && jtag_device_ctx=="jsn-JTAG-HS3-210299BBCD36-14710093-0"}
fpga -file C:/Xilinx/Projects/DRC_Rev2.0_Deliverables/Vitis2023.1/DRC_Rev2.0_SW/DRC_Rev2_0_Deliverables_Application/_ide/bitstream/DRC_Rev_2_0_QualTest_wrapper.bit
targets -set -nocase -filter {name =~"APU*"}
loadhw -hw C:/Xilinx/Projects/DRC_Rev2.0_Deliverables/Vitis2023.1/DRC_Rev2.0_SW/DRCPlatform/export/DRCPlatform/hw/DRC_Rev_2_0_QualTest_wrapper.xsa -mem-ranges [list {0x80000000 0xbfffffff} {0x400000000 0x5ffffffff} {0x1000000000 0x7fffffffff}] -regs
configparams force-mem-access 1
targets -set -nocase -filter {name =~"APU*"}
set mode [expr [mrd -value 0xFF5E0200] & 0xf]
targets -set -nocase -filter {name =~ "*A53*#0"}
rst -processor
dow C:/Xilinx/Projects/DRC_Rev2.0_Deliverables/Vitis2023.1/DRC_Rev2.0_SW/DRCPlatform/export/DRCPlatform/sw/DRCPlatform/boot/fsbl.elf
set bp_53_19_fsbl_bp [bpadd -addr &XFsbl_Exit]
con -block -timeout 60
bpremove $bp_53_19_fsbl_bp
targets -set -nocase -filter {name =~ "*A53*#0"}
rst -processor
dow C:/Xilinx/Projects/DRC_Rev2.0_Deliverables/Vitis2023.1/DRC_Rev2.0_SW/DRC_Rev2_0_Deliverables_Application/Debug/DRC_Rev2_0_Deliverables_Application.elf
configparams force-mem-access 0
----------------End of Script----------------

19:53:22 INFO  : Context for processor 'psu_cortexa53_0' is selected.
19:53:22 INFO  : 'con' command is executed.
19:53:22 INFO  : ----------------XSDB Script (After Launch)----------------
targets -set -nocase -filter {name =~ "*A53*#0"}
con
----------------End of Script----------------

19:53:22 INFO  : Launch script is exported to file 'C:\Xilinx\Projects\DRC_Rev2.0_Deliverables\DRC_Rev2.0_SW\DRC_Rev2_0_Deliverables_Application_system\_ide\scripts\systemdebugger_drc_rev2_0_deliverables_application_system_9_standalone.tcl'
19:53:55 INFO  : Disconnected from the channel tcfchan#27.
19:53:56 INFO  : Connected to target on host '127.0.0.1' and port '3121'.
19:54:05 INFO  : ----------------XSDB Script----------------
connect -url tcp:127.0.0.1:3121
----------------End of Script----------------

19:54:05 ERROR : Could not find ARM device on the board for connection 'Local'.
Check if the target is in:
1. Split JTAG - No operations are possible with ARM DAP.
2. Non JTAG bootmode - Bootrom may need time to enable DAP.
Please try again.


Troubleshooting hints:
1. Check whether board is connected to system properly.
2. In case of zynq board, check whether Digilent/Xilinx cable switch settings are correct.
3. If you are using Xilinx Platform Cable USB, ensure that status LED is green.
19:54:12 INFO  : Connected to target on host '127.0.0.1' and port '3121'.
19:54:12 INFO  : Jtag cable 'Digilent JTAG-HS3 210299BBCD36' is selected.
19:54:12 INFO  : 'jtag frequency' command is executed.
19:54:12 INFO  : Sourcing of 'C:/Xilinx/Vitis/2023.1/scripts/vitis/util/zynqmp_utils.tcl' is done.
19:54:12 INFO  : Context for 'APU' is selected.
19:54:13 INFO  : System reset is completed.
19:54:16 INFO  : 'after 3000' command is executed.
19:54:16 INFO  : 'targets -set -filter {jtag_cable_name =~ "Digilent JTAG-HS3 210299BBCD36" && level==0 && jtag_device_ctx=="jsn-JTAG-HS3-210299BBCD36-14710093-0"}' command is executed.
19:54:20 INFO  : Device configured successfully with "C:/Xilinx/Projects/DRC_Rev2.0_Deliverables/Vitis2023.1/DRC_Rev2.0_SW/DRC_Rev2_0_Deliverables_Application/_ide/bitstream/DRC_Rev_2_0_QualTest_wrapper.bit"
19:54:20 INFO  : Context for 'APU' is selected.
19:54:26 ERROR : (XSDB Server)Target doesn't support Jtag Uart

19:54:26 INFO  : Hardware design and registers information is loaded from 'C:/Xilinx/Projects/DRC_Rev2.0_Deliverables/Vitis2023.1/DRC_Rev2.0_SW/DRCPlatform/export/DRCPlatform/hw/DRC_Rev_2_0_QualTest_wrapper.xsa'.
19:54:26 INFO  : 'configparams force-mem-access 1' command is executed.
19:54:26 INFO  : Context for 'APU' is selected.
19:54:26 INFO  : Boot mode is read from the target.
19:54:26 INFO  : Context for processor 'psu_cortexa53_0' is selected.
19:54:26 INFO  : Processor reset is completed for 'psu_cortexa53_0'.
19:54:27 INFO  : The application 'C:/Xilinx/Projects/DRC_Rev2.0_Deliverables/Vitis2023.1/DRC_Rev2.0_SW/DRCPlatform/export/DRCPlatform/sw/DRCPlatform/boot/fsbl.elf' is downloaded to processor 'psu_cortexa53_0'.
19:54:27 INFO  : 'set bp_54_27_fsbl_bp [bpadd -addr &XFsbl_Exit]' command is executed.
19:54:27 INFO  : 'con -block -timeout 60' command is executed.
19:54:27 INFO  : 'bpremove $bp_54_27_fsbl_bp' command is executed.
19:54:27 INFO  : Context for processor 'psu_cortexa53_0' is selected.
19:54:27 INFO  : Processor reset is completed for 'psu_cortexa53_0'.
19:54:29 INFO  : The application 'C:/Xilinx/Projects/DRC_Rev2.0_Deliverables/Vitis2023.1/DRC_Rev2.0_SW/DRC_Rev2_0_Deliverables_Application/Debug/DRC_Rev2_0_Deliverables_Application.elf' is downloaded to processor 'psu_cortexa53_0'.
19:54:29 INFO  : 'configparams force-mem-access 0' command is executed.
19:54:29 INFO  : ----------------XSDB Script----------------
connect -url tcp:127.0.0.1:3121
source C:/Xilinx/Vitis/2023.1/scripts/vitis/util/zynqmp_utils.tcl
targets -set -nocase -filter {name =~"APU*"}
rst -system
after 3000
targets -set -filter {jtag_cable_name =~ "Digilent JTAG-HS3 210299BBCD36" && level==0 && jtag_device_ctx=="jsn-JTAG-HS3-210299BBCD36-14710093-0"}
fpga -file C:/Xilinx/Projects/DRC_Rev2.0_Deliverables/Vitis2023.1/DRC_Rev2.0_SW/DRC_Rev2_0_Deliverables_Application/_ide/bitstream/DRC_Rev_2_0_QualTest_wrapper.bit
targets -set -nocase -filter {name =~"APU*"}
loadhw -hw C:/Xilinx/Projects/DRC_Rev2.0_Deliverables/Vitis2023.1/DRC_Rev2.0_SW/DRCPlatform/export/DRCPlatform/hw/DRC_Rev_2_0_QualTest_wrapper.xsa -mem-ranges [list {0x80000000 0xbfffffff} {0x400000000 0x5ffffffff} {0x1000000000 0x7fffffffff}] -regs
configparams force-mem-access 1
targets -set -nocase -filter {name =~"APU*"}
set mode [expr [mrd -value 0xFF5E0200] & 0xf]
targets -set -nocase -filter {name =~ "*A53*#0"}
rst -processor
dow C:/Xilinx/Projects/DRC_Rev2.0_Deliverables/Vitis2023.1/DRC_Rev2.0_SW/DRCPlatform/export/DRCPlatform/sw/DRCPlatform/boot/fsbl.elf
set bp_54_27_fsbl_bp [bpadd -addr &XFsbl_Exit]
con -block -timeout 60
bpremove $bp_54_27_fsbl_bp
targets -set -nocase -filter {name =~ "*A53*#0"}
rst -processor
dow C:/Xilinx/Projects/DRC_Rev2.0_Deliverables/Vitis2023.1/DRC_Rev2.0_SW/DRC_Rev2_0_Deliverables_Application/Debug/DRC_Rev2_0_Deliverables_Application.elf
configparams force-mem-access 0
----------------End of Script----------------

19:54:29 INFO  : Context for processor 'psu_cortexa53_0' is selected.
19:54:29 INFO  : 'con' command is executed.
19:54:29 INFO  : ----------------XSDB Script (After Launch)----------------
targets -set -nocase -filter {name =~ "*A53*#0"}
con
----------------End of Script----------------

19:54:29 INFO  : Launch script is exported to file 'C:\Xilinx\Projects\DRC_Rev2.0_Deliverables\DRC_Rev2.0_SW\DRC_Rev2_0_Deliverables_Application_system\_ide\scripts\systemdebugger_drc_rev2_0_deliverables_application_system_13_standalone.tcl'
19:58:27 INFO  : Checking for BSP changes to sync application flags for project 'DRC_Rev2_0_Deliverables_Application'...
19:58:33 INFO  : Disconnected from the channel tcfchan#28.
19:58:34 INFO  : Connected to target on host '127.0.0.1' and port '3121'.
19:58:43 INFO  : ----------------XSDB Script----------------
connect -url tcp:127.0.0.1:3121
----------------End of Script----------------

19:58:43 ERROR : Could not find ARM device on the board for connection 'Local'.
Check if the target is in:
1. Split JTAG - No operations are possible with ARM DAP.
2. Non JTAG bootmode - Bootrom may need time to enable DAP.
Please try again.


Troubleshooting hints:
1. Check whether board is connected to system properly.
2. In case of zynq board, check whether Digilent/Xilinx cable switch settings are correct.
3. If you are using Xilinx Platform Cable USB, ensure that status LED is green.
19:58:52 INFO  : Connected to target on host '127.0.0.1' and port '3121'.
19:58:53 INFO  : Jtag cable 'Digilent JTAG-HS3 210299BBCD36' is selected.
19:58:53 INFO  : 'jtag frequency' command is executed.
19:58:53 INFO  : Sourcing of 'C:/Xilinx/Vitis/2023.1/scripts/vitis/util/zynqmp_utils.tcl' is done.
19:58:53 INFO  : Context for 'APU' is selected.
19:58:53 INFO  : System reset is completed.
19:58:56 INFO  : 'after 3000' command is executed.
19:58:56 INFO  : 'targets -set -filter {jtag_cable_name =~ "Digilent JTAG-HS3 210299BBCD36" && level==0 && jtag_device_ctx=="jsn-JTAG-HS3-210299BBCD36-14710093-0"}' command is executed.
19:58:59 INFO  : Device configured successfully with "C:/Xilinx/Projects/DRC_Rev2.0_Deliverables/Vitis2023.1/DRC_Rev2.0_SW/DRC_Rev2_0_Deliverables_Application/_ide/bitstream/DRC_Rev_2_0_QualTest_wrapper.bit"
19:58:59 INFO  : Context for 'APU' is selected.
19:59:06 ERROR : (XSDB Server)Target doesn't support Jtag Uart

19:59:06 INFO  : Hardware design and registers information is loaded from 'C:/Xilinx/Projects/DRC_Rev2.0_Deliverables/Vitis2023.1/DRC_Rev2.0_SW/DRCPlatform/export/DRCPlatform/hw/DRC_Rev_2_0_QualTest_wrapper.xsa'.
19:59:06 INFO  : 'configparams force-mem-access 1' command is executed.
19:59:06 INFO  : Context for 'APU' is selected.
19:59:06 INFO  : Boot mode is read from the target.
19:59:06 INFO  : Context for processor 'psu_cortexa53_0' is selected.
19:59:06 INFO  : Processor reset is completed for 'psu_cortexa53_0'.
19:59:07 INFO  : The application 'C:/Xilinx/Projects/DRC_Rev2.0_Deliverables/Vitis2023.1/DRC_Rev2.0_SW/DRCPlatform/export/DRCPlatform/sw/DRCPlatform/boot/fsbl.elf' is downloaded to processor 'psu_cortexa53_0'.
19:59:07 INFO  : 'set bp_59_7_fsbl_bp [bpadd -addr &XFsbl_Exit]' command is executed.
19:59:08 INFO  : 'con -block -timeout 60' command is executed.
19:59:08 INFO  : 'bpremove $bp_59_7_fsbl_bp' command is executed.
19:59:08 INFO  : Context for processor 'psu_cortexa53_0' is selected.
19:59:08 INFO  : Processor reset is completed for 'psu_cortexa53_0'.
19:59:09 INFO  : The application 'C:/Xilinx/Projects/DRC_Rev2.0_Deliverables/Vitis2023.1/DRC_Rev2.0_SW/DRC_Rev2_0_Deliverables_Application/Debug/DRC_Rev2_0_Deliverables_Application.elf' is downloaded to processor 'psu_cortexa53_0'.
19:59:09 INFO  : 'configparams force-mem-access 0' command is executed.
19:59:09 INFO  : ----------------XSDB Script----------------
connect -url tcp:127.0.0.1:3121
source C:/Xilinx/Vitis/2023.1/scripts/vitis/util/zynqmp_utils.tcl
targets -set -nocase -filter {name =~"APU*"}
rst -system
after 3000
targets -set -filter {jtag_cable_name =~ "Digilent JTAG-HS3 210299BBCD36" && level==0 && jtag_device_ctx=="jsn-JTAG-HS3-210299BBCD36-14710093-0"}
fpga -file C:/Xilinx/Projects/DRC_Rev2.0_Deliverables/Vitis2023.1/DRC_Rev2.0_SW/DRC_Rev2_0_Deliverables_Application/_ide/bitstream/DRC_Rev_2_0_QualTest_wrapper.bit
targets -set -nocase -filter {name =~"APU*"}
loadhw -hw C:/Xilinx/Projects/DRC_Rev2.0_Deliverables/Vitis2023.1/DRC_Rev2.0_SW/DRCPlatform/export/DRCPlatform/hw/DRC_Rev_2_0_QualTest_wrapper.xsa -mem-ranges [list {0x80000000 0xbfffffff} {0x400000000 0x5ffffffff} {0x1000000000 0x7fffffffff}] -regs
configparams force-mem-access 1
targets -set -nocase -filter {name =~"APU*"}
set mode [expr [mrd -value 0xFF5E0200] & 0xf]
targets -set -nocase -filter {name =~ "*A53*#0"}
rst -processor
dow C:/Xilinx/Projects/DRC_Rev2.0_Deliverables/Vitis2023.1/DRC_Rev2.0_SW/DRCPlatform/export/DRCPlatform/sw/DRCPlatform/boot/fsbl.elf
set bp_59_7_fsbl_bp [bpadd -addr &XFsbl_Exit]
con -block -timeout 60
bpremove $bp_59_7_fsbl_bp
targets -set -nocase -filter {name =~ "*A53*#0"}
rst -processor
dow C:/Xilinx/Projects/DRC_Rev2.0_Deliverables/Vitis2023.1/DRC_Rev2.0_SW/DRC_Rev2_0_Deliverables_Application/Debug/DRC_Rev2_0_Deliverables_Application.elf
configparams force-mem-access 0
----------------End of Script----------------

19:59:10 INFO  : Context for processor 'psu_cortexa53_0' is selected.
19:59:10 INFO  : 'con' command is executed.
19:59:10 INFO  : ----------------XSDB Script (After Launch)----------------
targets -set -nocase -filter {name =~ "*A53*#0"}
con
----------------End of Script----------------

19:59:10 INFO  : Launch script is exported to file 'C:\Xilinx\Projects\DRC_Rev2.0_Deliverables\DRC_Rev2.0_SW\DRC_Rev2_0_Deliverables_Application_system\_ide\scripts\systemdebugger_drc_rev2_0_deliverables_application_system_9_standalone.tcl'
20:01:37 INFO  : Checking for BSP changes to sync application flags for project 'DRC_Rev2_0_Deliverables_Application'...
20:01:43 INFO  : Disconnected from the channel tcfchan#30.
20:01:43 INFO  : Connected to target on host '127.0.0.1' and port '3121'.
20:01:44 INFO  : Jtag cable 'Digilent JTAG-HS3 210299BBCD36' is selected.
20:01:44 INFO  : 'jtag frequency' command is executed.
20:01:44 INFO  : Sourcing of 'C:/Xilinx/Vitis/2023.1/scripts/vitis/util/zynqmp_utils.tcl' is done.
20:01:44 INFO  : Context for 'APU' is selected.
20:01:44 INFO  : System reset is completed.
20:01:47 INFO  : 'after 3000' command is executed.
20:01:48 INFO  : 'targets -set -filter {jtag_cable_name =~ "Digilent JTAG-HS3 210299BBCD36" && level==0 && jtag_device_ctx=="jsn-JTAG-HS3-210299BBCD36-14710093-0"}' command is executed.
20:01:51 INFO  : Device configured successfully with "C:/Xilinx/Projects/DRC_Rev2.0_Deliverables/Vitis2023.1/DRC_Rev2.0_SW/DRC_Rev2_0_Deliverables_Application/_ide/bitstream/DRC_Rev_2_0_QualTest_wrapper.bit"
20:01:51 INFO  : Context for 'APU' is selected.
20:01:57 INFO  : Hardware design and registers information is loaded from 'C:/Xilinx/Projects/DRC_Rev2.0_Deliverables/Vitis2023.1/DRC_Rev2.0_SW/DRCPlatform/export/DRCPlatform/hw/DRC_Rev_2_0_QualTest_wrapper.xsa'.
20:01:57 INFO  : 'configparams force-mem-access 1' command is executed.
20:01:57 INFO  : Context for 'APU' is selected.
20:01:57 INFO  : Boot mode is read from the target.
20:01:57 INFO  : Context for processor 'psu_cortexa53_0' is selected.
20:01:57 INFO  : Processor reset is completed for 'psu_cortexa53_0'.
20:01:58 INFO  : The application 'C:/Xilinx/Projects/DRC_Rev2.0_Deliverables/Vitis2023.1/DRC_Rev2.0_SW/DRCPlatform/export/DRCPlatform/sw/DRCPlatform/boot/fsbl.elf' is downloaded to processor 'psu_cortexa53_0'.
20:01:58 INFO  : 'set bp_1_58_fsbl_bp [bpadd -addr &XFsbl_Exit]' command is executed.
20:01:59 INFO  : 'con -block -timeout 60' command is executed.
20:01:59 INFO  : 'bpremove $bp_1_58_fsbl_bp' command is executed.
20:01:59 INFO  : Context for processor 'psu_cortexa53_0' is selected.
20:01:59 INFO  : Processor reset is completed for 'psu_cortexa53_0'.
20:02:00 INFO  : The application 'C:/Xilinx/Projects/DRC_Rev2.0_Deliverables/Vitis2023.1/DRC_Rev2.0_SW/DRC_Rev2_0_Deliverables_Application/Debug/DRC_Rev2_0_Deliverables_Application.elf' is downloaded to processor 'psu_cortexa53_0'.
20:02:00 INFO  : 'configparams force-mem-access 0' command is executed.
20:02:00 INFO  : ----------------XSDB Script----------------
connect -url tcp:127.0.0.1:3121
source C:/Xilinx/Vitis/2023.1/scripts/vitis/util/zynqmp_utils.tcl
targets -set -nocase -filter {name =~"APU*"}
rst -system
after 3000
targets -set -filter {jtag_cable_name =~ "Digilent JTAG-HS3 210299BBCD36" && level==0 && jtag_device_ctx=="jsn-JTAG-HS3-210299BBCD36-14710093-0"}
fpga -file C:/Xilinx/Projects/DRC_Rev2.0_Deliverables/Vitis2023.1/DRC_Rev2.0_SW/DRC_Rev2_0_Deliverables_Application/_ide/bitstream/DRC_Rev_2_0_QualTest_wrapper.bit
targets -set -nocase -filter {name =~"APU*"}
loadhw -hw C:/Xilinx/Projects/DRC_Rev2.0_Deliverables/Vitis2023.1/DRC_Rev2.0_SW/DRCPlatform/export/DRCPlatform/hw/DRC_Rev_2_0_QualTest_wrapper.xsa -mem-ranges [list {0x80000000 0xbfffffff} {0x400000000 0x5ffffffff} {0x1000000000 0x7fffffffff}] -regs
configparams force-mem-access 1
targets -set -nocase -filter {name =~"APU*"}
set mode [expr [mrd -value 0xFF5E0200] & 0xf]
targets -set -nocase -filter {name =~ "*A53*#0"}
rst -processor
dow C:/Xilinx/Projects/DRC_Rev2.0_Deliverables/Vitis2023.1/DRC_Rev2.0_SW/DRCPlatform/export/DRCPlatform/sw/DRCPlatform/boot/fsbl.elf
set bp_1_58_fsbl_bp [bpadd -addr &XFsbl_Exit]
con -block -timeout 60
bpremove $bp_1_58_fsbl_bp
targets -set -nocase -filter {name =~ "*A53*#0"}
rst -processor
dow C:/Xilinx/Projects/DRC_Rev2.0_Deliverables/Vitis2023.1/DRC_Rev2.0_SW/DRC_Rev2_0_Deliverables_Application/Debug/DRC_Rev2_0_Deliverables_Application.elf
configparams force-mem-access 0
----------------End of Script----------------

20:02:00 INFO  : Context for processor 'psu_cortexa53_0' is selected.
20:02:01 INFO  : 'con' command is executed.
20:02:01 INFO  : ----------------XSDB Script (After Launch)----------------
targets -set -nocase -filter {name =~ "*A53*#0"}
con
----------------End of Script----------------

20:02:01 INFO  : Launch script is exported to file 'C:\Xilinx\Projects\DRC_Rev2.0_Deliverables\DRC_Rev2.0_SW\DRC_Rev2_0_Deliverables_Application_system\_ide\scripts\systemdebugger_drc_rev2_0_deliverables_application_system_9_standalone.tcl'
20:06:00 INFO  : Checking for BSP changes to sync application flags for project 'DRC_Rev2_0_Deliverables_Application'...
20:06:07 INFO  : Disconnected from the channel tcfchan#32.
20:06:07 INFO  : Connected to target on host '127.0.0.1' and port '3121'.
20:06:07 INFO  : Jtag cable 'Digilent JTAG-HS3 210299BBCD36' is selected.
20:06:07 INFO  : 'jtag frequency' command is executed.
20:06:07 INFO  : Sourcing of 'C:/Xilinx/Vitis/2023.1/scripts/vitis/util/zynqmp_utils.tcl' is done.
20:06:07 INFO  : Context for 'APU' is selected.
20:06:08 INFO  : System reset is completed.
20:06:11 INFO  : 'after 3000' command is executed.
20:06:11 INFO  : 'targets -set -filter {jtag_cable_name =~ "Digilent JTAG-HS3 210299BBCD36" && level==0 && jtag_device_ctx=="jsn-JTAG-HS3-210299BBCD36-14710093-0"}' command is executed.
20:06:14 INFO  : Device configured successfully with "C:/Xilinx/Projects/DRC_Rev2.0_Deliverables/Vitis2023.1/DRC_Rev2.0_SW/DRC_Rev2_0_Deliverables_Application/_ide/bitstream/DRC_Rev_2_0_QualTest_wrapper.bit"
20:06:14 INFO  : Context for 'APU' is selected.
20:06:21 INFO  : Hardware design and registers information is loaded from 'C:/Xilinx/Projects/DRC_Rev2.0_Deliverables/Vitis2023.1/DRC_Rev2.0_SW/DRCPlatform/export/DRCPlatform/hw/DRC_Rev_2_0_QualTest_wrapper.xsa'.
20:06:21 ERROR : (XSDB Server)Target doesn't support Jtag Uart

20:06:21 INFO  : 'configparams force-mem-access 1' command is executed.
20:06:21 INFO  : Context for 'APU' is selected.
20:06:21 INFO  : Boot mode is read from the target.
20:06:21 INFO  : Context for processor 'psu_cortexa53_0' is selected.
20:06:21 INFO  : Processor reset is completed for 'psu_cortexa53_0'.
20:06:22 INFO  : The application 'C:/Xilinx/Projects/DRC_Rev2.0_Deliverables/Vitis2023.1/DRC_Rev2.0_SW/DRCPlatform/export/DRCPlatform/sw/DRCPlatform/boot/fsbl.elf' is downloaded to processor 'psu_cortexa53_0'.
20:06:22 INFO  : 'set bp_6_22_fsbl_bp [bpadd -addr &XFsbl_Exit]' command is executed.
20:06:22 INFO  : 'con -block -timeout 60' command is executed.
20:06:22 INFO  : 'bpremove $bp_6_22_fsbl_bp' command is executed.
20:06:22 INFO  : Context for processor 'psu_cortexa53_0' is selected.
20:06:22 INFO  : Processor reset is completed for 'psu_cortexa53_0'.
20:06:24 INFO  : The application 'C:/Xilinx/Projects/DRC_Rev2.0_Deliverables/Vitis2023.1/DRC_Rev2.0_SW/DRC_Rev2_0_Deliverables_Application/Debug/DRC_Rev2_0_Deliverables_Application.elf' is downloaded to processor 'psu_cortexa53_0'.
20:06:24 INFO  : 'configparams force-mem-access 0' command is executed.
20:06:24 INFO  : ----------------XSDB Script----------------
connect -url tcp:127.0.0.1:3121
source C:/Xilinx/Vitis/2023.1/scripts/vitis/util/zynqmp_utils.tcl
targets -set -nocase -filter {name =~"APU*"}
rst -system
after 3000
targets -set -filter {jtag_cable_name =~ "Digilent JTAG-HS3 210299BBCD36" && level==0 && jtag_device_ctx=="jsn-JTAG-HS3-210299BBCD36-14710093-0"}
fpga -file C:/Xilinx/Projects/DRC_Rev2.0_Deliverables/Vitis2023.1/DRC_Rev2.0_SW/DRC_Rev2_0_Deliverables_Application/_ide/bitstream/DRC_Rev_2_0_QualTest_wrapper.bit
targets -set -nocase -filter {name =~"APU*"}
loadhw -hw C:/Xilinx/Projects/DRC_Rev2.0_Deliverables/Vitis2023.1/DRC_Rev2.0_SW/DRCPlatform/export/DRCPlatform/hw/DRC_Rev_2_0_QualTest_wrapper.xsa -mem-ranges [list {0x80000000 0xbfffffff} {0x400000000 0x5ffffffff} {0x1000000000 0x7fffffffff}] -regs
configparams force-mem-access 1
targets -set -nocase -filter {name =~"APU*"}
set mode [expr [mrd -value 0xFF5E0200] & 0xf]
targets -set -nocase -filter {name =~ "*A53*#0"}
rst -processor
dow C:/Xilinx/Projects/DRC_Rev2.0_Deliverables/Vitis2023.1/DRC_Rev2.0_SW/DRCPlatform/export/DRCPlatform/sw/DRCPlatform/boot/fsbl.elf
set bp_6_22_fsbl_bp [bpadd -addr &XFsbl_Exit]
con -block -timeout 60
bpremove $bp_6_22_fsbl_bp
targets -set -nocase -filter {name =~ "*A53*#0"}
rst -processor
dow C:/Xilinx/Projects/DRC_Rev2.0_Deliverables/Vitis2023.1/DRC_Rev2.0_SW/DRC_Rev2_0_Deliverables_Application/Debug/DRC_Rev2_0_Deliverables_Application.elf
configparams force-mem-access 0
----------------End of Script----------------

20:06:24 INFO  : Context for processor 'psu_cortexa53_0' is selected.
20:06:24 INFO  : 'con' command is executed.
20:06:24 INFO  : ----------------XSDB Script (After Launch)----------------
targets -set -nocase -filter {name =~ "*A53*#0"}
con
----------------End of Script----------------

20:06:24 INFO  : Launch script is exported to file 'C:\Xilinx\Projects\DRC_Rev2.0_Deliverables\DRC_Rev2.0_SW\DRC_Rev2_0_Deliverables_Application_system\_ide\scripts\systemdebugger_drc_rev2_0_deliverables_application_system_9_standalone.tcl'
20:48:53 INFO  : Hardware specification for platform project 'DRCPlatform' is updated.
20:51:15 INFO  : Result from executing command 'getProjects': DRCPlatform
20:51:15 INFO  : Result from executing command 'getPlatforms': DRCPlatform|C:/Xilinx/Projects/DRC_Rev2.0_Deliverables/Vitis2023.1/DRC_Rev2.0_SW/DRCPlatform/export/DRCPlatform/DRCPlatform.xpfm;xilinx_vck190_base_202310_1|C:/Xilinx/Vitis/2023.1/base_platforms/xilinx_vck190_base_202310_1/xilinx_vck190_base_202310_1.xpfm;xilinx_vck190_base_dfx_202310_1|C:/Xilinx/Vitis/2023.1/base_platforms/xilinx_vck190_base_dfx_202310_1/xilinx_vck190_base_dfx_202310_1.xpfm;xilinx_vek280_es1_base_202310_1|C:/Xilinx/Vitis/2023.1/base_platforms/xilinx_vek280_es1_base_202310_1/xilinx_vek280_es1_base_202310_1.xpfm;xilinx_vmk180_base_202310_1|C:/Xilinx/Vitis/2023.1/base_platforms/xilinx_vmk180_base_202310_1/xilinx_vmk180_base_202310_1.xpfm;xilinx_zcu102_base_202310_1|C:/Xilinx/Vitis/2023.1/base_platforms/xilinx_zcu102_base_202310_1/xilinx_zcu102_base_202310_1.xpfm;xilinx_zcu102_base_dfx_202310_1|C:/Xilinx/Vitis/2023.1/base_platforms/xilinx_zcu102_base_dfx_202310_1/xilinx_zcu102_base_dfx_202310_1.xpfm;xilinx_zcu104_base_202310_1|C:/Xilinx/Vitis/2023.1/base_platforms/xilinx_zcu104_base_202310_1/xilinx_zcu104_base_202310_1.xpfm
20:51:15 ERROR : Error from executing command 'addPlatformRepo': ERROR: No valid directory exists at given path.
20:52:10 INFO  : Checking for BSP changes to sync application flags for project 'DRC_Rev2_0_Deliverables_Application'...
20:52:33 INFO  : The hardware specification used by project 'DRC_Rev2_0_Deliverables_Application' is out of sync with the platform. Resource files extracted from the hardware specification will be updated.
20:52:33 INFO  : The file 'C:\Xilinx\Projects\DRC_Rev2.0_Deliverables\Vitis2023.1\DRC_Rev2.0_SW\DRC_Rev2_0_Deliverables_Application\_ide\bitstream\DRC_Rev_2_0_QualTest_wrapper.bit' stored in project is removed.
20:52:33 INFO  : The updated bitstream files are copied from platform to folder 'C:\Xilinx\Projects\DRC_Rev2.0_Deliverables\Vitis2023.1\DRC_Rev2.0_SW\DRC_Rev2_0_Deliverables_Application\_ide\bitstream' in project 'DRC_Rev2_0_Deliverables_Application'.
20:52:33 INFO  : The file 'C:\Xilinx\Projects\DRC_Rev2.0_Deliverables\Vitis2023.1\DRC_Rev2.0_SW\DRC_Rev2_0_Deliverables_Application\_ide\psinit\psu_init.tcl' stored in project is removed.
20:52:34 INFO  : The updated ps init files are copied from platform to folder 'C:\Xilinx\Projects\DRC_Rev2.0_Deliverables\Vitis2023.1\DRC_Rev2.0_SW\DRC_Rev2_0_Deliverables_Application\_ide\psinit' in project 'DRC_Rev2_0_Deliverables_Application'.
20:52:48 INFO  : Checking for BSP changes to sync application flags for project 'DRC_Rev2_0_Deliverables_Application'...
20:52:57 INFO  : Disconnected from the channel tcfchan#34.
20:52:59 INFO  : Connected to target on host '127.0.0.1' and port '3121'.
20:53:00 INFO  : Jtag cable 'Digilent JTAG-HS3 210299BBCD36' is selected.
20:53:00 INFO  : 'jtag frequency' command is executed.
20:53:00 INFO  : Sourcing of 'C:/Xilinx/Vitis/2023.1/scripts/vitis/util/zynqmp_utils.tcl' is done.
20:53:00 INFO  : Context for 'APU' is selected.
20:53:00 INFO  : System reset is completed.
20:53:03 INFO  : 'after 3000' command is executed.
20:53:03 INFO  : 'targets -set -filter {jtag_cable_name =~ "Digilent JTAG-HS3 210299BBCD36" && level==0 && jtag_device_ctx=="jsn-JTAG-HS3-210299BBCD36-14710093-0"}' command is executed.
20:53:06 INFO  : Device configured successfully with "C:/Xilinx/Projects/DRC_Rev2.0_Deliverables/Vitis2023.1/DRC_Rev2.0_SW/DRC_Rev2_0_Deliverables_Application/_ide/bitstream/DRC_Rev_2_0_QualTest_wrapper.bit"
20:53:06 INFO  : Context for 'APU' is selected.
20:53:07 INFO  : Hardware design and registers information is loaded from 'C:/Xilinx/Projects/DRC_Rev2.0_Deliverables/Vitis2023.1/DRC_Rev2.0_SW/DRCPlatform/export/DRCPlatform/hw/DRC_Rev_2_0_QualTest_wrapper.xsa'.
20:53:07 INFO  : 'configparams force-mem-access 1' command is executed.
20:53:07 INFO  : Context for 'APU' is selected.
20:53:07 INFO  : Boot mode is read from the target.
20:53:07 INFO  : Context for processor 'psu_cortexa53_0' is selected.
20:53:08 ERROR : No such stream: VS256
20:53:08 INFO  : ----------------XSDB Script----------------
connect -url tcp:127.0.0.1:3121
source C:/Xilinx/Vitis/2023.1/scripts/vitis/util/zynqmp_utils.tcl
targets -set -nocase -filter {name =~"APU*"}
rst -system
after 3000
targets -set -filter {jtag_cable_name =~ "Digilent JTAG-HS3 210299BBCD36" && level==0 && jtag_device_ctx=="jsn-JTAG-HS3-210299BBCD36-14710093-0"}
fpga -file C:/Xilinx/Projects/DRC_Rev2.0_Deliverables/Vitis2023.1/DRC_Rev2.0_SW/DRC_Rev2_0_Deliverables_Application/_ide/bitstream/DRC_Rev_2_0_QualTest_wrapper.bit
targets -set -nocase -filter {name =~"APU*"}
loadhw -hw C:/Xilinx/Projects/DRC_Rev2.0_Deliverables/Vitis2023.1/DRC_Rev2.0_SW/DRCPlatform/export/DRCPlatform/hw/DRC_Rev_2_0_QualTest_wrapper.xsa -mem-ranges [list {0x80000000 0xbfffffff} {0x400000000 0x5ffffffff} {0x1000000000 0x7fffffffff}] -regs
configparams force-mem-access 1
targets -set -nocase -filter {name =~"APU*"}
set mode [expr [mrd -value 0xFF5E0200] & 0xf]
targets -set -nocase -filter {name =~ "*A53*#0"}
rst -processor
----------------End of Script----------------

20:53:08 ERROR : No such stream: VS256
20:53:19 INFO  : Connected to target on host '127.0.0.1' and port '3121'.
20:53:20 INFO  : Jtag cable 'Digilent JTAG-HS3 210299BBCD36' is selected.
20:53:20 INFO  : 'jtag frequency' command is executed.
20:53:20 INFO  : Sourcing of 'C:/Xilinx/Vitis/2023.1/scripts/vitis/util/zynqmp_utils.tcl' is done.
20:53:20 INFO  : Context for 'APU' is selected.
20:53:20 INFO  : System reset is completed.
20:53:23 INFO  : 'after 3000' command is executed.
20:53:23 INFO  : 'targets -set -filter {jtag_cable_name =~ "Digilent JTAG-HS3 210299BBCD36" && level==0 && jtag_device_ctx=="jsn-JTAG-HS3-210299BBCD36-14710093-0"}' command is executed.
20:53:27 INFO  : Device configured successfully with "C:/Xilinx/Projects/DRC_Rev2.0_Deliverables/Vitis2023.1/DRC_Rev2.0_SW/DRC_Rev2_0_Deliverables_Application/_ide/bitstream/DRC_Rev_2_0_QualTest_wrapper.bit"
20:53:27 INFO  : Context for 'APU' is selected.
20:53:27 INFO  : Hardware design and registers information is loaded from 'C:/Xilinx/Projects/DRC_Rev2.0_Deliverables/Vitis2023.1/DRC_Rev2.0_SW/DRCPlatform/export/DRCPlatform/hw/DRC_Rev_2_0_QualTest_wrapper.xsa'.
20:53:27 INFO  : 'configparams force-mem-access 1' command is executed.
20:53:27 INFO  : Context for 'APU' is selected.
20:53:27 INFO  : Boot mode is read from the target.
20:53:27 INFO  : Context for processor 'psu_cortexa53_0' is selected.
20:53:27 INFO  : Processor reset is completed for 'psu_cortexa53_0'.
20:53:28 INFO  : The application 'C:/Xilinx/Projects/DRC_Rev2.0_Deliverables/Vitis2023.1/DRC_Rev2.0_SW/DRCPlatform/export/DRCPlatform/sw/DRCPlatform/boot/fsbl.elf' is downloaded to processor 'psu_cortexa53_0'.
20:53:28 INFO  : 'set bp_53_28_fsbl_bp [bpadd -addr &XFsbl_Exit]' command is executed.
20:53:28 INFO  : 'con -block -timeout 60' command is executed.
20:53:28 INFO  : 'bpremove $bp_53_28_fsbl_bp' command is executed.
20:53:28 INFO  : Context for processor 'psu_cortexa53_0' is selected.
20:53:28 INFO  : Processor reset is completed for 'psu_cortexa53_0'.
20:53:29 INFO  : The application 'C:/Xilinx/Projects/DRC_Rev2.0_Deliverables/Vitis2023.1/DRC_Rev2.0_SW/DRC_Rev2_0_Deliverables_Application/Debug/DRC_Rev2_0_Deliverables_Application.elf' is downloaded to processor 'psu_cortexa53_0'.
20:53:29 INFO  : 'configparams force-mem-access 0' command is executed.
20:53:29 INFO  : ----------------XSDB Script----------------
connect -url tcp:127.0.0.1:3121
source C:/Xilinx/Vitis/2023.1/scripts/vitis/util/zynqmp_utils.tcl
targets -set -nocase -filter {name =~"APU*"}
rst -system
after 3000
targets -set -filter {jtag_cable_name =~ "Digilent JTAG-HS3 210299BBCD36" && level==0 && jtag_device_ctx=="jsn-JTAG-HS3-210299BBCD36-14710093-0"}
fpga -file C:/Xilinx/Projects/DRC_Rev2.0_Deliverables/Vitis2023.1/DRC_Rev2.0_SW/DRC_Rev2_0_Deliverables_Application/_ide/bitstream/DRC_Rev_2_0_QualTest_wrapper.bit
targets -set -nocase -filter {name =~"APU*"}
loadhw -hw C:/Xilinx/Projects/DRC_Rev2.0_Deliverables/Vitis2023.1/DRC_Rev2.0_SW/DRCPlatform/export/DRCPlatform/hw/DRC_Rev_2_0_QualTest_wrapper.xsa -mem-ranges [list {0x80000000 0xbfffffff} {0x400000000 0x5ffffffff} {0x1000000000 0x7fffffffff}] -regs
configparams force-mem-access 1
targets -set -nocase -filter {name =~"APU*"}
set mode [expr [mrd -value 0xFF5E0200] & 0xf]
targets -set -nocase -filter {name =~ "*A53*#0"}
rst -processor
dow C:/Xilinx/Projects/DRC_Rev2.0_Deliverables/Vitis2023.1/DRC_Rev2.0_SW/DRCPlatform/export/DRCPlatform/sw/DRCPlatform/boot/fsbl.elf
set bp_53_28_fsbl_bp [bpadd -addr &XFsbl_Exit]
con -block -timeout 60
bpremove $bp_53_28_fsbl_bp
targets -set -nocase -filter {name =~ "*A53*#0"}
rst -processor
dow C:/Xilinx/Projects/DRC_Rev2.0_Deliverables/Vitis2023.1/DRC_Rev2.0_SW/DRC_Rev2_0_Deliverables_Application/Debug/DRC_Rev2_0_Deliverables_Application.elf
configparams force-mem-access 0
----------------End of Script----------------

20:53:29 INFO  : Context for processor 'psu_cortexa53_0' is selected.
20:53:29 INFO  : 'con' command is executed.
20:53:29 INFO  : ----------------XSDB Script (After Launch)----------------
targets -set -nocase -filter {name =~ "*A53*#0"}
con
----------------End of Script----------------

20:53:29 INFO  : Launch script is exported to file 'C:\Xilinx\Projects\DRC_Rev2.0_Deliverables\DRC_Rev2.0_SW\DRC_Rev2_0_Deliverables_Application_system\_ide\scripts\systemdebugger_drc_rev2_0_deliverables_application_system_16_standalone.tcl'
21:15:57 INFO  : Disconnected from the channel tcfchan#37.
