
*** Running vivado
    with args -log design_1_wrapper.vds -m64 -product Vivado -mode batch -messageDb vivado.pb -notrace -source design_1_wrapper.tcl



****** Vivado v2023.1 (64-bit)
  **** SW Build 3865809 on Sun May  7 15:05:29 MDT 2023
  **** IP Build 3864474 on Sun May  7 20:36:21 MDT 2023
  **** SharedData Build 3865790 on Sun May 07 13:33:03 MDT 2023
    ** Copyright 1986-2022 Xilinx, Inc. All Rights Reserved.
    ** Copyright 2022-2023 Advanced Micro Devices, Inc. All Rights Reserved.

source design_1_wrapper.tcl -notrace
INFO: [IP_Flow 19-234] Refreshing IP repositories
INFO: [IP_Flow 19-1700] Loaded user IP repository 'c:/Users/youse/Downloads/IPBlocks/IPBlocks'.
INFO: [IP_Flow 19-2313] Loaded Vivado IP repository 'C:/Xilinx/Vivado/2023.1/data/ip'.
WARNING: [IP_Flow 19-4995] The host OS only allows 260 characters in a normal path. The IP cache path is more than 80 characters. If you experience issues with IP caching, please consider changing the IP cache to a location with a shorter path. Alternately consider using the OS subst command to map part of the path to a drive letter. 
Current IP cache path is c:/Xilinx/Projects/DRC_Rev2.0_Deliverables/Vivado2023.1/DRC_Rev2.0_FW/project_1.cache/ip 
add_files: Time (s): cpu = 00:00:03 ; elapsed = 00:00:07 . Memory (MB): peak = 1583.598 ; gain = 67.520
Command: synth_design -top design_1_wrapper -part xczu3eg-sfvc784-1-e
Starting synth_design
Attempting to get a license for feature 'Synthesis' and/or device 'xczu3eg'
INFO: [Common 17-349] Got license for feature 'Synthesis' and/or device 'xczu3eg'
INFO: [Device 21-403] Loading part xczu3eg-sfvc784-1-e
INFO: [Synth 8-7079] Multithreading enabled for synth_design using a maximum of 2 processes.
INFO: [Synth 8-7078] Launching helper process for spawning children vivado processes
INFO: [Synth 8-7075] Helper process launched with PID 18488
---------------------------------------------------------------------------------
Starting RTL Elaboration : Time (s): cpu = 00:00:02 ; elapsed = 00:00:03 . Memory (MB): peak = 2866.105 ; gain = 335.789
---------------------------------------------------------------------------------
INFO: [Synth 8-6157] synthesizing module 'design_1_wrapper' [C:/Xilinx/Projects/DRC_Rev2.0_Deliverables/Vivado2023.1/DRC_Rev2.0_FW/project_1.gen/sources_1/bd/design_1/hdl/design_1_wrapper.v:13]
INFO: [Synth 8-6157] synthesizing module 'design_1' [c:/Xilinx/Projects/DRC_Rev2.0_Deliverables/Vivado2023.1/DRC_Rev2.0_FW/project_1.gen/sources_1/bd/design_1/synth/design_1.v:13]
INFO: [Synth 8-6157] synthesizing module 'design_1_ADC_MinMax_0_0' [C:/Xilinx/Projects/DRC_Rev2.0_Deliverables/Vivado2023.1/DRC_Rev2.0_FW/project_1.runs/synth_1/.Xil/Vivado-46064-OCP001/realtime/design_1_ADC_MinMax_0_0_stub.v:6]
INFO: [Synth 8-6155] done synthesizing module 'design_1_ADC_MinMax_0_0' (0#1) [C:/Xilinx/Projects/DRC_Rev2.0_Deliverables/Vivado2023.1/DRC_Rev2.0_FW/project_1.runs/synth_1/.Xil/Vivado-46064-OCP001/realtime/design_1_ADC_MinMax_0_0_stub.v:6]
INFO: [Synth 8-6157] synthesizing module 'design_1_ADC_MinMax_0_1' [C:/Xilinx/Projects/DRC_Rev2.0_Deliverables/Vivado2023.1/DRC_Rev2.0_FW/project_1.runs/synth_1/.Xil/Vivado-46064-OCP001/realtime/design_1_ADC_MinMax_0_1_stub.v:6]
INFO: [Synth 8-6155] done synthesizing module 'design_1_ADC_MinMax_0_1' (0#1) [C:/Xilinx/Projects/DRC_Rev2.0_Deliverables/Vivado2023.1/DRC_Rev2.0_FW/project_1.runs/synth_1/.Xil/Vivado-46064-OCP001/realtime/design_1_ADC_MinMax_0_1_stub.v:6]
INFO: [Synth 8-6157] synthesizing module 'design_1_ADC_MinMax_0_2' [C:/Xilinx/Projects/DRC_Rev2.0_Deliverables/Vivado2023.1/DRC_Rev2.0_FW/project_1.runs/synth_1/.Xil/Vivado-46064-OCP001/realtime/design_1_ADC_MinMax_0_2_stub.v:6]
INFO: [Synth 8-6155] done synthesizing module 'design_1_ADC_MinMax_0_2' (0#1) [C:/Xilinx/Projects/DRC_Rev2.0_Deliverables/Vivado2023.1/DRC_Rev2.0_FW/project_1.runs/synth_1/.Xil/Vivado-46064-OCP001/realtime/design_1_ADC_MinMax_0_2_stub.v:6]
INFO: [Synth 8-6157] synthesizing module 'design_1_ADC_MinMax_0_3' [C:/Xilinx/Projects/DRC_Rev2.0_Deliverables/Vivado2023.1/DRC_Rev2.0_FW/project_1.runs/synth_1/.Xil/Vivado-46064-OCP001/realtime/design_1_ADC_MinMax_0_3_stub.v:6]
INFO: [Synth 8-6155] done synthesizing module 'design_1_ADC_MinMax_0_3' (0#1) [C:/Xilinx/Projects/DRC_Rev2.0_Deliverables/Vivado2023.1/DRC_Rev2.0_FW/project_1.runs/synth_1/.Xil/Vivado-46064-OCP001/realtime/design_1_ADC_MinMax_0_3_stub.v:6]
INFO: [Synth 8-6157] synthesizing module 'design_1_axi_gpio_19_0' [C:/Xilinx/Projects/DRC_Rev2.0_Deliverables/Vivado2023.1/DRC_Rev2.0_FW/project_1.runs/synth_1/.Xil/Vivado-46064-OCP001/realtime/design_1_axi_gpio_19_0_stub.v:6]
INFO: [Synth 8-6155] done synthesizing module 'design_1_axi_gpio_19_0' (0#1) [C:/Xilinx/Projects/DRC_Rev2.0_Deliverables/Vivado2023.1/DRC_Rev2.0_FW/project_1.runs/synth_1/.Xil/Vivado-46064-OCP001/realtime/design_1_axi_gpio_19_0_stub.v:6]
INFO: [Synth 8-6157] synthesizing module 'design_1_ClockDivider_0_0' [C:/Xilinx/Projects/DRC_Rev2.0_Deliverables/Vivado2023.1/DRC_Rev2.0_FW/project_1.runs/synth_1/.Xil/Vivado-46064-OCP001/realtime/design_1_ClockDivider_0_0_stub.v:6]
INFO: [Synth 8-6155] done synthesizing module 'design_1_ClockDivider_0_0' (0#1) [C:/Xilinx/Projects/DRC_Rev2.0_Deliverables/Vivado2023.1/DRC_Rev2.0_FW/project_1.runs/synth_1/.Xil/Vivado-46064-OCP001/realtime/design_1_ClockDivider_0_0_stub.v:6]
INFO: [Synth 8-6157] synthesizing module 'design_1_ClockDivider_0_1' [C:/Xilinx/Projects/DRC_Rev2.0_Deliverables/Vivado2023.1/DRC_Rev2.0_FW/project_1.runs/synth_1/.Xil/Vivado-46064-OCP001/realtime/design_1_ClockDivider_0_1_stub.v:6]
INFO: [Synth 8-6155] done synthesizing module 'design_1_ClockDivider_0_1' (0#1) [C:/Xilinx/Projects/DRC_Rev2.0_Deliverables/Vivado2023.1/DRC_Rev2.0_FW/project_1.runs/synth_1/.Xil/Vivado-46064-OCP001/realtime/design_1_ClockDivider_0_1_stub.v:6]
INFO: [Synth 8-6157] synthesizing module 'design_1_DAC_CTRL_0_0' [C:/Xilinx/Projects/DRC_Rev2.0_Deliverables/Vivado2023.1/DRC_Rev2.0_FW/project_1.runs/synth_1/.Xil/Vivado-46064-OCP001/realtime/design_1_DAC_CTRL_0_0_stub.v:6]
INFO: [Synth 8-6155] done synthesizing module 'design_1_DAC_CTRL_0_0' (0#1) [C:/Xilinx/Projects/DRC_Rev2.0_Deliverables/Vivado2023.1/DRC_Rev2.0_FW/project_1.runs/synth_1/.Xil/Vivado-46064-OCP001/realtime/design_1_DAC_CTRL_0_0_stub.v:6]
INFO: [Synth 8-6157] synthesizing module 'design_1_DAC_CTRL_0_1' [C:/Xilinx/Projects/DRC_Rev2.0_Deliverables/Vivado2023.1/DRC_Rev2.0_FW/project_1.runs/synth_1/.Xil/Vivado-46064-OCP001/realtime/design_1_DAC_CTRL_0_1_stub.v:6]
INFO: [Synth 8-6155] done synthesizing module 'design_1_DAC_CTRL_0_1' (0#1) [C:/Xilinx/Projects/DRC_Rev2.0_Deliverables/Vivado2023.1/DRC_Rev2.0_FW/project_1.runs/synth_1/.Xil/Vivado-46064-OCP001/realtime/design_1_DAC_CTRL_0_1_stub.v:6]
INFO: [Synth 8-6157] synthesizing module 'design_1_DAC_CTRL_0_2' [C:/Xilinx/Projects/DRC_Rev2.0_Deliverables/Vivado2023.1/DRC_Rev2.0_FW/project_1.runs/synth_1/.Xil/Vivado-46064-OCP001/realtime/design_1_DAC_CTRL_0_2_stub.v:6]
INFO: [Synth 8-6155] done synthesizing module 'design_1_DAC_CTRL_0_2' (0#1) [C:/Xilinx/Projects/DRC_Rev2.0_Deliverables/Vivado2023.1/DRC_Rev2.0_FW/project_1.runs/synth_1/.Xil/Vivado-46064-OCP001/realtime/design_1_DAC_CTRL_0_2_stub.v:6]
INFO: [Synth 8-6157] synthesizing module 'design_1_DAC_CTRL_0_3' [C:/Xilinx/Projects/DRC_Rev2.0_Deliverables/Vivado2023.1/DRC_Rev2.0_FW/project_1.runs/synth_1/.Xil/Vivado-46064-OCP001/realtime/design_1_DAC_CTRL_0_3_stub.v:6]
INFO: [Synth 8-6155] done synthesizing module 'design_1_DAC_CTRL_0_3' (0#1) [C:/Xilinx/Projects/DRC_Rev2.0_Deliverables/Vivado2023.1/DRC_Rev2.0_FW/project_1.runs/synth_1/.Xil/Vivado-46064-OCP001/realtime/design_1_DAC_CTRL_0_3_stub.v:6]
INFO: [Synth 8-6157] synthesizing module 'design_1_axi_gpio_0_1' [C:/Xilinx/Projects/DRC_Rev2.0_Deliverables/Vivado2023.1/DRC_Rev2.0_FW/project_1.runs/synth_1/.Xil/Vivado-46064-OCP001/realtime/design_1_axi_gpio_0_1_stub.v:6]
INFO: [Synth 8-6155] done synthesizing module 'design_1_axi_gpio_0_1' (0#1) [C:/Xilinx/Projects/DRC_Rev2.0_Deliverables/Vivado2023.1/DRC_Rev2.0_FW/project_1.runs/synth_1/.Xil/Vivado-46064-OCP001/realtime/design_1_axi_gpio_0_1_stub.v:6]
INFO: [Synth 8-6157] synthesizing module 'design_1_axi_gpio_1_0' [C:/Xilinx/Projects/DRC_Rev2.0_Deliverables/Vivado2023.1/DRC_Rev2.0_FW/project_1.runs/synth_1/.Xil/Vivado-46064-OCP001/realtime/design_1_axi_gpio_1_0_stub.v:6]
INFO: [Synth 8-6155] done synthesizing module 'design_1_axi_gpio_1_0' (0#1) [C:/Xilinx/Projects/DRC_Rev2.0_Deliverables/Vivado2023.1/DRC_Rev2.0_FW/project_1.runs/synth_1/.Xil/Vivado-46064-OCP001/realtime/design_1_axi_gpio_1_0_stub.v:6]
INFO: [Synth 8-6157] synthesizing module 'design_1_axi_gpio_9_0' [C:/Xilinx/Projects/DRC_Rev2.0_Deliverables/Vivado2023.1/DRC_Rev2.0_FW/project_1.runs/synth_1/.Xil/Vivado-46064-OCP001/realtime/design_1_axi_gpio_9_0_stub.v:6]
INFO: [Synth 8-6155] done synthesizing module 'design_1_axi_gpio_9_0' (0#1) [C:/Xilinx/Projects/DRC_Rev2.0_Deliverables/Vivado2023.1/DRC_Rev2.0_FW/project_1.runs/synth_1/.Xil/Vivado-46064-OCP001/realtime/design_1_axi_gpio_9_0_stub.v:6]
INFO: [Synth 8-6157] synthesizing module 'design_1_axi_gpio_3_1' [C:/Xilinx/Projects/DRC_Rev2.0_Deliverables/Vivado2023.1/DRC_Rev2.0_FW/project_1.runs/synth_1/.Xil/Vivado-46064-OCP001/realtime/design_1_axi_gpio_3_1_stub.v:6]
INFO: [Synth 8-6155] done synthesizing module 'design_1_axi_gpio_3_1' (0#1) [C:/Xilinx/Projects/DRC_Rev2.0_Deliverables/Vivado2023.1/DRC_Rev2.0_FW/project_1.runs/synth_1/.Xil/Vivado-46064-OCP001/realtime/design_1_axi_gpio_3_1_stub.v:6]
INFO: [Synth 8-6157] synthesizing module 'design_1_axi_gpio_2_3' [C:/Xilinx/Projects/DRC_Rev2.0_Deliverables/Vivado2023.1/DRC_Rev2.0_FW/project_1.runs/synth_1/.Xil/Vivado-46064-OCP001/realtime/design_1_axi_gpio_2_3_stub.v:6]
INFO: [Synth 8-6155] done synthesizing module 'design_1_axi_gpio_2_3' (0#1) [C:/Xilinx/Projects/DRC_Rev2.0_Deliverables/Vivado2023.1/DRC_Rev2.0_FW/project_1.runs/synth_1/.Xil/Vivado-46064-OCP001/realtime/design_1_axi_gpio_2_3_stub.v:6]
INFO: [Synth 8-6157] synthesizing module 'design_1_axi_gpio_3_2' [C:/Xilinx/Projects/DRC_Rev2.0_Deliverables/Vivado2023.1/DRC_Rev2.0_FW/project_1.runs/synth_1/.Xil/Vivado-46064-OCP001/realtime/design_1_axi_gpio_3_2_stub.v:6]
INFO: [Synth 8-6155] done synthesizing module 'design_1_axi_gpio_3_2' (0#1) [C:/Xilinx/Projects/DRC_Rev2.0_Deliverables/Vivado2023.1/DRC_Rev2.0_FW/project_1.runs/synth_1/.Xil/Vivado-46064-OCP001/realtime/design_1_axi_gpio_3_2_stub.v:6]
INFO: [Synth 8-6157] synthesizing module 'design_1_axi_gpio_14_0' [C:/Xilinx/Projects/DRC_Rev2.0_Deliverables/Vivado2023.1/DRC_Rev2.0_FW/project_1.runs/synth_1/.Xil/Vivado-46064-OCP001/realtime/design_1_axi_gpio_14_0_stub.v:6]
INFO: [Synth 8-6155] done synthesizing module 'design_1_axi_gpio_14_0' (0#1) [C:/Xilinx/Projects/DRC_Rev2.0_Deliverables/Vivado2023.1/DRC_Rev2.0_FW/project_1.runs/synth_1/.Xil/Vivado-46064-OCP001/realtime/design_1_axi_gpio_14_0_stub.v:6]
INFO: [Synth 8-6157] synthesizing module 'design_1_axi_gpio_15_0' [C:/Xilinx/Projects/DRC_Rev2.0_Deliverables/Vivado2023.1/DRC_Rev2.0_FW/project_1.runs/synth_1/.Xil/Vivado-46064-OCP001/realtime/design_1_axi_gpio_15_0_stub.v:6]
INFO: [Synth 8-6155] done synthesizing module 'design_1_axi_gpio_15_0' (0#1) [C:/Xilinx/Projects/DRC_Rev2.0_Deliverables/Vivado2023.1/DRC_Rev2.0_FW/project_1.runs/synth_1/.Xil/Vivado-46064-OCP001/realtime/design_1_axi_gpio_15_0_stub.v:6]
INFO: [Synth 8-6157] synthesizing module 'design_1_axi_gpio_16_0' [C:/Xilinx/Projects/DRC_Rev2.0_Deliverables/Vivado2023.1/DRC_Rev2.0_FW/project_1.runs/synth_1/.Xil/Vivado-46064-OCP001/realtime/design_1_axi_gpio_16_0_stub.v:6]
INFO: [Synth 8-6155] done synthesizing module 'design_1_axi_gpio_16_0' (0#1) [C:/Xilinx/Projects/DRC_Rev2.0_Deliverables/Vivado2023.1/DRC_Rev2.0_FW/project_1.runs/synth_1/.Xil/Vivado-46064-OCP001/realtime/design_1_axi_gpio_16_0_stub.v:6]
INFO: [Synth 8-6157] synthesizing module 'design_1_axi_gpio_17_0' [C:/Xilinx/Projects/DRC_Rev2.0_Deliverables/Vivado2023.1/DRC_Rev2.0_FW/project_1.runs/synth_1/.Xil/Vivado-46064-OCP001/realtime/design_1_axi_gpio_17_0_stub.v:6]
INFO: [Synth 8-6155] done synthesizing module 'design_1_axi_gpio_17_0' (0#1) [C:/Xilinx/Projects/DRC_Rev2.0_Deliverables/Vivado2023.1/DRC_Rev2.0_FW/project_1.runs/synth_1/.Xil/Vivado-46064-OCP001/realtime/design_1_axi_gpio_17_0_stub.v:6]
INFO: [Synth 8-6157] synthesizing module 'design_1_axi_gpio_18_0' [C:/Xilinx/Projects/DRC_Rev2.0_Deliverables/Vivado2023.1/DRC_Rev2.0_FW/project_1.runs/synth_1/.Xil/Vivado-46064-OCP001/realtime/design_1_axi_gpio_18_0_stub.v:6]
INFO: [Synth 8-6155] done synthesizing module 'design_1_axi_gpio_18_0' (0#1) [C:/Xilinx/Projects/DRC_Rev2.0_Deliverables/Vivado2023.1/DRC_Rev2.0_FW/project_1.runs/synth_1/.Xil/Vivado-46064-OCP001/realtime/design_1_axi_gpio_18_0_stub.v:6]
INFO: [Synth 8-6157] synthesizing module 'design_1_axi_gpio_1_1' [C:/Xilinx/Projects/DRC_Rev2.0_Deliverables/Vivado2023.1/DRC_Rev2.0_FW/project_1.runs/synth_1/.Xil/Vivado-46064-OCP001/realtime/design_1_axi_gpio_1_1_stub.v:6]
INFO: [Synth 8-6155] done synthesizing module 'design_1_axi_gpio_1_1' (0#1) [C:/Xilinx/Projects/DRC_Rev2.0_Deliverables/Vivado2023.1/DRC_Rev2.0_FW/project_1.runs/synth_1/.Xil/Vivado-46064-OCP001/realtime/design_1_axi_gpio_1_1_stub.v:6]
INFO: [Synth 8-6157] synthesizing module 'design_1_axi_gpio_2_0' [C:/Xilinx/Projects/DRC_Rev2.0_Deliverables/Vivado2023.1/DRC_Rev2.0_FW/project_1.runs/synth_1/.Xil/Vivado-46064-OCP001/realtime/design_1_axi_gpio_2_0_stub.v:6]
INFO: [Synth 8-6155] done synthesizing module 'design_1_axi_gpio_2_0' (0#1) [C:/Xilinx/Projects/DRC_Rev2.0_Deliverables/Vivado2023.1/DRC_Rev2.0_FW/project_1.runs/synth_1/.Xil/Vivado-46064-OCP001/realtime/design_1_axi_gpio_2_0_stub.v:6]
INFO: [Synth 8-6157] synthesizing module 'design_1_axi_gpio_2_1' [C:/Xilinx/Projects/DRC_Rev2.0_Deliverables/Vivado2023.1/DRC_Rev2.0_FW/project_1.runs/synth_1/.Xil/Vivado-46064-OCP001/realtime/design_1_axi_gpio_2_1_stub.v:6]
INFO: [Synth 8-6155] done synthesizing module 'design_1_axi_gpio_2_1' (0#1) [C:/Xilinx/Projects/DRC_Rev2.0_Deliverables/Vivado2023.1/DRC_Rev2.0_FW/project_1.runs/synth_1/.Xil/Vivado-46064-OCP001/realtime/design_1_axi_gpio_2_1_stub.v:6]
INFO: [Synth 8-6157] synthesizing module 'design_1_axi_gpio_3_0' [C:/Xilinx/Projects/DRC_Rev2.0_Deliverables/Vivado2023.1/DRC_Rev2.0_FW/project_1.runs/synth_1/.Xil/Vivado-46064-OCP001/realtime/design_1_axi_gpio_3_0_stub.v:6]
INFO: [Synth 8-6155] done synthesizing module 'design_1_axi_gpio_3_0' (0#1) [C:/Xilinx/Projects/DRC_Rev2.0_Deliverables/Vivado2023.1/DRC_Rev2.0_FW/project_1.runs/synth_1/.Xil/Vivado-46064-OCP001/realtime/design_1_axi_gpio_3_0_stub.v:6]
INFO: [Synth 8-6157] synthesizing module 'design_1_axi_gpio_2_2' [C:/Xilinx/Projects/DRC_Rev2.0_Deliverables/Vivado2023.1/DRC_Rev2.0_FW/project_1.runs/synth_1/.Xil/Vivado-46064-OCP001/realtime/design_1_axi_gpio_2_2_stub.v:6]
INFO: [Synth 8-6155] done synthesizing module 'design_1_axi_gpio_2_2' (0#1) [C:/Xilinx/Projects/DRC_Rev2.0_Deliverables/Vivado2023.1/DRC_Rev2.0_FW/project_1.runs/synth_1/.Xil/Vivado-46064-OCP001/realtime/design_1_axi_gpio_2_2_stub.v:6]
INFO: [Synth 8-6157] synthesizing module 'design_1_axi_gpio_8_0' [C:/Xilinx/Projects/DRC_Rev2.0_Deliverables/Vivado2023.1/DRC_Rev2.0_FW/project_1.runs/synth_1/.Xil/Vivado-46064-OCP001/realtime/design_1_axi_gpio_8_0_stub.v:6]
INFO: [Synth 8-6155] done synthesizing module 'design_1_axi_gpio_8_0' (0#1) [C:/Xilinx/Projects/DRC_Rev2.0_Deliverables/Vivado2023.1/DRC_Rev2.0_FW/project_1.runs/synth_1/.Xil/Vivado-46064-OCP001/realtime/design_1_axi_gpio_8_0_stub.v:6]
INFO: [Synth 8-6157] synthesizing module 'design_1_axi_gpio_0_2' [C:/Xilinx/Projects/DRC_Rev2.0_Deliverables/Vivado2023.1/DRC_Rev2.0_FW/project_1.runs/synth_1/.Xil/Vivado-46064-OCP001/realtime/design_1_axi_gpio_0_2_stub.v:6]
INFO: [Synth 8-6155] done synthesizing module 'design_1_axi_gpio_0_2' (0#1) [C:/Xilinx/Projects/DRC_Rev2.0_Deliverables/Vivado2023.1/DRC_Rev2.0_FW/project_1.runs/synth_1/.Xil/Vivado-46064-OCP001/realtime/design_1_axi_gpio_0_2_stub.v:6]
INFO: [Synth 8-6157] synthesizing module 'design_1_axi_gpio_0_0' [C:/Xilinx/Projects/DRC_Rev2.0_Deliverables/Vivado2023.1/DRC_Rev2.0_FW/project_1.runs/synth_1/.Xil/Vivado-46064-OCP001/realtime/design_1_axi_gpio_0_0_stub.v:6]
INFO: [Synth 8-6155] done synthesizing module 'design_1_axi_gpio_0_0' (0#1) [C:/Xilinx/Projects/DRC_Rev2.0_Deliverables/Vivado2023.1/DRC_Rev2.0_FW/project_1.runs/synth_1/.Xil/Vivado-46064-OCP001/realtime/design_1_axi_gpio_0_0_stub.v:6]
INFO: [Synth 8-6157] synthesizing module 'design_1_axi_iic_0_0' [C:/Xilinx/Projects/DRC_Rev2.0_Deliverables/Vivado2023.1/DRC_Rev2.0_FW/project_1.runs/synth_1/.Xil/Vivado-46064-OCP001/realtime/design_1_axi_iic_0_0_stub.v:6]
INFO: [Synth 8-6155] done synthesizing module 'design_1_axi_iic_0_0' (0#1) [C:/Xilinx/Projects/DRC_Rev2.0_Deliverables/Vivado2023.1/DRC_Rev2.0_FW/project_1.runs/synth_1/.Xil/Vivado-46064-OCP001/realtime/design_1_axi_iic_0_0_stub.v:6]
WARNING: [Synth 8-7071] port 'iic2intc_irpt' of module 'design_1_axi_iic_0_0' is unconnected for instance 'axi_iic_0' [c:/Xilinx/Projects/DRC_Rev2.0_Deliverables/Vivado2023.1/DRC_Rev2.0_FW/project_1.gen/sources_1/bd/design_1/synth/design_1.v:1186]
WARNING: [Synth 8-7071] port 'gpo' of module 'design_1_axi_iic_0_0' is unconnected for instance 'axi_iic_0' [c:/Xilinx/Projects/DRC_Rev2.0_Deliverables/Vivado2023.1/DRC_Rev2.0_FW/project_1.gen/sources_1/bd/design_1/synth/design_1.v:1186]
WARNING: [Synth 8-7023] instance 'axi_iic_0' of module 'design_1_axi_iic_0_0' has 27 connections declared, but only 25 given [c:/Xilinx/Projects/DRC_Rev2.0_Deliverables/Vivado2023.1/DRC_Rev2.0_FW/project_1.gen/sources_1/bd/design_1/synth/design_1.v:1186]
INFO: [Synth 8-6157] synthesizing module 'design_1_axi_iic_0_1' [C:/Xilinx/Projects/DRC_Rev2.0_Deliverables/Vivado2023.1/DRC_Rev2.0_FW/project_1.runs/synth_1/.Xil/Vivado-46064-OCP001/realtime/design_1_axi_iic_0_1_stub.v:6]
INFO: [Synth 8-6155] done synthesizing module 'design_1_axi_iic_0_1' (0#1) [C:/Xilinx/Projects/DRC_Rev2.0_Deliverables/Vivado2023.1/DRC_Rev2.0_FW/project_1.runs/synth_1/.Xil/Vivado-46064-OCP001/realtime/design_1_axi_iic_0_1_stub.v:6]
WARNING: [Synth 8-7071] port 'iic2intc_irpt' of module 'design_1_axi_iic_0_1' is unconnected for instance 'axi_iic_1' [c:/Xilinx/Projects/DRC_Rev2.0_Deliverables/Vivado2023.1/DRC_Rev2.0_FW/project_1.gen/sources_1/bd/design_1/synth/design_1.v:1212]
WARNING: [Synth 8-7071] port 'gpo' of module 'design_1_axi_iic_0_1' is unconnected for instance 'axi_iic_1' [c:/Xilinx/Projects/DRC_Rev2.0_Deliverables/Vivado2023.1/DRC_Rev2.0_FW/project_1.gen/sources_1/bd/design_1/synth/design_1.v:1212]
WARNING: [Synth 8-7023] instance 'axi_iic_1' of module 'design_1_axi_iic_0_1' has 27 connections declared, but only 25 given [c:/Xilinx/Projects/DRC_Rev2.0_Deliverables/Vivado2023.1/DRC_Rev2.0_FW/project_1.gen/sources_1/bd/design_1/synth/design_1.v:1212]
INFO: [Synth 8-6157] synthesizing module 'design_1_axi_iic_0_2' [C:/Xilinx/Projects/DRC_Rev2.0_Deliverables/Vivado2023.1/DRC_Rev2.0_FW/project_1.runs/synth_1/.Xil/Vivado-46064-OCP001/realtime/design_1_axi_iic_0_2_stub.v:6]
INFO: [Synth 8-6155] done synthesizing module 'design_1_axi_iic_0_2' (0#1) [C:/Xilinx/Projects/DRC_Rev2.0_Deliverables/Vivado2023.1/DRC_Rev2.0_FW/project_1.runs/synth_1/.Xil/Vivado-46064-OCP001/realtime/design_1_axi_iic_0_2_stub.v:6]
WARNING: [Synth 8-7071] port 'iic2intc_irpt' of module 'design_1_axi_iic_0_2' is unconnected for instance 'axi_iic_2' [c:/Xilinx/Projects/DRC_Rev2.0_Deliverables/Vivado2023.1/DRC_Rev2.0_FW/project_1.gen/sources_1/bd/design_1/synth/design_1.v:1238]
WARNING: [Synth 8-7071] port 'gpo' of module 'design_1_axi_iic_0_2' is unconnected for instance 'axi_iic_2' [c:/Xilinx/Projects/DRC_Rev2.0_Deliverables/Vivado2023.1/DRC_Rev2.0_FW/project_1.gen/sources_1/bd/design_1/synth/design_1.v:1238]
WARNING: [Synth 8-7023] instance 'axi_iic_2' of module 'design_1_axi_iic_0_2' has 27 connections declared, but only 25 given [c:/Xilinx/Projects/DRC_Rev2.0_Deliverables/Vivado2023.1/DRC_Rev2.0_FW/project_1.gen/sources_1/bd/design_1/synth/design_1.v:1238]
INFO: [Synth 8-6157] synthesizing module 'design_1_axi_quad_spi_0_0' [C:/Xilinx/Projects/DRC_Rev2.0_Deliverables/Vivado2023.1/DRC_Rev2.0_FW/project_1.runs/synth_1/.Xil/Vivado-46064-OCP001/realtime/design_1_axi_quad_spi_0_0_stub.v:6]
INFO: [Synth 8-6155] done synthesizing module 'design_1_axi_quad_spi_0_0' (0#1) [C:/Xilinx/Projects/DRC_Rev2.0_Deliverables/Vivado2023.1/DRC_Rev2.0_FW/project_1.runs/synth_1/.Xil/Vivado-46064-OCP001/realtime/design_1_axi_quad_spi_0_0_stub.v:6]
WARNING: [Synth 8-7071] port 'io0_t' of module 'design_1_axi_quad_spi_0_0' is unconnected for instance 'axi_quad_spi_0' [c:/Xilinx/Projects/DRC_Rev2.0_Deliverables/Vivado2023.1/DRC_Rev2.0_FW/project_1.gen/sources_1/bd/design_1/synth/design_1.v:1264]
WARNING: [Synth 8-7071] port 'io1_o' of module 'design_1_axi_quad_spi_0_0' is unconnected for instance 'axi_quad_spi_0' [c:/Xilinx/Projects/DRC_Rev2.0_Deliverables/Vivado2023.1/DRC_Rev2.0_FW/project_1.gen/sources_1/bd/design_1/synth/design_1.v:1264]
WARNING: [Synth 8-7071] port 'io1_t' of module 'design_1_axi_quad_spi_0_0' is unconnected for instance 'axi_quad_spi_0' [c:/Xilinx/Projects/DRC_Rev2.0_Deliverables/Vivado2023.1/DRC_Rev2.0_FW/project_1.gen/sources_1/bd/design_1/synth/design_1.v:1264]
WARNING: [Synth 8-7071] port 'sck_t' of module 'design_1_axi_quad_spi_0_0' is unconnected for instance 'axi_quad_spi_0' [c:/Xilinx/Projects/DRC_Rev2.0_Deliverables/Vivado2023.1/DRC_Rev2.0_FW/project_1.gen/sources_1/bd/design_1/synth/design_1.v:1264]
WARNING: [Synth 8-7071] port 'ss_t' of module 'design_1_axi_quad_spi_0_0' is unconnected for instance 'axi_quad_spi_0' [c:/Xilinx/Projects/DRC_Rev2.0_Deliverables/Vivado2023.1/DRC_Rev2.0_FW/project_1.gen/sources_1/bd/design_1/synth/design_1.v:1264]
WARNING: [Synth 8-7071] port 'ip2intc_irpt' of module 'design_1_axi_quad_spi_0_0' is unconnected for instance 'axi_quad_spi_0' [c:/Xilinx/Projects/DRC_Rev2.0_Deliverables/Vivado2023.1/DRC_Rev2.0_FW/project_1.gen/sources_1/bd/design_1/synth/design_1.v:1264]
WARNING: [Synth 8-7023] instance 'axi_quad_spi_0' of module 'design_1_axi_quad_spi_0_0' has 33 connections declared, but only 27 given [c:/Xilinx/Projects/DRC_Rev2.0_Deliverables/Vivado2023.1/DRC_Rev2.0_FW/project_1.gen/sources_1/bd/design_1/synth/design_1.v:1264]
INFO: [Synth 8-6157] synthesizing module 'design_1_axi_quad_spi_0_1' [C:/Xilinx/Projects/DRC_Rev2.0_Deliverables/Vivado2023.1/DRC_Rev2.0_FW/project_1.runs/synth_1/.Xil/Vivado-46064-OCP001/realtime/design_1_axi_quad_spi_0_1_stub.v:6]
INFO: [Synth 8-6155] done synthesizing module 'design_1_axi_quad_spi_0_1' (0#1) [C:/Xilinx/Projects/DRC_Rev2.0_Deliverables/Vivado2023.1/DRC_Rev2.0_FW/project_1.runs/synth_1/.Xil/Vivado-46064-OCP001/realtime/design_1_axi_quad_spi_0_1_stub.v:6]
WARNING: [Synth 8-7071] port 'io0_t' of module 'design_1_axi_quad_spi_0_1' is unconnected for instance 'axi_quad_spi_1' [c:/Xilinx/Projects/DRC_Rev2.0_Deliverables/Vivado2023.1/DRC_Rev2.0_FW/project_1.gen/sources_1/bd/design_1/synth/design_1.v:1292]
WARNING: [Synth 8-7071] port 'io1_o' of module 'design_1_axi_quad_spi_0_1' is unconnected for instance 'axi_quad_spi_1' [c:/Xilinx/Projects/DRC_Rev2.0_Deliverables/Vivado2023.1/DRC_Rev2.0_FW/project_1.gen/sources_1/bd/design_1/synth/design_1.v:1292]
WARNING: [Synth 8-7071] port 'io1_t' of module 'design_1_axi_quad_spi_0_1' is unconnected for instance 'axi_quad_spi_1' [c:/Xilinx/Projects/DRC_Rev2.0_Deliverables/Vivado2023.1/DRC_Rev2.0_FW/project_1.gen/sources_1/bd/design_1/synth/design_1.v:1292]
WARNING: [Synth 8-7071] port 'sck_t' of module 'design_1_axi_quad_spi_0_1' is unconnected for instance 'axi_quad_spi_1' [c:/Xilinx/Projects/DRC_Rev2.0_Deliverables/Vivado2023.1/DRC_Rev2.0_FW/project_1.gen/sources_1/bd/design_1/synth/design_1.v:1292]
WARNING: [Synth 8-7071] port 'ss_t' of module 'design_1_axi_quad_spi_0_1' is unconnected for instance 'axi_quad_spi_1' [c:/Xilinx/Projects/DRC_Rev2.0_Deliverables/Vivado2023.1/DRC_Rev2.0_FW/project_1.gen/sources_1/bd/design_1/synth/design_1.v:1292]
WARNING: [Synth 8-7071] port 'ip2intc_irpt' of module 'design_1_axi_quad_spi_0_1' is unconnected for instance 'axi_quad_spi_1' [c:/Xilinx/Projects/DRC_Rev2.0_Deliverables/Vivado2023.1/DRC_Rev2.0_FW/project_1.gen/sources_1/bd/design_1/synth/design_1.v:1292]
WARNING: [Synth 8-7023] instance 'axi_quad_spi_1' of module 'design_1_axi_quad_spi_0_1' has 33 connections declared, but only 27 given [c:/Xilinx/Projects/DRC_Rev2.0_Deliverables/Vivado2023.1/DRC_Rev2.0_FW/project_1.gen/sources_1/bd/design_1/synth/design_1.v:1292]
INFO: [Synth 8-6157] synthesizing module 'design_1_clk_wiz_0_0' [C:/Xilinx/Projects/DRC_Rev2.0_Deliverables/Vivado2023.1/DRC_Rev2.0_FW/project_1.runs/synth_1/.Xil/Vivado-46064-OCP001/realtime/design_1_clk_wiz_0_0_stub.v:6]
INFO: [Synth 8-6155] done synthesizing module 'design_1_clk_wiz_0_0' (0#1) [C:/Xilinx/Projects/DRC_Rev2.0_Deliverables/Vivado2023.1/DRC_Rev2.0_FW/project_1.runs/synth_1/.Xil/Vivado-46064-OCP001/realtime/design_1_clk_wiz_0_0_stub.v:6]
WARNING: [Synth 8-7071] port 'clk_out2' of module 'design_1_clk_wiz_0_0' is unconnected for instance 'clk_wiz_0' [c:/Xilinx/Projects/DRC_Rev2.0_Deliverables/Vivado2023.1/DRC_Rev2.0_FW/project_1.gen/sources_1/bd/design_1/synth/design_1.v:1320]
WARNING: [Synth 8-7071] port 'clk_out4' of module 'design_1_clk_wiz_0_0' is unconnected for instance 'clk_wiz_0' [c:/Xilinx/Projects/DRC_Rev2.0_Deliverables/Vivado2023.1/DRC_Rev2.0_FW/project_1.gen/sources_1/bd/design_1/synth/design_1.v:1320]
WARNING: [Synth 8-7023] instance 'clk_wiz_0' of module 'design_1_clk_wiz_0_0' has 5 connections declared, but only 3 given [c:/Xilinx/Projects/DRC_Rev2.0_Deliverables/Vivado2023.1/DRC_Rev2.0_FW/project_1.gen/sources_1/bd/design_1/synth/design_1.v:1320]
WARNING: [Synth 8-4446] all outputs are unconnected for this instance and logic may be removed [c:/Xilinx/Projects/DRC_Rev2.0_Deliverables/Vivado2023.1/DRC_Rev2.0_FW/project_1.gen/sources_1/bd/design_1/synth/design_1.v:1324]
INFO: [Synth 8-6157] synthesizing module 'design_1_ila_0_0' [C:/Xilinx/Projects/DRC_Rev2.0_Deliverables/Vivado2023.1/DRC_Rev2.0_FW/project_1.runs/synth_1/.Xil/Vivado-46064-OCP001/realtime/design_1_ila_0_0_stub.v:6]
INFO: [Synth 8-6155] done synthesizing module 'design_1_ila_0_0' (0#1) [C:/Xilinx/Projects/DRC_Rev2.0_Deliverables/Vivado2023.1/DRC_Rev2.0_FW/project_1.runs/synth_1/.Xil/Vivado-46064-OCP001/realtime/design_1_ila_0_0_stub.v:6]
INFO: [Synth 8-6157] synthesizing module 'design_1_proc_sys_reset_0_0' [C:/Xilinx/Projects/DRC_Rev2.0_Deliverables/Vivado2023.1/DRC_Rev2.0_FW/project_1.runs/synth_1/.Xil/Vivado-46064-OCP001/realtime/design_1_proc_sys_reset_0_0_stub.v:6]
INFO: [Synth 8-6155] done synthesizing module 'design_1_proc_sys_reset_0_0' (0#1) [C:/Xilinx/Projects/DRC_Rev2.0_Deliverables/Vivado2023.1/DRC_Rev2.0_FW/project_1.runs/synth_1/.Xil/Vivado-46064-OCP001/realtime/design_1_proc_sys_reset_0_0_stub.v:6]
WARNING: [Synth 8-7071] port 'mb_reset' of module 'design_1_proc_sys_reset_0_0' is unconnected for instance 'proc_sys_reset_0' [c:/Xilinx/Projects/DRC_Rev2.0_Deliverables/Vivado2023.1/DRC_Rev2.0_FW/project_1.gen/sources_1/bd/design_1/synth/design_1.v:1327]
WARNING: [Synth 8-7071] port 'bus_struct_reset' of module 'design_1_proc_sys_reset_0_0' is unconnected for instance 'proc_sys_reset_0' [c:/Xilinx/Projects/DRC_Rev2.0_Deliverables/Vivado2023.1/DRC_Rev2.0_FW/project_1.gen/sources_1/bd/design_1/synth/design_1.v:1327]
WARNING: [Synth 8-7071] port 'peripheral_reset' of module 'design_1_proc_sys_reset_0_0' is unconnected for instance 'proc_sys_reset_0' [c:/Xilinx/Projects/DRC_Rev2.0_Deliverables/Vivado2023.1/DRC_Rev2.0_FW/project_1.gen/sources_1/bd/design_1/synth/design_1.v:1327]
WARNING: [Synth 8-7071] port 'interconnect_aresetn' of module 'design_1_proc_sys_reset_0_0' is unconnected for instance 'proc_sys_reset_0' [c:/Xilinx/Projects/DRC_Rev2.0_Deliverables/Vivado2023.1/DRC_Rev2.0_FW/project_1.gen/sources_1/bd/design_1/synth/design_1.v:1327]
WARNING: [Synth 8-7023] instance 'proc_sys_reset_0' of module 'design_1_proc_sys_reset_0_0' has 10 connections declared, but only 6 given [c:/Xilinx/Projects/DRC_Rev2.0_Deliverables/Vivado2023.1/DRC_Rev2.0_FW/project_1.gen/sources_1/bd/design_1/synth/design_1.v:1327]
INFO: [Synth 8-6157] synthesizing module 'design_1_ps8_0_axi_periph_0' [c:/Xilinx/Projects/DRC_Rev2.0_Deliverables/Vivado2023.1/DRC_Rev2.0_FW/project_1.gen/sources_1/bd/design_1/synth/design_1.v:2058]
INFO: [Synth 8-6157] synthesizing module 'i00_couplers_imp_4SIBI7' [c:/Xilinx/Projects/DRC_Rev2.0_Deliverables/Vivado2023.1/DRC_Rev2.0_FW/project_1.gen/sources_1/bd/design_1/synth/design_1.v:6024]
INFO: [Synth 8-6155] done synthesizing module 'i00_couplers_imp_4SIBI7' (0#1) [c:/Xilinx/Projects/DRC_Rev2.0_Deliverables/Vivado2023.1/DRC_Rev2.0_FW/project_1.gen/sources_1/bd/design_1/synth/design_1.v:6024]
INFO: [Synth 8-6157] synthesizing module 'i01_couplers_imp_1YI1VMM' [c:/Xilinx/Projects/DRC_Rev2.0_Deliverables/Vivado2023.1/DRC_Rev2.0_FW/project_1.gen/sources_1/bd/design_1/synth/design_1.v:6170]
INFO: [Synth 8-6155] done synthesizing module 'i01_couplers_imp_1YI1VMM' (0#1) [c:/Xilinx/Projects/DRC_Rev2.0_Deliverables/Vivado2023.1/DRC_Rev2.0_FW/project_1.gen/sources_1/bd/design_1/synth/design_1.v:6170]
INFO: [Synth 8-6157] synthesizing module 'i02_couplers_imp_5PG2F0' [c:/Xilinx/Projects/DRC_Rev2.0_Deliverables/Vivado2023.1/DRC_Rev2.0_FW/project_1.gen/sources_1/bd/design_1/synth/design_1.v:6316]
INFO: [Synth 8-6155] done synthesizing module 'i02_couplers_imp_5PG2F0' (0#1) [c:/Xilinx/Projects/DRC_Rev2.0_Deliverables/Vivado2023.1/DRC_Rev2.0_FW/project_1.gen/sources_1/bd/design_1/synth/design_1.v:6316]
INFO: [Synth 8-6157] synthesizing module 'i03_couplers_imp_1XUTAE5' [c:/Xilinx/Projects/DRC_Rev2.0_Deliverables/Vivado2023.1/DRC_Rev2.0_FW/project_1.gen/sources_1/bd/design_1/synth/design_1.v:6462]
INFO: [Synth 8-6155] done synthesizing module 'i03_couplers_imp_1XUTAE5' (0#1) [c:/Xilinx/Projects/DRC_Rev2.0_Deliverables/Vivado2023.1/DRC_Rev2.0_FW/project_1.gen/sources_1/bd/design_1/synth/design_1.v:6462]
INFO: [Synth 8-6157] synthesizing module 'm00_couplers_imp_QJIMLI' [c:/Xilinx/Projects/DRC_Rev2.0_Deliverables/Vivado2023.1/DRC_Rev2.0_FW/project_1.gen/sources_1/bd/design_1/synth/design_1.v:6608]
INFO: [Synth 8-6155] done synthesizing module 'm00_couplers_imp_QJIMLI' (0#1) [c:/Xilinx/Projects/DRC_Rev2.0_Deliverables/Vivado2023.1/DRC_Rev2.0_FW/project_1.gen/sources_1/bd/design_1/synth/design_1.v:6608]
INFO: [Synth 8-6157] synthesizing module 'm01_couplers_imp_1D3SAH3' [c:/Xilinx/Projects/DRC_Rev2.0_Deliverables/Vivado2023.1/DRC_Rev2.0_FW/project_1.gen/sources_1/bd/design_1/synth/design_1.v:6740]
INFO: [Synth 8-6155] done synthesizing module 'm01_couplers_imp_1D3SAH3' (0#1) [c:/Xilinx/Projects/DRC_Rev2.0_Deliverables/Vivado2023.1/DRC_Rev2.0_FW/project_1.gen/sources_1/bd/design_1/synth/design_1.v:6740]
INFO: [Synth 8-6157] synthesizing module 'm02_couplers_imp_P3UMW5' [c:/Xilinx/Projects/DRC_Rev2.0_Deliverables/Vivado2023.1/DRC_Rev2.0_FW/project_1.gen/sources_1/bd/design_1/synth/design_1.v:6872]
INFO: [Synth 8-6155] done synthesizing module 'm02_couplers_imp_P3UMW5' (0#1) [c:/Xilinx/Projects/DRC_Rev2.0_Deliverables/Vivado2023.1/DRC_Rev2.0_FW/project_1.gen/sources_1/bd/design_1/synth/design_1.v:6872]
INFO: [Synth 8-6157] synthesizing module 'm03_couplers_imp_1E9R4HW' [c:/Xilinx/Projects/DRC_Rev2.0_Deliverables/Vivado2023.1/DRC_Rev2.0_FW/project_1.gen/sources_1/bd/design_1/synth/design_1.v:7004]
INFO: [Synth 8-6155] done synthesizing module 'm03_couplers_imp_1E9R4HW' (0#1) [c:/Xilinx/Projects/DRC_Rev2.0_Deliverables/Vivado2023.1/DRC_Rev2.0_FW/project_1.gen/sources_1/bd/design_1/synth/design_1.v:7004]
INFO: [Synth 8-6157] synthesizing module 'm04_couplers_imp_NB1YAO' [c:/Xilinx/Projects/DRC_Rev2.0_Deliverables/Vivado2023.1/DRC_Rev2.0_FW/project_1.gen/sources_1/bd/design_1/synth/design_1.v:7136]
INFO: [Synth 8-6155] done synthesizing module 'm04_couplers_imp_NB1YAO' (0#1) [c:/Xilinx/Projects/DRC_Rev2.0_Deliverables/Vivado2023.1/DRC_Rev2.0_FW/project_1.gen/sources_1/bd/design_1/synth/design_1.v:7136]
INFO: [Synth 8-6157] synthesizing module 'm05_couplers_imp_1FZ4A9T' [c:/Xilinx/Projects/DRC_Rev2.0_Deliverables/Vivado2023.1/DRC_Rev2.0_FW/project_1.gen/sources_1/bd/design_1/synth/design_1.v:7268]
INFO: [Synth 8-6155] done synthesizing module 'm05_couplers_imp_1FZ4A9T' (0#1) [c:/Xilinx/Projects/DRC_Rev2.0_Deliverables/Vivado2023.1/DRC_Rev2.0_FW/project_1.gen/sources_1/bd/design_1/synth/design_1.v:7268]
INFO: [Synth 8-6157] synthesizing module 'm06_couplers_imp_MPDFMR' [c:/Xilinx/Projects/DRC_Rev2.0_Deliverables/Vivado2023.1/DRC_Rev2.0_FW/project_1.gen/sources_1/bd/design_1/synth/design_1.v:7400]
INFO: [Synth 8-6155] done synthesizing module 'm06_couplers_imp_MPDFMR' (0#1) [c:/Xilinx/Projects/DRC_Rev2.0_Deliverables/Vivado2023.1/DRC_Rev2.0_FW/project_1.gen/sources_1/bd/design_1/synth/design_1.v:7400]
INFO: [Synth 8-6157] synthesizing module 'm07_couplers_imp_1GV49DU' [c:/Xilinx/Projects/DRC_Rev2.0_Deliverables/Vivado2023.1/DRC_Rev2.0_FW/project_1.gen/sources_1/bd/design_1/synth/design_1.v:7532]
INFO: [Synth 8-6155] done synthesizing module 'm07_couplers_imp_1GV49DU' (0#1) [c:/Xilinx/Projects/DRC_Rev2.0_Deliverables/Vivado2023.1/DRC_Rev2.0_FW/project_1.gen/sources_1/bd/design_1/synth/design_1.v:7532]
INFO: [Synth 8-6157] synthesizing module 'm08_couplers_imp_K8X5UY' [c:/Xilinx/Projects/DRC_Rev2.0_Deliverables/Vivado2023.1/DRC_Rev2.0_FW/project_1.gen/sources_1/bd/design_1/synth/design_1.v:7664]
INFO: [Synth 8-6155] done synthesizing module 'm08_couplers_imp_K8X5UY' (0#1) [c:/Xilinx/Projects/DRC_Rev2.0_Deliverables/Vivado2023.1/DRC_Rev2.0_FW/project_1.gen/sources_1/bd/design_1/synth/design_1.v:7664]
INFO: [Synth 8-6157] synthesizing module 'm09_couplers_imp_1AITGY3' [c:/Xilinx/Projects/DRC_Rev2.0_Deliverables/Vivado2023.1/DRC_Rev2.0_FW/project_1.gen/sources_1/bd/design_1/synth/design_1.v:7796]
INFO: [Synth 8-6155] done synthesizing module 'm09_couplers_imp_1AITGY3' (0#1) [c:/Xilinx/Projects/DRC_Rev2.0_Deliverables/Vivado2023.1/DRC_Rev2.0_FW/project_1.gen/sources_1/bd/design_1/synth/design_1.v:7796]
INFO: [Synth 8-6157] synthesizing module 'm10_couplers_imp_11TD8LA' [c:/Xilinx/Projects/DRC_Rev2.0_Deliverables/Vivado2023.1/DRC_Rev2.0_FW/project_1.gen/sources_1/bd/design_1/synth/design_1.v:7928]
INFO: [Synth 8-6155] done synthesizing module 'm10_couplers_imp_11TD8LA' (0#1) [c:/Xilinx/Projects/DRC_Rev2.0_Deliverables/Vivado2023.1/DRC_Rev2.0_FW/project_1.gen/sources_1/bd/design_1/synth/design_1.v:7928]
INFO: [Synth 8-6157] synthesizing module 'm11_couplers_imp_SLT6JJ' [c:/Xilinx/Projects/DRC_Rev2.0_Deliverables/Vivado2023.1/DRC_Rev2.0_FW/project_1.gen/sources_1/bd/design_1/synth/design_1.v:8060]
INFO: [Synth 8-6155] done synthesizing module 'm11_couplers_imp_SLT6JJ' (0#1) [c:/Xilinx/Projects/DRC_Rev2.0_Deliverables/Vivado2023.1/DRC_Rev2.0_FW/project_1.gen/sources_1/bd/design_1/synth/design_1.v:8060]
INFO: [Synth 8-6157] synthesizing module 'm12_couplers_imp_13AKZEL' [c:/Xilinx/Projects/DRC_Rev2.0_Deliverables/Vivado2023.1/DRC_Rev2.0_FW/project_1.gen/sources_1/bd/design_1/synth/design_1.v:8192]
INFO: [Synth 8-6155] done synthesizing module 'm12_couplers_imp_13AKZEL' (0#1) [c:/Xilinx/Projects/DRC_Rev2.0_Deliverables/Vivado2023.1/DRC_Rev2.0_FW/project_1.gen/sources_1/bd/design_1/synth/design_1.v:8192]
INFO: [Synth 8-6157] synthesizing module 'm13_couplers_imp_REVGT8' [c:/Xilinx/Projects/DRC_Rev2.0_Deliverables/Vivado2023.1/DRC_Rev2.0_FW/project_1.gen/sources_1/bd/design_1/synth/design_1.v:8324]
INFO: [Synth 8-6155] done synthesizing module 'm13_couplers_imp_REVGT8' (0#1) [c:/Xilinx/Projects/DRC_Rev2.0_Deliverables/Vivado2023.1/DRC_Rev2.0_FW/project_1.gen/sources_1/bd/design_1/synth/design_1.v:8324]
INFO: [Synth 8-6157] synthesizing module 'm14_couplers_imp_10LD0VS' [c:/Xilinx/Projects/DRC_Rev2.0_Deliverables/Vivado2023.1/DRC_Rev2.0_FW/project_1.gen/sources_1/bd/design_1/synth/design_1.v:8456]
INFO: [Synth 8-6155] done synthesizing module 'm14_couplers_imp_10LD0VS' (0#1) [c:/Xilinx/Projects/DRC_Rev2.0_Deliverables/Vivado2023.1/DRC_Rev2.0_FW/project_1.gen/sources_1/bd/design_1/synth/design_1.v:8456]
INFO: [Synth 8-6157] synthesizing module 'm15_couplers_imp_U5NP7D' [c:/Xilinx/Projects/DRC_Rev2.0_Deliverables/Vivado2023.1/DRC_Rev2.0_FW/project_1.gen/sources_1/bd/design_1/synth/design_1.v:8588]
INFO: [Synth 8-6155] done synthesizing module 'm15_couplers_imp_U5NP7D' (0#1) [c:/Xilinx/Projects/DRC_Rev2.0_Deliverables/Vivado2023.1/DRC_Rev2.0_FW/project_1.gen/sources_1/bd/design_1/synth/design_1.v:8588]
INFO: [Synth 8-6157] synthesizing module 'm16_couplers_imp_118MOFV' [c:/Xilinx/Projects/DRC_Rev2.0_Deliverables/Vivado2023.1/DRC_Rev2.0_FW/project_1.gen/sources_1/bd/design_1/synth/design_1.v:8720]
INFO: [Synth 8-6155] done synthesizing module 'm16_couplers_imp_118MOFV' (0#1) [c:/Xilinx/Projects/DRC_Rev2.0_Deliverables/Vivado2023.1/DRC_Rev2.0_FW/project_1.gen/sources_1/bd/design_1/synth/design_1.v:8720]
INFO: [Synth 8-6157] synthesizing module 'm17_couplers_imp_T8QBBU' [c:/Xilinx/Projects/DRC_Rev2.0_Deliverables/Vivado2023.1/DRC_Rev2.0_FW/project_1.gen/sources_1/bd/design_1/synth/design_1.v:8852]
INFO: [Synth 8-6155] done synthesizing module 'm17_couplers_imp_T8QBBU' (0#1) [c:/Xilinx/Projects/DRC_Rev2.0_Deliverables/Vivado2023.1/DRC_Rev2.0_FW/project_1.gen/sources_1/bd/design_1/synth/design_1.v:8852]
INFO: [Synth 8-6157] synthesizing module 'm18_couplers_imp_185APBM' [c:/Xilinx/Projects/DRC_Rev2.0_Deliverables/Vivado2023.1/DRC_Rev2.0_FW/project_1.gen/sources_1/bd/design_1/synth/design_1.v:8984]
INFO: [Synth 8-6155] done synthesizing module 'm18_couplers_imp_185APBM' (0#1) [c:/Xilinx/Projects/DRC_Rev2.0_Deliverables/Vivado2023.1/DRC_Rev2.0_FW/project_1.gen/sources_1/bd/design_1/synth/design_1.v:8984]
INFO: [Synth 8-6157] synthesizing module 'm19_couplers_imp_V5LG0J' [c:/Xilinx/Projects/DRC_Rev2.0_Deliverables/Vivado2023.1/DRC_Rev2.0_FW/project_1.gen/sources_1/bd/design_1/synth/design_1.v:9116]
INFO: [Synth 8-6155] done synthesizing module 'm19_couplers_imp_V5LG0J' (0#1) [c:/Xilinx/Projects/DRC_Rev2.0_Deliverables/Vivado2023.1/DRC_Rev2.0_FW/project_1.gen/sources_1/bd/design_1/synth/design_1.v:9116]
INFO: [Synth 8-6157] synthesizing module 'm20_couplers_imp_BYN2MV' [c:/Xilinx/Projects/DRC_Rev2.0_Deliverables/Vivado2023.1/DRC_Rev2.0_FW/project_1.gen/sources_1/bd/design_1/synth/design_1.v:9248]
INFO: [Synth 8-6155] done synthesizing module 'm20_couplers_imp_BYN2MV' (0#1) [c:/Xilinx/Projects/DRC_Rev2.0_Deliverables/Vivado2023.1/DRC_Rev2.0_FW/project_1.gen/sources_1/bd/design_1/synth/design_1.v:9248]
INFO: [Synth 8-6157] synthesizing module 'm21_couplers_imp_1IGUL12' [c:/Xilinx/Projects/DRC_Rev2.0_Deliverables/Vivado2023.1/DRC_Rev2.0_FW/project_1.gen/sources_1/bd/design_1/synth/design_1.v:9380]
INFO: [Synth 8-6155] done synthesizing module 'm21_couplers_imp_1IGUL12' (0#1) [c:/Xilinx/Projects/DRC_Rev2.0_Deliverables/Vivado2023.1/DRC_Rev2.0_FW/project_1.gen/sources_1/bd/design_1/synth/design_1.v:9380]
INFO: [Synth 8-6157] synthesizing module 'm22_couplers_imp_CZB82C' [c:/Xilinx/Projects/DRC_Rev2.0_Deliverables/Vivado2023.1/DRC_Rev2.0_FW/project_1.gen/sources_1/bd/design_1/synth/design_1.v:9512]
INFO: [Synth 8-6155] done synthesizing module 'm22_couplers_imp_CZB82C' (0#1) [c:/Xilinx/Projects/DRC_Rev2.0_Deliverables/Vivado2023.1/DRC_Rev2.0_FW/project_1.gen/sources_1/bd/design_1/synth/design_1.v:9512]
INFO: [Synth 8-6157] synthesizing module 'm23_couplers_imp_1HPTZLH' [c:/Xilinx/Projects/DRC_Rev2.0_Deliverables/Vivado2023.1/DRC_Rev2.0_FW/project_1.gen/sources_1/bd/design_1/synth/design_1.v:9644]
INFO: [Synth 8-6155] done synthesizing module 'm23_couplers_imp_1HPTZLH' (0#1) [c:/Xilinx/Projects/DRC_Rev2.0_Deliverables/Vivado2023.1/DRC_Rev2.0_FW/project_1.gen/sources_1/bd/design_1/synth/design_1.v:9644]
INFO: [Synth 8-6157] synthesizing module 'm24_couplers_imp_92NWUP' [c:/Xilinx/Projects/DRC_Rev2.0_Deliverables/Vivado2023.1/DRC_Rev2.0_FW/project_1.gen/sources_1/bd/design_1/synth/design_1.v:9776]
INFO: [Synth 8-6155] done synthesizing module 'm24_couplers_imp_92NWUP' (0#1) [c:/Xilinx/Projects/DRC_Rev2.0_Deliverables/Vivado2023.1/DRC_Rev2.0_FW/project_1.gen/sources_1/bd/design_1/synth/design_1.v:9776]
INFO: [Synth 8-6157] synthesizing module 's00_couplers_imp_1A7ZMW4' [c:/Xilinx/Projects/DRC_Rev2.0_Deliverables/Vivado2023.1/DRC_Rev2.0_FW/project_1.gen/sources_1/bd/design_1/synth/design_1.v:9908]
INFO: [Synth 8-6157] synthesizing module 'design_1_auto_ds_0' [C:/Xilinx/Projects/DRC_Rev2.0_Deliverables/Vivado2023.1/DRC_Rev2.0_FW/project_1.runs/synth_1/.Xil/Vivado-46064-OCP001/realtime/design_1_auto_ds_0_stub.v:6]
INFO: [Synth 8-6155] done synthesizing module 'design_1_auto_ds_0' (0#1) [C:/Xilinx/Projects/DRC_Rev2.0_Deliverables/Vivado2023.1/DRC_Rev2.0_FW/project_1.runs/synth_1/.Xil/Vivado-46064-OCP001/realtime/design_1_auto_ds_0_stub.v:6]
INFO: [Synth 8-6157] synthesizing module 'design_1_auto_pc_0' [C:/Xilinx/Projects/DRC_Rev2.0_Deliverables/Vivado2023.1/DRC_Rev2.0_FW/project_1.runs/synth_1/.Xil/Vivado-46064-OCP001/realtime/design_1_auto_pc_0_stub.v:6]
INFO: [Synth 8-6155] done synthesizing module 'design_1_auto_pc_0' (0#1) [C:/Xilinx/Projects/DRC_Rev2.0_Deliverables/Vivado2023.1/DRC_Rev2.0_FW/project_1.runs/synth_1/.Xil/Vivado-46064-OCP001/realtime/design_1_auto_pc_0_stub.v:6]
INFO: [Synth 8-6155] done synthesizing module 's00_couplers_imp_1A7ZMW4' (0#1) [c:/Xilinx/Projects/DRC_Rev2.0_Deliverables/Vivado2023.1/DRC_Rev2.0_FW/project_1.gen/sources_1/bd/design_1/synth/design_1.v:9908]
INFO: [Synth 8-6157] synthesizing module 'design_1_tier2_xbar_0_0' [C:/Xilinx/Projects/DRC_Rev2.0_Deliverables/Vivado2023.1/DRC_Rev2.0_FW/project_1.runs/synth_1/.Xil/Vivado-46064-OCP001/realtime/design_1_tier2_xbar_0_0_stub.v:6]
INFO: [Synth 8-6155] done synthesizing module 'design_1_tier2_xbar_0_0' (0#1) [C:/Xilinx/Projects/DRC_Rev2.0_Deliverables/Vivado2023.1/DRC_Rev2.0_FW/project_1.runs/synth_1/.Xil/Vivado-46064-OCP001/realtime/design_1_tier2_xbar_0_0_stub.v:6]
WARNING: [Synth 8-7071] port 'm_axi_awprot' of module 'design_1_tier2_xbar_0_0' is unconnected for instance 'tier2_xbar_0' [c:/Xilinx/Projects/DRC_Rev2.0_Deliverables/Vivado2023.1/DRC_Rev2.0_FW/project_1.gen/sources_1/bd/design_1/synth/design_1.v:5825]
WARNING: [Synth 8-7071] port 'm_axi_arprot' of module 'design_1_tier2_xbar_0_0' is unconnected for instance 'tier2_xbar_0' [c:/Xilinx/Projects/DRC_Rev2.0_Deliverables/Vivado2023.1/DRC_Rev2.0_FW/project_1.gen/sources_1/bd/design_1/synth/design_1.v:5825]
WARNING: [Synth 8-7023] instance 'tier2_xbar_0' of module 'design_1_tier2_xbar_0_0' has 40 connections declared, but only 38 given [c:/Xilinx/Projects/DRC_Rev2.0_Deliverables/Vivado2023.1/DRC_Rev2.0_FW/project_1.gen/sources_1/bd/design_1/synth/design_1.v:5825]
INFO: [Synth 8-6157] synthesizing module 'design_1_tier2_xbar_1_0' [C:/Xilinx/Projects/DRC_Rev2.0_Deliverables/Vivado2023.1/DRC_Rev2.0_FW/project_1.runs/synth_1/.Xil/Vivado-46064-OCP001/realtime/design_1_tier2_xbar_1_0_stub.v:6]
INFO: [Synth 8-6155] done synthesizing module 'design_1_tier2_xbar_1_0' (0#1) [C:/Xilinx/Projects/DRC_Rev2.0_Deliverables/Vivado2023.1/DRC_Rev2.0_FW/project_1.runs/synth_1/.Xil/Vivado-46064-OCP001/realtime/design_1_tier2_xbar_1_0_stub.v:6]
WARNING: [Synth 8-7071] port 'm_axi_awprot' of module 'design_1_tier2_xbar_1_0' is unconnected for instance 'tier2_xbar_1' [c:/Xilinx/Projects/DRC_Rev2.0_Deliverables/Vivado2023.1/DRC_Rev2.0_FW/project_1.gen/sources_1/bd/design_1/synth/design_1.v:5864]
WARNING: [Synth 8-7071] port 'm_axi_arprot' of module 'design_1_tier2_xbar_1_0' is unconnected for instance 'tier2_xbar_1' [c:/Xilinx/Projects/DRC_Rev2.0_Deliverables/Vivado2023.1/DRC_Rev2.0_FW/project_1.gen/sources_1/bd/design_1/synth/design_1.v:5864]
WARNING: [Synth 8-7023] instance 'tier2_xbar_1' of module 'design_1_tier2_xbar_1_0' has 40 connections declared, but only 38 given [c:/Xilinx/Projects/DRC_Rev2.0_Deliverables/Vivado2023.1/DRC_Rev2.0_FW/project_1.gen/sources_1/bd/design_1/synth/design_1.v:5864]
INFO: [Synth 8-6157] synthesizing module 'design_1_tier2_xbar_2_0' [C:/Xilinx/Projects/DRC_Rev2.0_Deliverables/Vivado2023.1/DRC_Rev2.0_FW/project_1.runs/synth_1/.Xil/Vivado-46064-OCP001/realtime/design_1_tier2_xbar_2_0_stub.v:6]
INFO: [Synth 8-6155] done synthesizing module 'design_1_tier2_xbar_2_0' (0#1) [C:/Xilinx/Projects/DRC_Rev2.0_Deliverables/Vivado2023.1/DRC_Rev2.0_FW/project_1.runs/synth_1/.Xil/Vivado-46064-OCP001/realtime/design_1_tier2_xbar_2_0_stub.v:6]
WARNING: [Synth 8-7071] port 'm_axi_awprot' of module 'design_1_tier2_xbar_2_0' is unconnected for instance 'tier2_xbar_2' [c:/Xilinx/Projects/DRC_Rev2.0_Deliverables/Vivado2023.1/DRC_Rev2.0_FW/project_1.gen/sources_1/bd/design_1/synth/design_1.v:5903]
WARNING: [Synth 8-7071] port 'm_axi_arprot' of module 'design_1_tier2_xbar_2_0' is unconnected for instance 'tier2_xbar_2' [c:/Xilinx/Projects/DRC_Rev2.0_Deliverables/Vivado2023.1/DRC_Rev2.0_FW/project_1.gen/sources_1/bd/design_1/synth/design_1.v:5903]
WARNING: [Synth 8-7023] instance 'tier2_xbar_2' of module 'design_1_tier2_xbar_2_0' has 40 connections declared, but only 38 given [c:/Xilinx/Projects/DRC_Rev2.0_Deliverables/Vivado2023.1/DRC_Rev2.0_FW/project_1.gen/sources_1/bd/design_1/synth/design_1.v:5903]
INFO: [Synth 8-6157] synthesizing module 'design_1_tier2_xbar_3_0' [C:/Xilinx/Projects/DRC_Rev2.0_Deliverables/Vivado2023.1/DRC_Rev2.0_FW/project_1.runs/synth_1/.Xil/Vivado-46064-OCP001/realtime/design_1_tier2_xbar_3_0_stub.v:6]
INFO: [Synth 8-6155] done synthesizing module 'design_1_tier2_xbar_3_0' (0#1) [C:/Xilinx/Projects/DRC_Rev2.0_Deliverables/Vivado2023.1/DRC_Rev2.0_FW/project_1.runs/synth_1/.Xil/Vivado-46064-OCP001/realtime/design_1_tier2_xbar_3_0_stub.v:6]
WARNING: [Synth 8-7071] port 'm_axi_awprot' of module 'design_1_tier2_xbar_3_0' is unconnected for instance 'tier2_xbar_3' [c:/Xilinx/Projects/DRC_Rev2.0_Deliverables/Vivado2023.1/DRC_Rev2.0_FW/project_1.gen/sources_1/bd/design_1/synth/design_1.v:5942]
WARNING: [Synth 8-7071] port 'm_axi_arprot' of module 'design_1_tier2_xbar_3_0' is unconnected for instance 'tier2_xbar_3' [c:/Xilinx/Projects/DRC_Rev2.0_Deliverables/Vivado2023.1/DRC_Rev2.0_FW/project_1.gen/sources_1/bd/design_1/synth/design_1.v:5942]
WARNING: [Synth 8-7023] instance 'tier2_xbar_3' of module 'design_1_tier2_xbar_3_0' has 40 connections declared, but only 38 given [c:/Xilinx/Projects/DRC_Rev2.0_Deliverables/Vivado2023.1/DRC_Rev2.0_FW/project_1.gen/sources_1/bd/design_1/synth/design_1.v:5942]
INFO: [Synth 8-6157] synthesizing module 'design_1_xbar_0' [C:/Xilinx/Projects/DRC_Rev2.0_Deliverables/Vivado2023.1/DRC_Rev2.0_FW/project_1.runs/synth_1/.Xil/Vivado-46064-OCP001/realtime/design_1_xbar_0_stub.v:6]
INFO: [Synth 8-6155] done synthesizing module 'design_1_xbar_0' (0#1) [C:/Xilinx/Projects/DRC_Rev2.0_Deliverables/Vivado2023.1/DRC_Rev2.0_FW/project_1.runs/synth_1/.Xil/Vivado-46064-OCP001/realtime/design_1_xbar_0_stub.v:6]
INFO: [Synth 8-6155] done synthesizing module 'design_1_ps8_0_axi_periph_0' (0#1) [c:/Xilinx/Projects/DRC_Rev2.0_Deliverables/Vivado2023.1/DRC_Rev2.0_FW/project_1.gen/sources_1/bd/design_1/synth/design_1.v:2058]
INFO: [Synth 8-6157] synthesizing module 'design_1_util_ds_buf_10_1' [C:/Xilinx/Projects/DRC_Rev2.0_Deliverables/Vivado2023.1/DRC_Rev2.0_FW/project_1.runs/synth_1/.Xil/Vivado-46064-OCP001/realtime/design_1_util_ds_buf_10_1_stub.v:6]
INFO: [Synth 8-6155] done synthesizing module 'design_1_util_ds_buf_10_1' (0#1) [C:/Xilinx/Projects/DRC_Rev2.0_Deliverables/Vivado2023.1/DRC_Rev2.0_FW/project_1.runs/synth_1/.Xil/Vivado-46064-OCP001/realtime/design_1_util_ds_buf_10_1_stub.v:6]
INFO: [Synth 8-6157] synthesizing module 'design_1_util_ds_buf_11_0' [C:/Xilinx/Projects/DRC_Rev2.0_Deliverables/Vivado2023.1/DRC_Rev2.0_FW/project_1.runs/synth_1/.Xil/Vivado-46064-OCP001/realtime/design_1_util_ds_buf_11_0_stub.v:6]
INFO: [Synth 8-6155] done synthesizing module 'design_1_util_ds_buf_11_0' (0#1) [C:/Xilinx/Projects/DRC_Rev2.0_Deliverables/Vivado2023.1/DRC_Rev2.0_FW/project_1.runs/synth_1/.Xil/Vivado-46064-OCP001/realtime/design_1_util_ds_buf_11_0_stub.v:6]
INFO: [Synth 8-6157] synthesizing module 'design_1_util_ds_buf_0_0' [C:/Xilinx/Projects/DRC_Rev2.0_Deliverables/Vivado2023.1/DRC_Rev2.0_FW/project_1.runs/synth_1/.Xil/Vivado-46064-OCP001/realtime/design_1_util_ds_buf_0_0_stub.v:6]
INFO: [Synth 8-6155] done synthesizing module 'design_1_util_ds_buf_0_0' (0#1) [C:/Xilinx/Projects/DRC_Rev2.0_Deliverables/Vivado2023.1/DRC_Rev2.0_FW/project_1.runs/synth_1/.Xil/Vivado-46064-OCP001/realtime/design_1_util_ds_buf_0_0_stub.v:6]
INFO: [Synth 8-6157] synthesizing module 'design_1_util_ds_buf_6_0' [C:/Xilinx/Projects/DRC_Rev2.0_Deliverables/Vivado2023.1/DRC_Rev2.0_FW/project_1.runs/synth_1/.Xil/Vivado-46064-OCP001/realtime/design_1_util_ds_buf_6_0_stub.v:6]
INFO: [Synth 8-6155] done synthesizing module 'design_1_util_ds_buf_6_0' (0#1) [C:/Xilinx/Projects/DRC_Rev2.0_Deliverables/Vivado2023.1/DRC_Rev2.0_FW/project_1.runs/synth_1/.Xil/Vivado-46064-OCP001/realtime/design_1_util_ds_buf_6_0_stub.v:6]
INFO: [Synth 8-6157] synthesizing module 'design_1_util_ds_buf_0_1' [C:/Xilinx/Projects/DRC_Rev2.0_Deliverables/Vivado2023.1/DRC_Rev2.0_FW/project_1.runs/synth_1/.Xil/Vivado-46064-OCP001/realtime/design_1_util_ds_buf_0_1_stub.v:6]
INFO: [Synth 8-6155] done synthesizing module 'design_1_util_ds_buf_0_1' (0#1) [C:/Xilinx/Projects/DRC_Rev2.0_Deliverables/Vivado2023.1/DRC_Rev2.0_FW/project_1.runs/synth_1/.Xil/Vivado-46064-OCP001/realtime/design_1_util_ds_buf_0_1_stub.v:6]
INFO: [Synth 8-6157] synthesizing module 'design_1_util_ds_buf_12_0' [C:/Xilinx/Projects/DRC_Rev2.0_Deliverables/Vivado2023.1/DRC_Rev2.0_FW/project_1.runs/synth_1/.Xil/Vivado-46064-OCP001/realtime/design_1_util_ds_buf_12_0_stub.v:6]
INFO: [Synth 8-6155] done synthesizing module 'design_1_util_ds_buf_12_0' (0#1) [C:/Xilinx/Projects/DRC_Rev2.0_Deliverables/Vivado2023.1/DRC_Rev2.0_FW/project_1.runs/synth_1/.Xil/Vivado-46064-OCP001/realtime/design_1_util_ds_buf_12_0_stub.v:6]
INFO: [Synth 8-6157] synthesizing module 'design_1_util_ds_buf_10_0' [C:/Xilinx/Projects/DRC_Rev2.0_Deliverables/Vivado2023.1/DRC_Rev2.0_FW/project_1.runs/synth_1/.Xil/Vivado-46064-OCP001/realtime/design_1_util_ds_buf_10_0_stub.v:6]
INFO: [Synth 8-6155] done synthesizing module 'design_1_util_ds_buf_10_0' (0#1) [C:/Xilinx/Projects/DRC_Rev2.0_Deliverables/Vivado2023.1/DRC_Rev2.0_FW/project_1.runs/synth_1/.Xil/Vivado-46064-OCP001/realtime/design_1_util_ds_buf_10_0_stub.v:6]
INFO: [Synth 8-6157] synthesizing module 'design_1_util_ds_buf_15_0' [C:/Xilinx/Projects/DRC_Rev2.0_Deliverables/Vivado2023.1/DRC_Rev2.0_FW/project_1.runs/synth_1/.Xil/Vivado-46064-OCP001/realtime/design_1_util_ds_buf_15_0_stub.v:6]
INFO: [Synth 8-6155] done synthesizing module 'design_1_util_ds_buf_15_0' (0#1) [C:/Xilinx/Projects/DRC_Rev2.0_Deliverables/Vivado2023.1/DRC_Rev2.0_FW/project_1.runs/synth_1/.Xil/Vivado-46064-OCP001/realtime/design_1_util_ds_buf_15_0_stub.v:6]
INFO: [Synth 8-6157] synthesizing module 'design_1_util_ds_buf_16_0' [C:/Xilinx/Projects/DRC_Rev2.0_Deliverables/Vivado2023.1/DRC_Rev2.0_FW/project_1.runs/synth_1/.Xil/Vivado-46064-OCP001/realtime/design_1_util_ds_buf_16_0_stub.v:6]
INFO: [Synth 8-6155] done synthesizing module 'design_1_util_ds_buf_16_0' (0#1) [C:/Xilinx/Projects/DRC_Rev2.0_Deliverables/Vivado2023.1/DRC_Rev2.0_FW/project_1.runs/synth_1/.Xil/Vivado-46064-OCP001/realtime/design_1_util_ds_buf_16_0_stub.v:6]
INFO: [Synth 8-6157] synthesizing module 'design_1_util_ds_buf_17_0' [C:/Xilinx/Projects/DRC_Rev2.0_Deliverables/Vivado2023.1/DRC_Rev2.0_FW/project_1.runs/synth_1/.Xil/Vivado-46064-OCP001/realtime/design_1_util_ds_buf_17_0_stub.v:6]
INFO: [Synth 8-6155] done synthesizing module 'design_1_util_ds_buf_17_0' (0#1) [C:/Xilinx/Projects/DRC_Rev2.0_Deliverables/Vivado2023.1/DRC_Rev2.0_FW/project_1.runs/synth_1/.Xil/Vivado-46064-OCP001/realtime/design_1_util_ds_buf_17_0_stub.v:6]
INFO: [Synth 8-6157] synthesizing module 'design_1_util_ds_buf_18_0' [C:/Xilinx/Projects/DRC_Rev2.0_Deliverables/Vivado2023.1/DRC_Rev2.0_FW/project_1.runs/synth_1/.Xil/Vivado-46064-OCP001/realtime/design_1_util_ds_buf_18_0_stub.v:6]
INFO: [Synth 8-6155] done synthesizing module 'design_1_util_ds_buf_18_0' (0#1) [C:/Xilinx/Projects/DRC_Rev2.0_Deliverables/Vivado2023.1/DRC_Rev2.0_FW/project_1.runs/synth_1/.Xil/Vivado-46064-OCP001/realtime/design_1_util_ds_buf_18_0_stub.v:6]
INFO: [Synth 8-6157] synthesizing module 'design_1_util_ds_buf_0_2' [C:/Xilinx/Projects/DRC_Rev2.0_Deliverables/Vivado2023.1/DRC_Rev2.0_FW/project_1.runs/synth_1/.Xil/Vivado-46064-OCP001/realtime/design_1_util_ds_buf_0_2_stub.v:6]
INFO: [Synth 8-6155] done synthesizing module 'design_1_util_ds_buf_0_2' (0#1) [C:/Xilinx/Projects/DRC_Rev2.0_Deliverables/Vivado2023.1/DRC_Rev2.0_FW/project_1.runs/synth_1/.Xil/Vivado-46064-OCP001/realtime/design_1_util_ds_buf_0_2_stub.v:6]
INFO: [Synth 8-6157] synthesizing module 'design_1_util_ds_buf_1_0' [C:/Xilinx/Projects/DRC_Rev2.0_Deliverables/Vivado2023.1/DRC_Rev2.0_FW/project_1.runs/synth_1/.Xil/Vivado-46064-OCP001/realtime/design_1_util_ds_buf_1_0_stub.v:6]
INFO: [Synth 8-6155] done synthesizing module 'design_1_util_ds_buf_1_0' (0#1) [C:/Xilinx/Projects/DRC_Rev2.0_Deliverables/Vivado2023.1/DRC_Rev2.0_FW/project_1.runs/synth_1/.Xil/Vivado-46064-OCP001/realtime/design_1_util_ds_buf_1_0_stub.v:6]
INFO: [Synth 8-6157] synthesizing module 'design_1_util_ds_buf_0_3' [C:/Xilinx/Projects/DRC_Rev2.0_Deliverables/Vivado2023.1/DRC_Rev2.0_FW/project_1.runs/synth_1/.Xil/Vivado-46064-OCP001/realtime/design_1_util_ds_buf_0_3_stub.v:6]
INFO: [Synth 8-6155] done synthesizing module 'design_1_util_ds_buf_0_3' (0#1) [C:/Xilinx/Projects/DRC_Rev2.0_Deliverables/Vivado2023.1/DRC_Rev2.0_FW/project_1.runs/synth_1/.Xil/Vivado-46064-OCP001/realtime/design_1_util_ds_buf_0_3_stub.v:6]
INFO: [Synth 8-6157] synthesizing module 'design_1_util_ds_buf_1_1' [C:/Xilinx/Projects/DRC_Rev2.0_Deliverables/Vivado2023.1/DRC_Rev2.0_FW/project_1.runs/synth_1/.Xil/Vivado-46064-OCP001/realtime/design_1_util_ds_buf_1_1_stub.v:6]
INFO: [Synth 8-6155] done synthesizing module 'design_1_util_ds_buf_1_1' (0#1) [C:/Xilinx/Projects/DRC_Rev2.0_Deliverables/Vivado2023.1/DRC_Rev2.0_FW/project_1.runs/synth_1/.Xil/Vivado-46064-OCP001/realtime/design_1_util_ds_buf_1_1_stub.v:6]
INFO: [Synth 8-6157] synthesizing module 'design_1_util_ds_buf_6_1' [C:/Xilinx/Projects/DRC_Rev2.0_Deliverables/Vivado2023.1/DRC_Rev2.0_FW/project_1.runs/synth_1/.Xil/Vivado-46064-OCP001/realtime/design_1_util_ds_buf_6_1_stub.v:6]
INFO: [Synth 8-6155] done synthesizing module 'design_1_util_ds_buf_6_1' (0#1) [C:/Xilinx/Projects/DRC_Rev2.0_Deliverables/Vivado2023.1/DRC_Rev2.0_FW/project_1.runs/synth_1/.Xil/Vivado-46064-OCP001/realtime/design_1_util_ds_buf_6_1_stub.v:6]
INFO: [Synth 8-6157] synthesizing module 'design_1_util_ds_buf_7_0' [C:/Xilinx/Projects/DRC_Rev2.0_Deliverables/Vivado2023.1/DRC_Rev2.0_FW/project_1.runs/synth_1/.Xil/Vivado-46064-OCP001/realtime/design_1_util_ds_buf_7_0_stub.v:6]
INFO: [Synth 8-6155] done synthesizing module 'design_1_util_ds_buf_7_0' (0#1) [C:/Xilinx/Projects/DRC_Rev2.0_Deliverables/Vivado2023.1/DRC_Rev2.0_FW/project_1.runs/synth_1/.Xil/Vivado-46064-OCP001/realtime/design_1_util_ds_buf_7_0_stub.v:6]
INFO: [Synth 8-6157] synthesizing module 'design_1_util_ds_buf_8_0' [C:/Xilinx/Projects/DRC_Rev2.0_Deliverables/Vivado2023.1/DRC_Rev2.0_FW/project_1.runs/synth_1/.Xil/Vivado-46064-OCP001/realtime/design_1_util_ds_buf_8_0_stub.v:6]
INFO: [Synth 8-6155] done synthesizing module 'design_1_util_ds_buf_8_0' (0#1) [C:/Xilinx/Projects/DRC_Rev2.0_Deliverables/Vivado2023.1/DRC_Rev2.0_FW/project_1.runs/synth_1/.Xil/Vivado-46064-OCP001/realtime/design_1_util_ds_buf_8_0_stub.v:6]
INFO: [Synth 8-6157] synthesizing module 'design_1_util_ds_buf_9_0' [C:/Xilinx/Projects/DRC_Rev2.0_Deliverables/Vivado2023.1/DRC_Rev2.0_FW/project_1.runs/synth_1/.Xil/Vivado-46064-OCP001/realtime/design_1_util_ds_buf_9_0_stub.v:6]
INFO: [Synth 8-6155] done synthesizing module 'design_1_util_ds_buf_9_0' (0#1) [C:/Xilinx/Projects/DRC_Rev2.0_Deliverables/Vivado2023.1/DRC_Rev2.0_FW/project_1.runs/synth_1/.Xil/Vivado-46064-OCP001/realtime/design_1_util_ds_buf_9_0_stub.v:6]
INFO: [Synth 8-6157] synthesizing module 'design_1_util_vector_logic_0_0' [C:/Xilinx/Projects/DRC_Rev2.0_Deliverables/Vivado2023.1/DRC_Rev2.0_FW/project_1.runs/synth_1/.Xil/Vivado-46064-OCP001/realtime/design_1_util_vector_logic_0_0_stub.v:6]
INFO: [Synth 8-6155] done synthesizing module 'design_1_util_vector_logic_0_0' (0#1) [C:/Xilinx/Projects/DRC_Rev2.0_Deliverables/Vivado2023.1/DRC_Rev2.0_FW/project_1.runs/synth_1/.Xil/Vivado-46064-OCP001/realtime/design_1_util_vector_logic_0_0_stub.v:6]
INFO: [Synth 8-6157] synthesizing module 'design_1_xlconcat_0_0' [c:/Xilinx/Projects/DRC_Rev2.0_Deliverables/Vivado2023.1/DRC_Rev2.0_FW/project_1.gen/sources_1/bd/design_1/ip/design_1_xlconcat_0_0/synth/design_1_xlconcat_0_0.v:53]
INFO: [Synth 8-6157] synthesizing module 'xlconcat_v2_1_4_xlconcat' [c:/Xilinx/Projects/DRC_Rev2.0_Deliverables/Vivado2023.1/DRC_Rev2.0_FW/project_1.gen/sources_1/bd/design_1/ipshared/4b67/hdl/xlconcat_v2_1_vl_rfs.v:14]
INFO: [Common 17-14] Message 'Synth 8-6157' appears 100 times and further instances of the messages will be disabled. Use the Tcl command set_msg_config to change the current settings.
INFO: [Synth 8-6155] done synthesizing module 'xlconcat_v2_1_4_xlconcat' (0#1) [c:/Xilinx/Projects/DRC_Rev2.0_Deliverables/Vivado2023.1/DRC_Rev2.0_FW/project_1.gen/sources_1/bd/design_1/ipshared/4b67/hdl/xlconcat_v2_1_vl_rfs.v:14]
INFO: [Synth 8-6155] done synthesizing module 'design_1_xlconcat_0_0' (0#1) [c:/Xilinx/Projects/DRC_Rev2.0_Deliverables/Vivado2023.1/DRC_Rev2.0_FW/project_1.gen/sources_1/bd/design_1/ip/design_1_xlconcat_0_0/synth/design_1_xlconcat_0_0.v:53]
INFO: [Synth 8-6155] done synthesizing module 'design_1_xlconcat_1_0' (0#1) [c:/Xilinx/Projects/DRC_Rev2.0_Deliverables/Vivado2023.1/DRC_Rev2.0_FW/project_1.gen/sources_1/bd/design_1/ip/design_1_xlconcat_1_0/synth/design_1_xlconcat_1_0.v:53]
INFO: [Synth 8-6155] done synthesizing module 'design_1_xlconcat_2_0' (0#1) [c:/Xilinx/Projects/DRC_Rev2.0_Deliverables/Vivado2023.1/DRC_Rev2.0_FW/project_1.gen/sources_1/bd/design_1/ip/design_1_xlconcat_2_0/synth/design_1_xlconcat_2_0.v:53]
INFO: [Common 17-14] Message 'Synth 8-6155' appears 100 times and further instances of the messages will be disabled. Use the Tcl command set_msg_config to change the current settings.
WARNING: [Synth 8-7071] port 'maxigp2_awuser' of module 'design_1_zynq_ultra_ps_e_0_0' is unconnected for instance 'zynq_ultra_ps_e_0' [c:/Xilinx/Projects/DRC_Rev2.0_Deliverables/Vivado2023.1/DRC_Rev2.0_FW/project_1.gen/sources_1/bd/design_1/synth/design_1.v:2015]
WARNING: [Synth 8-7071] port 'maxigp2_aruser' of module 'design_1_zynq_ultra_ps_e_0_0' is unconnected for instance 'zynq_ultra_ps_e_0' [c:/Xilinx/Projects/DRC_Rev2.0_Deliverables/Vivado2023.1/DRC_Rev2.0_FW/project_1.gen/sources_1/bd/design_1/synth/design_1.v:2015]
WARNING: [Synth 8-7023] instance 'zynq_ultra_ps_e_0' of module 'design_1_zynq_ultra_ps_e_0_0' has 42 connections declared, but only 40 given [c:/Xilinx/Projects/DRC_Rev2.0_Deliverables/Vivado2023.1/DRC_Rev2.0_FW/project_1.gen/sources_1/bd/design_1/synth/design_1.v:2015]
INFO: [Synth 8-6071] Mark debug on the nets applies keep_hierarchy on instance 'util_ds_buf_6'. This will prevent further optimization [c:/Xilinx/Projects/DRC_Rev2.0_Deliverables/Vivado2023.1/DRC_Rev2.0_FW/project_1.gen/sources_1/bd/design_1/synth/design_1.v:1924]
INFO: [Synth 8-6071] Mark debug on the nets applies keep_hierarchy on instance 'ila_0'. This will prevent further optimization [c:/Xilinx/Projects/DRC_Rev2.0_Deliverables/Vivado2023.1/DRC_Rev2.0_FW/project_1.gen/sources_1/bd/design_1/synth/design_1.v:1324]
INFO: [Synth 8-6071] Mark debug on the nets applies keep_hierarchy on instance 'ADC_READ'. This will prevent further optimization [c:/Xilinx/Projects/DRC_Rev2.0_Deliverables/Vivado2023.1/DRC_Rev2.0_FW/project_1.gen/sources_1/bd/design_1/synth/design_1.v:706]
INFO: [Synth 8-6071] Mark debug on the nets applies keep_hierarchy on instance 'ADC_MinMax_0'. This will prevent further optimization [c:/Xilinx/Projects/DRC_Rev2.0_Deliverables/Vivado2023.1/DRC_Rev2.0_FW/project_1.gen/sources_1/bd/design_1/synth/design_1.v:674]
WARNING: [Synth 8-7129] Port Din[3] in module xlslice_v1_0_2_xlslice__parameterized2 is either unconnected or has no load
WARNING: [Synth 8-7129] Port Din[2] in module xlslice_v1_0_2_xlslice__parameterized2 is either unconnected or has no load
WARNING: [Synth 8-7129] Port Din[1] in module xlslice_v1_0_2_xlslice__parameterized2 is either unconnected or has no load
WARNING: [Synth 8-7129] Port Din[3] in module xlslice_v1_0_2_xlslice__parameterized1 is either unconnected or has no load
WARNING: [Synth 8-7129] Port Din[2] in module xlslice_v1_0_2_xlslice__parameterized1 is either unconnected or has no load
WARNING: [Synth 8-7129] Port Din[0] in module xlslice_v1_0_2_xlslice__parameterized1 is either unconnected or has no load
WARNING: [Synth 8-7129] Port Din[3] in module xlslice_v1_0_2_xlslice__parameterized0 is either unconnected or has no load
WARNING: [Synth 8-7129] Port Din[1] in module xlslice_v1_0_2_xlslice__parameterized0 is either unconnected or has no load
WARNING: [Synth 8-7129] Port Din[0] in module xlslice_v1_0_2_xlslice__parameterized0 is either unconnected or has no load
WARNING: [Synth 8-7129] Port Din[2] in module xlslice_v1_0_2_xlslice is either unconnected or has no load
WARNING: [Synth 8-7129] Port Din[1] in module xlslice_v1_0_2_xlslice is either unconnected or has no load
WARNING: [Synth 8-7129] Port Din[0] in module xlslice_v1_0_2_xlslice is either unconnected or has no load
WARNING: [Synth 8-7129] Port In12[0] in module xlconcat_v2_1_4_xlconcat is either unconnected or has no load
WARNING: [Synth 8-7129] Port In13[0] in module xlconcat_v2_1_4_xlconcat is either unconnected or has no load
WARNING: [Synth 8-7129] Port In14[0] in module xlconcat_v2_1_4_xlconcat is either unconnected or has no load
WARNING: [Synth 8-7129] Port In15[0] in module xlconcat_v2_1_4_xlconcat is either unconnected or has no load
WARNING: [Synth 8-7129] Port In16[0] in module xlconcat_v2_1_4_xlconcat is either unconnected or has no load
WARNING: [Synth 8-7129] Port In17[0] in module xlconcat_v2_1_4_xlconcat is either unconnected or has no load
WARNING: [Synth 8-7129] Port In18[0] in module xlconcat_v2_1_4_xlconcat is either unconnected or has no load
WARNING: [Synth 8-7129] Port In19[0] in module xlconcat_v2_1_4_xlconcat is either unconnected or has no load
WARNING: [Synth 8-7129] Port In20[0] in module xlconcat_v2_1_4_xlconcat is either unconnected or has no load
WARNING: [Synth 8-7129] Port In21[0] in module xlconcat_v2_1_4_xlconcat is either unconnected or has no load
WARNING: [Synth 8-7129] Port In22[0] in module xlconcat_v2_1_4_xlconcat is either unconnected or has no load
WARNING: [Synth 8-7129] Port In23[0] in module xlconcat_v2_1_4_xlconcat is either unconnected or has no load
WARNING: [Synth 8-7129] Port In24[0] in module xlconcat_v2_1_4_xlconcat is either unconnected or has no load
WARNING: [Synth 8-7129] Port In25[0] in module xlconcat_v2_1_4_xlconcat is either unconnected or has no load
WARNING: [Synth 8-7129] Port In26[0] in module xlconcat_v2_1_4_xlconcat is either unconnected or has no load
WARNING: [Synth 8-7129] Port In27[0] in module xlconcat_v2_1_4_xlconcat is either unconnected or has no load
WARNING: [Synth 8-7129] Port In28[0] in module xlconcat_v2_1_4_xlconcat is either unconnected or has no load
WARNING: [Synth 8-7129] Port In29[0] in module xlconcat_v2_1_4_xlconcat is either unconnected or has no load
WARNING: [Synth 8-7129] Port In30[0] in module xlconcat_v2_1_4_xlconcat is either unconnected or has no load
WARNING: [Synth 8-7129] Port In31[0] in module xlconcat_v2_1_4_xlconcat is either unconnected or has no load
WARNING: [Synth 8-7129] Port In32[0] in module xlconcat_v2_1_4_xlconcat is either unconnected or has no load
WARNING: [Synth 8-7129] Port In33[0] in module xlconcat_v2_1_4_xlconcat is either unconnected or has no load
WARNING: [Synth 8-7129] Port In34[0] in module xlconcat_v2_1_4_xlconcat is either unconnected or has no load
WARNING: [Synth 8-7129] Port In35[0] in module xlconcat_v2_1_4_xlconcat is either unconnected or has no load
WARNING: [Synth 8-7129] Port In36[0] in module xlconcat_v2_1_4_xlconcat is either unconnected or has no load
WARNING: [Synth 8-7129] Port In37[0] in module xlconcat_v2_1_4_xlconcat is either unconnected or has no load
WARNING: [Synth 8-7129] Port In38[0] in module xlconcat_v2_1_4_xlconcat is either unconnected or has no load
WARNING: [Synth 8-7129] Port In39[0] in module xlconcat_v2_1_4_xlconcat is either unconnected or has no load
WARNING: [Synth 8-7129] Port In40[0] in module xlconcat_v2_1_4_xlconcat is either unconnected or has no load
WARNING: [Synth 8-7129] Port In41[0] in module xlconcat_v2_1_4_xlconcat is either unconnected or has no load
WARNING: [Synth 8-7129] Port In42[0] in module xlconcat_v2_1_4_xlconcat is either unconnected or has no load
WARNING: [Synth 8-7129] Port In43[0] in module xlconcat_v2_1_4_xlconcat is either unconnected or has no load
WARNING: [Synth 8-7129] Port In44[0] in module xlconcat_v2_1_4_xlconcat is either unconnected or has no load
WARNING: [Synth 8-7129] Port In45[0] in module xlconcat_v2_1_4_xlconcat is either unconnected or has no load
WARNING: [Synth 8-7129] Port In46[0] in module xlconcat_v2_1_4_xlconcat is either unconnected or has no load
WARNING: [Synth 8-7129] Port In47[0] in module xlconcat_v2_1_4_xlconcat is either unconnected or has no load
WARNING: [Synth 8-7129] Port In48[0] in module xlconcat_v2_1_4_xlconcat is either unconnected or has no load
WARNING: [Synth 8-7129] Port In49[0] in module xlconcat_v2_1_4_xlconcat is either unconnected or has no load
WARNING: [Synth 8-7129] Port In50[0] in module xlconcat_v2_1_4_xlconcat is either unconnected or has no load
WARNING: [Synth 8-7129] Port In51[0] in module xlconcat_v2_1_4_xlconcat is either unconnected or has no load
WARNING: [Synth 8-7129] Port In52[0] in module xlconcat_v2_1_4_xlconcat is either unconnected or has no load
WARNING: [Synth 8-7129] Port In53[0] in module xlconcat_v2_1_4_xlconcat is either unconnected or has no load
WARNING: [Synth 8-7129] Port In54[0] in module xlconcat_v2_1_4_xlconcat is either unconnected or has no load
WARNING: [Synth 8-7129] Port In55[0] in module xlconcat_v2_1_4_xlconcat is either unconnected or has no load
WARNING: [Synth 8-7129] Port In56[0] in module xlconcat_v2_1_4_xlconcat is either unconnected or has no load
WARNING: [Synth 8-7129] Port In57[0] in module xlconcat_v2_1_4_xlconcat is either unconnected or has no load
WARNING: [Synth 8-7129] Port In58[0] in module xlconcat_v2_1_4_xlconcat is either unconnected or has no load
WARNING: [Synth 8-7129] Port In59[0] in module xlconcat_v2_1_4_xlconcat is either unconnected or has no load
WARNING: [Synth 8-7129] Port In60[0] in module xlconcat_v2_1_4_xlconcat is either unconnected or has no load
WARNING: [Synth 8-7129] Port In61[0] in module xlconcat_v2_1_4_xlconcat is either unconnected or has no load
WARNING: [Synth 8-7129] Port In62[0] in module xlconcat_v2_1_4_xlconcat is either unconnected or has no load
WARNING: [Synth 8-7129] Port In63[0] in module xlconcat_v2_1_4_xlconcat is either unconnected or has no load
WARNING: [Synth 8-7129] Port In64[0] in module xlconcat_v2_1_4_xlconcat is either unconnected or has no load
WARNING: [Synth 8-7129] Port In65[0] in module xlconcat_v2_1_4_xlconcat is either unconnected or has no load
WARNING: [Synth 8-7129] Port In66[0] in module xlconcat_v2_1_4_xlconcat is either unconnected or has no load
WARNING: [Synth 8-7129] Port In67[0] in module xlconcat_v2_1_4_xlconcat is either unconnected or has no load
WARNING: [Synth 8-7129] Port In68[0] in module xlconcat_v2_1_4_xlconcat is either unconnected or has no load
WARNING: [Synth 8-7129] Port In69[0] in module xlconcat_v2_1_4_xlconcat is either unconnected or has no load
WARNING: [Synth 8-7129] Port In70[0] in module xlconcat_v2_1_4_xlconcat is either unconnected or has no load
WARNING: [Synth 8-7129] Port In71[0] in module xlconcat_v2_1_4_xlconcat is either unconnected or has no load
WARNING: [Synth 8-7129] Port In72[0] in module xlconcat_v2_1_4_xlconcat is either unconnected or has no load
WARNING: [Synth 8-7129] Port In73[0] in module xlconcat_v2_1_4_xlconcat is either unconnected or has no load
WARNING: [Synth 8-7129] Port In74[0] in module xlconcat_v2_1_4_xlconcat is either unconnected or has no load
WARNING: [Synth 8-7129] Port In75[0] in module xlconcat_v2_1_4_xlconcat is either unconnected or has no load
WARNING: [Synth 8-7129] Port In76[0] in module xlconcat_v2_1_4_xlconcat is either unconnected or has no load
WARNING: [Synth 8-7129] Port In77[0] in module xlconcat_v2_1_4_xlconcat is either unconnected or has no load
WARNING: [Synth 8-7129] Port In78[0] in module xlconcat_v2_1_4_xlconcat is either unconnected or has no load
WARNING: [Synth 8-7129] Port In79[0] in module xlconcat_v2_1_4_xlconcat is either unconnected or has no load
WARNING: [Synth 8-7129] Port In80[0] in module xlconcat_v2_1_4_xlconcat is either unconnected or has no load
WARNING: [Synth 8-7129] Port In81[0] in module xlconcat_v2_1_4_xlconcat is either unconnected or has no load
WARNING: [Synth 8-7129] Port In82[0] in module xlconcat_v2_1_4_xlconcat is either unconnected or has no load
WARNING: [Synth 8-7129] Port In83[0] in module xlconcat_v2_1_4_xlconcat is either unconnected or has no load
WARNING: [Synth 8-7129] Port In84[0] in module xlconcat_v2_1_4_xlconcat is either unconnected or has no load
WARNING: [Synth 8-7129] Port In85[0] in module xlconcat_v2_1_4_xlconcat is either unconnected or has no load
WARNING: [Synth 8-7129] Port In86[0] in module xlconcat_v2_1_4_xlconcat is either unconnected or has no load
WARNING: [Synth 8-7129] Port In87[0] in module xlconcat_v2_1_4_xlconcat is either unconnected or has no load
WARNING: [Synth 8-7129] Port In88[0] in module xlconcat_v2_1_4_xlconcat is either unconnected or has no load
WARNING: [Synth 8-7129] Port In89[0] in module xlconcat_v2_1_4_xlconcat is either unconnected or has no load
WARNING: [Synth 8-7129] Port In90[0] in module xlconcat_v2_1_4_xlconcat is either unconnected or has no load
WARNING: [Synth 8-7129] Port In91[0] in module xlconcat_v2_1_4_xlconcat is either unconnected or has no load
WARNING: [Synth 8-7129] Port In92[0] in module xlconcat_v2_1_4_xlconcat is either unconnected or has no load
WARNING: [Synth 8-7129] Port In93[0] in module xlconcat_v2_1_4_xlconcat is either unconnected or has no load
WARNING: [Synth 8-7129] Port In94[0] in module xlconcat_v2_1_4_xlconcat is either unconnected or has no load
WARNING: [Synth 8-7129] Port In95[0] in module xlconcat_v2_1_4_xlconcat is either unconnected or has no load
WARNING: [Synth 8-7129] Port In96[0] in module xlconcat_v2_1_4_xlconcat is either unconnected or has no load
WARNING: [Synth 8-7129] Port In97[0] in module xlconcat_v2_1_4_xlconcat is either unconnected or has no load
WARNING: [Synth 8-7129] Port In98[0] in module xlconcat_v2_1_4_xlconcat is either unconnected or has no load
WARNING: [Synth 8-7129] Port In99[0] in module xlconcat_v2_1_4_xlconcat is either unconnected or has no load
INFO: [Common 17-14] Message 'Synth 8-7129' appears 100 times and further instances of the messages will be disabled. Use the Tcl command set_msg_config to change the current settings.
---------------------------------------------------------------------------------
Finished RTL Elaboration : Time (s): cpu = 00:00:04 ; elapsed = 00:00:04 . Memory (MB): peak = 2985.312 ; gain = 454.996
---------------------------------------------------------------------------------
---------------------------------------------------------------------------------
Start Handling Custom Attributes
---------------------------------------------------------------------------------
---------------------------------------------------------------------------------
Finished Handling Custom Attributes : Time (s): cpu = 00:00:04 ; elapsed = 00:00:04 . Memory (MB): peak = 3003.223 ; gain = 472.906
---------------------------------------------------------------------------------
---------------------------------------------------------------------------------
Finished RTL Optimization Phase 1 : Time (s): cpu = 00:00:04 ; elapsed = 00:00:04 . Memory (MB): peak = 3003.223 ; gain = 472.906
---------------------------------------------------------------------------------
Netlist sorting complete. Time (s): cpu = 00:00:00 ; elapsed = 00:00:00.061 . Memory (MB): peak = 3003.223 ; gain = 0.000
INFO: [Project 1-570] Preparing netlist for logic optimization

Processing XDC Constraints
Initializing timing engine
Parsing XDC File [c:/Xilinx/Projects/DRC_Rev2.0_Deliverables/Vivado2023.1/DRC_Rev2.0_FW/project_1.gen/sources_1/bd/design_1/ip/design_1_xbar_0/design_1_xbar_0/design_1_xbar_0_in_context.xdc] for cell 'design_1_i/ps8_0_axi_periph/xbar'
Finished Parsing XDC File [c:/Xilinx/Projects/DRC_Rev2.0_Deliverables/Vivado2023.1/DRC_Rev2.0_FW/project_1.gen/sources_1/bd/design_1/ip/design_1_xbar_0/design_1_xbar_0/design_1_xbar_0_in_context.xdc] for cell 'design_1_i/ps8_0_axi_periph/xbar'
Parsing XDC File [c:/Xilinx/Projects/DRC_Rev2.0_Deliverables/Vivado2023.1/DRC_Rev2.0_FW/project_1.gen/sources_1/bd/design_1/ip/design_1_tier2_xbar_0_0/design_1_tier2_xbar_0_0/design_1_tier2_xbar_0_0_in_context.xdc] for cell 'design_1_i/ps8_0_axi_periph/tier2_xbar_0'
Finished Parsing XDC File [c:/Xilinx/Projects/DRC_Rev2.0_Deliverables/Vivado2023.1/DRC_Rev2.0_FW/project_1.gen/sources_1/bd/design_1/ip/design_1_tier2_xbar_0_0/design_1_tier2_xbar_0_0/design_1_tier2_xbar_0_0_in_context.xdc] for cell 'design_1_i/ps8_0_axi_periph/tier2_xbar_0'
Parsing XDC File [c:/Xilinx/Projects/DRC_Rev2.0_Deliverables/Vivado2023.1/DRC_Rev2.0_FW/project_1.gen/sources_1/bd/design_1/ip/design_1_tier2_xbar_1_0/design_1_tier2_xbar_1_0/design_1_tier2_xbar_1_0_in_context.xdc] for cell 'design_1_i/ps8_0_axi_periph/tier2_xbar_1'
Finished Parsing XDC File [c:/Xilinx/Projects/DRC_Rev2.0_Deliverables/Vivado2023.1/DRC_Rev2.0_FW/project_1.gen/sources_1/bd/design_1/ip/design_1_tier2_xbar_1_0/design_1_tier2_xbar_1_0/design_1_tier2_xbar_1_0_in_context.xdc] for cell 'design_1_i/ps8_0_axi_periph/tier2_xbar_1'
Parsing XDC File [c:/Xilinx/Projects/DRC_Rev2.0_Deliverables/Vivado2023.1/DRC_Rev2.0_FW/project_1.gen/sources_1/bd/design_1/ip/design_1_tier2_xbar_2_0/design_1_tier2_xbar_2_0/design_1_tier2_xbar_2_0_in_context.xdc] for cell 'design_1_i/ps8_0_axi_periph/tier2_xbar_2'
Finished Parsing XDC File [c:/Xilinx/Projects/DRC_Rev2.0_Deliverables/Vivado2023.1/DRC_Rev2.0_FW/project_1.gen/sources_1/bd/design_1/ip/design_1_tier2_xbar_2_0/design_1_tier2_xbar_2_0/design_1_tier2_xbar_2_0_in_context.xdc] for cell 'design_1_i/ps8_0_axi_periph/tier2_xbar_2'
Parsing XDC File [c:/Xilinx/Projects/DRC_Rev2.0_Deliverables/Vivado2023.1/DRC_Rev2.0_FW/project_1.gen/sources_1/bd/design_1/ip/design_1_tier2_xbar_3_0/design_1_tier2_xbar_3_0/design_1_tier2_xbar_3_0_in_context.xdc] for cell 'design_1_i/ps8_0_axi_periph/tier2_xbar_3'
Finished Parsing XDC File [c:/Xilinx/Projects/DRC_Rev2.0_Deliverables/Vivado2023.1/DRC_Rev2.0_FW/project_1.gen/sources_1/bd/design_1/ip/design_1_tier2_xbar_3_0/design_1_tier2_xbar_3_0/design_1_tier2_xbar_3_0_in_context.xdc] for cell 'design_1_i/ps8_0_axi_periph/tier2_xbar_3'
Parsing XDC File [c:/Xilinx/Projects/DRC_Rev2.0_Deliverables/Vivado2023.1/DRC_Rev2.0_FW/project_1.gen/sources_1/bd/design_1/ip/design_1_auto_ds_0/design_1_auto_ds_0/design_1_auto_ds_0_in_context.xdc] for cell 'design_1_i/ps8_0_axi_periph/s00_couplers/auto_ds'
Finished Parsing XDC File [c:/Xilinx/Projects/DRC_Rev2.0_Deliverables/Vivado2023.1/DRC_Rev2.0_FW/project_1.gen/sources_1/bd/design_1/ip/design_1_auto_ds_0/design_1_auto_ds_0/design_1_auto_ds_0_in_context.xdc] for cell 'design_1_i/ps8_0_axi_periph/s00_couplers/auto_ds'
Parsing XDC File [c:/Xilinx/Projects/DRC_Rev2.0_Deliverables/Vivado2023.1/DRC_Rev2.0_FW/project_1.gen/sources_1/bd/design_1/ip/design_1_auto_pc_0/design_1_auto_pc_0/design_1_auto_pc_0_in_context.xdc] for cell 'design_1_i/ps8_0_axi_periph/s00_couplers/auto_pc'
Finished Parsing XDC File [c:/Xilinx/Projects/DRC_Rev2.0_Deliverables/Vivado2023.1/DRC_Rev2.0_FW/project_1.gen/sources_1/bd/design_1/ip/design_1_auto_pc_0/design_1_auto_pc_0/design_1_auto_pc_0_in_context.xdc] for cell 'design_1_i/ps8_0_axi_periph/s00_couplers/auto_pc'
Parsing XDC File [c:/Xilinx/Projects/DRC_Rev2.0_Deliverables/Vivado2023.1/DRC_Rev2.0_FW/project_1.gen/sources_1/bd/design_1/ip/design_1_util_vector_logic_0_0/design_1_util_vector_logic_0_0/design_1_util_vector_logic_0_0_in_context.xdc] for cell 'design_1_i/util_vector_logic_0'
Finished Parsing XDC File [c:/Xilinx/Projects/DRC_Rev2.0_Deliverables/Vivado2023.1/DRC_Rev2.0_FW/project_1.gen/sources_1/bd/design_1/ip/design_1_util_vector_logic_0_0/design_1_util_vector_logic_0_0/design_1_util_vector_logic_0_0_in_context.xdc] for cell 'design_1_i/util_vector_logic_0'
Parsing XDC File [c:/Xilinx/Projects/DRC_Rev2.0_Deliverables/Vivado2023.1/DRC_Rev2.0_FW/project_1.gen/sources_1/bd/design_1/ip/design_1_axi_gpio_0_0/design_1_axi_gpio_0_0/design_1_axi_gpio_0_0_in_context.xdc] for cell 'design_1_i/axi_gpio_9'
Finished Parsing XDC File [c:/Xilinx/Projects/DRC_Rev2.0_Deliverables/Vivado2023.1/DRC_Rev2.0_FW/project_1.gen/sources_1/bd/design_1/ip/design_1_axi_gpio_0_0/design_1_axi_gpio_0_0/design_1_axi_gpio_0_0_in_context.xdc] for cell 'design_1_i/axi_gpio_9'
Parsing XDC File [c:/Xilinx/Projects/DRC_Rev2.0_Deliverables/Vivado2023.1/DRC_Rev2.0_FW/project_1.gen/sources_1/bd/design_1/ip/design_1_axi_gpio_0_1/design_1_axi_gpio_0_1/design_1_axi_gpio_0_1_in_context.xdc] for cell 'design_1_i/axi_gpio_0'
Finished Parsing XDC File [c:/Xilinx/Projects/DRC_Rev2.0_Deliverables/Vivado2023.1/DRC_Rev2.0_FW/project_1.gen/sources_1/bd/design_1/ip/design_1_axi_gpio_0_1/design_1_axi_gpio_0_1/design_1_axi_gpio_0_1_in_context.xdc] for cell 'design_1_i/axi_gpio_0'
Parsing XDC File [c:/Xilinx/Projects/DRC_Rev2.0_Deliverables/Vivado2023.1/DRC_Rev2.0_FW/project_1.gen/sources_1/bd/design_1/ip/design_1_axi_gpio_0_2/design_1_axi_gpio_0_2/design_1_axi_gpio_0_2_in_context.xdc] for cell 'design_1_i/axi_gpio_8'
Finished Parsing XDC File [c:/Xilinx/Projects/DRC_Rev2.0_Deliverables/Vivado2023.1/DRC_Rev2.0_FW/project_1.gen/sources_1/bd/design_1/ip/design_1_axi_gpio_0_2/design_1_axi_gpio_0_2/design_1_axi_gpio_0_2_in_context.xdc] for cell 'design_1_i/axi_gpio_8'
Parsing XDC File [c:/Xilinx/Projects/DRC_Rev2.0_Deliverables/Vivado2023.1/DRC_Rev2.0_FW/project_1.gen/sources_1/bd/design_1/ip/design_1_axi_gpio_8_0/design_1_axi_gpio_8_0/design_1_axi_gpio_8_0_in_context.xdc] for cell 'design_1_i/axi_gpio_7'
Finished Parsing XDC File [c:/Xilinx/Projects/DRC_Rev2.0_Deliverables/Vivado2023.1/DRC_Rev2.0_FW/project_1.gen/sources_1/bd/design_1/ip/design_1_axi_gpio_8_0/design_1_axi_gpio_8_0/design_1_axi_gpio_8_0_in_context.xdc] for cell 'design_1_i/axi_gpio_7'
Parsing XDC File [c:/Xilinx/Projects/DRC_Rev2.0_Deliverables/Vivado2023.1/DRC_Rev2.0_FW/project_1.gen/sources_1/bd/design_1/ip/design_1_axi_gpio_9_0/design_1_axi_gpio_9_0/design_1_axi_gpio_9_0_in_context.xdc] for cell 'design_1_i/axi_gpio_10'
Finished Parsing XDC File [c:/Xilinx/Projects/DRC_Rev2.0_Deliverables/Vivado2023.1/DRC_Rev2.0_FW/project_1.gen/sources_1/bd/design_1/ip/design_1_axi_gpio_9_0/design_1_axi_gpio_9_0/design_1_axi_gpio_9_0_in_context.xdc] for cell 'design_1_i/axi_gpio_10'
Parsing XDC File [c:/Xilinx/Projects/DRC_Rev2.0_Deliverables/Vivado2023.1/DRC_Rev2.0_FW/project_1.gen/sources_1/bd/design_1/ip/design_1_axi_iic_0_0/design_1_axi_iic_0_0/design_1_axi_iic_0_0_in_context.xdc] for cell 'design_1_i/axi_iic_0'
Finished Parsing XDC File [c:/Xilinx/Projects/DRC_Rev2.0_Deliverables/Vivado2023.1/DRC_Rev2.0_FW/project_1.gen/sources_1/bd/design_1/ip/design_1_axi_iic_0_0/design_1_axi_iic_0_0/design_1_axi_iic_0_0_in_context.xdc] for cell 'design_1_i/axi_iic_0'
Parsing XDC File [c:/Xilinx/Projects/DRC_Rev2.0_Deliverables/Vivado2023.1/DRC_Rev2.0_FW/project_1.gen/sources_1/bd/design_1/ip/design_1_axi_quad_spi_0_0/design_1_axi_quad_spi_0_0/design_1_axi_quad_spi_0_0_in_context.xdc] for cell 'design_1_i/axi_quad_spi_0'
Finished Parsing XDC File [c:/Xilinx/Projects/DRC_Rev2.0_Deliverables/Vivado2023.1/DRC_Rev2.0_FW/project_1.gen/sources_1/bd/design_1/ip/design_1_axi_quad_spi_0_0/design_1_axi_quad_spi_0_0/design_1_axi_quad_spi_0_0_in_context.xdc] for cell 'design_1_i/axi_quad_spi_0'
Parsing XDC File [c:/Xilinx/Projects/DRC_Rev2.0_Deliverables/Vivado2023.1/DRC_Rev2.0_FW/project_1.gen/sources_1/bd/design_1/ip/design_1_axi_quad_spi_0_1/design_1_axi_quad_spi_0_1/design_1_axi_quad_spi_0_1_in_context.xdc] for cell 'design_1_i/axi_quad_spi_1'
Finished Parsing XDC File [c:/Xilinx/Projects/DRC_Rev2.0_Deliverables/Vivado2023.1/DRC_Rev2.0_FW/project_1.gen/sources_1/bd/design_1/ip/design_1_axi_quad_spi_0_1/design_1_axi_quad_spi_0_1/design_1_axi_quad_spi_0_1_in_context.xdc] for cell 'design_1_i/axi_quad_spi_1'
Parsing XDC File [c:/Xilinx/Projects/DRC_Rev2.0_Deliverables/Vivado2023.1/DRC_Rev2.0_FW/project_1.gen/sources_1/bd/design_1/ip/design_1_clk_wiz_0_0/design_1_clk_wiz_0_0/design_1_clk_wiz_0_0_in_context.xdc] for cell 'design_1_i/clk_wiz_0'
Finished Parsing XDC File [c:/Xilinx/Projects/DRC_Rev2.0_Deliverables/Vivado2023.1/DRC_Rev2.0_FW/project_1.gen/sources_1/bd/design_1/ip/design_1_clk_wiz_0_0/design_1_clk_wiz_0_0/design_1_clk_wiz_0_0_in_context.xdc] for cell 'design_1_i/clk_wiz_0'
Parsing XDC File [c:/Xilinx/Projects/DRC_Rev2.0_Deliverables/Vivado2023.1/DRC_Rev2.0_FW/project_1.gen/sources_1/bd/design_1/ip/design_1_proc_sys_reset_0_0/design_1_proc_sys_reset_0_0/design_1_proc_sys_reset_0_0_in_context.xdc] for cell 'design_1_i/proc_sys_reset_0'
Finished Parsing XDC File [c:/Xilinx/Projects/DRC_Rev2.0_Deliverables/Vivado2023.1/DRC_Rev2.0_FW/project_1.gen/sources_1/bd/design_1/ip/design_1_proc_sys_reset_0_0/design_1_proc_sys_reset_0_0/design_1_proc_sys_reset_0_0_in_context.xdc] for cell 'design_1_i/proc_sys_reset_0'
Parsing XDC File [c:/Xilinx/Projects/DRC_Rev2.0_Deliverables/Vivado2023.1/DRC_Rev2.0_FW/project_1.gen/sources_1/bd/design_1/ip/design_1_util_ds_buf_0_0/design_1_util_ds_buf_0_0/design_1_util_ds_buf_0_0_in_context.xdc] for cell 'design_1_i/util_ds_buf_10'
Finished Parsing XDC File [c:/Xilinx/Projects/DRC_Rev2.0_Deliverables/Vivado2023.1/DRC_Rev2.0_FW/project_1.gen/sources_1/bd/design_1/ip/design_1_util_ds_buf_0_0/design_1_util_ds_buf_0_0/design_1_util_ds_buf_0_0_in_context.xdc] for cell 'design_1_i/util_ds_buf_10'
Parsing XDC File [c:/Xilinx/Projects/DRC_Rev2.0_Deliverables/Vivado2023.1/DRC_Rev2.0_FW/project_1.gen/sources_1/bd/design_1/ip/design_1_util_ds_buf_0_1/design_1_util_ds_buf_0_1/design_1_util_ds_buf_0_1_in_context.xdc] for cell 'design_1_i/util_ds_buf_12'
Finished Parsing XDC File [c:/Xilinx/Projects/DRC_Rev2.0_Deliverables/Vivado2023.1/DRC_Rev2.0_FW/project_1.gen/sources_1/bd/design_1/ip/design_1_util_ds_buf_0_1/design_1_util_ds_buf_0_1/design_1_util_ds_buf_0_1_in_context.xdc] for cell 'design_1_i/util_ds_buf_12'
Parsing XDC File [c:/Xilinx/Projects/DRC_Rev2.0_Deliverables/Vivado2023.1/DRC_Rev2.0_FW/project_1.gen/sources_1/bd/design_1/ip/design_1_util_ds_buf_10_0/design_1_util_ds_buf_10_0/design_1_util_ds_buf_10_0_in_context.xdc] for cell 'design_1_i/util_ds_buf_14'
Finished Parsing XDC File [c:/Xilinx/Projects/DRC_Rev2.0_Deliverables/Vivado2023.1/DRC_Rev2.0_FW/project_1.gen/sources_1/bd/design_1/ip/design_1_util_ds_buf_10_0/design_1_util_ds_buf_10_0/design_1_util_ds_buf_10_0_in_context.xdc] for cell 'design_1_i/util_ds_buf_14'
Parsing XDC File [c:/Xilinx/Projects/DRC_Rev2.0_Deliverables/Vivado2023.1/DRC_Rev2.0_FW/project_1.gen/sources_1/bd/design_1/ip/design_1_util_ds_buf_10_1/design_1_util_ds_buf_10_1/design_1_util_ds_buf_10_1_in_context.xdc] for cell 'design_1_i/util_ds_buf_0'
Finished Parsing XDC File [c:/Xilinx/Projects/DRC_Rev2.0_Deliverables/Vivado2023.1/DRC_Rev2.0_FW/project_1.gen/sources_1/bd/design_1/ip/design_1_util_ds_buf_10_1/design_1_util_ds_buf_10_1/design_1_util_ds_buf_10_1_in_context.xdc] for cell 'design_1_i/util_ds_buf_0'
Parsing XDC File [c:/Xilinx/Projects/DRC_Rev2.0_Deliverables/Vivado2023.1/DRC_Rev2.0_FW/project_1.gen/sources_1/bd/design_1/ip/design_1_util_ds_buf_11_0/design_1_util_ds_buf_11_0/design_1_util_ds_buf_11_0_in_context.xdc] for cell 'design_1_i/util_ds_buf_1'
Finished Parsing XDC File [c:/Xilinx/Projects/DRC_Rev2.0_Deliverables/Vivado2023.1/DRC_Rev2.0_FW/project_1.gen/sources_1/bd/design_1/ip/design_1_util_ds_buf_11_0/design_1_util_ds_buf_11_0/design_1_util_ds_buf_11_0_in_context.xdc] for cell 'design_1_i/util_ds_buf_1'
Parsing XDC File [c:/Xilinx/Projects/DRC_Rev2.0_Deliverables/Vivado2023.1/DRC_Rev2.0_FW/project_1.gen/sources_1/bd/design_1/ip/design_1_util_ds_buf_12_0/design_1_util_ds_buf_12_0/design_1_util_ds_buf_12_0_in_context.xdc] for cell 'design_1_i/util_ds_buf_13'
Finished Parsing XDC File [c:/Xilinx/Projects/DRC_Rev2.0_Deliverables/Vivado2023.1/DRC_Rev2.0_FW/project_1.gen/sources_1/bd/design_1/ip/design_1_util_ds_buf_12_0/design_1_util_ds_buf_12_0/design_1_util_ds_buf_12_0_in_context.xdc] for cell 'design_1_i/util_ds_buf_13'
Parsing XDC File [c:/Xilinx/Projects/DRC_Rev2.0_Deliverables/Vivado2023.1/DRC_Rev2.0_FW/project_1.gen/sources_1/bd/design_1/ip/design_1_util_ds_buf_6_0/design_1_util_ds_buf_6_0/design_1_util_ds_buf_6_0_in_context.xdc] for cell 'design_1_i/util_ds_buf_11'
Finished Parsing XDC File [c:/Xilinx/Projects/DRC_Rev2.0_Deliverables/Vivado2023.1/DRC_Rev2.0_FW/project_1.gen/sources_1/bd/design_1/ip/design_1_util_ds_buf_6_0/design_1_util_ds_buf_6_0/design_1_util_ds_buf_6_0_in_context.xdc] for cell 'design_1_i/util_ds_buf_11'
Parsing XDC File [c:/Xilinx/Projects/DRC_Rev2.0_Deliverables/Vivado2023.1/DRC_Rev2.0_FW/project_1.gen/sources_1/bd/design_1/ip/design_1_zynq_ultra_ps_e_0_0/design_1_zynq_ultra_ps_e_0_0/design_1_zynq_ultra_ps_e_0_0_in_context.xdc] for cell 'design_1_i/zynq_ultra_ps_e_0'
Finished Parsing XDC File [c:/Xilinx/Projects/DRC_Rev2.0_Deliverables/Vivado2023.1/DRC_Rev2.0_FW/project_1.gen/sources_1/bd/design_1/ip/design_1_zynq_ultra_ps_e_0_0/design_1_zynq_ultra_ps_e_0_0/design_1_zynq_ultra_ps_e_0_0_in_context.xdc] for cell 'design_1_i/zynq_ultra_ps_e_0'
Parsing XDC File [c:/Xilinx/Projects/DRC_Rev2.0_Deliverables/Vivado2023.1/DRC_Rev2.0_FW/project_1.gen/sources_1/bd/design_1/ip/design_1_axi_gpio_1_0/design_1_axi_gpio_1_0/design_1_axi_gpio_1_0_in_context.xdc] for cell 'design_1_i/axi_gpio_1'
Finished Parsing XDC File [c:/Xilinx/Projects/DRC_Rev2.0_Deliverables/Vivado2023.1/DRC_Rev2.0_FW/project_1.gen/sources_1/bd/design_1/ip/design_1_axi_gpio_1_0/design_1_axi_gpio_1_0/design_1_axi_gpio_1_0_in_context.xdc] for cell 'design_1_i/axi_gpio_1'
Parsing XDC File [c:/Xilinx/Projects/DRC_Rev2.0_Deliverables/Vivado2023.1/DRC_Rev2.0_FW/project_1.gen/sources_1/bd/design_1/ip/design_1_ClockDivider_0_0/design_1_ClockDivider_0_0/design_1_ClockDivider_0_0_in_context.xdc] for cell 'design_1_i/ClockDivider_0'
Finished Parsing XDC File [c:/Xilinx/Projects/DRC_Rev2.0_Deliverables/Vivado2023.1/DRC_Rev2.0_FW/project_1.gen/sources_1/bd/design_1/ip/design_1_ClockDivider_0_0/design_1_ClockDivider_0_0/design_1_ClockDivider_0_0_in_context.xdc] for cell 'design_1_i/ClockDivider_0'
Parsing XDC File [c:/Xilinx/Projects/DRC_Rev2.0_Deliverables/Vivado2023.1/DRC_Rev2.0_FW/project_1.gen/sources_1/bd/design_1/ip/design_1_axi_gpio_1_1/design_1_axi_gpio_1_1/design_1_axi_gpio_1_1_in_context.xdc] for cell 'design_1_i/axi_gpio_2'
Finished Parsing XDC File [c:/Xilinx/Projects/DRC_Rev2.0_Deliverables/Vivado2023.1/DRC_Rev2.0_FW/project_1.gen/sources_1/bd/design_1/ip/design_1_axi_gpio_1_1/design_1_axi_gpio_1_1/design_1_axi_gpio_1_1_in_context.xdc] for cell 'design_1_i/axi_gpio_2'
Parsing XDC File [c:/Xilinx/Projects/DRC_Rev2.0_Deliverables/Vivado2023.1/DRC_Rev2.0_FW/project_1.gen/sources_1/bd/design_1/ip/design_1_axi_gpio_2_0/design_1_axi_gpio_2_0/design_1_axi_gpio_2_0_in_context.xdc] for cell 'design_1_i/axi_gpio_3'
Finished Parsing XDC File [c:/Xilinx/Projects/DRC_Rev2.0_Deliverables/Vivado2023.1/DRC_Rev2.0_FW/project_1.gen/sources_1/bd/design_1/ip/design_1_axi_gpio_2_0/design_1_axi_gpio_2_0/design_1_axi_gpio_2_0_in_context.xdc] for cell 'design_1_i/axi_gpio_3'
Parsing XDC File [c:/Xilinx/Projects/DRC_Rev2.0_Deliverables/Vivado2023.1/DRC_Rev2.0_FW/project_1.gen/sources_1/bd/design_1/ip/design_1_axi_gpio_2_1/design_1_axi_gpio_2_1/design_1_axi_gpio_2_1_in_context.xdc] for cell 'design_1_i/axi_gpio_4'
Finished Parsing XDC File [c:/Xilinx/Projects/DRC_Rev2.0_Deliverables/Vivado2023.1/DRC_Rev2.0_FW/project_1.gen/sources_1/bd/design_1/ip/design_1_axi_gpio_2_1/design_1_axi_gpio_2_1/design_1_axi_gpio_2_1_in_context.xdc] for cell 'design_1_i/axi_gpio_4'
Parsing XDC File [c:/Xilinx/Projects/DRC_Rev2.0_Deliverables/Vivado2023.1/DRC_Rev2.0_FW/project_1.gen/sources_1/bd/design_1/ip/design_1_axi_gpio_3_0/design_1_axi_gpio_3_0/design_1_axi_gpio_3_0_in_context.xdc] for cell 'design_1_i/axi_gpio_5'
Finished Parsing XDC File [c:/Xilinx/Projects/DRC_Rev2.0_Deliverables/Vivado2023.1/DRC_Rev2.0_FW/project_1.gen/sources_1/bd/design_1/ip/design_1_axi_gpio_3_0/design_1_axi_gpio_3_0/design_1_axi_gpio_3_0_in_context.xdc] for cell 'design_1_i/axi_gpio_5'
Parsing XDC File [c:/Xilinx/Projects/DRC_Rev2.0_Deliverables/Vivado2023.1/DRC_Rev2.0_FW/project_1.gen/sources_1/bd/design_1/ip/design_1_axi_gpio_2_2/design_1_axi_gpio_2_2/design_1_axi_gpio_2_2_in_context.xdc] for cell 'design_1_i/axi_gpio_6'
Finished Parsing XDC File [c:/Xilinx/Projects/DRC_Rev2.0_Deliverables/Vivado2023.1/DRC_Rev2.0_FW/project_1.gen/sources_1/bd/design_1/ip/design_1_axi_gpio_2_2/design_1_axi_gpio_2_2/design_1_axi_gpio_2_2_in_context.xdc] for cell 'design_1_i/axi_gpio_6'
Parsing XDC File [c:/Xilinx/Projects/DRC_Rev2.0_Deliverables/Vivado2023.1/DRC_Rev2.0_FW/project_1.gen/sources_1/bd/design_1/ip/design_1_axi_gpio_3_1/design_1_axi_gpio_3_1/design_1_axi_gpio_3_1_in_context.xdc] for cell 'design_1_i/axi_gpio_11'
Finished Parsing XDC File [c:/Xilinx/Projects/DRC_Rev2.0_Deliverables/Vivado2023.1/DRC_Rev2.0_FW/project_1.gen/sources_1/bd/design_1/ip/design_1_axi_gpio_3_1/design_1_axi_gpio_3_1/design_1_axi_gpio_3_1_in_context.xdc] for cell 'design_1_i/axi_gpio_11'
Parsing XDC File [c:/Xilinx/Projects/DRC_Rev2.0_Deliverables/Vivado2023.1/DRC_Rev2.0_FW/project_1.gen/sources_1/bd/design_1/ip/design_1_axi_gpio_2_3/design_1_axi_gpio_2_3/design_1_axi_gpio_2_3_in_context.xdc] for cell 'design_1_i/axi_gpio_12'
Finished Parsing XDC File [c:/Xilinx/Projects/DRC_Rev2.0_Deliverables/Vivado2023.1/DRC_Rev2.0_FW/project_1.gen/sources_1/bd/design_1/ip/design_1_axi_gpio_2_3/design_1_axi_gpio_2_3/design_1_axi_gpio_2_3_in_context.xdc] for cell 'design_1_i/axi_gpio_12'
Parsing XDC File [c:/Xilinx/Projects/DRC_Rev2.0_Deliverables/Vivado2023.1/DRC_Rev2.0_FW/project_1.gen/sources_1/bd/design_1/ip/design_1_axi_gpio_3_2/design_1_axi_gpio_3_2/design_1_axi_gpio_3_2_in_context.xdc] for cell 'design_1_i/axi_gpio_13'
Finished Parsing XDC File [c:/Xilinx/Projects/DRC_Rev2.0_Deliverables/Vivado2023.1/DRC_Rev2.0_FW/project_1.gen/sources_1/bd/design_1/ip/design_1_axi_gpio_3_2/design_1_axi_gpio_3_2/design_1_axi_gpio_3_2_in_context.xdc] for cell 'design_1_i/axi_gpio_13'
Parsing XDC File [c:/Xilinx/Projects/DRC_Rev2.0_Deliverables/Vivado2023.1/DRC_Rev2.0_FW/project_1.gen/sources_1/bd/design_1/ip/design_1_ADC_MinMax_0_0/design_1_ADC_MinMax_0_0/design_1_ADC_MinMax_0_0_in_context.xdc] for cell 'design_1_i/ADC_MinMax_0'
Finished Parsing XDC File [c:/Xilinx/Projects/DRC_Rev2.0_Deliverables/Vivado2023.1/DRC_Rev2.0_FW/project_1.gen/sources_1/bd/design_1/ip/design_1_ADC_MinMax_0_0/design_1_ADC_MinMax_0_0/design_1_ADC_MinMax_0_0_in_context.xdc] for cell 'design_1_i/ADC_MinMax_0'
Parsing XDC File [c:/Xilinx/Projects/DRC_Rev2.0_Deliverables/Vivado2023.1/DRC_Rev2.0_FW/project_1.gen/sources_1/bd/design_1/ip/design_1_ADC_MinMax_0_1/design_1_ADC_MinMax_0_1/design_1_ADC_MinMax_0_1_in_context.xdc] for cell 'design_1_i/ADC_MinMax_1'
Finished Parsing XDC File [c:/Xilinx/Projects/DRC_Rev2.0_Deliverables/Vivado2023.1/DRC_Rev2.0_FW/project_1.gen/sources_1/bd/design_1/ip/design_1_ADC_MinMax_0_1/design_1_ADC_MinMax_0_1/design_1_ADC_MinMax_0_1_in_context.xdc] for cell 'design_1_i/ADC_MinMax_1'
Parsing XDC File [c:/Xilinx/Projects/DRC_Rev2.0_Deliverables/Vivado2023.1/DRC_Rev2.0_FW/project_1.gen/sources_1/bd/design_1/ip/design_1_ADC_MinMax_0_2/design_1_ADC_MinMax_0_2/design_1_ADC_MinMax_0_2_in_context.xdc] for cell 'design_1_i/ADC_MinMax_2'
Finished Parsing XDC File [c:/Xilinx/Projects/DRC_Rev2.0_Deliverables/Vivado2023.1/DRC_Rev2.0_FW/project_1.gen/sources_1/bd/design_1/ip/design_1_ADC_MinMax_0_2/design_1_ADC_MinMax_0_2/design_1_ADC_MinMax_0_2_in_context.xdc] for cell 'design_1_i/ADC_MinMax_2'
Parsing XDC File [c:/Xilinx/Projects/DRC_Rev2.0_Deliverables/Vivado2023.1/DRC_Rev2.0_FW/project_1.gen/sources_1/bd/design_1/ip/design_1_ADC_MinMax_0_3/design_1_ADC_MinMax_0_3/design_1_ADC_MinMax_0_3_in_context.xdc] for cell 'design_1_i/ADC_MinMax_3'
Finished Parsing XDC File [c:/Xilinx/Projects/DRC_Rev2.0_Deliverables/Vivado2023.1/DRC_Rev2.0_FW/project_1.gen/sources_1/bd/design_1/ip/design_1_ADC_MinMax_0_3/design_1_ADC_MinMax_0_3/design_1_ADC_MinMax_0_3_in_context.xdc] for cell 'design_1_i/ADC_MinMax_3'
Parsing XDC File [c:/Xilinx/Projects/DRC_Rev2.0_Deliverables/Vivado2023.1/DRC_Rev2.0_FW/project_1.gen/sources_1/bd/design_1/ip/design_1_axi_iic_0_1/design_1_axi_iic_0_1/design_1_axi_iic_0_0_in_context.xdc] for cell 'design_1_i/axi_iic_1'
Finished Parsing XDC File [c:/Xilinx/Projects/DRC_Rev2.0_Deliverables/Vivado2023.1/DRC_Rev2.0_FW/project_1.gen/sources_1/bd/design_1/ip/design_1_axi_iic_0_1/design_1_axi_iic_0_1/design_1_axi_iic_0_0_in_context.xdc] for cell 'design_1_i/axi_iic_1'
Parsing XDC File [c:/Xilinx/Projects/DRC_Rev2.0_Deliverables/Vivado2023.1/DRC_Rev2.0_FW/project_1.gen/sources_1/bd/design_1/ip/design_1_util_ds_buf_0_2/design_1_util_ds_buf_0_2/design_1_util_ds_buf_10_1_in_context.xdc] for cell 'design_1_i/util_ds_buf_2'
Finished Parsing XDC File [c:/Xilinx/Projects/DRC_Rev2.0_Deliverables/Vivado2023.1/DRC_Rev2.0_FW/project_1.gen/sources_1/bd/design_1/ip/design_1_util_ds_buf_0_2/design_1_util_ds_buf_0_2/design_1_util_ds_buf_10_1_in_context.xdc] for cell 'design_1_i/util_ds_buf_2'
Parsing XDC File [c:/Xilinx/Projects/DRC_Rev2.0_Deliverables/Vivado2023.1/DRC_Rev2.0_FW/project_1.gen/sources_1/bd/design_1/ip/design_1_util_ds_buf_1_0/design_1_util_ds_buf_1_0/design_1_util_ds_buf_10_1_in_context.xdc] for cell 'design_1_i/util_ds_buf_3'
Finished Parsing XDC File [c:/Xilinx/Projects/DRC_Rev2.0_Deliverables/Vivado2023.1/DRC_Rev2.0_FW/project_1.gen/sources_1/bd/design_1/ip/design_1_util_ds_buf_1_0/design_1_util_ds_buf_1_0/design_1_util_ds_buf_10_1_in_context.xdc] for cell 'design_1_i/util_ds_buf_3'
Parsing XDC File [c:/Xilinx/Projects/DRC_Rev2.0_Deliverables/Vivado2023.1/DRC_Rev2.0_FW/project_1.gen/sources_1/bd/design_1/ip/design_1_axi_iic_0_2/design_1_axi_iic_0_2/design_1_axi_iic_0_0_in_context.xdc] for cell 'design_1_i/axi_iic_2'
Finished Parsing XDC File [c:/Xilinx/Projects/DRC_Rev2.0_Deliverables/Vivado2023.1/DRC_Rev2.0_FW/project_1.gen/sources_1/bd/design_1/ip/design_1_axi_iic_0_2/design_1_axi_iic_0_2/design_1_axi_iic_0_0_in_context.xdc] for cell 'design_1_i/axi_iic_2'
Parsing XDC File [c:/Xilinx/Projects/DRC_Rev2.0_Deliverables/Vivado2023.1/DRC_Rev2.0_FW/project_1.gen/sources_1/bd/design_1/ip/design_1_util_ds_buf_0_3/design_1_util_ds_buf_0_3/design_1_util_ds_buf_10_1_in_context.xdc] for cell 'design_1_i/util_ds_buf_4'
Finished Parsing XDC File [c:/Xilinx/Projects/DRC_Rev2.0_Deliverables/Vivado2023.1/DRC_Rev2.0_FW/project_1.gen/sources_1/bd/design_1/ip/design_1_util_ds_buf_0_3/design_1_util_ds_buf_0_3/design_1_util_ds_buf_10_1_in_context.xdc] for cell 'design_1_i/util_ds_buf_4'
Parsing XDC File [c:/Xilinx/Projects/DRC_Rev2.0_Deliverables/Vivado2023.1/DRC_Rev2.0_FW/project_1.gen/sources_1/bd/design_1/ip/design_1_util_ds_buf_1_1/design_1_util_ds_buf_1_1/design_1_util_ds_buf_10_1_in_context.xdc] for cell 'design_1_i/util_ds_buf_5'
Finished Parsing XDC File [c:/Xilinx/Projects/DRC_Rev2.0_Deliverables/Vivado2023.1/DRC_Rev2.0_FW/project_1.gen/sources_1/bd/design_1/ip/design_1_util_ds_buf_1_1/design_1_util_ds_buf_1_1/design_1_util_ds_buf_10_1_in_context.xdc] for cell 'design_1_i/util_ds_buf_5'
Parsing XDC File [c:/Xilinx/Projects/DRC_Rev2.0_Deliverables/Vivado2023.1/DRC_Rev2.0_FW/project_1.gen/sources_1/bd/design_1/ip/design_1_util_ds_buf_6_1/design_1_util_ds_buf_6_1/design_1_util_ds_buf_6_1_in_context.xdc] for cell 'design_1_i/util_ds_buf_6'
Finished Parsing XDC File [c:/Xilinx/Projects/DRC_Rev2.0_Deliverables/Vivado2023.1/DRC_Rev2.0_FW/project_1.gen/sources_1/bd/design_1/ip/design_1_util_ds_buf_6_1/design_1_util_ds_buf_6_1/design_1_util_ds_buf_6_1_in_context.xdc] for cell 'design_1_i/util_ds_buf_6'
Parsing XDC File [c:/Xilinx/Projects/DRC_Rev2.0_Deliverables/Vivado2023.1/DRC_Rev2.0_FW/project_1.gen/sources_1/bd/design_1/ip/design_1_util_ds_buf_7_0/design_1_util_ds_buf_7_0/design_1_util_ds_buf_7_0_in_context.xdc] for cell 'design_1_i/util_ds_buf_7'
Finished Parsing XDC File [c:/Xilinx/Projects/DRC_Rev2.0_Deliverables/Vivado2023.1/DRC_Rev2.0_FW/project_1.gen/sources_1/bd/design_1/ip/design_1_util_ds_buf_7_0/design_1_util_ds_buf_7_0/design_1_util_ds_buf_7_0_in_context.xdc] for cell 'design_1_i/util_ds_buf_7'
Parsing XDC File [c:/Xilinx/Projects/DRC_Rev2.0_Deliverables/Vivado2023.1/DRC_Rev2.0_FW/project_1.gen/sources_1/bd/design_1/ip/design_1_util_ds_buf_8_0/design_1_util_ds_buf_8_0/design_1_util_ds_buf_8_0_in_context.xdc] for cell 'design_1_i/util_ds_buf_8'
Finished Parsing XDC File [c:/Xilinx/Projects/DRC_Rev2.0_Deliverables/Vivado2023.1/DRC_Rev2.0_FW/project_1.gen/sources_1/bd/design_1/ip/design_1_util_ds_buf_8_0/design_1_util_ds_buf_8_0/design_1_util_ds_buf_8_0_in_context.xdc] for cell 'design_1_i/util_ds_buf_8'
Parsing XDC File [c:/Xilinx/Projects/DRC_Rev2.0_Deliverables/Vivado2023.1/DRC_Rev2.0_FW/project_1.gen/sources_1/bd/design_1/ip/design_1_util_ds_buf_9_0/design_1_util_ds_buf_9_0/design_1_util_ds_buf_9_0_in_context.xdc] for cell 'design_1_i/util_ds_buf_9'
Finished Parsing XDC File [c:/Xilinx/Projects/DRC_Rev2.0_Deliverables/Vivado2023.1/DRC_Rev2.0_FW/project_1.gen/sources_1/bd/design_1/ip/design_1_util_ds_buf_9_0/design_1_util_ds_buf_9_0/design_1_util_ds_buf_9_0_in_context.xdc] for cell 'design_1_i/util_ds_buf_9'
Parsing XDC File [c:/Xilinx/Projects/DRC_Rev2.0_Deliverables/Vivado2023.1/DRC_Rev2.0_FW/project_1.gen/sources_1/bd/design_1/ip/design_1_util_ds_buf_15_0/design_1_util_ds_buf_15_0/design_1_util_ds_buf_15_0_in_context.xdc] for cell 'design_1_i/util_ds_buf_15'
Finished Parsing XDC File [c:/Xilinx/Projects/DRC_Rev2.0_Deliverables/Vivado2023.1/DRC_Rev2.0_FW/project_1.gen/sources_1/bd/design_1/ip/design_1_util_ds_buf_15_0/design_1_util_ds_buf_15_0/design_1_util_ds_buf_15_0_in_context.xdc] for cell 'design_1_i/util_ds_buf_15'
Parsing XDC File [c:/Xilinx/Projects/DRC_Rev2.0_Deliverables/Vivado2023.1/DRC_Rev2.0_FW/project_1.gen/sources_1/bd/design_1/ip/design_1_util_ds_buf_16_0/design_1_util_ds_buf_16_0/design_1_util_ds_buf_16_0_in_context.xdc] for cell 'design_1_i/util_ds_buf_16'
Finished Parsing XDC File [c:/Xilinx/Projects/DRC_Rev2.0_Deliverables/Vivado2023.1/DRC_Rev2.0_FW/project_1.gen/sources_1/bd/design_1/ip/design_1_util_ds_buf_16_0/design_1_util_ds_buf_16_0/design_1_util_ds_buf_16_0_in_context.xdc] for cell 'design_1_i/util_ds_buf_16'
Parsing XDC File [c:/Xilinx/Projects/DRC_Rev2.0_Deliverables/Vivado2023.1/DRC_Rev2.0_FW/project_1.gen/sources_1/bd/design_1/ip/design_1_util_ds_buf_17_0/design_1_util_ds_buf_17_0/design_1_util_ds_buf_17_0_in_context.xdc] for cell 'design_1_i/util_ds_buf_17'
Finished Parsing XDC File [c:/Xilinx/Projects/DRC_Rev2.0_Deliverables/Vivado2023.1/DRC_Rev2.0_FW/project_1.gen/sources_1/bd/design_1/ip/design_1_util_ds_buf_17_0/design_1_util_ds_buf_17_0/design_1_util_ds_buf_17_0_in_context.xdc] for cell 'design_1_i/util_ds_buf_17'
Parsing XDC File [c:/Xilinx/Projects/DRC_Rev2.0_Deliverables/Vivado2023.1/DRC_Rev2.0_FW/project_1.gen/sources_1/bd/design_1/ip/design_1_util_ds_buf_18_0/design_1_util_ds_buf_18_0/design_1_util_ds_buf_18_0_in_context.xdc] for cell 'design_1_i/util_ds_buf_18'
Finished Parsing XDC File [c:/Xilinx/Projects/DRC_Rev2.0_Deliverables/Vivado2023.1/DRC_Rev2.0_FW/project_1.gen/sources_1/bd/design_1/ip/design_1_util_ds_buf_18_0/design_1_util_ds_buf_18_0/design_1_util_ds_buf_18_0_in_context.xdc] for cell 'design_1_i/util_ds_buf_18'
Parsing XDC File [c:/Xilinx/Projects/DRC_Rev2.0_Deliverables/Vivado2023.1/DRC_Rev2.0_FW/project_1.gen/sources_1/bd/design_1/ip/design_1_axi_gpio_14_0/design_1_axi_gpio_14_0/design_1_axi_gpio_14_0_in_context.xdc] for cell 'design_1_i/axi_gpio_14'
Finished Parsing XDC File [c:/Xilinx/Projects/DRC_Rev2.0_Deliverables/Vivado2023.1/DRC_Rev2.0_FW/project_1.gen/sources_1/bd/design_1/ip/design_1_axi_gpio_14_0/design_1_axi_gpio_14_0/design_1_axi_gpio_14_0_in_context.xdc] for cell 'design_1_i/axi_gpio_14'
Parsing XDC File [c:/Xilinx/Projects/DRC_Rev2.0_Deliverables/Vivado2023.1/DRC_Rev2.0_FW/project_1.gen/sources_1/bd/design_1/ip/design_1_axi_gpio_15_0/design_1_axi_gpio_15_0/design_1_axi_gpio_15_0_in_context.xdc] for cell 'design_1_i/axi_gpio_15'
Finished Parsing XDC File [c:/Xilinx/Projects/DRC_Rev2.0_Deliverables/Vivado2023.1/DRC_Rev2.0_FW/project_1.gen/sources_1/bd/design_1/ip/design_1_axi_gpio_15_0/design_1_axi_gpio_15_0/design_1_axi_gpio_15_0_in_context.xdc] for cell 'design_1_i/axi_gpio_15'
Parsing XDC File [c:/Xilinx/Projects/DRC_Rev2.0_Deliverables/Vivado2023.1/DRC_Rev2.0_FW/project_1.gen/sources_1/bd/design_1/ip/design_1_axi_gpio_16_0/design_1_axi_gpio_16_0/design_1_axi_gpio_15_0_in_context.xdc] for cell 'design_1_i/axi_gpio_16'
Finished Parsing XDC File [c:/Xilinx/Projects/DRC_Rev2.0_Deliverables/Vivado2023.1/DRC_Rev2.0_FW/project_1.gen/sources_1/bd/design_1/ip/design_1_axi_gpio_16_0/design_1_axi_gpio_16_0/design_1_axi_gpio_15_0_in_context.xdc] for cell 'design_1_i/axi_gpio_16'
Parsing XDC File [c:/Xilinx/Projects/DRC_Rev2.0_Deliverables/Vivado2023.1/DRC_Rev2.0_FW/project_1.gen/sources_1/bd/design_1/ip/design_1_axi_gpio_17_0/design_1_axi_gpio_17_0/design_1_axi_gpio_15_0_in_context.xdc] for cell 'design_1_i/axi_gpio_17'
Finished Parsing XDC File [c:/Xilinx/Projects/DRC_Rev2.0_Deliverables/Vivado2023.1/DRC_Rev2.0_FW/project_1.gen/sources_1/bd/design_1/ip/design_1_axi_gpio_17_0/design_1_axi_gpio_17_0/design_1_axi_gpio_15_0_in_context.xdc] for cell 'design_1_i/axi_gpio_17'
Parsing XDC File [c:/Xilinx/Projects/DRC_Rev2.0_Deliverables/Vivado2023.1/DRC_Rev2.0_FW/project_1.gen/sources_1/bd/design_1/ip/design_1_axi_gpio_18_0/design_1_axi_gpio_18_0/design_1_axi_gpio_15_0_in_context.xdc] for cell 'design_1_i/axi_gpio_18'
Finished Parsing XDC File [c:/Xilinx/Projects/DRC_Rev2.0_Deliverables/Vivado2023.1/DRC_Rev2.0_FW/project_1.gen/sources_1/bd/design_1/ip/design_1_axi_gpio_18_0/design_1_axi_gpio_18_0/design_1_axi_gpio_15_0_in_context.xdc] for cell 'design_1_i/axi_gpio_18'
Parsing XDC File [c:/Xilinx/Projects/DRC_Rev2.0_Deliverables/Vivado2023.1/DRC_Rev2.0_FW/project_1.gen/sources_1/bd/design_1/ip/design_1_ClockDivider_0_1/design_1_ClockDivider_0_1/design_1_ClockDivider_0_1_in_context.xdc] for cell 'design_1_i/ClockDivider_1'
Finished Parsing XDC File [c:/Xilinx/Projects/DRC_Rev2.0_Deliverables/Vivado2023.1/DRC_Rev2.0_FW/project_1.gen/sources_1/bd/design_1/ip/design_1_ClockDivider_0_1/design_1_ClockDivider_0_1/design_1_ClockDivider_0_1_in_context.xdc] for cell 'design_1_i/ClockDivider_1'
Parsing XDC File [c:/Xilinx/Projects/DRC_Rev2.0_Deliverables/Vivado2023.1/DRC_Rev2.0_FW/project_1.gen/sources_1/bd/design_1/ip/design_1_ila_0_0/design_1_ila_0_0/design_1_ila_0_0_in_context.xdc] for cell 'design_1_i/ila_0'
Finished Parsing XDC File [c:/Xilinx/Projects/DRC_Rev2.0_Deliverables/Vivado2023.1/DRC_Rev2.0_FW/project_1.gen/sources_1/bd/design_1/ip/design_1_ila_0_0/design_1_ila_0_0/design_1_ila_0_0_in_context.xdc] for cell 'design_1_i/ila_0'
Parsing XDC File [c:/Xilinx/Projects/DRC_Rev2.0_Deliverables/Vivado2023.1/DRC_Rev2.0_FW/project_1.gen/sources_1/bd/design_1/ip/design_1_axi_gpio_19_0/design_1_axi_gpio_19_0/design_1_axi_gpio_19_0_in_context.xdc] for cell 'design_1_i/ADC_READ'
Finished Parsing XDC File [c:/Xilinx/Projects/DRC_Rev2.0_Deliverables/Vivado2023.1/DRC_Rev2.0_FW/project_1.gen/sources_1/bd/design_1/ip/design_1_axi_gpio_19_0/design_1_axi_gpio_19_0/design_1_axi_gpio_19_0_in_context.xdc] for cell 'design_1_i/ADC_READ'
Parsing XDC File [c:/Xilinx/Projects/DRC_Rev2.0_Deliverables/Vivado2023.1/DRC_Rev2.0_FW/project_1.gen/sources_1/bd/design_1/ip/design_1_DAC_CTRL_0_0/design_1_DAC_CTRL_0_0/design_1_DAC_CTRL_0_0_in_context.xdc] for cell 'design_1_i/DAC_CTRL_0'
Finished Parsing XDC File [c:/Xilinx/Projects/DRC_Rev2.0_Deliverables/Vivado2023.1/DRC_Rev2.0_FW/project_1.gen/sources_1/bd/design_1/ip/design_1_DAC_CTRL_0_0/design_1_DAC_CTRL_0_0/design_1_DAC_CTRL_0_0_in_context.xdc] for cell 'design_1_i/DAC_CTRL_0'
Parsing XDC File [c:/Xilinx/Projects/DRC_Rev2.0_Deliverables/Vivado2023.1/DRC_Rev2.0_FW/project_1.gen/sources_1/bd/design_1/ip/design_1_DAC_CTRL_0_1/design_1_DAC_CTRL_0_1/design_1_DAC_CTRL_0_1_in_context.xdc] for cell 'design_1_i/DAC_CTRL_1'
Finished Parsing XDC File [c:/Xilinx/Projects/DRC_Rev2.0_Deliverables/Vivado2023.1/DRC_Rev2.0_FW/project_1.gen/sources_1/bd/design_1/ip/design_1_DAC_CTRL_0_1/design_1_DAC_CTRL_0_1/design_1_DAC_CTRL_0_1_in_context.xdc] for cell 'design_1_i/DAC_CTRL_1'
Parsing XDC File [c:/Xilinx/Projects/DRC_Rev2.0_Deliverables/Vivado2023.1/DRC_Rev2.0_FW/project_1.gen/sources_1/bd/design_1/ip/design_1_DAC_CTRL_0_2/design_1_DAC_CTRL_0_2/design_1_DAC_CTRL_0_2_in_context.xdc] for cell 'design_1_i/DAC_CTRL_2'
Finished Parsing XDC File [c:/Xilinx/Projects/DRC_Rev2.0_Deliverables/Vivado2023.1/DRC_Rev2.0_FW/project_1.gen/sources_1/bd/design_1/ip/design_1_DAC_CTRL_0_2/design_1_DAC_CTRL_0_2/design_1_DAC_CTRL_0_2_in_context.xdc] for cell 'design_1_i/DAC_CTRL_2'
Parsing XDC File [c:/Xilinx/Projects/DRC_Rev2.0_Deliverables/Vivado2023.1/DRC_Rev2.0_FW/project_1.gen/sources_1/bd/design_1/ip/design_1_DAC_CTRL_0_3/design_1_DAC_CTRL_0_3/design_1_DAC_CTRL_0_3_in_context.xdc] for cell 'design_1_i/DAC_CTRL_3'
Finished Parsing XDC File [c:/Xilinx/Projects/DRC_Rev2.0_Deliverables/Vivado2023.1/DRC_Rev2.0_FW/project_1.gen/sources_1/bd/design_1/ip/design_1_DAC_CTRL_0_3/design_1_DAC_CTRL_0_3/design_1_DAC_CTRL_0_3_in_context.xdc] for cell 'design_1_i/DAC_CTRL_3'
Parsing XDC File [C:/Xilinx/Projects/DRC_Rev2.0_Deliverables/Vivado2023.1/DRC_Rev2.0_FW/project_1.srcs/constrs_1/new/OSDZU3_HardwarePlatform_IO_Standards.xdc]
Finished Parsing XDC File [C:/Xilinx/Projects/DRC_Rev2.0_Deliverables/Vivado2023.1/DRC_Rev2.0_FW/project_1.srcs/constrs_1/new/OSDZU3_HardwarePlatform_IO_Standards.xdc]
Sourcing Tcl File [C:/Xilinx/Projects/DRC_Rev2.0_Deliverables/Vivado2023.1/DRC_Rev2.0_FW/project_1.srcs/constrs_1/imports/new/osdzu3_helper.tcl]
Finished Sourcing Tcl File [C:/Xilinx/Projects/DRC_Rev2.0_Deliverables/Vivado2023.1/DRC_Rev2.0_FW/project_1.srcs/constrs_1/imports/new/osdzu3_helper.tcl]
INFO: [Project 1-236] Implementation specific constraints were found while reading constraint file [C:/Xilinx/Projects/DRC_Rev2.0_Deliverables/Vivado2023.1/DRC_Rev2.0_FW/project_1.srcs/constrs_1/imports/new/osdzu3_helper.tcl]. These constraints will be ignored for synthesis but will be used in implementation. Impacted constraints are listed in the file [.Xil/design_1_wrapper_propImpl.xdc].
Resolution: To avoid this warning, move constraints listed in [.Xil/design_1_wrapper_propImpl.xdc] to another XDC file and exclude this new file from synthesis with the used_in_synthesis property (File Properties dialog in GUI) and re-run elaboration/synthesis.
Sourcing Tcl File [C:/Xilinx/Projects/DRC_Rev2.0_Deliverables/Vivado2023.1/DRC_Rev2.0_FW/project_1.srcs/constrs_1/imports/new/osdzu3_package_pins.tcl]
INFO: [Vivado 12-1808] Property 'PACKAGE_PIN' is not supported for elaborated designs for objects of type 'port'. [C:/Xilinx/Projects/DRC_Rev2.0_Deliverables/Vivado2023.1/DRC_Rev2.0_FW/project_1.srcs/constrs_1/imports/new/osdzu3_package_pins.tcl:2]
INFO: [Vivado 12-1808] Property 'PACKAGE_PIN' is not supported for elaborated designs for objects of type 'port'. [C:/Xilinx/Projects/DRC_Rev2.0_Deliverables/Vivado2023.1/DRC_Rev2.0_FW/project_1.srcs/constrs_1/imports/new/osdzu3_package_pins.tcl:3]
INFO: [Vivado 12-1808] Property 'PACKAGE_PIN' is not supported for elaborated designs for objects of type 'port'. [C:/Xilinx/Projects/DRC_Rev2.0_Deliverables/Vivado2023.1/DRC_Rev2.0_FW/project_1.srcs/constrs_1/imports/new/osdzu3_package_pins.tcl:4]
INFO: [Vivado 12-1808] Property 'PACKAGE_PIN' is not supported for elaborated designs for objects of type 'port'. [C:/Xilinx/Projects/DRC_Rev2.0_Deliverables/Vivado2023.1/DRC_Rev2.0_FW/project_1.srcs/constrs_1/imports/new/osdzu3_package_pins.tcl:5]
INFO: [Vivado 12-1808] Property 'PACKAGE_PIN' is not supported for elaborated designs for objects of type 'port'. [C:/Xilinx/Projects/DRC_Rev2.0_Deliverables/Vivado2023.1/DRC_Rev2.0_FW/project_1.srcs/constrs_1/imports/new/osdzu3_package_pins.tcl:8]
INFO: [Vivado 12-1808] Property 'PACKAGE_PIN' is not supported for elaborated designs for objects of type 'port'. [C:/Xilinx/Projects/DRC_Rev2.0_Deliverables/Vivado2023.1/DRC_Rev2.0_FW/project_1.srcs/constrs_1/imports/new/osdzu3_package_pins.tcl:9]
INFO: [Vivado 12-1808] Property 'PACKAGE_PIN' is not supported for elaborated designs for objects of type 'port'. [C:/Xilinx/Projects/DRC_Rev2.0_Deliverables/Vivado2023.1/DRC_Rev2.0_FW/project_1.srcs/constrs_1/imports/new/osdzu3_package_pins.tcl:10]
INFO: [Vivado 12-1808] Property 'PACKAGE_PIN' is not supported for elaborated designs for objects of type 'port'. [C:/Xilinx/Projects/DRC_Rev2.0_Deliverables/Vivado2023.1/DRC_Rev2.0_FW/project_1.srcs/constrs_1/imports/new/osdzu3_package_pins.tcl:11]
INFO: [Vivado 12-1808] Property 'PACKAGE_PIN' is not supported for elaborated designs for objects of type 'port'. [C:/Xilinx/Projects/DRC_Rev2.0_Deliverables/Vivado2023.1/DRC_Rev2.0_FW/project_1.srcs/constrs_1/imports/new/osdzu3_package_pins.tcl:12]
INFO: [Vivado 12-1808] Property 'PACKAGE_PIN' is not supported for elaborated designs for objects of type 'port'. [C:/Xilinx/Projects/DRC_Rev2.0_Deliverables/Vivado2023.1/DRC_Rev2.0_FW/project_1.srcs/constrs_1/imports/new/osdzu3_package_pins.tcl:13]
INFO: [Vivado 12-1808] Property 'PACKAGE_PIN' is not supported for elaborated designs for objects of type 'port'. [C:/Xilinx/Projects/DRC_Rev2.0_Deliverables/Vivado2023.1/DRC_Rev2.0_FW/project_1.srcs/constrs_1/imports/new/osdzu3_package_pins.tcl:16]
INFO: [Vivado 12-1808] Property 'PACKAGE_PIN' is not supported for elaborated designs for objects of type 'port'. [C:/Xilinx/Projects/DRC_Rev2.0_Deliverables/Vivado2023.1/DRC_Rev2.0_FW/project_1.srcs/constrs_1/imports/new/osdzu3_package_pins.tcl:17]
INFO: [Vivado 12-1808] Property 'PACKAGE_PIN' is not supported for elaborated designs for objects of type 'port'. [C:/Xilinx/Projects/DRC_Rev2.0_Deliverables/Vivado2023.1/DRC_Rev2.0_FW/project_1.srcs/constrs_1/imports/new/osdzu3_package_pins.tcl:18]
INFO: [Vivado 12-1808] Property 'PACKAGE_PIN' is not supported for elaborated designs for objects of type 'port'. [C:/Xilinx/Projects/DRC_Rev2.0_Deliverables/Vivado2023.1/DRC_Rev2.0_FW/project_1.srcs/constrs_1/imports/new/osdzu3_package_pins.tcl:19]
INFO: [Vivado 12-1808] Property 'PACKAGE_PIN' is not supported for elaborated designs for objects of type 'port'. [C:/Xilinx/Projects/DRC_Rev2.0_Deliverables/Vivado2023.1/DRC_Rev2.0_FW/project_1.srcs/constrs_1/imports/new/osdzu3_package_pins.tcl:20]
INFO: [Vivado 12-1808] Property 'PACKAGE_PIN' is not supported for elaborated designs for objects of type 'port'. [C:/Xilinx/Projects/DRC_Rev2.0_Deliverables/Vivado2023.1/DRC_Rev2.0_FW/project_1.srcs/constrs_1/imports/new/osdzu3_package_pins.tcl:21]
INFO: [Vivado 12-1808] Property 'PACKAGE_PIN' is not supported for elaborated designs for objects of type 'port'. [C:/Xilinx/Projects/DRC_Rev2.0_Deliverables/Vivado2023.1/DRC_Rev2.0_FW/project_1.srcs/constrs_1/imports/new/osdzu3_package_pins.tcl:22]
INFO: [Vivado 12-1808] Property 'PACKAGE_PIN' is not supported for elaborated designs for objects of type 'port'. [C:/Xilinx/Projects/DRC_Rev2.0_Deliverables/Vivado2023.1/DRC_Rev2.0_FW/project_1.srcs/constrs_1/imports/new/osdzu3_package_pins.tcl:25]
INFO: [Vivado 12-1808] Property 'PACKAGE_PIN' is not supported for elaborated designs for objects of type 'port'. [C:/Xilinx/Projects/DRC_Rev2.0_Deliverables/Vivado2023.1/DRC_Rev2.0_FW/project_1.srcs/constrs_1/imports/new/osdzu3_package_pins.tcl:26]
INFO: [Vivado 12-1808] Property 'PACKAGE_PIN' is not supported for elaborated designs for objects of type 'port'. [C:/Xilinx/Projects/DRC_Rev2.0_Deliverables/Vivado2023.1/DRC_Rev2.0_FW/project_1.srcs/constrs_1/imports/new/osdzu3_package_pins.tcl:27]
INFO: [Vivado 12-1808] Property 'PACKAGE_PIN' is not supported for elaborated designs for objects of type 'port'. [C:/Xilinx/Projects/DRC_Rev2.0_Deliverables/Vivado2023.1/DRC_Rev2.0_FW/project_1.srcs/constrs_1/imports/new/osdzu3_package_pins.tcl:28]
INFO: [Vivado 12-1808] Property 'PACKAGE_PIN' is not supported for elaborated designs for objects of type 'port'. [C:/Xilinx/Projects/DRC_Rev2.0_Deliverables/Vivado2023.1/DRC_Rev2.0_FW/project_1.srcs/constrs_1/imports/new/osdzu3_package_pins.tcl:29]
INFO: [Vivado 12-1808] Property 'PACKAGE_PIN' is not supported for elaborated designs for objects of type 'port'. [C:/Xilinx/Projects/DRC_Rev2.0_Deliverables/Vivado2023.1/DRC_Rev2.0_FW/project_1.srcs/constrs_1/imports/new/osdzu3_package_pins.tcl:32]
INFO: [Vivado 12-1808] Property 'PACKAGE_PIN' is not supported for elaborated designs for objects of type 'port'. [C:/Xilinx/Projects/DRC_Rev2.0_Deliverables/Vivado2023.1/DRC_Rev2.0_FW/project_1.srcs/constrs_1/imports/new/osdzu3_package_pins.tcl:33]
INFO: [Vivado 12-1808] Property 'PACKAGE_PIN' is not supported for elaborated designs for objects of type 'port'. [C:/Xilinx/Projects/DRC_Rev2.0_Deliverables/Vivado2023.1/DRC_Rev2.0_FW/project_1.srcs/constrs_1/imports/new/osdzu3_package_pins.tcl:34]
INFO: [Vivado 12-1808] Property 'PACKAGE_PIN' is not supported for elaborated designs for objects of type 'port'. [C:/Xilinx/Projects/DRC_Rev2.0_Deliverables/Vivado2023.1/DRC_Rev2.0_FW/project_1.srcs/constrs_1/imports/new/osdzu3_package_pins.tcl:35]
INFO: [Vivado 12-1808] Property 'PACKAGE_PIN' is not supported for elaborated designs for objects of type 'port'. [C:/Xilinx/Projects/DRC_Rev2.0_Deliverables/Vivado2023.1/DRC_Rev2.0_FW/project_1.srcs/constrs_1/imports/new/osdzu3_package_pins.tcl:36]
INFO: [Vivado 12-1808] Property 'PACKAGE_PIN' is not supported for elaborated designs for objects of type 'port'. [C:/Xilinx/Projects/DRC_Rev2.0_Deliverables/Vivado2023.1/DRC_Rev2.0_FW/project_1.srcs/constrs_1/imports/new/osdzu3_package_pins.tcl:37]
INFO: [Vivado 12-1808] Property 'PACKAGE_PIN' is not supported for elaborated designs for objects of type 'port'. [C:/Xilinx/Projects/DRC_Rev2.0_Deliverables/Vivado2023.1/DRC_Rev2.0_FW/project_1.srcs/constrs_1/imports/new/osdzu3_package_pins.tcl:38]
INFO: [Vivado 12-1808] Property 'PACKAGE_PIN' is not supported for elaborated designs for objects of type 'port'. [C:/Xilinx/Projects/DRC_Rev2.0_Deliverables/Vivado2023.1/DRC_Rev2.0_FW/project_1.srcs/constrs_1/imports/new/osdzu3_package_pins.tcl:39]
INFO: [Vivado 12-1808] Property 'PACKAGE_PIN' is not supported for elaborated designs for objects of type 'port'. [C:/Xilinx/Projects/DRC_Rev2.0_Deliverables/Vivado2023.1/DRC_Rev2.0_FW/project_1.srcs/constrs_1/imports/new/osdzu3_package_pins.tcl:40]
INFO: [Vivado 12-1808] Property 'PACKAGE_PIN' is not supported for elaborated designs for objects of type 'port'. [C:/Xilinx/Projects/DRC_Rev2.0_Deliverables/Vivado2023.1/DRC_Rev2.0_FW/project_1.srcs/constrs_1/imports/new/osdzu3_package_pins.tcl:41]
INFO: [Vivado 12-1808] Property 'PACKAGE_PIN' is not supported for elaborated designs for objects of type 'port'. [C:/Xilinx/Projects/DRC_Rev2.0_Deliverables/Vivado2023.1/DRC_Rev2.0_FW/project_1.srcs/constrs_1/imports/new/osdzu3_package_pins.tcl:42]
INFO: [Vivado 12-1808] Property 'PACKAGE_PIN' is not supported for elaborated designs for objects of type 'port'. [C:/Xilinx/Projects/DRC_Rev2.0_Deliverables/Vivado2023.1/DRC_Rev2.0_FW/project_1.srcs/constrs_1/imports/new/osdzu3_package_pins.tcl:43]
INFO: [Vivado 12-1808] Property 'PACKAGE_PIN' is not supported for elaborated designs for objects of type 'port'. [C:/Xilinx/Projects/DRC_Rev2.0_Deliverables/Vivado2023.1/DRC_Rev2.0_FW/project_1.srcs/constrs_1/imports/new/osdzu3_package_pins.tcl:44]
INFO: [Vivado 12-1808] Property 'PACKAGE_PIN' is not supported for elaborated designs for objects of type 'port'. [C:/Xilinx/Projects/DRC_Rev2.0_Deliverables/Vivado2023.1/DRC_Rev2.0_FW/project_1.srcs/constrs_1/imports/new/osdzu3_package_pins.tcl:45]
INFO: [Vivado 12-1808] Property 'PACKAGE_PIN' is not supported for elaborated designs for objects of type 'port'. [C:/Xilinx/Projects/DRC_Rev2.0_Deliverables/Vivado2023.1/DRC_Rev2.0_FW/project_1.srcs/constrs_1/imports/new/osdzu3_package_pins.tcl:46]
INFO: [Vivado 12-1808] Property 'PACKAGE_PIN' is not supported for elaborated designs for objects of type 'port'. [C:/Xilinx/Projects/DRC_Rev2.0_Deliverables/Vivado2023.1/DRC_Rev2.0_FW/project_1.srcs/constrs_1/imports/new/osdzu3_package_pins.tcl:47]
INFO: [Vivado 12-1808] Property 'PACKAGE_PIN' is not supported for elaborated designs for objects of type 'port'. [C:/Xilinx/Projects/DRC_Rev2.0_Deliverables/Vivado2023.1/DRC_Rev2.0_FW/project_1.srcs/constrs_1/imports/new/osdzu3_package_pins.tcl:48]
INFO: [Vivado 12-1808] Property 'PACKAGE_PIN' is not supported for elaborated designs for objects of type 'port'. [C:/Xilinx/Projects/DRC_Rev2.0_Deliverables/Vivado2023.1/DRC_Rev2.0_FW/project_1.srcs/constrs_1/imports/new/osdzu3_package_pins.tcl:49]
INFO: [Vivado 12-1808] Property 'PACKAGE_PIN' is not supported for elaborated designs for objects of type 'port'. [C:/Xilinx/Projects/DRC_Rev2.0_Deliverables/Vivado2023.1/DRC_Rev2.0_FW/project_1.srcs/constrs_1/imports/new/osdzu3_package_pins.tcl:50]
INFO: [Vivado 12-1808] Property 'PACKAGE_PIN' is not supported for elaborated designs for objects of type 'port'. [C:/Xilinx/Projects/DRC_Rev2.0_Deliverables/Vivado2023.1/DRC_Rev2.0_FW/project_1.srcs/constrs_1/imports/new/osdzu3_package_pins.tcl:51]
INFO: [Vivado 12-1808] Property 'PACKAGE_PIN' is not supported for elaborated designs for objects of type 'port'. [C:/Xilinx/Projects/DRC_Rev2.0_Deliverables/Vivado2023.1/DRC_Rev2.0_FW/project_1.srcs/constrs_1/imports/new/osdzu3_package_pins.tcl:52]
INFO: [Vivado 12-1808] Property 'PACKAGE_PIN' is not supported for elaborated designs for objects of type 'port'. [C:/Xilinx/Projects/DRC_Rev2.0_Deliverables/Vivado2023.1/DRC_Rev2.0_FW/project_1.srcs/constrs_1/imports/new/osdzu3_package_pins.tcl:53]
INFO: [Vivado 12-1808] Property 'PACKAGE_PIN' is not supported for elaborated designs for objects of type 'port'. [C:/Xilinx/Projects/DRC_Rev2.0_Deliverables/Vivado2023.1/DRC_Rev2.0_FW/project_1.srcs/constrs_1/imports/new/osdzu3_package_pins.tcl:54]
INFO: [Vivado 12-1808] Property 'PACKAGE_PIN' is not supported for elaborated designs for objects of type 'port'. [C:/Xilinx/Projects/DRC_Rev2.0_Deliverables/Vivado2023.1/DRC_Rev2.0_FW/project_1.srcs/constrs_1/imports/new/osdzu3_package_pins.tcl:55]
INFO: [Vivado 12-1808] Property 'PACKAGE_PIN' is not supported for elaborated designs for objects of type 'port'. [C:/Xilinx/Projects/DRC_Rev2.0_Deliverables/Vivado2023.1/DRC_Rev2.0_FW/project_1.srcs/constrs_1/imports/new/osdzu3_package_pins.tcl:56]
INFO: [Vivado 12-1808] Property 'PACKAGE_PIN' is not supported for elaborated designs for objects of type 'port'. [C:/Xilinx/Projects/DRC_Rev2.0_Deliverables/Vivado2023.1/DRC_Rev2.0_FW/project_1.srcs/constrs_1/imports/new/osdzu3_package_pins.tcl:57]
INFO: [Vivado 12-1808] Property 'PACKAGE_PIN' is not supported for elaborated designs for objects of type 'port'. [C:/Xilinx/Projects/DRC_Rev2.0_Deliverables/Vivado2023.1/DRC_Rev2.0_FW/project_1.srcs/constrs_1/imports/new/osdzu3_package_pins.tcl:58]
INFO: [Vivado 12-1808] Property 'PACKAGE_PIN' is not supported for elaborated designs for objects of type 'port'. [C:/Xilinx/Projects/DRC_Rev2.0_Deliverables/Vivado2023.1/DRC_Rev2.0_FW/project_1.srcs/constrs_1/imports/new/osdzu3_package_pins.tcl:59]
INFO: [Vivado 12-1808] Property 'PACKAGE_PIN' is not supported for elaborated designs for objects of type 'port'. [C:/Xilinx/Projects/DRC_Rev2.0_Deliverables/Vivado2023.1/DRC_Rev2.0_FW/project_1.srcs/constrs_1/imports/new/osdzu3_package_pins.tcl:60]
INFO: [Vivado 12-1808] Property 'PACKAGE_PIN' is not supported for elaborated designs for objects of type 'port'. [C:/Xilinx/Projects/DRC_Rev2.0_Deliverables/Vivado2023.1/DRC_Rev2.0_FW/project_1.srcs/constrs_1/imports/new/osdzu3_package_pins.tcl:61]
INFO: [Vivado 12-1808] Property 'PACKAGE_PIN' is not supported for elaborated designs for objects of type 'port'. [C:/Xilinx/Projects/DRC_Rev2.0_Deliverables/Vivado2023.1/DRC_Rev2.0_FW/project_1.srcs/constrs_1/imports/new/osdzu3_package_pins.tcl:62]
INFO: [Vivado 12-1808] Property 'PACKAGE_PIN' is not supported for elaborated designs for objects of type 'port'. [C:/Xilinx/Projects/DRC_Rev2.0_Deliverables/Vivado2023.1/DRC_Rev2.0_FW/project_1.srcs/constrs_1/imports/new/osdzu3_package_pins.tcl:63]
INFO: [Vivado 12-1808] Property 'PACKAGE_PIN' is not supported for elaborated designs for objects of type 'port'. [C:/Xilinx/Projects/DRC_Rev2.0_Deliverables/Vivado2023.1/DRC_Rev2.0_FW/project_1.srcs/constrs_1/imports/new/osdzu3_package_pins.tcl:64]
INFO: [Vivado 12-1808] Property 'PACKAGE_PIN' is not supported for elaborated designs for objects of type 'port'. [C:/Xilinx/Projects/DRC_Rev2.0_Deliverables/Vivado2023.1/DRC_Rev2.0_FW/project_1.srcs/constrs_1/imports/new/osdzu3_package_pins.tcl:65]
INFO: [Vivado 12-1808] Property 'PACKAGE_PIN' is not supported for elaborated designs for objects of type 'port'. [C:/Xilinx/Projects/DRC_Rev2.0_Deliverables/Vivado2023.1/DRC_Rev2.0_FW/project_1.srcs/constrs_1/imports/new/osdzu3_package_pins.tcl:66]
INFO: [Vivado 12-1808] Property 'PACKAGE_PIN' is not supported for elaborated designs for objects of type 'port'. [C:/Xilinx/Projects/DRC_Rev2.0_Deliverables/Vivado2023.1/DRC_Rev2.0_FW/project_1.srcs/constrs_1/imports/new/osdzu3_package_pins.tcl:67]
INFO: [Vivado 12-1808] Property 'PACKAGE_PIN' is not supported for elaborated designs for objects of type 'port'. [C:/Xilinx/Projects/DRC_Rev2.0_Deliverables/Vivado2023.1/DRC_Rev2.0_FW/project_1.srcs/constrs_1/imports/new/osdzu3_package_pins.tcl:68]
INFO: [Vivado 12-1808] Property 'PACKAGE_PIN' is not supported for elaborated designs for objects of type 'port'. [C:/Xilinx/Projects/DRC_Rev2.0_Deliverables/Vivado2023.1/DRC_Rev2.0_FW/project_1.srcs/constrs_1/imports/new/osdzu3_package_pins.tcl:69]
INFO: [Vivado 12-1808] Property 'PACKAGE_PIN' is not supported for elaborated designs for objects of type 'port'. [C:/Xilinx/Projects/DRC_Rev2.0_Deliverables/Vivado2023.1/DRC_Rev2.0_FW/project_1.srcs/constrs_1/imports/new/osdzu3_package_pins.tcl:70]
INFO: [Vivado 12-1808] Property 'PACKAGE_PIN' is not supported for elaborated designs for objects of type 'port'. [C:/Xilinx/Projects/DRC_Rev2.0_Deliverables/Vivado2023.1/DRC_Rev2.0_FW/project_1.srcs/constrs_1/imports/new/osdzu3_package_pins.tcl:71]
INFO: [Vivado 12-1808] Property 'PACKAGE_PIN' is not supported for elaborated designs for objects of type 'port'. [C:/Xilinx/Projects/DRC_Rev2.0_Deliverables/Vivado2023.1/DRC_Rev2.0_FW/project_1.srcs/constrs_1/imports/new/osdzu3_package_pins.tcl:72]
INFO: [Vivado 12-1808] Property 'PACKAGE_PIN' is not supported for elaborated designs for objects of type 'port'. [C:/Xilinx/Projects/DRC_Rev2.0_Deliverables/Vivado2023.1/DRC_Rev2.0_FW/project_1.srcs/constrs_1/imports/new/osdzu3_package_pins.tcl:73]
INFO: [Vivado 12-1808] Property 'PACKAGE_PIN' is not supported for elaborated designs for objects of type 'port'. [C:/Xilinx/Projects/DRC_Rev2.0_Deliverables/Vivado2023.1/DRC_Rev2.0_FW/project_1.srcs/constrs_1/imports/new/osdzu3_package_pins.tcl:74]
INFO: [Vivado 12-1808] Property 'PACKAGE_PIN' is not supported for elaborated designs for objects of type 'port'. [C:/Xilinx/Projects/DRC_Rev2.0_Deliverables/Vivado2023.1/DRC_Rev2.0_FW/project_1.srcs/constrs_1/imports/new/osdzu3_package_pins.tcl:75]
INFO: [Vivado 12-1808] Property 'PACKAGE_PIN' is not supported for elaborated designs for objects of type 'port'. [C:/Xilinx/Projects/DRC_Rev2.0_Deliverables/Vivado2023.1/DRC_Rev2.0_FW/project_1.srcs/constrs_1/imports/new/osdzu3_package_pins.tcl:76]
INFO: [Vivado 12-1808] Property 'PACKAGE_PIN' is not supported for elaborated designs for objects of type 'port'. [C:/Xilinx/Projects/DRC_Rev2.0_Deliverables/Vivado2023.1/DRC_Rev2.0_FW/project_1.srcs/constrs_1/imports/new/osdzu3_package_pins.tcl:77]
INFO: [Vivado 12-1808] Property 'PACKAGE_PIN' is not supported for elaborated designs for objects of type 'port'. [C:/Xilinx/Projects/DRC_Rev2.0_Deliverables/Vivado2023.1/DRC_Rev2.0_FW/project_1.srcs/constrs_1/imports/new/osdzu3_package_pins.tcl:78]
INFO: [Vivado 12-1808] Property 'PACKAGE_PIN' is not supported for elaborated designs for objects of type 'port'. [C:/Xilinx/Projects/DRC_Rev2.0_Deliverables/Vivado2023.1/DRC_Rev2.0_FW/project_1.srcs/constrs_1/imports/new/osdzu3_package_pins.tcl:79]
INFO: [Vivado 12-1808] Property 'PACKAGE_PIN' is not supported for elaborated designs for objects of type 'port'. [C:/Xilinx/Projects/DRC_Rev2.0_Deliverables/Vivado2023.1/DRC_Rev2.0_FW/project_1.srcs/constrs_1/imports/new/osdzu3_package_pins.tcl:80]
INFO: [Vivado 12-1808] Property 'PACKAGE_PIN' is not supported for elaborated designs for objects of type 'port'. [C:/Xilinx/Projects/DRC_Rev2.0_Deliverables/Vivado2023.1/DRC_Rev2.0_FW/project_1.srcs/constrs_1/imports/new/osdzu3_package_pins.tcl:81]
INFO: [Vivado 12-1808] Property 'PACKAGE_PIN' is not supported for elaborated designs for objects of type 'port'. [C:/Xilinx/Projects/DRC_Rev2.0_Deliverables/Vivado2023.1/DRC_Rev2.0_FW/project_1.srcs/constrs_1/imports/new/osdzu3_package_pins.tcl:82]
INFO: [Vivado 12-1808] Property 'PACKAGE_PIN' is not supported for elaborated designs for objects of type 'port'. [C:/Xilinx/Projects/DRC_Rev2.0_Deliverables/Vivado2023.1/DRC_Rev2.0_FW/project_1.srcs/constrs_1/imports/new/osdzu3_package_pins.tcl:83]
INFO: [Vivado 12-1808] Property 'PACKAGE_PIN' is not supported for elaborated designs for objects of type 'port'. [C:/Xilinx/Projects/DRC_Rev2.0_Deliverables/Vivado2023.1/DRC_Rev2.0_FW/project_1.srcs/constrs_1/imports/new/osdzu3_package_pins.tcl:86]
INFO: [Vivado 12-1808] Property 'PACKAGE_PIN' is not supported for elaborated designs for objects of type 'port'. [C:/Xilinx/Projects/DRC_Rev2.0_Deliverables/Vivado2023.1/DRC_Rev2.0_FW/project_1.srcs/constrs_1/imports/new/osdzu3_package_pins.tcl:87]
INFO: [Vivado 12-1808] Property 'PACKAGE_PIN' is not supported for elaborated designs for objects of type 'port'. [C:/Xilinx/Projects/DRC_Rev2.0_Deliverables/Vivado2023.1/DRC_Rev2.0_FW/project_1.srcs/constrs_1/imports/new/osdzu3_package_pins.tcl:90]
INFO: [Vivado 12-1808] Property 'PACKAGE_PIN' is not supported for elaborated designs for objects of type 'port'. [C:/Xilinx/Projects/DRC_Rev2.0_Deliverables/Vivado2023.1/DRC_Rev2.0_FW/project_1.srcs/constrs_1/imports/new/osdzu3_package_pins.tcl:91]
INFO: [Vivado 12-1808] Property 'PACKAGE_PIN' is not supported for elaborated designs for objects of type 'port'. [C:/Xilinx/Projects/DRC_Rev2.0_Deliverables/Vivado2023.1/DRC_Rev2.0_FW/project_1.srcs/constrs_1/imports/new/osdzu3_package_pins.tcl:92]
INFO: [Vivado 12-1808] Property 'PACKAGE_PIN' is not supported for elaborated designs for objects of type 'port'. [C:/Xilinx/Projects/DRC_Rev2.0_Deliverables/Vivado2023.1/DRC_Rev2.0_FW/project_1.srcs/constrs_1/imports/new/osdzu3_package_pins.tcl:93]
INFO: [Vivado 12-1808] Property 'PACKAGE_PIN' is not supported for elaborated designs for objects of type 'port'. [C:/Xilinx/Projects/DRC_Rev2.0_Deliverables/Vivado2023.1/DRC_Rev2.0_FW/project_1.srcs/constrs_1/imports/new/osdzu3_package_pins.tcl:94]
INFO: [Vivado 12-1808] Property 'PACKAGE_PIN' is not supported for elaborated designs for objects of type 'port'. [C:/Xilinx/Projects/DRC_Rev2.0_Deliverables/Vivado2023.1/DRC_Rev2.0_FW/project_1.srcs/constrs_1/imports/new/osdzu3_package_pins.tcl:95]
INFO: [Vivado 12-1808] Property 'PACKAGE_PIN' is not supported for elaborated designs for objects of type 'port'. [C:/Xilinx/Projects/DRC_Rev2.0_Deliverables/Vivado2023.1/DRC_Rev2.0_FW/project_1.srcs/constrs_1/imports/new/osdzu3_package_pins.tcl:96]
INFO: [Vivado 12-1808] Property 'PACKAGE_PIN' is not supported for elaborated designs for objects of type 'port'. [C:/Xilinx/Projects/DRC_Rev2.0_Deliverables/Vivado2023.1/DRC_Rev2.0_FW/project_1.srcs/constrs_1/imports/new/osdzu3_package_pins.tcl:97]
INFO: [Vivado 12-1808] Property 'PACKAGE_PIN' is not supported for elaborated designs for objects of type 'port'. [C:/Xilinx/Projects/DRC_Rev2.0_Deliverables/Vivado2023.1/DRC_Rev2.0_FW/project_1.srcs/constrs_1/imports/new/osdzu3_package_pins.tcl:100]
INFO: [Vivado 12-1808] Property 'PACKAGE_PIN' is not supported for elaborated designs for objects of type 'port'. [C:/Xilinx/Projects/DRC_Rev2.0_Deliverables/Vivado2023.1/DRC_Rev2.0_FW/project_1.srcs/constrs_1/imports/new/osdzu3_package_pins.tcl:101]
INFO: [Vivado 12-1808] Property 'PACKAGE_PIN' is not supported for elaborated designs for objects of type 'port'. [C:/Xilinx/Projects/DRC_Rev2.0_Deliverables/Vivado2023.1/DRC_Rev2.0_FW/project_1.srcs/constrs_1/imports/new/osdzu3_package_pins.tcl:102]
INFO: [Vivado 12-1808] Property 'PACKAGE_PIN' is not supported for elaborated designs for objects of type 'port'. [C:/Xilinx/Projects/DRC_Rev2.0_Deliverables/Vivado2023.1/DRC_Rev2.0_FW/project_1.srcs/constrs_1/imports/new/osdzu3_package_pins.tcl:103]
INFO: [Vivado 12-1808] Property 'PACKAGE_PIN' is not supported for elaborated designs for objects of type 'port'. [C:/Xilinx/Projects/DRC_Rev2.0_Deliverables/Vivado2023.1/DRC_Rev2.0_FW/project_1.srcs/constrs_1/imports/new/osdzu3_package_pins.tcl:104]
INFO: [Vivado 12-1808] Property 'PACKAGE_PIN' is not supported for elaborated designs for objects of type 'port'. [C:/Xilinx/Projects/DRC_Rev2.0_Deliverables/Vivado2023.1/DRC_Rev2.0_FW/project_1.srcs/constrs_1/imports/new/osdzu3_package_pins.tcl:105]
INFO: [Vivado 12-1808] Property 'PACKAGE_PIN' is not supported for elaborated designs for objects of type 'port'. [C:/Xilinx/Projects/DRC_Rev2.0_Deliverables/Vivado2023.1/DRC_Rev2.0_FW/project_1.srcs/constrs_1/imports/new/osdzu3_package_pins.tcl:106]
INFO: [Vivado 12-1808] Property 'PACKAGE_PIN' is not supported for elaborated designs for objects of type 'port'. [C:/Xilinx/Projects/DRC_Rev2.0_Deliverables/Vivado2023.1/DRC_Rev2.0_FW/project_1.srcs/constrs_1/imports/new/osdzu3_package_pins.tcl:107]
INFO: [Vivado 12-1808] Property 'PACKAGE_PIN' is not supported for elaborated designs for objects of type 'port'. [C:/Xilinx/Projects/DRC_Rev2.0_Deliverables/Vivado2023.1/DRC_Rev2.0_FW/project_1.srcs/constrs_1/imports/new/osdzu3_package_pins.tcl:108]
INFO: [Vivado 12-1808] Property 'PACKAGE_PIN' is not supported for elaborated designs for objects of type 'port'. [C:/Xilinx/Projects/DRC_Rev2.0_Deliverables/Vivado2023.1/DRC_Rev2.0_FW/project_1.srcs/constrs_1/imports/new/osdzu3_package_pins.tcl:109]
INFO: [Vivado 12-1808] Property 'PACKAGE_PIN' is not supported for elaborated designs for objects of type 'port'. [C:/Xilinx/Projects/DRC_Rev2.0_Deliverables/Vivado2023.1/DRC_Rev2.0_FW/project_1.srcs/constrs_1/imports/new/osdzu3_package_pins.tcl:112]
INFO: [Vivado 12-1808] Property 'PACKAGE_PIN' is not supported for elaborated designs for objects of type 'port'. [C:/Xilinx/Projects/DRC_Rev2.0_Deliverables/Vivado2023.1/DRC_Rev2.0_FW/project_1.srcs/constrs_1/imports/new/osdzu3_package_pins.tcl:113]
INFO: [Vivado 12-1808] Property 'PACKAGE_PIN' is not supported for elaborated designs for objects of type 'port'. [C:/Xilinx/Projects/DRC_Rev2.0_Deliverables/Vivado2023.1/DRC_Rev2.0_FW/project_1.srcs/constrs_1/imports/new/osdzu3_package_pins.tcl:114]
INFO: [Vivado 12-1808] Property 'PACKAGE_PIN' is not supported for elaborated designs for objects of type 'port'. [C:/Xilinx/Projects/DRC_Rev2.0_Deliverables/Vivado2023.1/DRC_Rev2.0_FW/project_1.srcs/constrs_1/imports/new/osdzu3_package_pins.tcl:115]
INFO: [Vivado 12-1808] Property 'PACKAGE_PIN' is not supported for elaborated designs for objects of type 'port'. [C:/Xilinx/Projects/DRC_Rev2.0_Deliverables/Vivado2023.1/DRC_Rev2.0_FW/project_1.srcs/constrs_1/imports/new/osdzu3_package_pins.tcl:116]
INFO: [Vivado 12-1808] Property 'PACKAGE_PIN' is not supported for elaborated designs for objects of type 'port'. [C:/Xilinx/Projects/DRC_Rev2.0_Deliverables/Vivado2023.1/DRC_Rev2.0_FW/project_1.srcs/constrs_1/imports/new/osdzu3_package_pins.tcl:117]
INFO: [Common 17-14] Message 'Vivado 12-1808' appears 100 times and further instances of the messages will be disabled. Use the Tcl command set_msg_config to change the current settings. [C:/Xilinx/Projects/DRC_Rev2.0_Deliverables/Vivado2023.1/DRC_Rev2.0_FW/project_1.srcs/constrs_1/imports/new/osdzu3_package_pins.tcl:117]
Finished Sourcing Tcl File [C:/Xilinx/Projects/DRC_Rev2.0_Deliverables/Vivado2023.1/DRC_Rev2.0_FW/project_1.srcs/constrs_1/imports/new/osdzu3_package_pins.tcl]
INFO: [Project 1-236] Implementation specific constraints were found while reading constraint file [C:/Xilinx/Projects/DRC_Rev2.0_Deliverables/Vivado2023.1/DRC_Rev2.0_FW/project_1.srcs/constrs_1/imports/new/osdzu3_package_pins.tcl]. These constraints will be ignored for synthesis but will be used in implementation. Impacted constraints are listed in the file [.Xil/design_1_wrapper_propImpl.xdc].
Resolution: To avoid this warning, move constraints listed in [.Xil/design_1_wrapper_propImpl.xdc] to another XDC file and exclude this new file from synthesis with the used_in_synthesis property (File Properties dialog in GUI) and re-run elaboration/synthesis.
Parsing XDC File [C:/Xilinx/Projects/DRC_Rev2.0_Deliverables/Vivado2023.1/DRC_Rev2.0_FW/project_1.runs/synth_1/dont_touch.xdc]
Finished Parsing XDC File [C:/Xilinx/Projects/DRC_Rev2.0_Deliverables/Vivado2023.1/DRC_Rev2.0_FW/project_1.runs/synth_1/dont_touch.xdc]
Completed Processing XDC Constraints

Netlist sorting complete. Time (s): cpu = 00:00:00 ; elapsed = 00:00:00 . Memory (MB): peak = 3038.656 ; gain = 0.000
INFO: [Project 1-111] Unisim Transformation Summary:
No Unisim elements were transformed.

Constraint Validation Runtime : Time (s): cpu = 00:00:00 ; elapsed = 00:00:00.012 . Memory (MB): peak = 3038.656 ; gain = 0.000
WARNING: [Timing 38-316] Clock period '20.000' specified during out-of-context synthesis of instance 'design_1_i/axi_quad_spi_0' at clock pin 'ext_spi_clk' is different from the actual clock period '10.000', this can lead to different synthesis results.
WARNING: [Timing 38-316] Clock period '20.000' specified during out-of-context synthesis of instance 'design_1_i/axi_quad_spi_1' at clock pin 'ext_spi_clk' is different from the actual clock period '10.000', this can lead to different synthesis results.
---------------------------------------------------------------------------------
Finished Constraint Validation : Time (s): cpu = 00:00:11 ; elapsed = 00:00:12 . Memory (MB): peak = 3038.656 ; gain = 508.340
---------------------------------------------------------------------------------
---------------------------------------------------------------------------------
Start Loading Part and Timing Information
---------------------------------------------------------------------------------
Loading part: xczu3eg-sfvc784-1-e
INFO: [Synth 8-6742] Reading net delay rules and data
---------------------------------------------------------------------------------
Finished Loading Part and Timing Information : Time (s): cpu = 00:00:11 ; elapsed = 00:00:12 . Memory (MB): peak = 3038.656 ; gain = 508.340
---------------------------------------------------------------------------------
---------------------------------------------------------------------------------
Start Applying 'set_property' XDC Constraints
---------------------------------------------------------------------------------
Applied set_property IO_BUFFER_TYPE = NONE for IOBUF_SE_32_37[0]. (constraint file  c:/Xilinx/Projects/DRC_Rev2.0_Deliverables/Vivado2023.1/DRC_Rev2.0_FW/project_1.gen/sources_1/bd/design_1/ip/design_1_util_ds_buf_0_0/design_1_util_ds_buf_0_0/design_1_util_ds_buf_0_0_in_context.xdc, line 1).
Applied set_property CLOCK_BUFFER_TYPE = NONE for IOBUF_SE_32_37[0]. (constraint file  c:/Xilinx/Projects/DRC_Rev2.0_Deliverables/Vivado2023.1/DRC_Rev2.0_FW/project_1.gen/sources_1/bd/design_1/ip/design_1_util_ds_buf_0_0/design_1_util_ds_buf_0_0/design_1_util_ds_buf_0_0_in_context.xdc, line 2).
Applied set_property IO_BUFFER_TYPE = NONE for IOBUF_SE_32_37[1]. (constraint file  c:/Xilinx/Projects/DRC_Rev2.0_Deliverables/Vivado2023.1/DRC_Rev2.0_FW/project_1.gen/sources_1/bd/design_1/ip/design_1_util_ds_buf_0_0/design_1_util_ds_buf_0_0/design_1_util_ds_buf_0_0_in_context.xdc, line 3).
Applied set_property CLOCK_BUFFER_TYPE = NONE for IOBUF_SE_32_37[1]. (constraint file  c:/Xilinx/Projects/DRC_Rev2.0_Deliverables/Vivado2023.1/DRC_Rev2.0_FW/project_1.gen/sources_1/bd/design_1/ip/design_1_util_ds_buf_0_0/design_1_util_ds_buf_0_0/design_1_util_ds_buf_0_0_in_context.xdc, line 4).
Applied set_property IO_BUFFER_TYPE = NONE for IOBUF_SE_32_37[2]. (constraint file  c:/Xilinx/Projects/DRC_Rev2.0_Deliverables/Vivado2023.1/DRC_Rev2.0_FW/project_1.gen/sources_1/bd/design_1/ip/design_1_util_ds_buf_0_0/design_1_util_ds_buf_0_0/design_1_util_ds_buf_0_0_in_context.xdc, line 5).
Applied set_property CLOCK_BUFFER_TYPE = NONE for IOBUF_SE_32_37[2]. (constraint file  c:/Xilinx/Projects/DRC_Rev2.0_Deliverables/Vivado2023.1/DRC_Rev2.0_FW/project_1.gen/sources_1/bd/design_1/ip/design_1_util_ds_buf_0_0/design_1_util_ds_buf_0_0/design_1_util_ds_buf_0_0_in_context.xdc, line 6).
Applied set_property IO_BUFFER_TYPE = NONE for IOBUF_SE_32_37[3]. (constraint file  c:/Xilinx/Projects/DRC_Rev2.0_Deliverables/Vivado2023.1/DRC_Rev2.0_FW/project_1.gen/sources_1/bd/design_1/ip/design_1_util_ds_buf_0_0/design_1_util_ds_buf_0_0/design_1_util_ds_buf_0_0_in_context.xdc, line 7).
Applied set_property CLOCK_BUFFER_TYPE = NONE for IOBUF_SE_32_37[3]. (constraint file  c:/Xilinx/Projects/DRC_Rev2.0_Deliverables/Vivado2023.1/DRC_Rev2.0_FW/project_1.gen/sources_1/bd/design_1/ip/design_1_util_ds_buf_0_0/design_1_util_ds_buf_0_0/design_1_util_ds_buf_0_0_in_context.xdc, line 8).
Applied set_property IO_BUFFER_TYPE = NONE for IOBUF_SE_32_37[4]. (constraint file  c:/Xilinx/Projects/DRC_Rev2.0_Deliverables/Vivado2023.1/DRC_Rev2.0_FW/project_1.gen/sources_1/bd/design_1/ip/design_1_util_ds_buf_0_0/design_1_util_ds_buf_0_0/design_1_util_ds_buf_0_0_in_context.xdc, line 9).
Applied set_property CLOCK_BUFFER_TYPE = NONE for IOBUF_SE_32_37[4]. (constraint file  c:/Xilinx/Projects/DRC_Rev2.0_Deliverables/Vivado2023.1/DRC_Rev2.0_FW/project_1.gen/sources_1/bd/design_1/ip/design_1_util_ds_buf_0_0/design_1_util_ds_buf_0_0/design_1_util_ds_buf_0_0_in_context.xdc, line 10).
Applied set_property IO_BUFFER_TYPE = NONE for IOBUF_SE_32_37[5]. (constraint file  c:/Xilinx/Projects/DRC_Rev2.0_Deliverables/Vivado2023.1/DRC_Rev2.0_FW/project_1.gen/sources_1/bd/design_1/ip/design_1_util_ds_buf_0_0/design_1_util_ds_buf_0_0/design_1_util_ds_buf_0_0_in_context.xdc, line 11).
Applied set_property CLOCK_BUFFER_TYPE = NONE for IOBUF_SE_32_37[5]. (constraint file  c:/Xilinx/Projects/DRC_Rev2.0_Deliverables/Vivado2023.1/DRC_Rev2.0_FW/project_1.gen/sources_1/bd/design_1/ip/design_1_util_ds_buf_0_0/design_1_util_ds_buf_0_0/design_1_util_ds_buf_0_0_in_context.xdc, line 12).
Applied set_property IO_BUFFER_TYPE = NONE for IOBUF_SE_0_31[0]. (constraint file  c:/Xilinx/Projects/DRC_Rev2.0_Deliverables/Vivado2023.1/DRC_Rev2.0_FW/project_1.gen/sources_1/bd/design_1/ip/design_1_util_ds_buf_0_1/design_1_util_ds_buf_0_1/design_1_util_ds_buf_0_1_in_context.xdc, line 1).
Applied set_property CLOCK_BUFFER_TYPE = NONE for IOBUF_SE_0_31[0]. (constraint file  c:/Xilinx/Projects/DRC_Rev2.0_Deliverables/Vivado2023.1/DRC_Rev2.0_FW/project_1.gen/sources_1/bd/design_1/ip/design_1_util_ds_buf_0_1/design_1_util_ds_buf_0_1/design_1_util_ds_buf_0_1_in_context.xdc, line 2).
Applied set_property IO_BUFFER_TYPE = NONE for IOBUF_SE_0_31[10]. (constraint file  c:/Xilinx/Projects/DRC_Rev2.0_Deliverables/Vivado2023.1/DRC_Rev2.0_FW/project_1.gen/sources_1/bd/design_1/ip/design_1_util_ds_buf_0_1/design_1_util_ds_buf_0_1/design_1_util_ds_buf_0_1_in_context.xdc, line 3).
Applied set_property CLOCK_BUFFER_TYPE = NONE for IOBUF_SE_0_31[10]. (constraint file  c:/Xilinx/Projects/DRC_Rev2.0_Deliverables/Vivado2023.1/DRC_Rev2.0_FW/project_1.gen/sources_1/bd/design_1/ip/design_1_util_ds_buf_0_1/design_1_util_ds_buf_0_1/design_1_util_ds_buf_0_1_in_context.xdc, line 4).
Applied set_property IO_BUFFER_TYPE = NONE for IOBUF_SE_0_31[11]. (constraint file  c:/Xilinx/Projects/DRC_Rev2.0_Deliverables/Vivado2023.1/DRC_Rev2.0_FW/project_1.gen/sources_1/bd/design_1/ip/design_1_util_ds_buf_0_1/design_1_util_ds_buf_0_1/design_1_util_ds_buf_0_1_in_context.xdc, line 5).
Applied set_property CLOCK_BUFFER_TYPE = NONE for IOBUF_SE_0_31[11]. (constraint file  c:/Xilinx/Projects/DRC_Rev2.0_Deliverables/Vivado2023.1/DRC_Rev2.0_FW/project_1.gen/sources_1/bd/design_1/ip/design_1_util_ds_buf_0_1/design_1_util_ds_buf_0_1/design_1_util_ds_buf_0_1_in_context.xdc, line 6).
Applied set_property IO_BUFFER_TYPE = NONE for IOBUF_SE_0_31[12]. (constraint file  c:/Xilinx/Projects/DRC_Rev2.0_Deliverables/Vivado2023.1/DRC_Rev2.0_FW/project_1.gen/sources_1/bd/design_1/ip/design_1_util_ds_buf_0_1/design_1_util_ds_buf_0_1/design_1_util_ds_buf_0_1_in_context.xdc, line 7).
Applied set_property CLOCK_BUFFER_TYPE = NONE for IOBUF_SE_0_31[12]. (constraint file  c:/Xilinx/Projects/DRC_Rev2.0_Deliverables/Vivado2023.1/DRC_Rev2.0_FW/project_1.gen/sources_1/bd/design_1/ip/design_1_util_ds_buf_0_1/design_1_util_ds_buf_0_1/design_1_util_ds_buf_0_1_in_context.xdc, line 8).
Applied set_property IO_BUFFER_TYPE = NONE for IOBUF_SE_0_31[13]. (constraint file  c:/Xilinx/Projects/DRC_Rev2.0_Deliverables/Vivado2023.1/DRC_Rev2.0_FW/project_1.gen/sources_1/bd/design_1/ip/design_1_util_ds_buf_0_1/design_1_util_ds_buf_0_1/design_1_util_ds_buf_0_1_in_context.xdc, line 9).
Applied set_property CLOCK_BUFFER_TYPE = NONE for IOBUF_SE_0_31[13]. (constraint file  c:/Xilinx/Projects/DRC_Rev2.0_Deliverables/Vivado2023.1/DRC_Rev2.0_FW/project_1.gen/sources_1/bd/design_1/ip/design_1_util_ds_buf_0_1/design_1_util_ds_buf_0_1/design_1_util_ds_buf_0_1_in_context.xdc, line 10).
Applied set_property IO_BUFFER_TYPE = NONE for IOBUF_SE_0_31[14]. (constraint file  c:/Xilinx/Projects/DRC_Rev2.0_Deliverables/Vivado2023.1/DRC_Rev2.0_FW/project_1.gen/sources_1/bd/design_1/ip/design_1_util_ds_buf_0_1/design_1_util_ds_buf_0_1/design_1_util_ds_buf_0_1_in_context.xdc, line 11).
Applied set_property CLOCK_BUFFER_TYPE = NONE for IOBUF_SE_0_31[14]. (constraint file  c:/Xilinx/Projects/DRC_Rev2.0_Deliverables/Vivado2023.1/DRC_Rev2.0_FW/project_1.gen/sources_1/bd/design_1/ip/design_1_util_ds_buf_0_1/design_1_util_ds_buf_0_1/design_1_util_ds_buf_0_1_in_context.xdc, line 12).
Applied set_property IO_BUFFER_TYPE = NONE for IOBUF_SE_0_31[15]. (constraint file  c:/Xilinx/Projects/DRC_Rev2.0_Deliverables/Vivado2023.1/DRC_Rev2.0_FW/project_1.gen/sources_1/bd/design_1/ip/design_1_util_ds_buf_0_1/design_1_util_ds_buf_0_1/design_1_util_ds_buf_0_1_in_context.xdc, line 13).
Applied set_property CLOCK_BUFFER_TYPE = NONE for IOBUF_SE_0_31[15]. (constraint file  c:/Xilinx/Projects/DRC_Rev2.0_Deliverables/Vivado2023.1/DRC_Rev2.0_FW/project_1.gen/sources_1/bd/design_1/ip/design_1_util_ds_buf_0_1/design_1_util_ds_buf_0_1/design_1_util_ds_buf_0_1_in_context.xdc, line 14).
Applied set_property IO_BUFFER_TYPE = NONE for IOBUF_SE_0_31[16]. (constraint file  c:/Xilinx/Projects/DRC_Rev2.0_Deliverables/Vivado2023.1/DRC_Rev2.0_FW/project_1.gen/sources_1/bd/design_1/ip/design_1_util_ds_buf_0_1/design_1_util_ds_buf_0_1/design_1_util_ds_buf_0_1_in_context.xdc, line 15).
Applied set_property CLOCK_BUFFER_TYPE = NONE for IOBUF_SE_0_31[16]. (constraint file  c:/Xilinx/Projects/DRC_Rev2.0_Deliverables/Vivado2023.1/DRC_Rev2.0_FW/project_1.gen/sources_1/bd/design_1/ip/design_1_util_ds_buf_0_1/design_1_util_ds_buf_0_1/design_1_util_ds_buf_0_1_in_context.xdc, line 16).
Applied set_property IO_BUFFER_TYPE = NONE for IOBUF_SE_0_31[17]. (constraint file  c:/Xilinx/Projects/DRC_Rev2.0_Deliverables/Vivado2023.1/DRC_Rev2.0_FW/project_1.gen/sources_1/bd/design_1/ip/design_1_util_ds_buf_0_1/design_1_util_ds_buf_0_1/design_1_util_ds_buf_0_1_in_context.xdc, line 17).
Applied set_property CLOCK_BUFFER_TYPE = NONE for IOBUF_SE_0_31[17]. (constraint file  c:/Xilinx/Projects/DRC_Rev2.0_Deliverables/Vivado2023.1/DRC_Rev2.0_FW/project_1.gen/sources_1/bd/design_1/ip/design_1_util_ds_buf_0_1/design_1_util_ds_buf_0_1/design_1_util_ds_buf_0_1_in_context.xdc, line 18).
Applied set_property IO_BUFFER_TYPE = NONE for IOBUF_SE_0_31[18]. (constraint file  c:/Xilinx/Projects/DRC_Rev2.0_Deliverables/Vivado2023.1/DRC_Rev2.0_FW/project_1.gen/sources_1/bd/design_1/ip/design_1_util_ds_buf_0_1/design_1_util_ds_buf_0_1/design_1_util_ds_buf_0_1_in_context.xdc, line 19).
Applied set_property CLOCK_BUFFER_TYPE = NONE for IOBUF_SE_0_31[18]. (constraint file  c:/Xilinx/Projects/DRC_Rev2.0_Deliverables/Vivado2023.1/DRC_Rev2.0_FW/project_1.gen/sources_1/bd/design_1/ip/design_1_util_ds_buf_0_1/design_1_util_ds_buf_0_1/design_1_util_ds_buf_0_1_in_context.xdc, line 20).
Applied set_property IO_BUFFER_TYPE = NONE for IOBUF_SE_0_31[19]. (constraint file  c:/Xilinx/Projects/DRC_Rev2.0_Deliverables/Vivado2023.1/DRC_Rev2.0_FW/project_1.gen/sources_1/bd/design_1/ip/design_1_util_ds_buf_0_1/design_1_util_ds_buf_0_1/design_1_util_ds_buf_0_1_in_context.xdc, line 21).
Applied set_property CLOCK_BUFFER_TYPE = NONE for IOBUF_SE_0_31[19]. (constraint file  c:/Xilinx/Projects/DRC_Rev2.0_Deliverables/Vivado2023.1/DRC_Rev2.0_FW/project_1.gen/sources_1/bd/design_1/ip/design_1_util_ds_buf_0_1/design_1_util_ds_buf_0_1/design_1_util_ds_buf_0_1_in_context.xdc, line 22).
Applied set_property IO_BUFFER_TYPE = NONE for IOBUF_SE_0_31[1]. (constraint file  c:/Xilinx/Projects/DRC_Rev2.0_Deliverables/Vivado2023.1/DRC_Rev2.0_FW/project_1.gen/sources_1/bd/design_1/ip/design_1_util_ds_buf_0_1/design_1_util_ds_buf_0_1/design_1_util_ds_buf_0_1_in_context.xdc, line 23).
Applied set_property CLOCK_BUFFER_TYPE = NONE for IOBUF_SE_0_31[1]. (constraint file  c:/Xilinx/Projects/DRC_Rev2.0_Deliverables/Vivado2023.1/DRC_Rev2.0_FW/project_1.gen/sources_1/bd/design_1/ip/design_1_util_ds_buf_0_1/design_1_util_ds_buf_0_1/design_1_util_ds_buf_0_1_in_context.xdc, line 24).
Applied set_property IO_BUFFER_TYPE = NONE for IOBUF_SE_0_31[20]. (constraint file  c:/Xilinx/Projects/DRC_Rev2.0_Deliverables/Vivado2023.1/DRC_Rev2.0_FW/project_1.gen/sources_1/bd/design_1/ip/design_1_util_ds_buf_0_1/design_1_util_ds_buf_0_1/design_1_util_ds_buf_0_1_in_context.xdc, line 25).
Applied set_property CLOCK_BUFFER_TYPE = NONE for IOBUF_SE_0_31[20]. (constraint file  c:/Xilinx/Projects/DRC_Rev2.0_Deliverables/Vivado2023.1/DRC_Rev2.0_FW/project_1.gen/sources_1/bd/design_1/ip/design_1_util_ds_buf_0_1/design_1_util_ds_buf_0_1/design_1_util_ds_buf_0_1_in_context.xdc, line 26).
Applied set_property IO_BUFFER_TYPE = NONE for IOBUF_SE_0_31[21]. (constraint file  c:/Xilinx/Projects/DRC_Rev2.0_Deliverables/Vivado2023.1/DRC_Rev2.0_FW/project_1.gen/sources_1/bd/design_1/ip/design_1_util_ds_buf_0_1/design_1_util_ds_buf_0_1/design_1_util_ds_buf_0_1_in_context.xdc, line 27).
Applied set_property CLOCK_BUFFER_TYPE = NONE for IOBUF_SE_0_31[21]. (constraint file  c:/Xilinx/Projects/DRC_Rev2.0_Deliverables/Vivado2023.1/DRC_Rev2.0_FW/project_1.gen/sources_1/bd/design_1/ip/design_1_util_ds_buf_0_1/design_1_util_ds_buf_0_1/design_1_util_ds_buf_0_1_in_context.xdc, line 28).
Applied set_property IO_BUFFER_TYPE = NONE for IOBUF_SE_0_31[22]. (constraint file  c:/Xilinx/Projects/DRC_Rev2.0_Deliverables/Vivado2023.1/DRC_Rev2.0_FW/project_1.gen/sources_1/bd/design_1/ip/design_1_util_ds_buf_0_1/design_1_util_ds_buf_0_1/design_1_util_ds_buf_0_1_in_context.xdc, line 29).
Applied set_property CLOCK_BUFFER_TYPE = NONE for IOBUF_SE_0_31[22]. (constraint file  c:/Xilinx/Projects/DRC_Rev2.0_Deliverables/Vivado2023.1/DRC_Rev2.0_FW/project_1.gen/sources_1/bd/design_1/ip/design_1_util_ds_buf_0_1/design_1_util_ds_buf_0_1/design_1_util_ds_buf_0_1_in_context.xdc, line 30).
Applied set_property IO_BUFFER_TYPE = NONE for IOBUF_SE_0_31[23]. (constraint file  c:/Xilinx/Projects/DRC_Rev2.0_Deliverables/Vivado2023.1/DRC_Rev2.0_FW/project_1.gen/sources_1/bd/design_1/ip/design_1_util_ds_buf_0_1/design_1_util_ds_buf_0_1/design_1_util_ds_buf_0_1_in_context.xdc, line 31).
Applied set_property CLOCK_BUFFER_TYPE = NONE for IOBUF_SE_0_31[23]. (constraint file  c:/Xilinx/Projects/DRC_Rev2.0_Deliverables/Vivado2023.1/DRC_Rev2.0_FW/project_1.gen/sources_1/bd/design_1/ip/design_1_util_ds_buf_0_1/design_1_util_ds_buf_0_1/design_1_util_ds_buf_0_1_in_context.xdc, line 32).
Applied set_property IO_BUFFER_TYPE = NONE for IOBUF_SE_0_31[24]. (constraint file  c:/Xilinx/Projects/DRC_Rev2.0_Deliverables/Vivado2023.1/DRC_Rev2.0_FW/project_1.gen/sources_1/bd/design_1/ip/design_1_util_ds_buf_0_1/design_1_util_ds_buf_0_1/design_1_util_ds_buf_0_1_in_context.xdc, line 33).
Applied set_property CLOCK_BUFFER_TYPE = NONE for IOBUF_SE_0_31[24]. (constraint file  c:/Xilinx/Projects/DRC_Rev2.0_Deliverables/Vivado2023.1/DRC_Rev2.0_FW/project_1.gen/sources_1/bd/design_1/ip/design_1_util_ds_buf_0_1/design_1_util_ds_buf_0_1/design_1_util_ds_buf_0_1_in_context.xdc, line 34).
Applied set_property IO_BUFFER_TYPE = NONE for IOBUF_SE_0_31[25]. (constraint file  c:/Xilinx/Projects/DRC_Rev2.0_Deliverables/Vivado2023.1/DRC_Rev2.0_FW/project_1.gen/sources_1/bd/design_1/ip/design_1_util_ds_buf_0_1/design_1_util_ds_buf_0_1/design_1_util_ds_buf_0_1_in_context.xdc, line 35).
Applied set_property CLOCK_BUFFER_TYPE = NONE for IOBUF_SE_0_31[25]. (constraint file  c:/Xilinx/Projects/DRC_Rev2.0_Deliverables/Vivado2023.1/DRC_Rev2.0_FW/project_1.gen/sources_1/bd/design_1/ip/design_1_util_ds_buf_0_1/design_1_util_ds_buf_0_1/design_1_util_ds_buf_0_1_in_context.xdc, line 36).
Applied set_property IO_BUFFER_TYPE = NONE for IOBUF_SE_0_31[26]. (constraint file  c:/Xilinx/Projects/DRC_Rev2.0_Deliverables/Vivado2023.1/DRC_Rev2.0_FW/project_1.gen/sources_1/bd/design_1/ip/design_1_util_ds_buf_0_1/design_1_util_ds_buf_0_1/design_1_util_ds_buf_0_1_in_context.xdc, line 37).
Applied set_property CLOCK_BUFFER_TYPE = NONE for IOBUF_SE_0_31[26]. (constraint file  c:/Xilinx/Projects/DRC_Rev2.0_Deliverables/Vivado2023.1/DRC_Rev2.0_FW/project_1.gen/sources_1/bd/design_1/ip/design_1_util_ds_buf_0_1/design_1_util_ds_buf_0_1/design_1_util_ds_buf_0_1_in_context.xdc, line 38).
Applied set_property IO_BUFFER_TYPE = NONE for IOBUF_SE_0_31[27]. (constraint file  c:/Xilinx/Projects/DRC_Rev2.0_Deliverables/Vivado2023.1/DRC_Rev2.0_FW/project_1.gen/sources_1/bd/design_1/ip/design_1_util_ds_buf_0_1/design_1_util_ds_buf_0_1/design_1_util_ds_buf_0_1_in_context.xdc, line 39).
Applied set_property CLOCK_BUFFER_TYPE = NONE for IOBUF_SE_0_31[27]. (constraint file  c:/Xilinx/Projects/DRC_Rev2.0_Deliverables/Vivado2023.1/DRC_Rev2.0_FW/project_1.gen/sources_1/bd/design_1/ip/design_1_util_ds_buf_0_1/design_1_util_ds_buf_0_1/design_1_util_ds_buf_0_1_in_context.xdc, line 40).
Applied set_property IO_BUFFER_TYPE = NONE for IOBUF_SE_0_31[28]. (constraint file  c:/Xilinx/Projects/DRC_Rev2.0_Deliverables/Vivado2023.1/DRC_Rev2.0_FW/project_1.gen/sources_1/bd/design_1/ip/design_1_util_ds_buf_0_1/design_1_util_ds_buf_0_1/design_1_util_ds_buf_0_1_in_context.xdc, line 41).
Applied set_property CLOCK_BUFFER_TYPE = NONE for IOBUF_SE_0_31[28]. (constraint file  c:/Xilinx/Projects/DRC_Rev2.0_Deliverables/Vivado2023.1/DRC_Rev2.0_FW/project_1.gen/sources_1/bd/design_1/ip/design_1_util_ds_buf_0_1/design_1_util_ds_buf_0_1/design_1_util_ds_buf_0_1_in_context.xdc, line 42).
Applied set_property IO_BUFFER_TYPE = NONE for IOBUF_SE_0_31[29]. (constraint file  c:/Xilinx/Projects/DRC_Rev2.0_Deliverables/Vivado2023.1/DRC_Rev2.0_FW/project_1.gen/sources_1/bd/design_1/ip/design_1_util_ds_buf_0_1/design_1_util_ds_buf_0_1/design_1_util_ds_buf_0_1_in_context.xdc, line 43).
Applied set_property CLOCK_BUFFER_TYPE = NONE for IOBUF_SE_0_31[29]. (constraint file  c:/Xilinx/Projects/DRC_Rev2.0_Deliverables/Vivado2023.1/DRC_Rev2.0_FW/project_1.gen/sources_1/bd/design_1/ip/design_1_util_ds_buf_0_1/design_1_util_ds_buf_0_1/design_1_util_ds_buf_0_1_in_context.xdc, line 44).
Applied set_property IO_BUFFER_TYPE = NONE for IOBUF_SE_0_31[2]. (constraint file  c:/Xilinx/Projects/DRC_Rev2.0_Deliverables/Vivado2023.1/DRC_Rev2.0_FW/project_1.gen/sources_1/bd/design_1/ip/design_1_util_ds_buf_0_1/design_1_util_ds_buf_0_1/design_1_util_ds_buf_0_1_in_context.xdc, line 45).
Applied set_property CLOCK_BUFFER_TYPE = NONE for IOBUF_SE_0_31[2]. (constraint file  c:/Xilinx/Projects/DRC_Rev2.0_Deliverables/Vivado2023.1/DRC_Rev2.0_FW/project_1.gen/sources_1/bd/design_1/ip/design_1_util_ds_buf_0_1/design_1_util_ds_buf_0_1/design_1_util_ds_buf_0_1_in_context.xdc, line 46).
Applied set_property IO_BUFFER_TYPE = NONE for IOBUF_SE_0_31[30]. (constraint file  c:/Xilinx/Projects/DRC_Rev2.0_Deliverables/Vivado2023.1/DRC_Rev2.0_FW/project_1.gen/sources_1/bd/design_1/ip/design_1_util_ds_buf_0_1/design_1_util_ds_buf_0_1/design_1_util_ds_buf_0_1_in_context.xdc, line 47).
Applied set_property CLOCK_BUFFER_TYPE = NONE for IOBUF_SE_0_31[30]. (constraint file  c:/Xilinx/Projects/DRC_Rev2.0_Deliverables/Vivado2023.1/DRC_Rev2.0_FW/project_1.gen/sources_1/bd/design_1/ip/design_1_util_ds_buf_0_1/design_1_util_ds_buf_0_1/design_1_util_ds_buf_0_1_in_context.xdc, line 48).
Applied set_property IO_BUFFER_TYPE = NONE for IOBUF_SE_0_31[31]. (constraint file  c:/Xilinx/Projects/DRC_Rev2.0_Deliverables/Vivado2023.1/DRC_Rev2.0_FW/project_1.gen/sources_1/bd/design_1/ip/design_1_util_ds_buf_0_1/design_1_util_ds_buf_0_1/design_1_util_ds_buf_0_1_in_context.xdc, line 49).
Applied set_property CLOCK_BUFFER_TYPE = NONE for IOBUF_SE_0_31[31]. (constraint file  c:/Xilinx/Projects/DRC_Rev2.0_Deliverables/Vivado2023.1/DRC_Rev2.0_FW/project_1.gen/sources_1/bd/design_1/ip/design_1_util_ds_buf_0_1/design_1_util_ds_buf_0_1/design_1_util_ds_buf_0_1_in_context.xdc, line 50).
Applied set_property IO_BUFFER_TYPE = NONE for IOBUF_SE_0_31[3]. (constraint file  c:/Xilinx/Projects/DRC_Rev2.0_Deliverables/Vivado2023.1/DRC_Rev2.0_FW/project_1.gen/sources_1/bd/design_1/ip/design_1_util_ds_buf_0_1/design_1_util_ds_buf_0_1/design_1_util_ds_buf_0_1_in_context.xdc, line 51).
Applied set_property CLOCK_BUFFER_TYPE = NONE for IOBUF_SE_0_31[3]. (constraint file  c:/Xilinx/Projects/DRC_Rev2.0_Deliverables/Vivado2023.1/DRC_Rev2.0_FW/project_1.gen/sources_1/bd/design_1/ip/design_1_util_ds_buf_0_1/design_1_util_ds_buf_0_1/design_1_util_ds_buf_0_1_in_context.xdc, line 52).
Applied set_property IO_BUFFER_TYPE = NONE for IOBUF_SE_0_31[4]. (constraint file  c:/Xilinx/Projects/DRC_Rev2.0_Deliverables/Vivado2023.1/DRC_Rev2.0_FW/project_1.gen/sources_1/bd/design_1/ip/design_1_util_ds_buf_0_1/design_1_util_ds_buf_0_1/design_1_util_ds_buf_0_1_in_context.xdc, line 53).
Applied set_property CLOCK_BUFFER_TYPE = NONE for IOBUF_SE_0_31[4]. (constraint file  c:/Xilinx/Projects/DRC_Rev2.0_Deliverables/Vivado2023.1/DRC_Rev2.0_FW/project_1.gen/sources_1/bd/design_1/ip/design_1_util_ds_buf_0_1/design_1_util_ds_buf_0_1/design_1_util_ds_buf_0_1_in_context.xdc, line 54).
Applied set_property IO_BUFFER_TYPE = NONE for IOBUF_SE_0_31[5]. (constraint file  c:/Xilinx/Projects/DRC_Rev2.0_Deliverables/Vivado2023.1/DRC_Rev2.0_FW/project_1.gen/sources_1/bd/design_1/ip/design_1_util_ds_buf_0_1/design_1_util_ds_buf_0_1/design_1_util_ds_buf_0_1_in_context.xdc, line 55).
Applied set_property CLOCK_BUFFER_TYPE = NONE for IOBUF_SE_0_31[5]. (constraint file  c:/Xilinx/Projects/DRC_Rev2.0_Deliverables/Vivado2023.1/DRC_Rev2.0_FW/project_1.gen/sources_1/bd/design_1/ip/design_1_util_ds_buf_0_1/design_1_util_ds_buf_0_1/design_1_util_ds_buf_0_1_in_context.xdc, line 56).
Applied set_property IO_BUFFER_TYPE = NONE for IOBUF_SE_0_31[6]. (constraint file  c:/Xilinx/Projects/DRC_Rev2.0_Deliverables/Vivado2023.1/DRC_Rev2.0_FW/project_1.gen/sources_1/bd/design_1/ip/design_1_util_ds_buf_0_1/design_1_util_ds_buf_0_1/design_1_util_ds_buf_0_1_in_context.xdc, line 57).
Applied set_property CLOCK_BUFFER_TYPE = NONE for IOBUF_SE_0_31[6]. (constraint file  c:/Xilinx/Projects/DRC_Rev2.0_Deliverables/Vivado2023.1/DRC_Rev2.0_FW/project_1.gen/sources_1/bd/design_1/ip/design_1_util_ds_buf_0_1/design_1_util_ds_buf_0_1/design_1_util_ds_buf_0_1_in_context.xdc, line 58).
Applied set_property IO_BUFFER_TYPE = NONE for IOBUF_SE_0_31[7]. (constraint file  c:/Xilinx/Projects/DRC_Rev2.0_Deliverables/Vivado2023.1/DRC_Rev2.0_FW/project_1.gen/sources_1/bd/design_1/ip/design_1_util_ds_buf_0_1/design_1_util_ds_buf_0_1/design_1_util_ds_buf_0_1_in_context.xdc, line 59).
Applied set_property CLOCK_BUFFER_TYPE = NONE for IOBUF_SE_0_31[7]. (constraint file  c:/Xilinx/Projects/DRC_Rev2.0_Deliverables/Vivado2023.1/DRC_Rev2.0_FW/project_1.gen/sources_1/bd/design_1/ip/design_1_util_ds_buf_0_1/design_1_util_ds_buf_0_1/design_1_util_ds_buf_0_1_in_context.xdc, line 60).
Applied set_property IO_BUFFER_TYPE = NONE for IOBUF_SE_0_31[8]. (constraint file  c:/Xilinx/Projects/DRC_Rev2.0_Deliverables/Vivado2023.1/DRC_Rev2.0_FW/project_1.gen/sources_1/bd/design_1/ip/design_1_util_ds_buf_0_1/design_1_util_ds_buf_0_1/design_1_util_ds_buf_0_1_in_context.xdc, line 61).
Applied set_property CLOCK_BUFFER_TYPE = NONE for IOBUF_SE_0_31[8]. (constraint file  c:/Xilinx/Projects/DRC_Rev2.0_Deliverables/Vivado2023.1/DRC_Rev2.0_FW/project_1.gen/sources_1/bd/design_1/ip/design_1_util_ds_buf_0_1/design_1_util_ds_buf_0_1/design_1_util_ds_buf_0_1_in_context.xdc, line 62).
Applied set_property IO_BUFFER_TYPE = NONE for IOBUF_SE_0_31[9]. (constraint file  c:/Xilinx/Projects/DRC_Rev2.0_Deliverables/Vivado2023.1/DRC_Rev2.0_FW/project_1.gen/sources_1/bd/design_1/ip/design_1_util_ds_buf_0_1/design_1_util_ds_buf_0_1/design_1_util_ds_buf_0_1_in_context.xdc, line 63).
Applied set_property CLOCK_BUFFER_TYPE = NONE for IOBUF_SE_0_31[9]. (constraint file  c:/Xilinx/Projects/DRC_Rev2.0_Deliverables/Vivado2023.1/DRC_Rev2.0_FW/project_1.gen/sources_1/bd/design_1/ip/design_1_util_ds_buf_0_1/design_1_util_ds_buf_0_1/design_1_util_ds_buf_0_1_in_context.xdc, line 64).
Applied set_property IO_BUFFER_TYPE = NONE for IOBUF_DS_0_21_p[0]. (constraint file  c:/Xilinx/Projects/DRC_Rev2.0_Deliverables/Vivado2023.1/DRC_Rev2.0_FW/project_1.gen/sources_1/bd/design_1/ip/design_1_util_ds_buf_10_0/design_1_util_ds_buf_10_0/design_1_util_ds_buf_10_0_in_context.xdc, line 1).
Applied set_property CLOCK_BUFFER_TYPE = NONE for IOBUF_DS_0_21_p[0]. (constraint file  c:/Xilinx/Projects/DRC_Rev2.0_Deliverables/Vivado2023.1/DRC_Rev2.0_FW/project_1.gen/sources_1/bd/design_1/ip/design_1_util_ds_buf_10_0/design_1_util_ds_buf_10_0/design_1_util_ds_buf_10_0_in_context.xdc, line 2).
Applied set_property IO_BUFFER_TYPE = NONE for IOBUF_DS_0_21_p[10]. (constraint file  c:/Xilinx/Projects/DRC_Rev2.0_Deliverables/Vivado2023.1/DRC_Rev2.0_FW/project_1.gen/sources_1/bd/design_1/ip/design_1_util_ds_buf_10_0/design_1_util_ds_buf_10_0/design_1_util_ds_buf_10_0_in_context.xdc, line 3).
Applied set_property CLOCK_BUFFER_TYPE = NONE for IOBUF_DS_0_21_p[10]. (constraint file  c:/Xilinx/Projects/DRC_Rev2.0_Deliverables/Vivado2023.1/DRC_Rev2.0_FW/project_1.gen/sources_1/bd/design_1/ip/design_1_util_ds_buf_10_0/design_1_util_ds_buf_10_0/design_1_util_ds_buf_10_0_in_context.xdc, line 4).
Applied set_property IO_BUFFER_TYPE = NONE for IOBUF_DS_0_21_p[11]. (constraint file  c:/Xilinx/Projects/DRC_Rev2.0_Deliverables/Vivado2023.1/DRC_Rev2.0_FW/project_1.gen/sources_1/bd/design_1/ip/design_1_util_ds_buf_10_0/design_1_util_ds_buf_10_0/design_1_util_ds_buf_10_0_in_context.xdc, line 5).
Applied set_property CLOCK_BUFFER_TYPE = NONE for IOBUF_DS_0_21_p[11]. (constraint file  c:/Xilinx/Projects/DRC_Rev2.0_Deliverables/Vivado2023.1/DRC_Rev2.0_FW/project_1.gen/sources_1/bd/design_1/ip/design_1_util_ds_buf_10_0/design_1_util_ds_buf_10_0/design_1_util_ds_buf_10_0_in_context.xdc, line 6).
Applied set_property IO_BUFFER_TYPE = NONE for IOBUF_DS_0_21_p[12]. (constraint file  c:/Xilinx/Projects/DRC_Rev2.0_Deliverables/Vivado2023.1/DRC_Rev2.0_FW/project_1.gen/sources_1/bd/design_1/ip/design_1_util_ds_buf_10_0/design_1_util_ds_buf_10_0/design_1_util_ds_buf_10_0_in_context.xdc, line 7).
Applied set_property CLOCK_BUFFER_TYPE = NONE for IOBUF_DS_0_21_p[12]. (constraint file  c:/Xilinx/Projects/DRC_Rev2.0_Deliverables/Vivado2023.1/DRC_Rev2.0_FW/project_1.gen/sources_1/bd/design_1/ip/design_1_util_ds_buf_10_0/design_1_util_ds_buf_10_0/design_1_util_ds_buf_10_0_in_context.xdc, line 8).
Applied set_property IO_BUFFER_TYPE = NONE for IOBUF_DS_0_21_p[13]. (constraint file  c:/Xilinx/Projects/DRC_Rev2.0_Deliverables/Vivado2023.1/DRC_Rev2.0_FW/project_1.gen/sources_1/bd/design_1/ip/design_1_util_ds_buf_10_0/design_1_util_ds_buf_10_0/design_1_util_ds_buf_10_0_in_context.xdc, line 9).
Applied set_property CLOCK_BUFFER_TYPE = NONE for IOBUF_DS_0_21_p[13]. (constraint file  c:/Xilinx/Projects/DRC_Rev2.0_Deliverables/Vivado2023.1/DRC_Rev2.0_FW/project_1.gen/sources_1/bd/design_1/ip/design_1_util_ds_buf_10_0/design_1_util_ds_buf_10_0/design_1_util_ds_buf_10_0_in_context.xdc, line 10).
Applied set_property IO_BUFFER_TYPE = NONE for IOBUF_DS_0_21_p[14]. (constraint file  c:/Xilinx/Projects/DRC_Rev2.0_Deliverables/Vivado2023.1/DRC_Rev2.0_FW/project_1.gen/sources_1/bd/design_1/ip/design_1_util_ds_buf_10_0/design_1_util_ds_buf_10_0/design_1_util_ds_buf_10_0_in_context.xdc, line 11).
Applied set_property CLOCK_BUFFER_TYPE = NONE for IOBUF_DS_0_21_p[14]. (constraint file  c:/Xilinx/Projects/DRC_Rev2.0_Deliverables/Vivado2023.1/DRC_Rev2.0_FW/project_1.gen/sources_1/bd/design_1/ip/design_1_util_ds_buf_10_0/design_1_util_ds_buf_10_0/design_1_util_ds_buf_10_0_in_context.xdc, line 12).
Applied set_property IO_BUFFER_TYPE = NONE for IOBUF_DS_0_21_p[15]. (constraint file  c:/Xilinx/Projects/DRC_Rev2.0_Deliverables/Vivado2023.1/DRC_Rev2.0_FW/project_1.gen/sources_1/bd/design_1/ip/design_1_util_ds_buf_10_0/design_1_util_ds_buf_10_0/design_1_util_ds_buf_10_0_in_context.xdc, line 13).
Applied set_property CLOCK_BUFFER_TYPE = NONE for IOBUF_DS_0_21_p[15]. (constraint file  c:/Xilinx/Projects/DRC_Rev2.0_Deliverables/Vivado2023.1/DRC_Rev2.0_FW/project_1.gen/sources_1/bd/design_1/ip/design_1_util_ds_buf_10_0/design_1_util_ds_buf_10_0/design_1_util_ds_buf_10_0_in_context.xdc, line 14).
Applied set_property IO_BUFFER_TYPE = NONE for IOBUF_DS_0_21_p[16]. (constraint file  c:/Xilinx/Projects/DRC_Rev2.0_Deliverables/Vivado2023.1/DRC_Rev2.0_FW/project_1.gen/sources_1/bd/design_1/ip/design_1_util_ds_buf_10_0/design_1_util_ds_buf_10_0/design_1_util_ds_buf_10_0_in_context.xdc, line 15).
Applied set_property CLOCK_BUFFER_TYPE = NONE for IOBUF_DS_0_21_p[16]. (constraint file  c:/Xilinx/Projects/DRC_Rev2.0_Deliverables/Vivado2023.1/DRC_Rev2.0_FW/project_1.gen/sources_1/bd/design_1/ip/design_1_util_ds_buf_10_0/design_1_util_ds_buf_10_0/design_1_util_ds_buf_10_0_in_context.xdc, line 16).
Applied set_property IO_BUFFER_TYPE = NONE for IOBUF_DS_0_21_p[17]. (constraint file  c:/Xilinx/Projects/DRC_Rev2.0_Deliverables/Vivado2023.1/DRC_Rev2.0_FW/project_1.gen/sources_1/bd/design_1/ip/design_1_util_ds_buf_10_0/design_1_util_ds_buf_10_0/design_1_util_ds_buf_10_0_in_context.xdc, line 17).
Applied set_property CLOCK_BUFFER_TYPE = NONE for IOBUF_DS_0_21_p[17]. (constraint file  c:/Xilinx/Projects/DRC_Rev2.0_Deliverables/Vivado2023.1/DRC_Rev2.0_FW/project_1.gen/sources_1/bd/design_1/ip/design_1_util_ds_buf_10_0/design_1_util_ds_buf_10_0/design_1_util_ds_buf_10_0_in_context.xdc, line 18).
Applied set_property IO_BUFFER_TYPE = NONE for IOBUF_DS_0_21_p[18]. (constraint file  c:/Xilinx/Projects/DRC_Rev2.0_Deliverables/Vivado2023.1/DRC_Rev2.0_FW/project_1.gen/sources_1/bd/design_1/ip/design_1_util_ds_buf_10_0/design_1_util_ds_buf_10_0/design_1_util_ds_buf_10_0_in_context.xdc, line 19).
Applied set_property CLOCK_BUFFER_TYPE = NONE for IOBUF_DS_0_21_p[18]. (constraint file  c:/Xilinx/Projects/DRC_Rev2.0_Deliverables/Vivado2023.1/DRC_Rev2.0_FW/project_1.gen/sources_1/bd/design_1/ip/design_1_util_ds_buf_10_0/design_1_util_ds_buf_10_0/design_1_util_ds_buf_10_0_in_context.xdc, line 20).
Applied set_property IO_BUFFER_TYPE = NONE for IOBUF_DS_0_21_p[19]. (constraint file  c:/Xilinx/Projects/DRC_Rev2.0_Deliverables/Vivado2023.1/DRC_Rev2.0_FW/project_1.gen/sources_1/bd/design_1/ip/design_1_util_ds_buf_10_0/design_1_util_ds_buf_10_0/design_1_util_ds_buf_10_0_in_context.xdc, line 21).
Applied set_property CLOCK_BUFFER_TYPE = NONE for IOBUF_DS_0_21_p[19]. (constraint file  c:/Xilinx/Projects/DRC_Rev2.0_Deliverables/Vivado2023.1/DRC_Rev2.0_FW/project_1.gen/sources_1/bd/design_1/ip/design_1_util_ds_buf_10_0/design_1_util_ds_buf_10_0/design_1_util_ds_buf_10_0_in_context.xdc, line 22).
Applied set_property IO_BUFFER_TYPE = NONE for IOBUF_DS_0_21_p[1]. (constraint file  c:/Xilinx/Projects/DRC_Rev2.0_Deliverables/Vivado2023.1/DRC_Rev2.0_FW/project_1.gen/sources_1/bd/design_1/ip/design_1_util_ds_buf_10_0/design_1_util_ds_buf_10_0/design_1_util_ds_buf_10_0_in_context.xdc, line 23).
Applied set_property CLOCK_BUFFER_TYPE = NONE for IOBUF_DS_0_21_p[1]. (constraint file  c:/Xilinx/Projects/DRC_Rev2.0_Deliverables/Vivado2023.1/DRC_Rev2.0_FW/project_1.gen/sources_1/bd/design_1/ip/design_1_util_ds_buf_10_0/design_1_util_ds_buf_10_0/design_1_util_ds_buf_10_0_in_context.xdc, line 24).
Applied set_property IO_BUFFER_TYPE = NONE for IOBUF_DS_0_21_p[20]. (constraint file  c:/Xilinx/Projects/DRC_Rev2.0_Deliverables/Vivado2023.1/DRC_Rev2.0_FW/project_1.gen/sources_1/bd/design_1/ip/design_1_util_ds_buf_10_0/design_1_util_ds_buf_10_0/design_1_util_ds_buf_10_0_in_context.xdc, line 25).
Applied set_property CLOCK_BUFFER_TYPE = NONE for IOBUF_DS_0_21_p[20]. (constraint file  c:/Xilinx/Projects/DRC_Rev2.0_Deliverables/Vivado2023.1/DRC_Rev2.0_FW/project_1.gen/sources_1/bd/design_1/ip/design_1_util_ds_buf_10_0/design_1_util_ds_buf_10_0/design_1_util_ds_buf_10_0_in_context.xdc, line 26).
Applied set_property IO_BUFFER_TYPE = NONE for IOBUF_DS_0_21_p[21]. (constraint file  c:/Xilinx/Projects/DRC_Rev2.0_Deliverables/Vivado2023.1/DRC_Rev2.0_FW/project_1.gen/sources_1/bd/design_1/ip/design_1_util_ds_buf_10_0/design_1_util_ds_buf_10_0/design_1_util_ds_buf_10_0_in_context.xdc, line 27).
Applied set_property CLOCK_BUFFER_TYPE = NONE for IOBUF_DS_0_21_p[21]. (constraint file  c:/Xilinx/Projects/DRC_Rev2.0_Deliverables/Vivado2023.1/DRC_Rev2.0_FW/project_1.gen/sources_1/bd/design_1/ip/design_1_util_ds_buf_10_0/design_1_util_ds_buf_10_0/design_1_util_ds_buf_10_0_in_context.xdc, line 28).
Applied set_property IO_BUFFER_TYPE = NONE for IOBUF_DS_0_21_p[2]. (constraint file  c:/Xilinx/Projects/DRC_Rev2.0_Deliverables/Vivado2023.1/DRC_Rev2.0_FW/project_1.gen/sources_1/bd/design_1/ip/design_1_util_ds_buf_10_0/design_1_util_ds_buf_10_0/design_1_util_ds_buf_10_0_in_context.xdc, line 29).
Applied set_property CLOCK_BUFFER_TYPE = NONE for IOBUF_DS_0_21_p[2]. (constraint file  c:/Xilinx/Projects/DRC_Rev2.0_Deliverables/Vivado2023.1/DRC_Rev2.0_FW/project_1.gen/sources_1/bd/design_1/ip/design_1_util_ds_buf_10_0/design_1_util_ds_buf_10_0/design_1_util_ds_buf_10_0_in_context.xdc, line 30).
Applied set_property IO_BUFFER_TYPE = NONE for IOBUF_DS_0_21_p[3]. (constraint file  c:/Xilinx/Projects/DRC_Rev2.0_Deliverables/Vivado2023.1/DRC_Rev2.0_FW/project_1.gen/sources_1/bd/design_1/ip/design_1_util_ds_buf_10_0/design_1_util_ds_buf_10_0/design_1_util_ds_buf_10_0_in_context.xdc, line 31).
Applied set_property CLOCK_BUFFER_TYPE = NONE for IOBUF_DS_0_21_p[3]. (constraint file  c:/Xilinx/Projects/DRC_Rev2.0_Deliverables/Vivado2023.1/DRC_Rev2.0_FW/project_1.gen/sources_1/bd/design_1/ip/design_1_util_ds_buf_10_0/design_1_util_ds_buf_10_0/design_1_util_ds_buf_10_0_in_context.xdc, line 32).
Applied set_property IO_BUFFER_TYPE = NONE for IOBUF_DS_0_21_p[4]. (constraint file  c:/Xilinx/Projects/DRC_Rev2.0_Deliverables/Vivado2023.1/DRC_Rev2.0_FW/project_1.gen/sources_1/bd/design_1/ip/design_1_util_ds_buf_10_0/design_1_util_ds_buf_10_0/design_1_util_ds_buf_10_0_in_context.xdc, line 33).
Applied set_property CLOCK_BUFFER_TYPE = NONE for IOBUF_DS_0_21_p[4]. (constraint file  c:/Xilinx/Projects/DRC_Rev2.0_Deliverables/Vivado2023.1/DRC_Rev2.0_FW/project_1.gen/sources_1/bd/design_1/ip/design_1_util_ds_buf_10_0/design_1_util_ds_buf_10_0/design_1_util_ds_buf_10_0_in_context.xdc, line 34).
Applied set_property IO_BUFFER_TYPE = NONE for IOBUF_DS_0_21_p[5]. (constraint file  c:/Xilinx/Projects/DRC_Rev2.0_Deliverables/Vivado2023.1/DRC_Rev2.0_FW/project_1.gen/sources_1/bd/design_1/ip/design_1_util_ds_buf_10_0/design_1_util_ds_buf_10_0/design_1_util_ds_buf_10_0_in_context.xdc, line 35).
Applied set_property CLOCK_BUFFER_TYPE = NONE for IOBUF_DS_0_21_p[5]. (constraint file  c:/Xilinx/Projects/DRC_Rev2.0_Deliverables/Vivado2023.1/DRC_Rev2.0_FW/project_1.gen/sources_1/bd/design_1/ip/design_1_util_ds_buf_10_0/design_1_util_ds_buf_10_0/design_1_util_ds_buf_10_0_in_context.xdc, line 36).
Applied set_property IO_BUFFER_TYPE = NONE for IOBUF_DS_0_21_p[6]. (constraint file  c:/Xilinx/Projects/DRC_Rev2.0_Deliverables/Vivado2023.1/DRC_Rev2.0_FW/project_1.gen/sources_1/bd/design_1/ip/design_1_util_ds_buf_10_0/design_1_util_ds_buf_10_0/design_1_util_ds_buf_10_0_in_context.xdc, line 37).
Applied set_property CLOCK_BUFFER_TYPE = NONE for IOBUF_DS_0_21_p[6]. (constraint file  c:/Xilinx/Projects/DRC_Rev2.0_Deliverables/Vivado2023.1/DRC_Rev2.0_FW/project_1.gen/sources_1/bd/design_1/ip/design_1_util_ds_buf_10_0/design_1_util_ds_buf_10_0/design_1_util_ds_buf_10_0_in_context.xdc, line 38).
Applied set_property IO_BUFFER_TYPE = NONE for IOBUF_DS_0_21_p[7]. (constraint file  c:/Xilinx/Projects/DRC_Rev2.0_Deliverables/Vivado2023.1/DRC_Rev2.0_FW/project_1.gen/sources_1/bd/design_1/ip/design_1_util_ds_buf_10_0/design_1_util_ds_buf_10_0/design_1_util_ds_buf_10_0_in_context.xdc, line 39).
Applied set_property CLOCK_BUFFER_TYPE = NONE for IOBUF_DS_0_21_p[7]. (constraint file  c:/Xilinx/Projects/DRC_Rev2.0_Deliverables/Vivado2023.1/DRC_Rev2.0_FW/project_1.gen/sources_1/bd/design_1/ip/design_1_util_ds_buf_10_0/design_1_util_ds_buf_10_0/design_1_util_ds_buf_10_0_in_context.xdc, line 40).
Applied set_property IO_BUFFER_TYPE = NONE for IOBUF_DS_0_21_p[8]. (constraint file  c:/Xilinx/Projects/DRC_Rev2.0_Deliverables/Vivado2023.1/DRC_Rev2.0_FW/project_1.gen/sources_1/bd/design_1/ip/design_1_util_ds_buf_10_0/design_1_util_ds_buf_10_0/design_1_util_ds_buf_10_0_in_context.xdc, line 41).
Applied set_property CLOCK_BUFFER_TYPE = NONE for IOBUF_DS_0_21_p[8]. (constraint file  c:/Xilinx/Projects/DRC_Rev2.0_Deliverables/Vivado2023.1/DRC_Rev2.0_FW/project_1.gen/sources_1/bd/design_1/ip/design_1_util_ds_buf_10_0/design_1_util_ds_buf_10_0/design_1_util_ds_buf_10_0_in_context.xdc, line 42).
Applied set_property IO_BUFFER_TYPE = NONE for IOBUF_DS_0_21_p[9]. (constraint file  c:/Xilinx/Projects/DRC_Rev2.0_Deliverables/Vivado2023.1/DRC_Rev2.0_FW/project_1.gen/sources_1/bd/design_1/ip/design_1_util_ds_buf_10_0/design_1_util_ds_buf_10_0/design_1_util_ds_buf_10_0_in_context.xdc, line 43).
Applied set_property CLOCK_BUFFER_TYPE = NONE for IOBUF_DS_0_21_p[9]. (constraint file  c:/Xilinx/Projects/DRC_Rev2.0_Deliverables/Vivado2023.1/DRC_Rev2.0_FW/project_1.gen/sources_1/bd/design_1/ip/design_1_util_ds_buf_10_0/design_1_util_ds_buf_10_0/design_1_util_ds_buf_10_0_in_context.xdc, line 44).
Applied set_property IO_BUFFER_TYPE = NONE for IOBUF_SDA_0[0]. (constraint file  c:/Xilinx/Projects/DRC_Rev2.0_Deliverables/Vivado2023.1/DRC_Rev2.0_FW/project_1.gen/sources_1/bd/design_1/ip/design_1_util_ds_buf_10_1/design_1_util_ds_buf_10_1/design_1_util_ds_buf_10_1_in_context.xdc, line 1).
Applied set_property CLOCK_BUFFER_TYPE = NONE for IOBUF_SDA_0[0]. (constraint file  c:/Xilinx/Projects/DRC_Rev2.0_Deliverables/Vivado2023.1/DRC_Rev2.0_FW/project_1.gen/sources_1/bd/design_1/ip/design_1_util_ds_buf_10_1/design_1_util_ds_buf_10_1/design_1_util_ds_buf_10_1_in_context.xdc, line 2).
Applied set_property IO_BUFFER_TYPE = NONE for IOBUF_SCL_0[0]. (constraint file  c:/Xilinx/Projects/DRC_Rev2.0_Deliverables/Vivado2023.1/DRC_Rev2.0_FW/project_1.gen/sources_1/bd/design_1/ip/design_1_util_ds_buf_11_0/design_1_util_ds_buf_11_0/design_1_util_ds_buf_11_0_in_context.xdc, line 1).
Applied set_property CLOCK_BUFFER_TYPE = NONE for IOBUF_SCL_0[0]. (constraint file  c:/Xilinx/Projects/DRC_Rev2.0_Deliverables/Vivado2023.1/DRC_Rev2.0_FW/project_1.gen/sources_1/bd/design_1/ip/design_1_util_ds_buf_11_0/design_1_util_ds_buf_11_0/design_1_util_ds_buf_11_0_in_context.xdc, line 2).
Applied set_property IO_BUFFER_TYPE = NONE for IOBUF_DS_0_21_n[0]. (constraint file  c:/Xilinx/Projects/DRC_Rev2.0_Deliverables/Vivado2023.1/DRC_Rev2.0_FW/project_1.gen/sources_1/bd/design_1/ip/design_1_util_ds_buf_12_0/design_1_util_ds_buf_12_0/design_1_util_ds_buf_12_0_in_context.xdc, line 1).
Applied set_property CLOCK_BUFFER_TYPE = NONE for IOBUF_DS_0_21_n[0]. (constraint file  c:/Xilinx/Projects/DRC_Rev2.0_Deliverables/Vivado2023.1/DRC_Rev2.0_FW/project_1.gen/sources_1/bd/design_1/ip/design_1_util_ds_buf_12_0/design_1_util_ds_buf_12_0/design_1_util_ds_buf_12_0_in_context.xdc, line 2).
Applied set_property IO_BUFFER_TYPE = NONE for IOBUF_DS_0_21_n[10]. (constraint file  c:/Xilinx/Projects/DRC_Rev2.0_Deliverables/Vivado2023.1/DRC_Rev2.0_FW/project_1.gen/sources_1/bd/design_1/ip/design_1_util_ds_buf_12_0/design_1_util_ds_buf_12_0/design_1_util_ds_buf_12_0_in_context.xdc, line 3).
Applied set_property CLOCK_BUFFER_TYPE = NONE for IOBUF_DS_0_21_n[10]. (constraint file  c:/Xilinx/Projects/DRC_Rev2.0_Deliverables/Vivado2023.1/DRC_Rev2.0_FW/project_1.gen/sources_1/bd/design_1/ip/design_1_util_ds_buf_12_0/design_1_util_ds_buf_12_0/design_1_util_ds_buf_12_0_in_context.xdc, line 4).
Applied set_property IO_BUFFER_TYPE = NONE for IOBUF_DS_0_21_n[11]. (constraint file  c:/Xilinx/Projects/DRC_Rev2.0_Deliverables/Vivado2023.1/DRC_Rev2.0_FW/project_1.gen/sources_1/bd/design_1/ip/design_1_util_ds_buf_12_0/design_1_util_ds_buf_12_0/design_1_util_ds_buf_12_0_in_context.xdc, line 5).
Applied set_property CLOCK_BUFFER_TYPE = NONE for IOBUF_DS_0_21_n[11]. (constraint file  c:/Xilinx/Projects/DRC_Rev2.0_Deliverables/Vivado2023.1/DRC_Rev2.0_FW/project_1.gen/sources_1/bd/design_1/ip/design_1_util_ds_buf_12_0/design_1_util_ds_buf_12_0/design_1_util_ds_buf_12_0_in_context.xdc, line 6).
Applied set_property IO_BUFFER_TYPE = NONE for IOBUF_DS_0_21_n[12]. (constraint file  c:/Xilinx/Projects/DRC_Rev2.0_Deliverables/Vivado2023.1/DRC_Rev2.0_FW/project_1.gen/sources_1/bd/design_1/ip/design_1_util_ds_buf_12_0/design_1_util_ds_buf_12_0/design_1_util_ds_buf_12_0_in_context.xdc, line 7).
Applied set_property CLOCK_BUFFER_TYPE = NONE for IOBUF_DS_0_21_n[12]. (constraint file  c:/Xilinx/Projects/DRC_Rev2.0_Deliverables/Vivado2023.1/DRC_Rev2.0_FW/project_1.gen/sources_1/bd/design_1/ip/design_1_util_ds_buf_12_0/design_1_util_ds_buf_12_0/design_1_util_ds_buf_12_0_in_context.xdc, line 8).
Applied set_property IO_BUFFER_TYPE = NONE for IOBUF_DS_0_21_n[13]. (constraint file  c:/Xilinx/Projects/DRC_Rev2.0_Deliverables/Vivado2023.1/DRC_Rev2.0_FW/project_1.gen/sources_1/bd/design_1/ip/design_1_util_ds_buf_12_0/design_1_util_ds_buf_12_0/design_1_util_ds_buf_12_0_in_context.xdc, line 9).
Applied set_property CLOCK_BUFFER_TYPE = NONE for IOBUF_DS_0_21_n[13]. (constraint file  c:/Xilinx/Projects/DRC_Rev2.0_Deliverables/Vivado2023.1/DRC_Rev2.0_FW/project_1.gen/sources_1/bd/design_1/ip/design_1_util_ds_buf_12_0/design_1_util_ds_buf_12_0/design_1_util_ds_buf_12_0_in_context.xdc, line 10).
Applied set_property IO_BUFFER_TYPE = NONE for IOBUF_DS_0_21_n[14]. (constraint file  c:/Xilinx/Projects/DRC_Rev2.0_Deliverables/Vivado2023.1/DRC_Rev2.0_FW/project_1.gen/sources_1/bd/design_1/ip/design_1_util_ds_buf_12_0/design_1_util_ds_buf_12_0/design_1_util_ds_buf_12_0_in_context.xdc, line 11).
Applied set_property CLOCK_BUFFER_TYPE = NONE for IOBUF_DS_0_21_n[14]. (constraint file  c:/Xilinx/Projects/DRC_Rev2.0_Deliverables/Vivado2023.1/DRC_Rev2.0_FW/project_1.gen/sources_1/bd/design_1/ip/design_1_util_ds_buf_12_0/design_1_util_ds_buf_12_0/design_1_util_ds_buf_12_0_in_context.xdc, line 12).
Applied set_property IO_BUFFER_TYPE = NONE for IOBUF_DS_0_21_n[15]. (constraint file  c:/Xilinx/Projects/DRC_Rev2.0_Deliverables/Vivado2023.1/DRC_Rev2.0_FW/project_1.gen/sources_1/bd/design_1/ip/design_1_util_ds_buf_12_0/design_1_util_ds_buf_12_0/design_1_util_ds_buf_12_0_in_context.xdc, line 13).
Applied set_property CLOCK_BUFFER_TYPE = NONE for IOBUF_DS_0_21_n[15]. (constraint file  c:/Xilinx/Projects/DRC_Rev2.0_Deliverables/Vivado2023.1/DRC_Rev2.0_FW/project_1.gen/sources_1/bd/design_1/ip/design_1_util_ds_buf_12_0/design_1_util_ds_buf_12_0/design_1_util_ds_buf_12_0_in_context.xdc, line 14).
Applied set_property IO_BUFFER_TYPE = NONE for IOBUF_DS_0_21_n[16]. (constraint file  c:/Xilinx/Projects/DRC_Rev2.0_Deliverables/Vivado2023.1/DRC_Rev2.0_FW/project_1.gen/sources_1/bd/design_1/ip/design_1_util_ds_buf_12_0/design_1_util_ds_buf_12_0/design_1_util_ds_buf_12_0_in_context.xdc, line 15).
Applied set_property CLOCK_BUFFER_TYPE = NONE for IOBUF_DS_0_21_n[16]. (constraint file  c:/Xilinx/Projects/DRC_Rev2.0_Deliverables/Vivado2023.1/DRC_Rev2.0_FW/project_1.gen/sources_1/bd/design_1/ip/design_1_util_ds_buf_12_0/design_1_util_ds_buf_12_0/design_1_util_ds_buf_12_0_in_context.xdc, line 16).
Applied set_property IO_BUFFER_TYPE = NONE for IOBUF_DS_0_21_n[17]. (constraint file  c:/Xilinx/Projects/DRC_Rev2.0_Deliverables/Vivado2023.1/DRC_Rev2.0_FW/project_1.gen/sources_1/bd/design_1/ip/design_1_util_ds_buf_12_0/design_1_util_ds_buf_12_0/design_1_util_ds_buf_12_0_in_context.xdc, line 17).
Applied set_property CLOCK_BUFFER_TYPE = NONE for IOBUF_DS_0_21_n[17]. (constraint file  c:/Xilinx/Projects/DRC_Rev2.0_Deliverables/Vivado2023.1/DRC_Rev2.0_FW/project_1.gen/sources_1/bd/design_1/ip/design_1_util_ds_buf_12_0/design_1_util_ds_buf_12_0/design_1_util_ds_buf_12_0_in_context.xdc, line 18).
Applied set_property IO_BUFFER_TYPE = NONE for IOBUF_DS_0_21_n[18]. (constraint file  c:/Xilinx/Projects/DRC_Rev2.0_Deliverables/Vivado2023.1/DRC_Rev2.0_FW/project_1.gen/sources_1/bd/design_1/ip/design_1_util_ds_buf_12_0/design_1_util_ds_buf_12_0/design_1_util_ds_buf_12_0_in_context.xdc, line 19).
Applied set_property CLOCK_BUFFER_TYPE = NONE for IOBUF_DS_0_21_n[18]. (constraint file  c:/Xilinx/Projects/DRC_Rev2.0_Deliverables/Vivado2023.1/DRC_Rev2.0_FW/project_1.gen/sources_1/bd/design_1/ip/design_1_util_ds_buf_12_0/design_1_util_ds_buf_12_0/design_1_util_ds_buf_12_0_in_context.xdc, line 20).
Applied set_property IO_BUFFER_TYPE = NONE for IOBUF_DS_0_21_n[19]. (constraint file  c:/Xilinx/Projects/DRC_Rev2.0_Deliverables/Vivado2023.1/DRC_Rev2.0_FW/project_1.gen/sources_1/bd/design_1/ip/design_1_util_ds_buf_12_0/design_1_util_ds_buf_12_0/design_1_util_ds_buf_12_0_in_context.xdc, line 21).
Applied set_property CLOCK_BUFFER_TYPE = NONE for IOBUF_DS_0_21_n[19]. (constraint file  c:/Xilinx/Projects/DRC_Rev2.0_Deliverables/Vivado2023.1/DRC_Rev2.0_FW/project_1.gen/sources_1/bd/design_1/ip/design_1_util_ds_buf_12_0/design_1_util_ds_buf_12_0/design_1_util_ds_buf_12_0_in_context.xdc, line 22).
Applied set_property IO_BUFFER_TYPE = NONE for IOBUF_DS_0_21_n[1]. (constraint file  c:/Xilinx/Projects/DRC_Rev2.0_Deliverables/Vivado2023.1/DRC_Rev2.0_FW/project_1.gen/sources_1/bd/design_1/ip/design_1_util_ds_buf_12_0/design_1_util_ds_buf_12_0/design_1_util_ds_buf_12_0_in_context.xdc, line 23).
Applied set_property CLOCK_BUFFER_TYPE = NONE for IOBUF_DS_0_21_n[1]. (constraint file  c:/Xilinx/Projects/DRC_Rev2.0_Deliverables/Vivado2023.1/DRC_Rev2.0_FW/project_1.gen/sources_1/bd/design_1/ip/design_1_util_ds_buf_12_0/design_1_util_ds_buf_12_0/design_1_util_ds_buf_12_0_in_context.xdc, line 24).
Applied set_property IO_BUFFER_TYPE = NONE for IOBUF_DS_0_21_n[20]. (constraint file  c:/Xilinx/Projects/DRC_Rev2.0_Deliverables/Vivado2023.1/DRC_Rev2.0_FW/project_1.gen/sources_1/bd/design_1/ip/design_1_util_ds_buf_12_0/design_1_util_ds_buf_12_0/design_1_util_ds_buf_12_0_in_context.xdc, line 25).
Applied set_property CLOCK_BUFFER_TYPE = NONE for IOBUF_DS_0_21_n[20]. (constraint file  c:/Xilinx/Projects/DRC_Rev2.0_Deliverables/Vivado2023.1/DRC_Rev2.0_FW/project_1.gen/sources_1/bd/design_1/ip/design_1_util_ds_buf_12_0/design_1_util_ds_buf_12_0/design_1_util_ds_buf_12_0_in_context.xdc, line 26).
Applied set_property IO_BUFFER_TYPE = NONE for IOBUF_DS_0_21_n[21]. (constraint file  c:/Xilinx/Projects/DRC_Rev2.0_Deliverables/Vivado2023.1/DRC_Rev2.0_FW/project_1.gen/sources_1/bd/design_1/ip/design_1_util_ds_buf_12_0/design_1_util_ds_buf_12_0/design_1_util_ds_buf_12_0_in_context.xdc, line 27).
Applied set_property CLOCK_BUFFER_TYPE = NONE for IOBUF_DS_0_21_n[21]. (constraint file  c:/Xilinx/Projects/DRC_Rev2.0_Deliverables/Vivado2023.1/DRC_Rev2.0_FW/project_1.gen/sources_1/bd/design_1/ip/design_1_util_ds_buf_12_0/design_1_util_ds_buf_12_0/design_1_util_ds_buf_12_0_in_context.xdc, line 28).
Applied set_property IO_BUFFER_TYPE = NONE for IOBUF_DS_0_21_n[2]. (constraint file  c:/Xilinx/Projects/DRC_Rev2.0_Deliverables/Vivado2023.1/DRC_Rev2.0_FW/project_1.gen/sources_1/bd/design_1/ip/design_1_util_ds_buf_12_0/design_1_util_ds_buf_12_0/design_1_util_ds_buf_12_0_in_context.xdc, line 29).
Applied set_property CLOCK_BUFFER_TYPE = NONE for IOBUF_DS_0_21_n[2]. (constraint file  c:/Xilinx/Projects/DRC_Rev2.0_Deliverables/Vivado2023.1/DRC_Rev2.0_FW/project_1.gen/sources_1/bd/design_1/ip/design_1_util_ds_buf_12_0/design_1_util_ds_buf_12_0/design_1_util_ds_buf_12_0_in_context.xdc, line 30).
Applied set_property IO_BUFFER_TYPE = NONE for IOBUF_DS_0_21_n[3]. (constraint file  c:/Xilinx/Projects/DRC_Rev2.0_Deliverables/Vivado2023.1/DRC_Rev2.0_FW/project_1.gen/sources_1/bd/design_1/ip/design_1_util_ds_buf_12_0/design_1_util_ds_buf_12_0/design_1_util_ds_buf_12_0_in_context.xdc, line 31).
Applied set_property CLOCK_BUFFER_TYPE = NONE for IOBUF_DS_0_21_n[3]. (constraint file  c:/Xilinx/Projects/DRC_Rev2.0_Deliverables/Vivado2023.1/DRC_Rev2.0_FW/project_1.gen/sources_1/bd/design_1/ip/design_1_util_ds_buf_12_0/design_1_util_ds_buf_12_0/design_1_util_ds_buf_12_0_in_context.xdc, line 32).
Applied set_property IO_BUFFER_TYPE = NONE for IOBUF_DS_0_21_n[4]. (constraint file  c:/Xilinx/Projects/DRC_Rev2.0_Deliverables/Vivado2023.1/DRC_Rev2.0_FW/project_1.gen/sources_1/bd/design_1/ip/design_1_util_ds_buf_12_0/design_1_util_ds_buf_12_0/design_1_util_ds_buf_12_0_in_context.xdc, line 33).
Applied set_property CLOCK_BUFFER_TYPE = NONE for IOBUF_DS_0_21_n[4]. (constraint file  c:/Xilinx/Projects/DRC_Rev2.0_Deliverables/Vivado2023.1/DRC_Rev2.0_FW/project_1.gen/sources_1/bd/design_1/ip/design_1_util_ds_buf_12_0/design_1_util_ds_buf_12_0/design_1_util_ds_buf_12_0_in_context.xdc, line 34).
Applied set_property IO_BUFFER_TYPE = NONE for IOBUF_DS_0_21_n[5]. (constraint file  c:/Xilinx/Projects/DRC_Rev2.0_Deliverables/Vivado2023.1/DRC_Rev2.0_FW/project_1.gen/sources_1/bd/design_1/ip/design_1_util_ds_buf_12_0/design_1_util_ds_buf_12_0/design_1_util_ds_buf_12_0_in_context.xdc, line 35).
Applied set_property CLOCK_BUFFER_TYPE = NONE for IOBUF_DS_0_21_n[5]. (constraint file  c:/Xilinx/Projects/DRC_Rev2.0_Deliverables/Vivado2023.1/DRC_Rev2.0_FW/project_1.gen/sources_1/bd/design_1/ip/design_1_util_ds_buf_12_0/design_1_util_ds_buf_12_0/design_1_util_ds_buf_12_0_in_context.xdc, line 36).
Applied set_property IO_BUFFER_TYPE = NONE for IOBUF_DS_0_21_n[6]. (constraint file  c:/Xilinx/Projects/DRC_Rev2.0_Deliverables/Vivado2023.1/DRC_Rev2.0_FW/project_1.gen/sources_1/bd/design_1/ip/design_1_util_ds_buf_12_0/design_1_util_ds_buf_12_0/design_1_util_ds_buf_12_0_in_context.xdc, line 37).
Applied set_property CLOCK_BUFFER_TYPE = NONE for IOBUF_DS_0_21_n[6]. (constraint file  c:/Xilinx/Projects/DRC_Rev2.0_Deliverables/Vivado2023.1/DRC_Rev2.0_FW/project_1.gen/sources_1/bd/design_1/ip/design_1_util_ds_buf_12_0/design_1_util_ds_buf_12_0/design_1_util_ds_buf_12_0_in_context.xdc, line 38).
Applied set_property IO_BUFFER_TYPE = NONE for IOBUF_DS_0_21_n[7]. (constraint file  c:/Xilinx/Projects/DRC_Rev2.0_Deliverables/Vivado2023.1/DRC_Rev2.0_FW/project_1.gen/sources_1/bd/design_1/ip/design_1_util_ds_buf_12_0/design_1_util_ds_buf_12_0/design_1_util_ds_buf_12_0_in_context.xdc, line 39).
Applied set_property CLOCK_BUFFER_TYPE = NONE for IOBUF_DS_0_21_n[7]. (constraint file  c:/Xilinx/Projects/DRC_Rev2.0_Deliverables/Vivado2023.1/DRC_Rev2.0_FW/project_1.gen/sources_1/bd/design_1/ip/design_1_util_ds_buf_12_0/design_1_util_ds_buf_12_0/design_1_util_ds_buf_12_0_in_context.xdc, line 40).
Applied set_property IO_BUFFER_TYPE = NONE for IOBUF_DS_0_21_n[8]. (constraint file  c:/Xilinx/Projects/DRC_Rev2.0_Deliverables/Vivado2023.1/DRC_Rev2.0_FW/project_1.gen/sources_1/bd/design_1/ip/design_1_util_ds_buf_12_0/design_1_util_ds_buf_12_0/design_1_util_ds_buf_12_0_in_context.xdc, line 41).
Applied set_property CLOCK_BUFFER_TYPE = NONE for IOBUF_DS_0_21_n[8]. (constraint file  c:/Xilinx/Projects/DRC_Rev2.0_Deliverables/Vivado2023.1/DRC_Rev2.0_FW/project_1.gen/sources_1/bd/design_1/ip/design_1_util_ds_buf_12_0/design_1_util_ds_buf_12_0/design_1_util_ds_buf_12_0_in_context.xdc, line 42).
Applied set_property IO_BUFFER_TYPE = NONE for IOBUF_DS_0_21_n[9]. (constraint file  c:/Xilinx/Projects/DRC_Rev2.0_Deliverables/Vivado2023.1/DRC_Rev2.0_FW/project_1.gen/sources_1/bd/design_1/ip/design_1_util_ds_buf_12_0/design_1_util_ds_buf_12_0/design_1_util_ds_buf_12_0_in_context.xdc, line 43).
Applied set_property CLOCK_BUFFER_TYPE = NONE for IOBUF_DS_0_21_n[9]. (constraint file  c:/Xilinx/Projects/DRC_Rev2.0_Deliverables/Vivado2023.1/DRC_Rev2.0_FW/project_1.gen/sources_1/bd/design_1/ip/design_1_util_ds_buf_12_0/design_1_util_ds_buf_12_0/design_1_util_ds_buf_12_0_in_context.xdc, line 44).
Applied set_property IO_BUFFER_TYPE = NONE for IOBUF_SDA_1[0]. (constraint file  c:/Xilinx/Projects/DRC_Rev2.0_Deliverables/Vivado2023.1/DRC_Rev2.0_FW/project_1.gen/sources_1/bd/design_1/ip/design_1_util_ds_buf_0_2/design_1_util_ds_buf_0_2/design_1_util_ds_buf_10_1_in_context.xdc, line 1).
Applied set_property CLOCK_BUFFER_TYPE = NONE for IOBUF_SDA_1[0]. (constraint file  c:/Xilinx/Projects/DRC_Rev2.0_Deliverables/Vivado2023.1/DRC_Rev2.0_FW/project_1.gen/sources_1/bd/design_1/ip/design_1_util_ds_buf_0_2/design_1_util_ds_buf_0_2/design_1_util_ds_buf_10_1_in_context.xdc, line 2).
Applied set_property IO_BUFFER_TYPE = NONE for IOBUF_SCL_1[0]. (constraint file  c:/Xilinx/Projects/DRC_Rev2.0_Deliverables/Vivado2023.1/DRC_Rev2.0_FW/project_1.gen/sources_1/bd/design_1/ip/design_1_util_ds_buf_1_0/design_1_util_ds_buf_1_0/design_1_util_ds_buf_10_1_in_context.xdc, line 1).
Applied set_property CLOCK_BUFFER_TYPE = NONE for IOBUF_SCL_1[0]. (constraint file  c:/Xilinx/Projects/DRC_Rev2.0_Deliverables/Vivado2023.1/DRC_Rev2.0_FW/project_1.gen/sources_1/bd/design_1/ip/design_1_util_ds_buf_1_0/design_1_util_ds_buf_1_0/design_1_util_ds_buf_10_1_in_context.xdc, line 2).
Applied set_property IO_BUFFER_TYPE = NONE for IOBUF_SDA_2[0]. (constraint file  c:/Xilinx/Projects/DRC_Rev2.0_Deliverables/Vivado2023.1/DRC_Rev2.0_FW/project_1.gen/sources_1/bd/design_1/ip/design_1_util_ds_buf_0_3/design_1_util_ds_buf_0_3/design_1_util_ds_buf_10_1_in_context.xdc, line 1).
Applied set_property CLOCK_BUFFER_TYPE = NONE for IOBUF_SDA_2[0]. (constraint file  c:/Xilinx/Projects/DRC_Rev2.0_Deliverables/Vivado2023.1/DRC_Rev2.0_FW/project_1.gen/sources_1/bd/design_1/ip/design_1_util_ds_buf_0_3/design_1_util_ds_buf_0_3/design_1_util_ds_buf_10_1_in_context.xdc, line 2).
Applied set_property IO_BUFFER_TYPE = NONE for IOBUF_SCL_2[0]. (constraint file  c:/Xilinx/Projects/DRC_Rev2.0_Deliverables/Vivado2023.1/DRC_Rev2.0_FW/project_1.gen/sources_1/bd/design_1/ip/design_1_util_ds_buf_1_1/design_1_util_ds_buf_1_1/design_1_util_ds_buf_10_1_in_context.xdc, line 1).
Applied set_property CLOCK_BUFFER_TYPE = NONE for IOBUF_SCL_2[0]. (constraint file  c:/Xilinx/Projects/DRC_Rev2.0_Deliverables/Vivado2023.1/DRC_Rev2.0_FW/project_1.gen/sources_1/bd/design_1/ip/design_1_util_ds_buf_1_1/design_1_util_ds_buf_1_1/design_1_util_ds_buf_10_1_in_context.xdc, line 2).
Applied set_property IO_BUFFER_TYPE = NONE for IOBUF_DATA0[0]. (constraint file  c:/Xilinx/Projects/DRC_Rev2.0_Deliverables/Vivado2023.1/DRC_Rev2.0_FW/project_1.gen/sources_1/bd/design_1/ip/design_1_util_ds_buf_6_1/design_1_util_ds_buf_6_1/design_1_util_ds_buf_6_1_in_context.xdc, line 1).
Applied set_property CLOCK_BUFFER_TYPE = NONE for IOBUF_DATA0[0]. (constraint file  c:/Xilinx/Projects/DRC_Rev2.0_Deliverables/Vivado2023.1/DRC_Rev2.0_FW/project_1.gen/sources_1/bd/design_1/ip/design_1_util_ds_buf_6_1/design_1_util_ds_buf_6_1/design_1_util_ds_buf_6_1_in_context.xdc, line 2).
Applied set_property IO_BUFFER_TYPE = NONE for IOBUF_DATA0[10]. (constraint file  c:/Xilinx/Projects/DRC_Rev2.0_Deliverables/Vivado2023.1/DRC_Rev2.0_FW/project_1.gen/sources_1/bd/design_1/ip/design_1_util_ds_buf_6_1/design_1_util_ds_buf_6_1/design_1_util_ds_buf_6_1_in_context.xdc, line 3).
Applied set_property CLOCK_BUFFER_TYPE = NONE for IOBUF_DATA0[10]. (constraint file  c:/Xilinx/Projects/DRC_Rev2.0_Deliverables/Vivado2023.1/DRC_Rev2.0_FW/project_1.gen/sources_1/bd/design_1/ip/design_1_util_ds_buf_6_1/design_1_util_ds_buf_6_1/design_1_util_ds_buf_6_1_in_context.xdc, line 4).
Applied set_property IO_BUFFER_TYPE = NONE for IOBUF_DATA0[11]. (constraint file  c:/Xilinx/Projects/DRC_Rev2.0_Deliverables/Vivado2023.1/DRC_Rev2.0_FW/project_1.gen/sources_1/bd/design_1/ip/design_1_util_ds_buf_6_1/design_1_util_ds_buf_6_1/design_1_util_ds_buf_6_1_in_context.xdc, line 5).
Applied set_property CLOCK_BUFFER_TYPE = NONE for IOBUF_DATA0[11]. (constraint file  c:/Xilinx/Projects/DRC_Rev2.0_Deliverables/Vivado2023.1/DRC_Rev2.0_FW/project_1.gen/sources_1/bd/design_1/ip/design_1_util_ds_buf_6_1/design_1_util_ds_buf_6_1/design_1_util_ds_buf_6_1_in_context.xdc, line 6).
Applied set_property IO_BUFFER_TYPE = NONE for IOBUF_DATA0[1]. (constraint file  c:/Xilinx/Projects/DRC_Rev2.0_Deliverables/Vivado2023.1/DRC_Rev2.0_FW/project_1.gen/sources_1/bd/design_1/ip/design_1_util_ds_buf_6_1/design_1_util_ds_buf_6_1/design_1_util_ds_buf_6_1_in_context.xdc, line 7).
Applied set_property CLOCK_BUFFER_TYPE = NONE for IOBUF_DATA0[1]. (constraint file  c:/Xilinx/Projects/DRC_Rev2.0_Deliverables/Vivado2023.1/DRC_Rev2.0_FW/project_1.gen/sources_1/bd/design_1/ip/design_1_util_ds_buf_6_1/design_1_util_ds_buf_6_1/design_1_util_ds_buf_6_1_in_context.xdc, line 8).
Applied set_property IO_BUFFER_TYPE = NONE for IOBUF_DATA0[2]. (constraint file  c:/Xilinx/Projects/DRC_Rev2.0_Deliverables/Vivado2023.1/DRC_Rev2.0_FW/project_1.gen/sources_1/bd/design_1/ip/design_1_util_ds_buf_6_1/design_1_util_ds_buf_6_1/design_1_util_ds_buf_6_1_in_context.xdc, line 9).
Applied set_property CLOCK_BUFFER_TYPE = NONE for IOBUF_DATA0[2]. (constraint file  c:/Xilinx/Projects/DRC_Rev2.0_Deliverables/Vivado2023.1/DRC_Rev2.0_FW/project_1.gen/sources_1/bd/design_1/ip/design_1_util_ds_buf_6_1/design_1_util_ds_buf_6_1/design_1_util_ds_buf_6_1_in_context.xdc, line 10).
Applied set_property IO_BUFFER_TYPE = NONE for IOBUF_DATA0[3]. (constraint file  c:/Xilinx/Projects/DRC_Rev2.0_Deliverables/Vivado2023.1/DRC_Rev2.0_FW/project_1.gen/sources_1/bd/design_1/ip/design_1_util_ds_buf_6_1/design_1_util_ds_buf_6_1/design_1_util_ds_buf_6_1_in_context.xdc, line 11).
Applied set_property CLOCK_BUFFER_TYPE = NONE for IOBUF_DATA0[3]. (constraint file  c:/Xilinx/Projects/DRC_Rev2.0_Deliverables/Vivado2023.1/DRC_Rev2.0_FW/project_1.gen/sources_1/bd/design_1/ip/design_1_util_ds_buf_6_1/design_1_util_ds_buf_6_1/design_1_util_ds_buf_6_1_in_context.xdc, line 12).
Applied set_property IO_BUFFER_TYPE = NONE for IOBUF_DATA0[4]. (constraint file  c:/Xilinx/Projects/DRC_Rev2.0_Deliverables/Vivado2023.1/DRC_Rev2.0_FW/project_1.gen/sources_1/bd/design_1/ip/design_1_util_ds_buf_6_1/design_1_util_ds_buf_6_1/design_1_util_ds_buf_6_1_in_context.xdc, line 13).
Applied set_property CLOCK_BUFFER_TYPE = NONE for IOBUF_DATA0[4]. (constraint file  c:/Xilinx/Projects/DRC_Rev2.0_Deliverables/Vivado2023.1/DRC_Rev2.0_FW/project_1.gen/sources_1/bd/design_1/ip/design_1_util_ds_buf_6_1/design_1_util_ds_buf_6_1/design_1_util_ds_buf_6_1_in_context.xdc, line 14).
Applied set_property IO_BUFFER_TYPE = NONE for IOBUF_DATA0[5]. (constraint file  c:/Xilinx/Projects/DRC_Rev2.0_Deliverables/Vivado2023.1/DRC_Rev2.0_FW/project_1.gen/sources_1/bd/design_1/ip/design_1_util_ds_buf_6_1/design_1_util_ds_buf_6_1/design_1_util_ds_buf_6_1_in_context.xdc, line 15).
Applied set_property CLOCK_BUFFER_TYPE = NONE for IOBUF_DATA0[5]. (constraint file  c:/Xilinx/Projects/DRC_Rev2.0_Deliverables/Vivado2023.1/DRC_Rev2.0_FW/project_1.gen/sources_1/bd/design_1/ip/design_1_util_ds_buf_6_1/design_1_util_ds_buf_6_1/design_1_util_ds_buf_6_1_in_context.xdc, line 16).
Applied set_property IO_BUFFER_TYPE = NONE for IOBUF_DATA0[6]. (constraint file  c:/Xilinx/Projects/DRC_Rev2.0_Deliverables/Vivado2023.1/DRC_Rev2.0_FW/project_1.gen/sources_1/bd/design_1/ip/design_1_util_ds_buf_6_1/design_1_util_ds_buf_6_1/design_1_util_ds_buf_6_1_in_context.xdc, line 17).
Applied set_property CLOCK_BUFFER_TYPE = NONE for IOBUF_DATA0[6]. (constraint file  c:/Xilinx/Projects/DRC_Rev2.0_Deliverables/Vivado2023.1/DRC_Rev2.0_FW/project_1.gen/sources_1/bd/design_1/ip/design_1_util_ds_buf_6_1/design_1_util_ds_buf_6_1/design_1_util_ds_buf_6_1_in_context.xdc, line 18).
Applied set_property IO_BUFFER_TYPE = NONE for IOBUF_DATA0[7]. (constraint file  c:/Xilinx/Projects/DRC_Rev2.0_Deliverables/Vivado2023.1/DRC_Rev2.0_FW/project_1.gen/sources_1/bd/design_1/ip/design_1_util_ds_buf_6_1/design_1_util_ds_buf_6_1/design_1_util_ds_buf_6_1_in_context.xdc, line 19).
Applied set_property CLOCK_BUFFER_TYPE = NONE for IOBUF_DATA0[7]. (constraint file  c:/Xilinx/Projects/DRC_Rev2.0_Deliverables/Vivado2023.1/DRC_Rev2.0_FW/project_1.gen/sources_1/bd/design_1/ip/design_1_util_ds_buf_6_1/design_1_util_ds_buf_6_1/design_1_util_ds_buf_6_1_in_context.xdc, line 20).
Applied set_property IO_BUFFER_TYPE = NONE for IOBUF_DATA0[8]. (constraint file  c:/Xilinx/Projects/DRC_Rev2.0_Deliverables/Vivado2023.1/DRC_Rev2.0_FW/project_1.gen/sources_1/bd/design_1/ip/design_1_util_ds_buf_6_1/design_1_util_ds_buf_6_1/design_1_util_ds_buf_6_1_in_context.xdc, line 21).
Applied set_property CLOCK_BUFFER_TYPE = NONE for IOBUF_DATA0[8]. (constraint file  c:/Xilinx/Projects/DRC_Rev2.0_Deliverables/Vivado2023.1/DRC_Rev2.0_FW/project_1.gen/sources_1/bd/design_1/ip/design_1_util_ds_buf_6_1/design_1_util_ds_buf_6_1/design_1_util_ds_buf_6_1_in_context.xdc, line 22).
Applied set_property IO_BUFFER_TYPE = NONE for IOBUF_DATA0[9]. (constraint file  c:/Xilinx/Projects/DRC_Rev2.0_Deliverables/Vivado2023.1/DRC_Rev2.0_FW/project_1.gen/sources_1/bd/design_1/ip/design_1_util_ds_buf_6_1/design_1_util_ds_buf_6_1/design_1_util_ds_buf_6_1_in_context.xdc, line 23).
Applied set_property CLOCK_BUFFER_TYPE = NONE for IOBUF_DATA0[9]. (constraint file  c:/Xilinx/Projects/DRC_Rev2.0_Deliverables/Vivado2023.1/DRC_Rev2.0_FW/project_1.gen/sources_1/bd/design_1/ip/design_1_util_ds_buf_6_1/design_1_util_ds_buf_6_1/design_1_util_ds_buf_6_1_in_context.xdc, line 24).
Applied set_property IO_BUFFER_TYPE = NONE for IOBUF_DATA1[0]. (constraint file  c:/Xilinx/Projects/DRC_Rev2.0_Deliverables/Vivado2023.1/DRC_Rev2.0_FW/project_1.gen/sources_1/bd/design_1/ip/design_1_util_ds_buf_7_0/design_1_util_ds_buf_7_0/design_1_util_ds_buf_7_0_in_context.xdc, line 1).
Applied set_property CLOCK_BUFFER_TYPE = NONE for IOBUF_DATA1[0]. (constraint file  c:/Xilinx/Projects/DRC_Rev2.0_Deliverables/Vivado2023.1/DRC_Rev2.0_FW/project_1.gen/sources_1/bd/design_1/ip/design_1_util_ds_buf_7_0/design_1_util_ds_buf_7_0/design_1_util_ds_buf_7_0_in_context.xdc, line 2).
Applied set_property IO_BUFFER_TYPE = NONE for IOBUF_DATA1[10]. (constraint file  c:/Xilinx/Projects/DRC_Rev2.0_Deliverables/Vivado2023.1/DRC_Rev2.0_FW/project_1.gen/sources_1/bd/design_1/ip/design_1_util_ds_buf_7_0/design_1_util_ds_buf_7_0/design_1_util_ds_buf_7_0_in_context.xdc, line 3).
Applied set_property CLOCK_BUFFER_TYPE = NONE for IOBUF_DATA1[10]. (constraint file  c:/Xilinx/Projects/DRC_Rev2.0_Deliverables/Vivado2023.1/DRC_Rev2.0_FW/project_1.gen/sources_1/bd/design_1/ip/design_1_util_ds_buf_7_0/design_1_util_ds_buf_7_0/design_1_util_ds_buf_7_0_in_context.xdc, line 4).
Applied set_property IO_BUFFER_TYPE = NONE for IOBUF_DATA1[11]. (constraint file  c:/Xilinx/Projects/DRC_Rev2.0_Deliverables/Vivado2023.1/DRC_Rev2.0_FW/project_1.gen/sources_1/bd/design_1/ip/design_1_util_ds_buf_7_0/design_1_util_ds_buf_7_0/design_1_util_ds_buf_7_0_in_context.xdc, line 5).
Applied set_property CLOCK_BUFFER_TYPE = NONE for IOBUF_DATA1[11]. (constraint file  c:/Xilinx/Projects/DRC_Rev2.0_Deliverables/Vivado2023.1/DRC_Rev2.0_FW/project_1.gen/sources_1/bd/design_1/ip/design_1_util_ds_buf_7_0/design_1_util_ds_buf_7_0/design_1_util_ds_buf_7_0_in_context.xdc, line 6).
Applied set_property IO_BUFFER_TYPE = NONE for IOBUF_DATA1[1]. (constraint file  c:/Xilinx/Projects/DRC_Rev2.0_Deliverables/Vivado2023.1/DRC_Rev2.0_FW/project_1.gen/sources_1/bd/design_1/ip/design_1_util_ds_buf_7_0/design_1_util_ds_buf_7_0/design_1_util_ds_buf_7_0_in_context.xdc, line 7).
Applied set_property CLOCK_BUFFER_TYPE = NONE for IOBUF_DATA1[1]. (constraint file  c:/Xilinx/Projects/DRC_Rev2.0_Deliverables/Vivado2023.1/DRC_Rev2.0_FW/project_1.gen/sources_1/bd/design_1/ip/design_1_util_ds_buf_7_0/design_1_util_ds_buf_7_0/design_1_util_ds_buf_7_0_in_context.xdc, line 8).
Applied set_property IO_BUFFER_TYPE = NONE for IOBUF_DATA1[2]. (constraint file  c:/Xilinx/Projects/DRC_Rev2.0_Deliverables/Vivado2023.1/DRC_Rev2.0_FW/project_1.gen/sources_1/bd/design_1/ip/design_1_util_ds_buf_7_0/design_1_util_ds_buf_7_0/design_1_util_ds_buf_7_0_in_context.xdc, line 9).
Applied set_property CLOCK_BUFFER_TYPE = NONE for IOBUF_DATA1[2]. (constraint file  c:/Xilinx/Projects/DRC_Rev2.0_Deliverables/Vivado2023.1/DRC_Rev2.0_FW/project_1.gen/sources_1/bd/design_1/ip/design_1_util_ds_buf_7_0/design_1_util_ds_buf_7_0/design_1_util_ds_buf_7_0_in_context.xdc, line 10).
Applied set_property IO_BUFFER_TYPE = NONE for IOBUF_DATA1[3]. (constraint file  c:/Xilinx/Projects/DRC_Rev2.0_Deliverables/Vivado2023.1/DRC_Rev2.0_FW/project_1.gen/sources_1/bd/design_1/ip/design_1_util_ds_buf_7_0/design_1_util_ds_buf_7_0/design_1_util_ds_buf_7_0_in_context.xdc, line 11).
Applied set_property CLOCK_BUFFER_TYPE = NONE for IOBUF_DATA1[3]. (constraint file  c:/Xilinx/Projects/DRC_Rev2.0_Deliverables/Vivado2023.1/DRC_Rev2.0_FW/project_1.gen/sources_1/bd/design_1/ip/design_1_util_ds_buf_7_0/design_1_util_ds_buf_7_0/design_1_util_ds_buf_7_0_in_context.xdc, line 12).
Applied set_property IO_BUFFER_TYPE = NONE for IOBUF_DATA1[4]. (constraint file  c:/Xilinx/Projects/DRC_Rev2.0_Deliverables/Vivado2023.1/DRC_Rev2.0_FW/project_1.gen/sources_1/bd/design_1/ip/design_1_util_ds_buf_7_0/design_1_util_ds_buf_7_0/design_1_util_ds_buf_7_0_in_context.xdc, line 13).
Applied set_property CLOCK_BUFFER_TYPE = NONE for IOBUF_DATA1[4]. (constraint file  c:/Xilinx/Projects/DRC_Rev2.0_Deliverables/Vivado2023.1/DRC_Rev2.0_FW/project_1.gen/sources_1/bd/design_1/ip/design_1_util_ds_buf_7_0/design_1_util_ds_buf_7_0/design_1_util_ds_buf_7_0_in_context.xdc, line 14).
Applied set_property IO_BUFFER_TYPE = NONE for IOBUF_DATA1[5]. (constraint file  c:/Xilinx/Projects/DRC_Rev2.0_Deliverables/Vivado2023.1/DRC_Rev2.0_FW/project_1.gen/sources_1/bd/design_1/ip/design_1_util_ds_buf_7_0/design_1_util_ds_buf_7_0/design_1_util_ds_buf_7_0_in_context.xdc, line 15).
Applied set_property CLOCK_BUFFER_TYPE = NONE for IOBUF_DATA1[5]. (constraint file  c:/Xilinx/Projects/DRC_Rev2.0_Deliverables/Vivado2023.1/DRC_Rev2.0_FW/project_1.gen/sources_1/bd/design_1/ip/design_1_util_ds_buf_7_0/design_1_util_ds_buf_7_0/design_1_util_ds_buf_7_0_in_context.xdc, line 16).
Applied set_property IO_BUFFER_TYPE = NONE for IOBUF_DATA1[6]. (constraint file  c:/Xilinx/Projects/DRC_Rev2.0_Deliverables/Vivado2023.1/DRC_Rev2.0_FW/project_1.gen/sources_1/bd/design_1/ip/design_1_util_ds_buf_7_0/design_1_util_ds_buf_7_0/design_1_util_ds_buf_7_0_in_context.xdc, line 17).
Applied set_property CLOCK_BUFFER_TYPE = NONE for IOBUF_DATA1[6]. (constraint file  c:/Xilinx/Projects/DRC_Rev2.0_Deliverables/Vivado2023.1/DRC_Rev2.0_FW/project_1.gen/sources_1/bd/design_1/ip/design_1_util_ds_buf_7_0/design_1_util_ds_buf_7_0/design_1_util_ds_buf_7_0_in_context.xdc, line 18).
Applied set_property IO_BUFFER_TYPE = NONE for IOBUF_DATA1[7]. (constraint file  c:/Xilinx/Projects/DRC_Rev2.0_Deliverables/Vivado2023.1/DRC_Rev2.0_FW/project_1.gen/sources_1/bd/design_1/ip/design_1_util_ds_buf_7_0/design_1_util_ds_buf_7_0/design_1_util_ds_buf_7_0_in_context.xdc, line 19).
Applied set_property CLOCK_BUFFER_TYPE = NONE for IOBUF_DATA1[7]. (constraint file  c:/Xilinx/Projects/DRC_Rev2.0_Deliverables/Vivado2023.1/DRC_Rev2.0_FW/project_1.gen/sources_1/bd/design_1/ip/design_1_util_ds_buf_7_0/design_1_util_ds_buf_7_0/design_1_util_ds_buf_7_0_in_context.xdc, line 20).
Applied set_property IO_BUFFER_TYPE = NONE for IOBUF_DATA1[8]. (constraint file  c:/Xilinx/Projects/DRC_Rev2.0_Deliverables/Vivado2023.1/DRC_Rev2.0_FW/project_1.gen/sources_1/bd/design_1/ip/design_1_util_ds_buf_7_0/design_1_util_ds_buf_7_0/design_1_util_ds_buf_7_0_in_context.xdc, line 21).
Applied set_property CLOCK_BUFFER_TYPE = NONE for IOBUF_DATA1[8]. (constraint file  c:/Xilinx/Projects/DRC_Rev2.0_Deliverables/Vivado2023.1/DRC_Rev2.0_FW/project_1.gen/sources_1/bd/design_1/ip/design_1_util_ds_buf_7_0/design_1_util_ds_buf_7_0/design_1_util_ds_buf_7_0_in_context.xdc, line 22).
Applied set_property IO_BUFFER_TYPE = NONE for IOBUF_DATA1[9]. (constraint file  c:/Xilinx/Projects/DRC_Rev2.0_Deliverables/Vivado2023.1/DRC_Rev2.0_FW/project_1.gen/sources_1/bd/design_1/ip/design_1_util_ds_buf_7_0/design_1_util_ds_buf_7_0/design_1_util_ds_buf_7_0_in_context.xdc, line 23).
Applied set_property CLOCK_BUFFER_TYPE = NONE for IOBUF_DATA1[9]. (constraint file  c:/Xilinx/Projects/DRC_Rev2.0_Deliverables/Vivado2023.1/DRC_Rev2.0_FW/project_1.gen/sources_1/bd/design_1/ip/design_1_util_ds_buf_7_0/design_1_util_ds_buf_7_0/design_1_util_ds_buf_7_0_in_context.xdc, line 24).
Applied set_property IO_BUFFER_TYPE = NONE for IOBUF_DATA2[0]. (constraint file  c:/Xilinx/Projects/DRC_Rev2.0_Deliverables/Vivado2023.1/DRC_Rev2.0_FW/project_1.gen/sources_1/bd/design_1/ip/design_1_util_ds_buf_8_0/design_1_util_ds_buf_8_0/design_1_util_ds_buf_8_0_in_context.xdc, line 1).
Applied set_property CLOCK_BUFFER_TYPE = NONE for IOBUF_DATA2[0]. (constraint file  c:/Xilinx/Projects/DRC_Rev2.0_Deliverables/Vivado2023.1/DRC_Rev2.0_FW/project_1.gen/sources_1/bd/design_1/ip/design_1_util_ds_buf_8_0/design_1_util_ds_buf_8_0/design_1_util_ds_buf_8_0_in_context.xdc, line 2).
Applied set_property IO_BUFFER_TYPE = NONE for IOBUF_DATA2[10]. (constraint file  c:/Xilinx/Projects/DRC_Rev2.0_Deliverables/Vivado2023.1/DRC_Rev2.0_FW/project_1.gen/sources_1/bd/design_1/ip/design_1_util_ds_buf_8_0/design_1_util_ds_buf_8_0/design_1_util_ds_buf_8_0_in_context.xdc, line 3).
Applied set_property CLOCK_BUFFER_TYPE = NONE for IOBUF_DATA2[10]. (constraint file  c:/Xilinx/Projects/DRC_Rev2.0_Deliverables/Vivado2023.1/DRC_Rev2.0_FW/project_1.gen/sources_1/bd/design_1/ip/design_1_util_ds_buf_8_0/design_1_util_ds_buf_8_0/design_1_util_ds_buf_8_0_in_context.xdc, line 4).
Applied set_property IO_BUFFER_TYPE = NONE for IOBUF_DATA2[11]. (constraint file  c:/Xilinx/Projects/DRC_Rev2.0_Deliverables/Vivado2023.1/DRC_Rev2.0_FW/project_1.gen/sources_1/bd/design_1/ip/design_1_util_ds_buf_8_0/design_1_util_ds_buf_8_0/design_1_util_ds_buf_8_0_in_context.xdc, line 5).
Applied set_property CLOCK_BUFFER_TYPE = NONE for IOBUF_DATA2[11]. (constraint file  c:/Xilinx/Projects/DRC_Rev2.0_Deliverables/Vivado2023.1/DRC_Rev2.0_FW/project_1.gen/sources_1/bd/design_1/ip/design_1_util_ds_buf_8_0/design_1_util_ds_buf_8_0/design_1_util_ds_buf_8_0_in_context.xdc, line 6).
Applied set_property IO_BUFFER_TYPE = NONE for IOBUF_DATA2[1]. (constraint file  c:/Xilinx/Projects/DRC_Rev2.0_Deliverables/Vivado2023.1/DRC_Rev2.0_FW/project_1.gen/sources_1/bd/design_1/ip/design_1_util_ds_buf_8_0/design_1_util_ds_buf_8_0/design_1_util_ds_buf_8_0_in_context.xdc, line 7).
Applied set_property CLOCK_BUFFER_TYPE = NONE for IOBUF_DATA2[1]. (constraint file  c:/Xilinx/Projects/DRC_Rev2.0_Deliverables/Vivado2023.1/DRC_Rev2.0_FW/project_1.gen/sources_1/bd/design_1/ip/design_1_util_ds_buf_8_0/design_1_util_ds_buf_8_0/design_1_util_ds_buf_8_0_in_context.xdc, line 8).
Applied set_property IO_BUFFER_TYPE = NONE for IOBUF_DATA2[2]. (constraint file  c:/Xilinx/Projects/DRC_Rev2.0_Deliverables/Vivado2023.1/DRC_Rev2.0_FW/project_1.gen/sources_1/bd/design_1/ip/design_1_util_ds_buf_8_0/design_1_util_ds_buf_8_0/design_1_util_ds_buf_8_0_in_context.xdc, line 9).
Applied set_property CLOCK_BUFFER_TYPE = NONE for IOBUF_DATA2[2]. (constraint file  c:/Xilinx/Projects/DRC_Rev2.0_Deliverables/Vivado2023.1/DRC_Rev2.0_FW/project_1.gen/sources_1/bd/design_1/ip/design_1_util_ds_buf_8_0/design_1_util_ds_buf_8_0/design_1_util_ds_buf_8_0_in_context.xdc, line 10).
Applied set_property IO_BUFFER_TYPE = NONE for IOBUF_DATA2[3]. (constraint file  c:/Xilinx/Projects/DRC_Rev2.0_Deliverables/Vivado2023.1/DRC_Rev2.0_FW/project_1.gen/sources_1/bd/design_1/ip/design_1_util_ds_buf_8_0/design_1_util_ds_buf_8_0/design_1_util_ds_buf_8_0_in_context.xdc, line 11).
Applied set_property CLOCK_BUFFER_TYPE = NONE for IOBUF_DATA2[3]. (constraint file  c:/Xilinx/Projects/DRC_Rev2.0_Deliverables/Vivado2023.1/DRC_Rev2.0_FW/project_1.gen/sources_1/bd/design_1/ip/design_1_util_ds_buf_8_0/design_1_util_ds_buf_8_0/design_1_util_ds_buf_8_0_in_context.xdc, line 12).
Applied set_property IO_BUFFER_TYPE = NONE for IOBUF_DATA2[4]. (constraint file  c:/Xilinx/Projects/DRC_Rev2.0_Deliverables/Vivado2023.1/DRC_Rev2.0_FW/project_1.gen/sources_1/bd/design_1/ip/design_1_util_ds_buf_8_0/design_1_util_ds_buf_8_0/design_1_util_ds_buf_8_0_in_context.xdc, line 13).
Applied set_property CLOCK_BUFFER_TYPE = NONE for IOBUF_DATA2[4]. (constraint file  c:/Xilinx/Projects/DRC_Rev2.0_Deliverables/Vivado2023.1/DRC_Rev2.0_FW/project_1.gen/sources_1/bd/design_1/ip/design_1_util_ds_buf_8_0/design_1_util_ds_buf_8_0/design_1_util_ds_buf_8_0_in_context.xdc, line 14).
Applied set_property IO_BUFFER_TYPE = NONE for IOBUF_DATA2[5]. (constraint file  c:/Xilinx/Projects/DRC_Rev2.0_Deliverables/Vivado2023.1/DRC_Rev2.0_FW/project_1.gen/sources_1/bd/design_1/ip/design_1_util_ds_buf_8_0/design_1_util_ds_buf_8_0/design_1_util_ds_buf_8_0_in_context.xdc, line 15).
Applied set_property CLOCK_BUFFER_TYPE = NONE for IOBUF_DATA2[5]. (constraint file  c:/Xilinx/Projects/DRC_Rev2.0_Deliverables/Vivado2023.1/DRC_Rev2.0_FW/project_1.gen/sources_1/bd/design_1/ip/design_1_util_ds_buf_8_0/design_1_util_ds_buf_8_0/design_1_util_ds_buf_8_0_in_context.xdc, line 16).
Applied set_property IO_BUFFER_TYPE = NONE for IOBUF_DATA2[6]. (constraint file  c:/Xilinx/Projects/DRC_Rev2.0_Deliverables/Vivado2023.1/DRC_Rev2.0_FW/project_1.gen/sources_1/bd/design_1/ip/design_1_util_ds_buf_8_0/design_1_util_ds_buf_8_0/design_1_util_ds_buf_8_0_in_context.xdc, line 17).
Applied set_property CLOCK_BUFFER_TYPE = NONE for IOBUF_DATA2[6]. (constraint file  c:/Xilinx/Projects/DRC_Rev2.0_Deliverables/Vivado2023.1/DRC_Rev2.0_FW/project_1.gen/sources_1/bd/design_1/ip/design_1_util_ds_buf_8_0/design_1_util_ds_buf_8_0/design_1_util_ds_buf_8_0_in_context.xdc, line 18).
Applied set_property IO_BUFFER_TYPE = NONE for IOBUF_DATA2[7]. (constraint file  c:/Xilinx/Projects/DRC_Rev2.0_Deliverables/Vivado2023.1/DRC_Rev2.0_FW/project_1.gen/sources_1/bd/design_1/ip/design_1_util_ds_buf_8_0/design_1_util_ds_buf_8_0/design_1_util_ds_buf_8_0_in_context.xdc, line 19).
Applied set_property CLOCK_BUFFER_TYPE = NONE for IOBUF_DATA2[7]. (constraint file  c:/Xilinx/Projects/DRC_Rev2.0_Deliverables/Vivado2023.1/DRC_Rev2.0_FW/project_1.gen/sources_1/bd/design_1/ip/design_1_util_ds_buf_8_0/design_1_util_ds_buf_8_0/design_1_util_ds_buf_8_0_in_context.xdc, line 20).
Applied set_property IO_BUFFER_TYPE = NONE for IOBUF_DATA2[8]. (constraint file  c:/Xilinx/Projects/DRC_Rev2.0_Deliverables/Vivado2023.1/DRC_Rev2.0_FW/project_1.gen/sources_1/bd/design_1/ip/design_1_util_ds_buf_8_0/design_1_util_ds_buf_8_0/design_1_util_ds_buf_8_0_in_context.xdc, line 21).
Applied set_property CLOCK_BUFFER_TYPE = NONE for IOBUF_DATA2[8]. (constraint file  c:/Xilinx/Projects/DRC_Rev2.0_Deliverables/Vivado2023.1/DRC_Rev2.0_FW/project_1.gen/sources_1/bd/design_1/ip/design_1_util_ds_buf_8_0/design_1_util_ds_buf_8_0/design_1_util_ds_buf_8_0_in_context.xdc, line 22).
Applied set_property IO_BUFFER_TYPE = NONE for IOBUF_DATA2[9]. (constraint file  c:/Xilinx/Projects/DRC_Rev2.0_Deliverables/Vivado2023.1/DRC_Rev2.0_FW/project_1.gen/sources_1/bd/design_1/ip/design_1_util_ds_buf_8_0/design_1_util_ds_buf_8_0/design_1_util_ds_buf_8_0_in_context.xdc, line 23).
Applied set_property CLOCK_BUFFER_TYPE = NONE for IOBUF_DATA2[9]. (constraint file  c:/Xilinx/Projects/DRC_Rev2.0_Deliverables/Vivado2023.1/DRC_Rev2.0_FW/project_1.gen/sources_1/bd/design_1/ip/design_1_util_ds_buf_8_0/design_1_util_ds_buf_8_0/design_1_util_ds_buf_8_0_in_context.xdc, line 24).
Applied set_property IO_BUFFER_TYPE = NONE for IOBUF_DATA3[0]. (constraint file  c:/Xilinx/Projects/DRC_Rev2.0_Deliverables/Vivado2023.1/DRC_Rev2.0_FW/project_1.gen/sources_1/bd/design_1/ip/design_1_util_ds_buf_9_0/design_1_util_ds_buf_9_0/design_1_util_ds_buf_9_0_in_context.xdc, line 1).
Applied set_property CLOCK_BUFFER_TYPE = NONE for IOBUF_DATA3[0]. (constraint file  c:/Xilinx/Projects/DRC_Rev2.0_Deliverables/Vivado2023.1/DRC_Rev2.0_FW/project_1.gen/sources_1/bd/design_1/ip/design_1_util_ds_buf_9_0/design_1_util_ds_buf_9_0/design_1_util_ds_buf_9_0_in_context.xdc, line 2).
Applied set_property IO_BUFFER_TYPE = NONE for IOBUF_DATA3[10]. (constraint file  c:/Xilinx/Projects/DRC_Rev2.0_Deliverables/Vivado2023.1/DRC_Rev2.0_FW/project_1.gen/sources_1/bd/design_1/ip/design_1_util_ds_buf_9_0/design_1_util_ds_buf_9_0/design_1_util_ds_buf_9_0_in_context.xdc, line 3).
Applied set_property CLOCK_BUFFER_TYPE = NONE for IOBUF_DATA3[10]. (constraint file  c:/Xilinx/Projects/DRC_Rev2.0_Deliverables/Vivado2023.1/DRC_Rev2.0_FW/project_1.gen/sources_1/bd/design_1/ip/design_1_util_ds_buf_9_0/design_1_util_ds_buf_9_0/design_1_util_ds_buf_9_0_in_context.xdc, line 4).
Applied set_property IO_BUFFER_TYPE = NONE for IOBUF_DATA3[11]. (constraint file  c:/Xilinx/Projects/DRC_Rev2.0_Deliverables/Vivado2023.1/DRC_Rev2.0_FW/project_1.gen/sources_1/bd/design_1/ip/design_1_util_ds_buf_9_0/design_1_util_ds_buf_9_0/design_1_util_ds_buf_9_0_in_context.xdc, line 5).
Applied set_property CLOCK_BUFFER_TYPE = NONE for IOBUF_DATA3[11]. (constraint file  c:/Xilinx/Projects/DRC_Rev2.0_Deliverables/Vivado2023.1/DRC_Rev2.0_FW/project_1.gen/sources_1/bd/design_1/ip/design_1_util_ds_buf_9_0/design_1_util_ds_buf_9_0/design_1_util_ds_buf_9_0_in_context.xdc, line 6).
Applied set_property IO_BUFFER_TYPE = NONE for IOBUF_DATA3[1]. (constraint file  c:/Xilinx/Projects/DRC_Rev2.0_Deliverables/Vivado2023.1/DRC_Rev2.0_FW/project_1.gen/sources_1/bd/design_1/ip/design_1_util_ds_buf_9_0/design_1_util_ds_buf_9_0/design_1_util_ds_buf_9_0_in_context.xdc, line 7).
Applied set_property CLOCK_BUFFER_TYPE = NONE for IOBUF_DATA3[1]. (constraint file  c:/Xilinx/Projects/DRC_Rev2.0_Deliverables/Vivado2023.1/DRC_Rev2.0_FW/project_1.gen/sources_1/bd/design_1/ip/design_1_util_ds_buf_9_0/design_1_util_ds_buf_9_0/design_1_util_ds_buf_9_0_in_context.xdc, line 8).
Applied set_property IO_BUFFER_TYPE = NONE for IOBUF_DATA3[2]. (constraint file  c:/Xilinx/Projects/DRC_Rev2.0_Deliverables/Vivado2023.1/DRC_Rev2.0_FW/project_1.gen/sources_1/bd/design_1/ip/design_1_util_ds_buf_9_0/design_1_util_ds_buf_9_0/design_1_util_ds_buf_9_0_in_context.xdc, line 9).
Applied set_property CLOCK_BUFFER_TYPE = NONE for IOBUF_DATA3[2]. (constraint file  c:/Xilinx/Projects/DRC_Rev2.0_Deliverables/Vivado2023.1/DRC_Rev2.0_FW/project_1.gen/sources_1/bd/design_1/ip/design_1_util_ds_buf_9_0/design_1_util_ds_buf_9_0/design_1_util_ds_buf_9_0_in_context.xdc, line 10).
Applied set_property IO_BUFFER_TYPE = NONE for IOBUF_DATA3[3]. (constraint file  c:/Xilinx/Projects/DRC_Rev2.0_Deliverables/Vivado2023.1/DRC_Rev2.0_FW/project_1.gen/sources_1/bd/design_1/ip/design_1_util_ds_buf_9_0/design_1_util_ds_buf_9_0/design_1_util_ds_buf_9_0_in_context.xdc, line 11).
Applied set_property CLOCK_BUFFER_TYPE = NONE for IOBUF_DATA3[3]. (constraint file  c:/Xilinx/Projects/DRC_Rev2.0_Deliverables/Vivado2023.1/DRC_Rev2.0_FW/project_1.gen/sources_1/bd/design_1/ip/design_1_util_ds_buf_9_0/design_1_util_ds_buf_9_0/design_1_util_ds_buf_9_0_in_context.xdc, line 12).
Applied set_property IO_BUFFER_TYPE = NONE for IOBUF_DATA3[4]. (constraint file  c:/Xilinx/Projects/DRC_Rev2.0_Deliverables/Vivado2023.1/DRC_Rev2.0_FW/project_1.gen/sources_1/bd/design_1/ip/design_1_util_ds_buf_9_0/design_1_util_ds_buf_9_0/design_1_util_ds_buf_9_0_in_context.xdc, line 13).
Applied set_property CLOCK_BUFFER_TYPE = NONE for IOBUF_DATA3[4]. (constraint file  c:/Xilinx/Projects/DRC_Rev2.0_Deliverables/Vivado2023.1/DRC_Rev2.0_FW/project_1.gen/sources_1/bd/design_1/ip/design_1_util_ds_buf_9_0/design_1_util_ds_buf_9_0/design_1_util_ds_buf_9_0_in_context.xdc, line 14).
Applied set_property IO_BUFFER_TYPE = NONE for IOBUF_DATA3[5]. (constraint file  c:/Xilinx/Projects/DRC_Rev2.0_Deliverables/Vivado2023.1/DRC_Rev2.0_FW/project_1.gen/sources_1/bd/design_1/ip/design_1_util_ds_buf_9_0/design_1_util_ds_buf_9_0/design_1_util_ds_buf_9_0_in_context.xdc, line 15).
Applied set_property CLOCK_BUFFER_TYPE = NONE for IOBUF_DATA3[5]. (constraint file  c:/Xilinx/Projects/DRC_Rev2.0_Deliverables/Vivado2023.1/DRC_Rev2.0_FW/project_1.gen/sources_1/bd/design_1/ip/design_1_util_ds_buf_9_0/design_1_util_ds_buf_9_0/design_1_util_ds_buf_9_0_in_context.xdc, line 16).
Applied set_property IO_BUFFER_TYPE = NONE for IOBUF_DATA3[6]. (constraint file  c:/Xilinx/Projects/DRC_Rev2.0_Deliverables/Vivado2023.1/DRC_Rev2.0_FW/project_1.gen/sources_1/bd/design_1/ip/design_1_util_ds_buf_9_0/design_1_util_ds_buf_9_0/design_1_util_ds_buf_9_0_in_context.xdc, line 17).
Applied set_property CLOCK_BUFFER_TYPE = NONE for IOBUF_DATA3[6]. (constraint file  c:/Xilinx/Projects/DRC_Rev2.0_Deliverables/Vivado2023.1/DRC_Rev2.0_FW/project_1.gen/sources_1/bd/design_1/ip/design_1_util_ds_buf_9_0/design_1_util_ds_buf_9_0/design_1_util_ds_buf_9_0_in_context.xdc, line 18).
Applied set_property IO_BUFFER_TYPE = NONE for IOBUF_DATA3[7]. (constraint file  c:/Xilinx/Projects/DRC_Rev2.0_Deliverables/Vivado2023.1/DRC_Rev2.0_FW/project_1.gen/sources_1/bd/design_1/ip/design_1_util_ds_buf_9_0/design_1_util_ds_buf_9_0/design_1_util_ds_buf_9_0_in_context.xdc, line 19).
Applied set_property CLOCK_BUFFER_TYPE = NONE for IOBUF_DATA3[7]. (constraint file  c:/Xilinx/Projects/DRC_Rev2.0_Deliverables/Vivado2023.1/DRC_Rev2.0_FW/project_1.gen/sources_1/bd/design_1/ip/design_1_util_ds_buf_9_0/design_1_util_ds_buf_9_0/design_1_util_ds_buf_9_0_in_context.xdc, line 20).
Applied set_property IO_BUFFER_TYPE = NONE for IOBUF_DATA3[8]. (constraint file  c:/Xilinx/Projects/DRC_Rev2.0_Deliverables/Vivado2023.1/DRC_Rev2.0_FW/project_1.gen/sources_1/bd/design_1/ip/design_1_util_ds_buf_9_0/design_1_util_ds_buf_9_0/design_1_util_ds_buf_9_0_in_context.xdc, line 21).
Applied set_property CLOCK_BUFFER_TYPE = NONE for IOBUF_DATA3[8]. (constraint file  c:/Xilinx/Projects/DRC_Rev2.0_Deliverables/Vivado2023.1/DRC_Rev2.0_FW/project_1.gen/sources_1/bd/design_1/ip/design_1_util_ds_buf_9_0/design_1_util_ds_buf_9_0/design_1_util_ds_buf_9_0_in_context.xdc, line 22).
Applied set_property IO_BUFFER_TYPE = NONE for IOBUF_DATA3[9]. (constraint file  c:/Xilinx/Projects/DRC_Rev2.0_Deliverables/Vivado2023.1/DRC_Rev2.0_FW/project_1.gen/sources_1/bd/design_1/ip/design_1_util_ds_buf_9_0/design_1_util_ds_buf_9_0/design_1_util_ds_buf_9_0_in_context.xdc, line 23).
Applied set_property CLOCK_BUFFER_TYPE = NONE for IOBUF_DATA3[9]. (constraint file  c:/Xilinx/Projects/DRC_Rev2.0_Deliverables/Vivado2023.1/DRC_Rev2.0_FW/project_1.gen/sources_1/bd/design_1/ip/design_1_util_ds_buf_9_0/design_1_util_ds_buf_9_0/design_1_util_ds_buf_9_0_in_context.xdc, line 24).
Applied set_property IO_BUFFER_TYPE = NONE for IOBUF_CLK0[0]. (constraint file  c:/Xilinx/Projects/DRC_Rev2.0_Deliverables/Vivado2023.1/DRC_Rev2.0_FW/project_1.gen/sources_1/bd/design_1/ip/design_1_util_ds_buf_15_0/design_1_util_ds_buf_15_0/design_1_util_ds_buf_15_0_in_context.xdc, line 1).
Applied set_property CLOCK_BUFFER_TYPE = NONE for IOBUF_CLK0[0]. (constraint file  c:/Xilinx/Projects/DRC_Rev2.0_Deliverables/Vivado2023.1/DRC_Rev2.0_FW/project_1.gen/sources_1/bd/design_1/ip/design_1_util_ds_buf_15_0/design_1_util_ds_buf_15_0/design_1_util_ds_buf_15_0_in_context.xdc, line 2).
Applied set_property IO_BUFFER_TYPE = NONE for IOBUF_CLK1[0]. (constraint file  c:/Xilinx/Projects/DRC_Rev2.0_Deliverables/Vivado2023.1/DRC_Rev2.0_FW/project_1.gen/sources_1/bd/design_1/ip/design_1_util_ds_buf_16_0/design_1_util_ds_buf_16_0/design_1_util_ds_buf_16_0_in_context.xdc, line 1).
Applied set_property CLOCK_BUFFER_TYPE = NONE for IOBUF_CLK1[0]. (constraint file  c:/Xilinx/Projects/DRC_Rev2.0_Deliverables/Vivado2023.1/DRC_Rev2.0_FW/project_1.gen/sources_1/bd/design_1/ip/design_1_util_ds_buf_16_0/design_1_util_ds_buf_16_0/design_1_util_ds_buf_16_0_in_context.xdc, line 2).
Applied set_property IO_BUFFER_TYPE = NONE for IOBUF_CLK2[0]. (constraint file  c:/Xilinx/Projects/DRC_Rev2.0_Deliverables/Vivado2023.1/DRC_Rev2.0_FW/project_1.gen/sources_1/bd/design_1/ip/design_1_util_ds_buf_17_0/design_1_util_ds_buf_17_0/design_1_util_ds_buf_17_0_in_context.xdc, line 1).
Applied set_property CLOCK_BUFFER_TYPE = NONE for IOBUF_CLK2[0]. (constraint file  c:/Xilinx/Projects/DRC_Rev2.0_Deliverables/Vivado2023.1/DRC_Rev2.0_FW/project_1.gen/sources_1/bd/design_1/ip/design_1_util_ds_buf_17_0/design_1_util_ds_buf_17_0/design_1_util_ds_buf_17_0_in_context.xdc, line 2).
Applied set_property IO_BUFFER_TYPE = NONE for IOBUF_CLK3[0]. (constraint file  c:/Xilinx/Projects/DRC_Rev2.0_Deliverables/Vivado2023.1/DRC_Rev2.0_FW/project_1.gen/sources_1/bd/design_1/ip/design_1_util_ds_buf_18_0/design_1_util_ds_buf_18_0/design_1_util_ds_buf_18_0_in_context.xdc, line 1).
Applied set_property CLOCK_BUFFER_TYPE = NONE for IOBUF_CLK3[0]. (constraint file  c:/Xilinx/Projects/DRC_Rev2.0_Deliverables/Vivado2023.1/DRC_Rev2.0_FW/project_1.gen/sources_1/bd/design_1/ip/design_1_util_ds_buf_18_0/design_1_util_ds_buf_18_0/design_1_util_ds_buf_18_0_in_context.xdc, line 2).
Applied set_property KEEP_HIERARCHY = SOFT for design_1_i. (constraint file  auto generated constraint).
Applied set_property KEEP_HIERARCHY = SOFT for design_1_i/ps8_0_axi_periph/xbar. (constraint file  auto generated constraint).
Applied set_property KEEP_HIERARCHY = SOFT for design_1_i/ps8_0_axi_periph/tier2_xbar_0. (constraint file  auto generated constraint).
Applied set_property KEEP_HIERARCHY = SOFT for design_1_i/ps8_0_axi_periph/tier2_xbar_1. (constraint file  auto generated constraint).
Applied set_property KEEP_HIERARCHY = SOFT for design_1_i/ps8_0_axi_periph/tier2_xbar_2. (constraint file  auto generated constraint).
Applied set_property KEEP_HIERARCHY = SOFT for design_1_i/ps8_0_axi_periph/tier2_xbar_3. (constraint file  auto generated constraint).
Applied set_property KEEP_HIERARCHY = SOFT for design_1_i/ps8_0_axi_periph/s00_couplers/auto_ds. (constraint file  auto generated constraint).
Applied set_property KEEP_HIERARCHY = SOFT for design_1_i/ps8_0_axi_periph/s00_couplers/auto_pc. (constraint file  auto generated constraint).
Applied set_property KEEP_HIERARCHY = SOFT for design_1_i/ps8_0_axi_periph. (constraint file  auto generated constraint).
Applied set_property KEEP_HIERARCHY = SOFT for design_1_i/util_vector_logic_0. (constraint file  auto generated constraint).
Applied set_property KEEP_HIERARCHY = SOFT for design_1_i/axi_gpio_9. (constraint file  auto generated constraint).
Applied set_property KEEP_HIERARCHY = SOFT for design_1_i/axi_gpio_0. (constraint file  auto generated constraint).
Applied set_property KEEP_HIERARCHY = SOFT for design_1_i/axi_gpio_8. (constraint file  auto generated constraint).
Applied set_property KEEP_HIERARCHY = SOFT for design_1_i/axi_gpio_7. (constraint file  auto generated constraint).
Applied set_property KEEP_HIERARCHY = SOFT for design_1_i/axi_gpio_10. (constraint file  auto generated constraint).
Applied set_property KEEP_HIERARCHY = SOFT for design_1_i/axi_iic_0. (constraint file  auto generated constraint).
Applied set_property KEEP_HIERARCHY = SOFT for design_1_i/axi_quad_spi_0. (constraint file  auto generated constraint).
Applied set_property KEEP_HIERARCHY = SOFT for design_1_i/axi_quad_spi_1. (constraint file  auto generated constraint).
Applied set_property KEEP_HIERARCHY = SOFT for design_1_i/clk_wiz_0. (constraint file  auto generated constraint).
Applied set_property KEEP_HIERARCHY = SOFT for design_1_i/proc_sys_reset_0. (constraint file  auto generated constraint).
Applied set_property KEEP_HIERARCHY = SOFT for design_1_i/util_ds_buf_10. (constraint file  auto generated constraint).
Applied set_property KEEP_HIERARCHY = SOFT for design_1_i/util_ds_buf_12. (constraint file  auto generated constraint).
Applied set_property KEEP_HIERARCHY = SOFT for design_1_i/util_ds_buf_14. (constraint file  auto generated constraint).
Applied set_property KEEP_HIERARCHY = SOFT for design_1_i/util_ds_buf_0. (constraint file  auto generated constraint).
Applied set_property KEEP_HIERARCHY = SOFT for design_1_i/util_ds_buf_1. (constraint file  auto generated constraint).
Applied set_property KEEP_HIERARCHY = SOFT for design_1_i/util_ds_buf_13. (constraint file  auto generated constraint).
Applied set_property KEEP_HIERARCHY = SOFT for design_1_i/util_ds_buf_11. (constraint file  auto generated constraint).
Applied set_property KEEP_HIERARCHY = SOFT for design_1_i/zynq_ultra_ps_e_0. (constraint file  auto generated constraint).
Applied set_property KEEP_HIERARCHY = SOFT for design_1_i/axi_gpio_1. (constraint file  auto generated constraint).
Applied set_property KEEP_HIERARCHY = SOFT for design_1_i/ClockDivider_0. (constraint file  auto generated constraint).
Applied set_property KEEP_HIERARCHY = SOFT for design_1_i/axi_gpio_2. (constraint file  auto generated constraint).
Applied set_property KEEP_HIERARCHY = SOFT for design_1_i/axi_gpio_3. (constraint file  auto generated constraint).
Applied set_property KEEP_HIERARCHY = SOFT for design_1_i/axi_gpio_4. (constraint file  auto generated constraint).
Applied set_property KEEP_HIERARCHY = SOFT for design_1_i/axi_gpio_5. (constraint file  auto generated constraint).
Applied set_property KEEP_HIERARCHY = SOFT for design_1_i/axi_gpio_6. (constraint file  auto generated constraint).
Applied set_property KEEP_HIERARCHY = SOFT for design_1_i/axi_gpio_11. (constraint file  auto generated constraint).
Applied set_property KEEP_HIERARCHY = SOFT for design_1_i/axi_gpio_12. (constraint file  auto generated constraint).
Applied set_property KEEP_HIERARCHY = SOFT for design_1_i/axi_gpio_13. (constraint file  auto generated constraint).
Applied set_property KEEP_HIERARCHY = SOFT for design_1_i/ADC_MinMax_0. (constraint file  auto generated constraint).
Applied set_property KEEP_HIERARCHY = SOFT for design_1_i/ADC_MinMax_1. (constraint file  auto generated constraint).
Applied set_property KEEP_HIERARCHY = SOFT for design_1_i/ADC_MinMax_2. (constraint file  auto generated constraint).
Applied set_property KEEP_HIERARCHY = SOFT for design_1_i/ADC_MinMax_3. (constraint file  auto generated constraint).
Applied set_property KEEP_HIERARCHY = SOFT for design_1_i/axi_iic_1. (constraint file  auto generated constraint).
Applied set_property KEEP_HIERARCHY = SOFT for design_1_i/util_ds_buf_2. (constraint file  auto generated constraint).
Applied set_property KEEP_HIERARCHY = SOFT for design_1_i/util_ds_buf_3. (constraint file  auto generated constraint).
Applied set_property KEEP_HIERARCHY = SOFT for design_1_i/axi_iic_2. (constraint file  auto generated constraint).
Applied set_property KEEP_HIERARCHY = SOFT for design_1_i/util_ds_buf_4. (constraint file  auto generated constraint).
Applied set_property KEEP_HIERARCHY = SOFT for design_1_i/util_ds_buf_5. (constraint file  auto generated constraint).
Applied set_property KEEP_HIERARCHY = SOFT for design_1_i/util_ds_buf_6. (constraint file  auto generated constraint).
Applied set_property KEEP_HIERARCHY = SOFT for design_1_i/util_ds_buf_7. (constraint file  auto generated constraint).
Applied set_property KEEP_HIERARCHY = SOFT for design_1_i/util_ds_buf_8. (constraint file  auto generated constraint).
Applied set_property KEEP_HIERARCHY = SOFT for design_1_i/util_ds_buf_9. (constraint file  auto generated constraint).
Applied set_property KEEP_HIERARCHY = SOFT for design_1_i/util_ds_buf_15. (constraint file  auto generated constraint).
Applied set_property KEEP_HIERARCHY = SOFT for design_1_i/util_ds_buf_16. (constraint file  auto generated constraint).
Applied set_property KEEP_HIERARCHY = SOFT for design_1_i/util_ds_buf_17. (constraint file  auto generated constraint).
Applied set_property KEEP_HIERARCHY = SOFT for design_1_i/util_ds_buf_18. (constraint file  auto generated constraint).
Applied set_property KEEP_HIERARCHY = SOFT for design_1_i/xlconcat_0. (constraint file  auto generated constraint).
Applied set_property KEEP_HIERARCHY = SOFT for design_1_i/xlconcat_1. (constraint file  auto generated constraint).
Applied set_property KEEP_HIERARCHY = SOFT for design_1_i/xlconcat_2. (constraint file  auto generated constraint).
Applied set_property KEEP_HIERARCHY = SOFT for design_1_i/xlconcat_3. (constraint file  auto generated constraint).
Applied set_property KEEP_HIERARCHY = SOFT for design_1_i/axi_gpio_14. (constraint file  auto generated constraint).
Applied set_property KEEP_HIERARCHY = SOFT for design_1_i/xlslice_0. (constraint file  auto generated constraint).
Applied set_property KEEP_HIERARCHY = SOFT for design_1_i/xlslice_1. (constraint file  auto generated constraint).
Applied set_property KEEP_HIERARCHY = SOFT for design_1_i/xlslice_2. (constraint file  auto generated constraint).
Applied set_property KEEP_HIERARCHY = SOFT for design_1_i/xlslice_3. (constraint file  auto generated constraint).
Applied set_property KEEP_HIERARCHY = SOFT for design_1_i/axi_gpio_15. (constraint file  auto generated constraint).
Applied set_property KEEP_HIERARCHY = SOFT for design_1_i/axi_gpio_16. (constraint file  auto generated constraint).
Applied set_property KEEP_HIERARCHY = SOFT for design_1_i/axi_gpio_17. (constraint file  auto generated constraint).
Applied set_property KEEP_HIERARCHY = SOFT for design_1_i/axi_gpio_18. (constraint file  auto generated constraint).
Applied set_property KEEP_HIERARCHY = SOFT for design_1_i/ClockDivider_1. (constraint file  auto generated constraint).
Applied set_property KEEP_HIERARCHY = SOFT for design_1_i/ila_0. (constraint file  auto generated constraint).
Applied set_property KEEP_HIERARCHY = SOFT for design_1_i/ADC_READ. (constraint file  auto generated constraint).
Applied set_property KEEP_HIERARCHY = SOFT for design_1_i/DAC_CTRL_0. (constraint file  auto generated constraint).
Applied set_property KEEP_HIERARCHY = SOFT for design_1_i/DAC_CTRL_1. (constraint file  auto generated constraint).
Applied set_property KEEP_HIERARCHY = SOFT for design_1_i/DAC_CTRL_2. (constraint file  auto generated constraint).
Applied set_property KEEP_HIERARCHY = SOFT for design_1_i/DAC_CTRL_3. (constraint file  auto generated constraint).
---------------------------------------------------------------------------------
Finished applying 'set_property' XDC Constraints : Time (s): cpu = 00:00:12 ; elapsed = 00:00:13 . Memory (MB): peak = 3038.656 ; gain = 508.340
---------------------------------------------------------------------------------
---------------------------------------------------------------------------------
Finished RTL Optimization Phase 2 : Time (s): cpu = 00:00:12 ; elapsed = 00:00:13 . Memory (MB): peak = 3038.656 ; gain = 508.340
---------------------------------------------------------------------------------
---------------------------------------------------------------------------------
Start RTL Component Statistics 
---------------------------------------------------------------------------------
Detailed RTL Component Info : 
---------------------------------------------------------------------------------
Finished RTL Component Statistics 
---------------------------------------------------------------------------------
---------------------------------------------------------------------------------
Start Part Resource Summary
---------------------------------------------------------------------------------
Part Resources:
DSPs: 360 (col length:72)
BRAMs: 432 (col length: RAMB18 72 RAMB36 36)
---------------------------------------------------------------------------------
Finished Part Resource Summary
---------------------------------------------------------------------------------
---------------------------------------------------------------------------------
Start Cross Boundary and Area Optimization
---------------------------------------------------------------------------------
WARNING: [Synth 8-7080] Parallel synthesis criteria is not met
---------------------------------------------------------------------------------
Finished Cross Boundary and Area Optimization : Time (s): cpu = 00:00:13 ; elapsed = 00:00:14 . Memory (MB): peak = 3038.656 ; gain = 508.340
---------------------------------------------------------------------------------
---------------------------------------------------------------------------------
Start Applying XDC Timing Constraints
---------------------------------------------------------------------------------
---------------------------------------------------------------------------------
Finished Applying XDC Timing Constraints : Time (s): cpu = 00:00:21 ; elapsed = 00:00:22 . Memory (MB): peak = 3508.902 ; gain = 978.586
---------------------------------------------------------------------------------
---------------------------------------------------------------------------------
Start Timing Optimization
---------------------------------------------------------------------------------
---------------------------------------------------------------------------------
Finished Timing Optimization : Time (s): cpu = 00:00:21 ; elapsed = 00:00:22 . Memory (MB): peak = 3510.715 ; gain = 980.398
---------------------------------------------------------------------------------
---------------------------------------------------------------------------------
Start Technology Mapping
---------------------------------------------------------------------------------
---------------------------------------------------------------------------------
Finished Technology Mapping : Time (s): cpu = 00:00:21 ; elapsed = 00:00:22 . Memory (MB): peak = 3522.742 ; gain = 992.426
---------------------------------------------------------------------------------
---------------------------------------------------------------------------------
Start IO Insertion
---------------------------------------------------------------------------------
---------------------------------------------------------------------------------
Start Flattening Before IO Insertion
---------------------------------------------------------------------------------
---------------------------------------------------------------------------------
Finished Flattening Before IO Insertion
---------------------------------------------------------------------------------
---------------------------------------------------------------------------------
Start Final Netlist Cleanup
---------------------------------------------------------------------------------
---------------------------------------------------------------------------------
Finished Final Netlist Cleanup
---------------------------------------------------------------------------------
---------------------------------------------------------------------------------
Finished IO Insertion : Time (s): cpu = 00:00:23 ; elapsed = 00:00:24 . Memory (MB): peak = 3536.516 ; gain = 1006.199
---------------------------------------------------------------------------------
---------------------------------------------------------------------------------
Start Renaming Generated Instances
---------------------------------------------------------------------------------
---------------------------------------------------------------------------------
Finished Renaming Generated Instances : Time (s): cpu = 00:00:23 ; elapsed = 00:00:24 . Memory (MB): peak = 3536.516 ; gain = 1006.199
---------------------------------------------------------------------------------
---------------------------------------------------------------------------------
Start Rebuilding User Hierarchy
---------------------------------------------------------------------------------
---------------------------------------------------------------------------------
Finished Rebuilding User Hierarchy : Time (s): cpu = 00:00:23 ; elapsed = 00:00:24 . Memory (MB): peak = 3536.516 ; gain = 1006.199
---------------------------------------------------------------------------------
---------------------------------------------------------------------------------
Start Renaming Generated Ports
---------------------------------------------------------------------------------
---------------------------------------------------------------------------------
Finished Renaming Generated Ports : Time (s): cpu = 00:00:23 ; elapsed = 00:00:24 . Memory (MB): peak = 3536.516 ; gain = 1006.199
---------------------------------------------------------------------------------
---------------------------------------------------------------------------------
Start Handling Custom Attributes
---------------------------------------------------------------------------------
---------------------------------------------------------------------------------
Finished Handling Custom Attributes : Time (s): cpu = 00:00:23 ; elapsed = 00:00:24 . Memory (MB): peak = 3536.516 ; gain = 1006.199
---------------------------------------------------------------------------------
---------------------------------------------------------------------------------
Start Renaming Generated Nets
---------------------------------------------------------------------------------
---------------------------------------------------------------------------------
Finished Renaming Generated Nets : Time (s): cpu = 00:00:23 ; elapsed = 00:00:24 . Memory (MB): peak = 3536.516 ; gain = 1006.199
---------------------------------------------------------------------------------
---------------------------------------------------------------------------------
Start Writing Synthesis Report
---------------------------------------------------------------------------------

Report BlackBoxes: 
+------+-------------------------------+----------+
|      |BlackBox name                  |Instances |
+------+-------------------------------+----------+
|1     |design_1_tier2_xbar_0_0        |         1|
|2     |design_1_tier2_xbar_1_0        |         1|
|3     |design_1_tier2_xbar_2_0        |         1|
|4     |design_1_tier2_xbar_3_0        |         1|
|5     |design_1_xbar_0                |         1|
|6     |design_1_auto_ds_0             |         1|
|7     |design_1_auto_pc_0             |         1|
|8     |design_1_ADC_MinMax_0_0        |         1|
|9     |design_1_ADC_MinMax_0_1        |         1|
|10    |design_1_ADC_MinMax_0_2        |         1|
|11    |design_1_ADC_MinMax_0_3        |         1|
|12    |design_1_axi_gpio_19_0         |         1|
|13    |design_1_ClockDivider_0_0      |         1|
|14    |design_1_ClockDivider_0_1      |         1|
|15    |design_1_DAC_CTRL_0_0          |         1|
|16    |design_1_DAC_CTRL_0_1          |         1|
|17    |design_1_DAC_CTRL_0_2          |         1|
|18    |design_1_DAC_CTRL_0_3          |         1|
|19    |design_1_axi_gpio_0_1          |         1|
|20    |design_1_axi_gpio_1_0          |         1|
|21    |design_1_axi_gpio_9_0          |         1|
|22    |design_1_axi_gpio_3_1          |         1|
|23    |design_1_axi_gpio_2_3          |         1|
|24    |design_1_axi_gpio_3_2          |         1|
|25    |design_1_axi_gpio_14_0         |         1|
|26    |design_1_axi_gpio_15_0         |         1|
|27    |design_1_axi_gpio_16_0         |         1|
|28    |design_1_axi_gpio_17_0         |         1|
|29    |design_1_axi_gpio_18_0         |         1|
|30    |design_1_axi_gpio_1_1          |         1|
|31    |design_1_axi_gpio_2_0          |         1|
|32    |design_1_axi_gpio_2_1          |         1|
|33    |design_1_axi_gpio_3_0          |         1|
|34    |design_1_axi_gpio_2_2          |         1|
|35    |design_1_axi_gpio_8_0          |         1|
|36    |design_1_axi_gpio_0_2          |         1|
|37    |design_1_axi_gpio_0_0          |         1|
|38    |design_1_axi_iic_0_0           |         1|
|39    |design_1_axi_iic_0_1           |         1|
|40    |design_1_axi_iic_0_2           |         1|
|41    |design_1_axi_quad_spi_0_0      |         1|
|42    |design_1_axi_quad_spi_0_1      |         1|
|43    |design_1_clk_wiz_0_0           |         1|
|44    |design_1_ila_0_0               |         1|
|45    |design_1_proc_sys_reset_0_0    |         1|
|46    |design_1_util_ds_buf_10_1      |         1|
|47    |design_1_util_ds_buf_11_0      |         1|
|48    |design_1_util_ds_buf_0_0       |         1|
|49    |design_1_util_ds_buf_6_0       |         1|
|50    |design_1_util_ds_buf_0_1       |         1|
|51    |design_1_util_ds_buf_12_0      |         1|
|52    |design_1_util_ds_buf_10_0      |         1|
|53    |design_1_util_ds_buf_15_0      |         1|
|54    |design_1_util_ds_buf_16_0      |         1|
|55    |design_1_util_ds_buf_17_0      |         1|
|56    |design_1_util_ds_buf_18_0      |         1|
|57    |design_1_util_ds_buf_0_2       |         1|
|58    |design_1_util_ds_buf_1_0       |         1|
|59    |design_1_util_ds_buf_0_3       |         1|
|60    |design_1_util_ds_buf_1_1       |         1|
|61    |design_1_util_ds_buf_6_1       |         1|
|62    |design_1_util_ds_buf_7_0       |         1|
|63    |design_1_util_ds_buf_8_0       |         1|
|64    |design_1_util_ds_buf_9_0       |         1|
|65    |design_1_util_vector_logic_0_0 |         1|
|66    |design_1_zynq_ultra_ps_e_0_0   |         1|
+------+-------------------------------+----------+

Report Cell Usage: 
+------+-----------------------------+------+
|      |Cell                         |Count |
+------+-----------------------------+------+
|1     |design_1_ADC_MinMax_0        |     4|
|5     |design_1_ClockDivider_0      |     2|
|7     |design_1_DAC_CTRL_0          |     4|
|11    |design_1_auto_ds             |     1|
|12    |design_1_auto_pc             |     1|
|13    |design_1_axi_gpio_0          |     3|
|16    |design_1_axi_gpio_14         |     1|
|17    |design_1_axi_gpio_15         |     1|
|18    |design_1_axi_gpio_16         |     1|
|19    |design_1_axi_gpio_17         |     1|
|20    |design_1_axi_gpio_18         |     1|
|21    |design_1_axi_gpio_19         |     1|
|22    |design_1_axi_gpio_1          |     2|
|24    |design_1_axi_gpio_2          |     4|
|28    |design_1_axi_gpio_3          |     3|
|31    |design_1_axi_gpio_8          |     1|
|32    |design_1_axi_gpio_9          |     1|
|33    |design_1_axi_iic_0           |     3|
|36    |design_1_axi_quad_spi_0      |     2|
|38    |design_1_clk_wiz_0           |     1|
|39    |design_1_ila_0               |     1|
|40    |design_1_proc_sys_reset_0    |     1|
|41    |design_1_tier2_xbar_0        |     1|
|42    |design_1_tier2_xbar_1        |     1|
|43    |design_1_tier2_xbar_2        |     1|
|44    |design_1_tier2_xbar_3        |     1|
|45    |design_1_util_ds_buf_0       |     4|
|49    |design_1_util_ds_buf_10      |     2|
|51    |design_1_util_ds_buf_11      |     1|
|52    |design_1_util_ds_buf_12      |     1|
|53    |design_1_util_ds_buf_15      |     1|
|54    |design_1_util_ds_buf_16      |     1|
|55    |design_1_util_ds_buf_17      |     1|
|56    |design_1_util_ds_buf_18      |     1|
|57    |design_1_util_ds_buf_1       |     2|
|59    |design_1_util_ds_buf_6       |     2|
|61    |design_1_util_ds_buf_7       |     1|
|62    |design_1_util_ds_buf_8       |     1|
|63    |design_1_util_ds_buf_9       |     1|
|64    |design_1_util_vector_logic_0 |     1|
|65    |design_1_xbar                |     1|
|66    |design_1_zynq_ultra_ps_e_0   |     1|
|67    |IBUF                         |     2|
|68    |OBUF                         |    34|
+------+-----------------------------+------+
---------------------------------------------------------------------------------
Finished Writing Synthesis Report : Time (s): cpu = 00:00:23 ; elapsed = 00:00:24 . Memory (MB): peak = 3536.516 ; gain = 1006.199
---------------------------------------------------------------------------------
Synthesis finished with 0 errors, 0 critical warnings and 65 warnings.
Synthesis Optimization Runtime : Time (s): cpu = 00:00:15 ; elapsed = 00:00:20 . Memory (MB): peak = 3536.516 ; gain = 970.766
Synthesis Optimization Complete : Time (s): cpu = 00:00:23 ; elapsed = 00:00:24 . Memory (MB): peak = 3536.516 ; gain = 1006.199
INFO: [Project 1-571] Translating synthesized netlist
Netlist sorting complete. Time (s): cpu = 00:00:00 ; elapsed = 00:00:00.029 . Memory (MB): peak = 3548.578 ; gain = 0.000
INFO: [Netlist 29-17] Analyzing 2 Unisim elements for replacement
INFO: [Netlist 29-28] Unisim Transformation completed in 0 CPU seconds
INFO: [Project 1-570] Preparing netlist for logic optimization
INFO: [Opt 31-138] Pushed 0 inverter(s) to 0 load pin(s).
Netlist sorting complete. Time (s): cpu = 00:00:00 ; elapsed = 00:00:00.001 . Memory (MB): peak = 3581.129 ; gain = 0.000
INFO: [Project 1-111] Unisim Transformation Summary:
  A total of 2 instances were transformed.
  IBUF => IBUF (IBUFCTRL, INBUF): 2 instances

Synth Design complete | Checksum: 294860c
INFO: [Common 17-83] Releasing license: Synthesis
328 Infos, 151 Warnings, 0 Critical Warnings and 0 Errors encountered.
synth_design completed successfully
synth_design: Time (s): cpu = 00:00:28 ; elapsed = 00:00:30 . Memory (MB): peak = 3581.129 ; gain = 1997.531
INFO: [Common 17-1381] The checkpoint 'C:/Xilinx/Projects/DRC_Rev2.0_Deliverables/Vivado2023.1/DRC_Rev2.0_FW/project_1.runs/synth_1/design_1_wrapper.dcp' has been generated.
INFO: [runtcl-4] Executing : report_utilization -file design_1_wrapper_utilization_synth.rpt -pb design_1_wrapper_utilization_synth.pb
INFO: [Common 17-206] Exiting Vivado at Mon Apr 14 01:00:04 2025...
