19:49:04 DEBUG : Logs will be stored at 'C:/Xilinx/Projects/DRC_Rev2.0_Deliverables/Vitis2023.1/DRC_Rev2.0_SW/IDE.log'.
19:49:10 INFO  : Launching XSCT server: xsct.bat -n  -interactive C:\Xilinx\Projects\DRC_Rev2.0_Deliverables\Vitis2023.1\DRC_Rev2.0_SW\temp_xsdb_launch_script.tcl
19:49:10 INFO  : Registering command handlers for Vitis TCF services
19:49:11 INFO  : Platform repository initialization has completed.
19:49:12 INFO  : XSCT server has started successfully.
19:49:12 INFO  : Successfully done setting XSCT server connection channel  
19:49:12 INFO  : plnx-install-location is set to ''
19:49:12 INFO  : Successfully done setting workspace for the tool. 
19:49:12 INFO  : Successfully done query RDI_DATADIR 
19:50:04 INFO  : Result from executing command 'getProjects': DRCPlatform
19:50:04 INFO  : Result from executing command 'getPlatforms': xilinx_vck190_base_202310_1|C:/Xilinx/Vitis/2023.1/base_platforms/xilinx_vck190_base_202310_1/xilinx_vck190_base_202310_1.xpfm;xilinx_vck190_base_dfx_202310_1|C:/Xilinx/Vitis/2023.1/base_platforms/xilinx_vck190_base_dfx_202310_1/xilinx_vck190_base_dfx_202310_1.xpfm;xilinx_vek280_es1_base_202310_1|C:/Xilinx/Vitis/2023.1/base_platforms/xilinx_vek280_es1_base_202310_1/xilinx_vek280_es1_base_202310_1.xpfm;xilinx_vmk180_base_202310_1|C:/Xilinx/Vitis/2023.1/base_platforms/xilinx_vmk180_base_202310_1/xilinx_vmk180_base_202310_1.xpfm;xilinx_zcu102_base_202310_1|C:/Xilinx/Vitis/2023.1/base_platforms/xilinx_zcu102_base_202310_1/xilinx_zcu102_base_202310_1.xpfm;xilinx_zcu102_base_dfx_202310_1|C:/Xilinx/Vitis/2023.1/base_platforms/xilinx_zcu102_base_dfx_202310_1/xilinx_zcu102_base_dfx_202310_1.xpfm;xilinx_zcu104_base_202310_1|C:/Xilinx/Vitis/2023.1/base_platforms/xilinx_zcu104_base_202310_1/xilinx_zcu104_base_202310_1.xpfm
19:51:13 INFO  : Result from executing command 'getProjects': DRCPlatform
19:51:13 INFO  : Result from executing command 'getPlatforms': DRCPlatform|C:/Xilinx/Projects/DRC_Rev2.0_Deliverables/Vitis2023.1/DRC_Rev2.0_SW/DRCPlatform/export/DRCPlatform/DRCPlatform.xpfm;xilinx_vck190_base_202310_1|C:/Xilinx/Vitis/2023.1/base_platforms/xilinx_vck190_base_202310_1/xilinx_vck190_base_202310_1.xpfm;xilinx_vck190_base_dfx_202310_1|C:/Xilinx/Vitis/2023.1/base_platforms/xilinx_vck190_base_dfx_202310_1/xilinx_vck190_base_dfx_202310_1.xpfm;xilinx_vek280_es1_base_202310_1|C:/Xilinx/Vitis/2023.1/base_platforms/xilinx_vek280_es1_base_202310_1/xilinx_vek280_es1_base_202310_1.xpfm;xilinx_vmk180_base_202310_1|C:/Xilinx/Vitis/2023.1/base_platforms/xilinx_vmk180_base_202310_1/xilinx_vmk180_base_202310_1.xpfm;xilinx_zcu102_base_202310_1|C:/Xilinx/Vitis/2023.1/base_platforms/xilinx_zcu102_base_202310_1/xilinx_zcu102_base_202310_1.xpfm;xilinx_zcu102_base_dfx_202310_1|C:/Xilinx/Vitis/2023.1/base_platforms/xilinx_zcu102_base_dfx_202310_1/xilinx_zcu102_base_dfx_202310_1.xpfm;xilinx_zcu104_base_202310_1|C:/Xilinx/Vitis/2023.1/base_platforms/xilinx_zcu104_base_202310_1/xilinx_zcu104_base_202310_1.xpfm
19:53:47 INFO  : Checking for BSP changes to sync application flags for project 'DRC_Rev2_0_Deliverables_Application'...
21:45:31 DEBUG : Logs will be stored at 'C:/Xilinx/Projects/DRC_Rev2.0_Deliverables/Vitis2023.1/DRC_Rev2.0_SW/IDE.log'.
21:45:32 INFO  : Launching XSCT server: xsct.bat -n  -interactive C:\Xilinx\Projects\DRC_Rev2.0_Deliverables\Vitis2023.1\DRC_Rev2.0_SW\temp_xsdb_launch_script.tcl
21:45:34 INFO  : XSCT server has started successfully.
21:45:34 INFO  : Successfully done setting XSCT server connection channel  
21:45:34 INFO  : plnx-install-location is set to ''
21:45:34 INFO  : Successfully done setting workspace for the tool. 
21:45:35 INFO  : Registering command handlers for Vitis TCF services
21:45:35 INFO  : Successfully done query RDI_DATADIR 
21:45:35 INFO  : Platform repository initialization has completed.
21:57:56 DEBUG : Logs will be stored at 'C:/Xilinx/Projects/DRC_Rev2.0_Deliverables/Vitis2023.1/DRC_Rev2.0_SW/IDE.log'.
21:57:57 INFO  : Launching XSCT server: xsct.bat -n  -interactive C:\Xilinx\Projects\DRC_Rev2.0_Deliverables\Vitis2023.1\DRC_Rev2.0_SW\temp_xsdb_launch_script.tcl
21:57:59 INFO  : XSCT server has started successfully.
21:57:59 INFO  : plnx-install-location is set to ''
21:57:59 INFO  : Successfully done setting XSCT server connection channel  
21:57:59 INFO  : Successfully done setting workspace for the tool. 
21:58:00 INFO  : Registering command handlers for Vitis TCF services
21:58:00 INFO  : Successfully done query RDI_DATADIR 
21:58:01 INFO  : Platform repository initialization has completed.
21:58:59 INFO  : Hardware specification for platform project 'DRCPlatform' is updated.
21:59:42 INFO  : Connected to target on host '127.0.0.1' and port '3121'.
21:59:43 INFO  : Jtag cable 'Digilent JTAG-HS3 210299BBCD36' is selected.
21:59:43 INFO  : 'jtag frequency' command is executed.
21:59:43 INFO  : Sourcing of 'C:/Xilinx/Vitis/2023.1/scripts/vitis/util/zynqmp_utils.tcl' is done.
21:59:43 INFO  : Context for 'APU' is selected.
21:59:43 INFO  : System reset is completed.
21:59:46 INFO  : 'after 3000' command is executed.
21:59:46 INFO  : 'targets -set -filter {jtag_cable_name =~ "Digilent JTAG-HS3 210299BBCD36" && level==0 && jtag_device_ctx=="jsn-JTAG-HS3-210299BBCD36-14710093-0"}' command is executed.
21:59:50 INFO  : Device configured successfully with "C:/Xilinx/Projects/DRC_Rev2.0_Deliverables/Vitis2023.1/DRC_Rev2.0_SW/DRC_Rev2_0_Deliverables_Application/_ide/bitstream/DRC_Rev2.0_Deliverable.bit"
21:59:50 INFO  : Context for 'APU' is selected.
21:59:50 INFO  : Hardware design and registers information is loaded from 'C:/Xilinx/Projects/DRC_Rev2.0_Deliverables/Vitis2023.1/DRC_Rev2.0_SW/DRCPlatform/export/DRCPlatform/hw/DRC_Rev2.0_Deliverable.xsa'.
21:59:50 INFO  : 'configparams force-mem-access 1' command is executed.
21:59:50 INFO  : Context for 'APU' is selected.
21:59:50 INFO  : Boot mode is read from the target.
21:59:50 INFO  : Context for processor 'psu_cortexa53_0' is selected.
21:59:50 INFO  : Processor reset is completed for 'psu_cortexa53_0'.
21:59:51 INFO  : The application 'C:/Xilinx/Projects/DRC_Rev2.0_Deliverables/Vitis2023.1/DRC_Rev2.0_SW/DRCPlatform/export/DRCPlatform/sw/DRCPlatform/boot/fsbl.elf' is downloaded to processor 'psu_cortexa53_0'.
21:59:51 INFO  : 'set bp_59_51_fsbl_bp [bpadd -addr &XFsbl_Exit]' command is executed.
21:59:52 INFO  : 'con -block -timeout 60' command is executed.
21:59:52 INFO  : 'bpremove $bp_59_51_fsbl_bp' command is executed.
21:59:52 INFO  : Context for processor 'psu_cortexa53_0' is selected.
21:59:52 INFO  : Processor reset is completed for 'psu_cortexa53_0'.
21:59:53 INFO  : The application 'C:/Xilinx/Projects/DRC_Rev2.0_Deliverables/Vitis2023.1/DRC_Rev2.0_SW/DRC_Rev2_0_Deliverables_Application/Debug/DRC_Rev2_0_Deliverables_Application.elf' is downloaded to processor 'psu_cortexa53_0'.
21:59:53 INFO  : 'configparams force-mem-access 0' command is executed.
21:59:53 INFO  : ----------------XSDB Script----------------
connect -url tcp:127.0.0.1:3121
source C:/Xilinx/Vitis/2023.1/scripts/vitis/util/zynqmp_utils.tcl
targets -set -nocase -filter {name =~"APU*"}
rst -system
after 3000
targets -set -filter {jtag_cable_name =~ "Digilent JTAG-HS3 210299BBCD36" && level==0 && jtag_device_ctx=="jsn-JTAG-HS3-210299BBCD36-14710093-0"}
fpga -file C:/Xilinx/Projects/DRC_Rev2.0_Deliverables/Vitis2023.1/DRC_Rev2.0_SW/DRC_Rev2_0_Deliverables_Application/_ide/bitstream/DRC_Rev2.0_Deliverable.bit
targets -set -nocase -filter {name =~"APU*"}
loadhw -hw C:/Xilinx/Projects/DRC_Rev2.0_Deliverables/Vitis2023.1/DRC_Rev2.0_SW/DRCPlatform/export/DRCPlatform/hw/DRC_Rev2.0_Deliverable.xsa -mem-ranges [list {0x80000000 0xbfffffff} {0x400000000 0x5ffffffff} {0x1000000000 0x7fffffffff}] -regs
configparams force-mem-access 1
targets -set -nocase -filter {name =~"APU*"}
set mode [expr [mrd -value 0xFF5E0200] & 0xf]
targets -set -nocase -filter {name =~ "*A53*#0"}
rst -processor
dow C:/Xilinx/Projects/DRC_Rev2.0_Deliverables/Vitis2023.1/DRC_Rev2.0_SW/DRCPlatform/export/DRCPlatform/sw/DRCPlatform/boot/fsbl.elf
set bp_59_51_fsbl_bp [bpadd -addr &XFsbl_Exit]
con -block -timeout 60
bpremove $bp_59_51_fsbl_bp
targets -set -nocase -filter {name =~ "*A53*#0"}
rst -processor
dow C:/Xilinx/Projects/DRC_Rev2.0_Deliverables/Vitis2023.1/DRC_Rev2.0_SW/DRC_Rev2_0_Deliverables_Application/Debug/DRC_Rev2_0_Deliverables_Application.elf
configparams force-mem-access 0
----------------End of Script----------------

21:59:53 INFO  : Context for processor 'psu_cortexa53_0' is selected.
21:59:53 INFO  : 'con' command is executed.
21:59:53 INFO  : ----------------XSDB Script (After Launch)----------------
targets -set -nocase -filter {name =~ "*A53*#0"}
con
----------------End of Script----------------

21:59:53 INFO  : Launch script is exported to file 'C:\Xilinx\Projects\DRC_Rev2.0_Deliverables\Vitis2023.1\DRC_Rev2.0_SW\DRC_Rev2_0_Deliverables_Application_system\_ide\scripts\systemdebugger_drc_rev2_0_deliverables_application_system_standalone.tcl'
22:01:27 INFO  : Disconnected from the channel tcfchan#1.
22:01:28 INFO  : Connected to target on host '127.0.0.1' and port '3121'.
22:01:37 INFO  : ----------------XSDB Script----------------
connect -url tcp:127.0.0.1:3121
----------------End of Script----------------

22:01:37 ERROR : Could not find ARM device on the board for connection 'Local'.
Check if the target is in:
1. Split JTAG - No operations are possible with ARM DAP.
2. Non JTAG bootmode - Bootrom may need time to enable DAP.
Please try again.


Troubleshooting hints:
1. Check whether board is connected to system properly.
2. In case of zynq board, check whether Digilent/Xilinx cable switch settings are correct.
3. If you are using Xilinx Platform Cable USB, ensure that status LED is green.
22:01:42 INFO  : Connected to target on host '127.0.0.1' and port '3121'.
22:01:42 INFO  : Jtag cable 'Digilent JTAG-HS3 210299BBCD36' is selected.
22:01:42 INFO  : 'jtag frequency' command is executed.
22:01:42 INFO  : Sourcing of 'C:/Xilinx/Vitis/2023.1/scripts/vitis/util/zynqmp_utils.tcl' is done.
22:01:42 INFO  : Context for 'APU' is selected.
22:01:42 INFO  : System reset is completed.
22:01:45 INFO  : 'after 3000' command is executed.
22:01:45 INFO  : 'targets -set -filter {jtag_cable_name =~ "Digilent JTAG-HS3 210299BBCD36" && level==0 && jtag_device_ctx=="jsn-JTAG-HS3-210299BBCD36-14710093-0"}' command is executed.
22:01:48 INFO  : Device configured successfully with "C:/Xilinx/Projects/DRC_Rev2.0_Deliverables/Vitis2023.1/DRC_Rev2.0_SW/DRC_Rev2_0_Deliverables_Application/_ide/bitstream/DRC_Rev2.0_Deliverable.bit"
22:01:48 INFO  : Context for 'APU' is selected.
22:01:49 INFO  : Hardware design and registers information is loaded from 'C:/Xilinx/Projects/DRC_Rev2.0_Deliverables/Vitis2023.1/DRC_Rev2.0_SW/DRCPlatform/export/DRCPlatform/hw/DRC_Rev2.0_Deliverable.xsa'.
22:01:49 INFO  : 'configparams force-mem-access 1' command is executed.
22:01:49 INFO  : Context for 'APU' is selected.
22:01:49 INFO  : Boot mode is read from the target.
22:01:49 INFO  : Context for processor 'psu_cortexa53_0' is selected.
22:01:49 INFO  : Processor reset is completed for 'psu_cortexa53_0'.
22:01:49 INFO  : The application 'C:/Xilinx/Projects/DRC_Rev2.0_Deliverables/Vitis2023.1/DRC_Rev2.0_SW/DRCPlatform/export/DRCPlatform/sw/DRCPlatform/boot/fsbl.elf' is downloaded to processor 'psu_cortexa53_0'.
22:01:49 INFO  : 'set bp_1_49_fsbl_bp [bpadd -addr &XFsbl_Exit]' command is executed.
22:01:50 INFO  : 'con -block -timeout 60' command is executed.
22:01:50 INFO  : 'bpremove $bp_1_49_fsbl_bp' command is executed.
22:01:50 INFO  : Context for processor 'psu_cortexa53_0' is selected.
22:01:50 INFO  : Processor reset is completed for 'psu_cortexa53_0'.
22:01:51 INFO  : The application 'C:/Xilinx/Projects/DRC_Rev2.0_Deliverables/Vitis2023.1/DRC_Rev2.0_SW/DRC_Rev2_0_Deliverables_Application/Debug/DRC_Rev2_0_Deliverables_Application.elf' is downloaded to processor 'psu_cortexa53_0'.
22:01:51 INFO  : 'configparams force-mem-access 0' command is executed.
22:01:51 INFO  : ----------------XSDB Script----------------
connect -url tcp:127.0.0.1:3121
source C:/Xilinx/Vitis/2023.1/scripts/vitis/util/zynqmp_utils.tcl
targets -set -nocase -filter {name =~"APU*"}
rst -system
after 3000
targets -set -filter {jtag_cable_name =~ "Digilent JTAG-HS3 210299BBCD36" && level==0 && jtag_device_ctx=="jsn-JTAG-HS3-210299BBCD36-14710093-0"}
fpga -file C:/Xilinx/Projects/DRC_Rev2.0_Deliverables/Vitis2023.1/DRC_Rev2.0_SW/DRC_Rev2_0_Deliverables_Application/_ide/bitstream/DRC_Rev2.0_Deliverable.bit
targets -set -nocase -filter {name =~"APU*"}
loadhw -hw C:/Xilinx/Projects/DRC_Rev2.0_Deliverables/Vitis2023.1/DRC_Rev2.0_SW/DRCPlatform/export/DRCPlatform/hw/DRC_Rev2.0_Deliverable.xsa -mem-ranges [list {0x80000000 0xbfffffff} {0x400000000 0x5ffffffff} {0x1000000000 0x7fffffffff}] -regs
configparams force-mem-access 1
targets -set -nocase -filter {name =~"APU*"}
set mode [expr [mrd -value 0xFF5E0200] & 0xf]
targets -set -nocase -filter {name =~ "*A53*#0"}
rst -processor
dow C:/Xilinx/Projects/DRC_Rev2.0_Deliverables/Vitis2023.1/DRC_Rev2.0_SW/DRCPlatform/export/DRCPlatform/sw/DRCPlatform/boot/fsbl.elf
set bp_1_49_fsbl_bp [bpadd -addr &XFsbl_Exit]
con -block -timeout 60
bpremove $bp_1_49_fsbl_bp
targets -set -nocase -filter {name =~ "*A53*#0"}
rst -processor
dow C:/Xilinx/Projects/DRC_Rev2.0_Deliverables/Vitis2023.1/DRC_Rev2.0_SW/DRC_Rev2_0_Deliverables_Application/Debug/DRC_Rev2_0_Deliverables_Application.elf
configparams force-mem-access 0
----------------End of Script----------------

22:01:51 INFO  : Context for processor 'psu_cortexa53_0' is selected.
22:01:51 INFO  : 'con' command is executed.
22:01:51 INFO  : ----------------XSDB Script (After Launch)----------------
targets -set -nocase -filter {name =~ "*A53*#0"}
con
----------------End of Script----------------

22:01:51 INFO  : Launch script is exported to file 'C:\Xilinx\Projects\DRC_Rev2.0_Deliverables\Vitis2023.1\DRC_Rev2.0_SW\DRC_Rev2_0_Deliverables_Application_system\_ide\scripts\systemdebugger_drc_rev2_0_deliverables_application_system_standalone.tcl'
22:04:10 INFO  : Result from executing command 'getProjects': DRCPlatform
22:04:10 INFO  : Result from executing command 'getPlatforms': DRCPlatform|C:/Xilinx/Projects/DRC_Rev2.0_Deliverables/Vitis2023.1/DRC_Rev2.0_SW/DRCPlatform/export/DRCPlatform/DRCPlatform.xpfm;xilinx_vck190_base_202310_1|C:/Xilinx/Vitis/2023.1/base_platforms/xilinx_vck190_base_202310_1/xilinx_vck190_base_202310_1.xpfm;xilinx_vck190_base_dfx_202310_1|C:/Xilinx/Vitis/2023.1/base_platforms/xilinx_vck190_base_dfx_202310_1/xilinx_vck190_base_dfx_202310_1.xpfm;xilinx_vek280_es1_base_202310_1|C:/Xilinx/Vitis/2023.1/base_platforms/xilinx_vek280_es1_base_202310_1/xilinx_vek280_es1_base_202310_1.xpfm;xilinx_vmk180_base_202310_1|C:/Xilinx/Vitis/2023.1/base_platforms/xilinx_vmk180_base_202310_1/xilinx_vmk180_base_202310_1.xpfm;xilinx_zcu102_base_202310_1|C:/Xilinx/Vitis/2023.1/base_platforms/xilinx_zcu102_base_202310_1/xilinx_zcu102_base_202310_1.xpfm;xilinx_zcu102_base_dfx_202310_1|C:/Xilinx/Vitis/2023.1/base_platforms/xilinx_zcu102_base_dfx_202310_1/xilinx_zcu102_base_dfx_202310_1.xpfm;xilinx_zcu104_base_202310_1|C:/Xilinx/Vitis/2023.1/base_platforms/xilinx_zcu104_base_202310_1/xilinx_zcu104_base_202310_1.xpfm
22:04:14 INFO  : Checking for BSP changes to sync application flags for project 'DRC_Rev2_0_Deliverables_Application'...
22:04:19 INFO  : Updating application flags with new BSP settings...
22:04:19 INFO  : Successfully updated application flags for project DRC_Rev2_0_Deliverables_Application.
22:04:27 INFO  : Disconnected from the channel tcfchan#2.
22:04:27 INFO  : The hardware specification used by project 'DRC_Rev2_0_Deliverables_Application' is out of sync with the platform. Resource files extracted from the hardware specification will be updated.
22:04:27 INFO  : The file 'C:\Xilinx\Projects\DRC_Rev2.0_Deliverables\Vitis2023.1\DRC_Rev2.0_SW\DRC_Rev2_0_Deliverables_Application\_ide\bitstream\DRC_Rev2.0_Deliverable.bit' stored in project is removed.
22:04:27 INFO  : The updated bitstream files are copied from platform to folder 'C:\Xilinx\Projects\DRC_Rev2.0_Deliverables\Vitis2023.1\DRC_Rev2.0_SW\DRC_Rev2_0_Deliverables_Application\_ide\bitstream' in project 'DRC_Rev2_0_Deliverables_Application'.
22:04:27 INFO  : The file 'C:\Xilinx\Projects\DRC_Rev2.0_Deliverables\Vitis2023.1\DRC_Rev2.0_SW\DRC_Rev2_0_Deliverables_Application\_ide\psinit\psu_init.tcl' stored in project is removed.
22:04:27 INFO  : The updated ps init files are copied from platform to folder 'C:\Xilinx\Projects\DRC_Rev2.0_Deliverables\Vitis2023.1\DRC_Rev2.0_SW\DRC_Rev2_0_Deliverables_Application\_ide\psinit' in project 'DRC_Rev2_0_Deliverables_Application'.
22:04:28 INFO  : Connected to target on host '127.0.0.1' and port '3121'.
22:04:29 INFO  : Jtag cable 'Digilent JTAG-HS3 210299BBCD36' is selected.
22:04:29 INFO  : 'jtag frequency' command is executed.
22:04:29 INFO  : Sourcing of 'C:/Xilinx/Vitis/2023.1/scripts/vitis/util/zynqmp_utils.tcl' is done.
22:04:29 INFO  : Context for 'APU' is selected.
22:04:29 INFO  : System reset is completed.
22:04:32 INFO  : 'after 3000' command is executed.
22:04:32 INFO  : 'targets -set -filter {jtag_cable_name =~ "Digilent JTAG-HS3 210299BBCD36" && level==0 && jtag_device_ctx=="jsn-JTAG-HS3-210299BBCD36-14710093-0"}' command is executed.
22:04:32 ERROR : couldn't open "C:/Xilinx/Projects/DRC_Rev2.0_Deliverables/Vitis2023.1/DRC_Rev2.0_SW/DRC_Rev2_0_Deliverables_Application/_ide/bitstream/DRC_Rev2.0_Deliverable.bit": no such file or directory
22:04:32 ERROR : Exception occured while running Program Device.
java.lang.RuntimeException: couldn't open "C:/Xilinx/Projects/DRC_Rev2.0_Deliverables/Vitis2023.1/DRC_Rev2.0_SW/DRC_Rev2_0_Deliverables_Application/_ide/bitstream/DRC_Rev2.0_Deliverable.bit": no such file or directory
22:04:32 INFO  : ----------------XSDB Script----------------
connect -url tcp:127.0.0.1:3121
source C:/Xilinx/Vitis/2023.1/scripts/vitis/util/zynqmp_utils.tcl
targets -set -nocase -filter {name =~"APU*"}
rst -system
after 3000
----------------End of Script----------------

22:04:32 ERROR : couldn't open "C:/Xilinx/Projects/DRC_Rev2.0_Deliverables/Vitis2023.1/DRC_Rev2.0_SW/DRC_Rev2_0_Deliverables_Application/_ide/bitstream/DRC_Rev2.0_Deliverable.bit": no such file or directory
22:04:38 INFO  : Connected to target on host '127.0.0.1' and port '3121'.
22:04:38 INFO  : Jtag cable 'Digilent JTAG-HS3 210299BBCD36' is selected.
22:04:38 INFO  : 'jtag frequency' command is executed.
22:04:38 INFO  : Sourcing of 'C:/Xilinx/Vitis/2023.1/scripts/vitis/util/zynqmp_utils.tcl' is done.
22:04:38 INFO  : Context for 'APU' is selected.
22:04:39 INFO  : System reset is completed.
22:04:42 INFO  : 'after 3000' command is executed.
22:04:42 INFO  : 'targets -set -filter {jtag_cable_name =~ "Digilent JTAG-HS3 210299BBCD36" && level==0 && jtag_device_ctx=="jsn-JTAG-HS3-210299BBCD36-14710093-0"}' command is executed.
22:04:42 ERROR : couldn't open "C:/Xilinx/Projects/DRC_Rev2.0_Deliverables/Vitis2023.1/DRC_Rev2.0_SW/DRC_Rev2_0_Deliverables_Application/_ide/bitstream/DRC_Rev2.0_Deliverable.bit": no such file or directory
22:04:42 ERROR : Exception occured while running Program Device.
java.lang.RuntimeException: couldn't open "C:/Xilinx/Projects/DRC_Rev2.0_Deliverables/Vitis2023.1/DRC_Rev2.0_SW/DRC_Rev2_0_Deliverables_Application/_ide/bitstream/DRC_Rev2.0_Deliverable.bit": no such file or directory
22:04:42 INFO  : ----------------XSDB Script----------------
connect -url tcp:127.0.0.1:3121
source C:/Xilinx/Vitis/2023.1/scripts/vitis/util/zynqmp_utils.tcl
targets -set -nocase -filter {name =~"APU*"}
rst -system
after 3000
----------------End of Script----------------

22:04:42 ERROR : couldn't open "C:/Xilinx/Projects/DRC_Rev2.0_Deliverables/Vitis2023.1/DRC_Rev2.0_SW/DRC_Rev2_0_Deliverables_Application/_ide/bitstream/DRC_Rev2.0_Deliverable.bit": no such file or directory
22:04:55 INFO  : Connected to target on host '127.0.0.1' and port '3121'.
22:04:55 INFO  : Jtag cable 'Digilent JTAG-HS3 210299BBCD36' is selected.
22:04:55 INFO  : 'jtag frequency' command is executed.
22:04:55 INFO  : Sourcing of 'C:/Xilinx/Vitis/2023.1/scripts/vitis/util/zynqmp_utils.tcl' is done.
22:04:55 INFO  : Context for 'APU' is selected.
22:04:55 INFO  : System reset is completed.
22:04:58 INFO  : 'after 3000' command is executed.
22:04:59 INFO  : 'targets -set -filter {jtag_cable_name =~ "Digilent JTAG-HS3 210299BBCD36" && level==0 && jtag_device_ctx=="jsn-JTAG-HS3-210299BBCD36-14710093-0"}' command is executed.
22:05:02 INFO  : Device configured successfully with "C:/Xilinx/Projects/DRC_Rev2.0_Deliverables/Vitis2023.1/DRC_Rev2.0_SW/DRC_Rev2_0_Deliverables_Application/_ide/bitstream/DRC_Rev2_0_Deliverables.bit"
22:05:02 INFO  : Context for 'APU' is selected.
22:05:03 INFO  : Hardware design and registers information is loaded from 'C:/Xilinx/Projects/DRC_Rev2.0_Deliverables/Vitis2023.1/DRC_Rev2.0_SW/DRCPlatform/export/DRCPlatform/hw/DRC_Rev2_0_Deliverables.xsa'.
22:05:03 INFO  : 'configparams force-mem-access 1' command is executed.
22:05:03 INFO  : Context for 'APU' is selected.
22:05:03 INFO  : Boot mode is read from the target.
22:05:03 INFO  : Context for processor 'psu_cortexa53_0' is selected.
22:05:03 INFO  : Processor reset is completed for 'psu_cortexa53_0'.
22:05:03 INFO  : The application 'C:/Xilinx/Projects/DRC_Rev2.0_Deliverables/Vitis2023.1/DRC_Rev2.0_SW/DRCPlatform/export/DRCPlatform/sw/DRCPlatform/boot/fsbl.elf' is downloaded to processor 'psu_cortexa53_0'.
22:05:03 INFO  : 'set bp_5_3_fsbl_bp [bpadd -addr &XFsbl_Exit]' command is executed.
22:05:04 INFO  : 'con -block -timeout 60' command is executed.
22:05:04 INFO  : 'bpremove $bp_5_3_fsbl_bp' command is executed.
22:05:04 INFO  : Context for processor 'psu_cortexa53_0' is selected.
22:05:04 INFO  : Processor reset is completed for 'psu_cortexa53_0'.
22:05:05 INFO  : The application 'C:/Xilinx/Projects/DRC_Rev2.0_Deliverables/Vitis2023.1/DRC_Rev2.0_SW/DRC_Rev2_0_Deliverables_Application/Debug/DRC_Rev2_0_Deliverables_Application.elf' is downloaded to processor 'psu_cortexa53_0'.
22:05:05 INFO  : 'configparams force-mem-access 0' command is executed.
22:05:05 INFO  : ----------------XSDB Script----------------
connect -url tcp:127.0.0.1:3121
source C:/Xilinx/Vitis/2023.1/scripts/vitis/util/zynqmp_utils.tcl
targets -set -nocase -filter {name =~"APU*"}
rst -system
after 3000
targets -set -filter {jtag_cable_name =~ "Digilent JTAG-HS3 210299BBCD36" && level==0 && jtag_device_ctx=="jsn-JTAG-HS3-210299BBCD36-14710093-0"}
fpga -file C:/Xilinx/Projects/DRC_Rev2.0_Deliverables/Vitis2023.1/DRC_Rev2.0_SW/DRC_Rev2_0_Deliverables_Application/_ide/bitstream/DRC_Rev2_0_Deliverables.bit
targets -set -nocase -filter {name =~"APU*"}
loadhw -hw C:/Xilinx/Projects/DRC_Rev2.0_Deliverables/Vitis2023.1/DRC_Rev2.0_SW/DRCPlatform/export/DRCPlatform/hw/DRC_Rev2_0_Deliverables.xsa -mem-ranges [list {0x80000000 0xbfffffff} {0x400000000 0x5ffffffff} {0x1000000000 0x7fffffffff}] -regs
configparams force-mem-access 1
targets -set -nocase -filter {name =~"APU*"}
set mode [expr [mrd -value 0xFF5E0200] & 0xf]
targets -set -nocase -filter {name =~ "*A53*#0"}
rst -processor
dow C:/Xilinx/Projects/DRC_Rev2.0_Deliverables/Vitis2023.1/DRC_Rev2.0_SW/DRCPlatform/export/DRCPlatform/sw/DRCPlatform/boot/fsbl.elf
set bp_5_3_fsbl_bp [bpadd -addr &XFsbl_Exit]
con -block -timeout 60
bpremove $bp_5_3_fsbl_bp
targets -set -nocase -filter {name =~ "*A53*#0"}
rst -processor
dow C:/Xilinx/Projects/DRC_Rev2.0_Deliverables/Vitis2023.1/DRC_Rev2.0_SW/DRC_Rev2_0_Deliverables_Application/Debug/DRC_Rev2_0_Deliverables_Application.elf
configparams force-mem-access 0
----------------End of Script----------------

22:05:05 INFO  : Context for processor 'psu_cortexa53_0' is selected.
22:05:05 INFO  : 'con' command is executed.
22:05:05 INFO  : ----------------XSDB Script (After Launch)----------------
targets -set -nocase -filter {name =~ "*A53*#0"}
con
----------------End of Script----------------

22:05:05 INFO  : Launch script is exported to file 'C:\Xilinx\Projects\DRC_Rev2.0_Deliverables\Vitis2023.1\DRC_Rev2.0_SW\DRC_Rev2_0_Deliverables_Application_system\_ide\scripts\systemdebugger_drc_rev2_0_deliverables_application_system_2_standalone.tcl'
22:35:48 INFO  : Disconnected from the channel tcfchan#4.
22:35:49 INFO  : Connected to target on host '127.0.0.1' and port '3121'.
22:35:49 INFO  : Jtag cable 'Digilent JTAG-HS3 210299BBCD36' is selected.
22:35:49 INFO  : 'jtag frequency' command is executed.
22:35:49 INFO  : Sourcing of 'C:/Xilinx/Vitis/2023.1/scripts/vitis/util/zynqmp_utils.tcl' is done.
22:35:49 INFO  : Context for 'APU' is selected.
22:35:49 INFO  : System reset is completed.
22:35:52 INFO  : 'after 3000' command is executed.
22:35:53 INFO  : 'targets -set -filter {jtag_cable_name =~ "Digilent JTAG-HS3 210299BBCD36" && level==0 && jtag_device_ctx=="jsn-JTAG-HS3-210299BBCD36-14710093-0"}' command is executed.
22:35:53 ERROR : couldn't open "C:/Xilinx/Projects/DRC_Rev2.0_Deliverables/Vitis2023.1/DRC_Rev2.0_SW/DRC_Rev2_0_Deliverables_Application/_ide/bitstream/DRC_Rev2.0_Deliverable.bit": no such file or directory
22:35:53 ERROR : Exception occured while running Program Device.
java.lang.RuntimeException: couldn't open "C:/Xilinx/Projects/DRC_Rev2.0_Deliverables/Vitis2023.1/DRC_Rev2.0_SW/DRC_Rev2_0_Deliverables_Application/_ide/bitstream/DRC_Rev2.0_Deliverable.bit": no such file or directory
22:35:53 INFO  : ----------------XSDB Script----------------
connect -url tcp:127.0.0.1:3121
source C:/Xilinx/Vitis/2023.1/scripts/vitis/util/zynqmp_utils.tcl
targets -set -nocase -filter {name =~"APU*"}
rst -system
after 3000
----------------End of Script----------------

22:35:53 ERROR : couldn't open "C:/Xilinx/Projects/DRC_Rev2.0_Deliverables/Vitis2023.1/DRC_Rev2.0_SW/DRC_Rev2_0_Deliverables_Application/_ide/bitstream/DRC_Rev2.0_Deliverable.bit": no such file or directory
22:36:16 INFO  : Connected to target on host '127.0.0.1' and port '3121'.
22:36:16 INFO  : Jtag cable 'Digilent JTAG-HS3 210299BBCD36' is selected.
22:36:16 INFO  : 'jtag frequency' command is executed.
22:36:16 INFO  : Sourcing of 'C:/Xilinx/Vitis/2023.1/scripts/vitis/util/zynqmp_utils.tcl' is done.
22:36:16 INFO  : Context for 'APU' is selected.
22:36:17 INFO  : System reset is completed.
22:36:20 INFO  : 'after 3000' command is executed.
22:36:20 INFO  : 'targets -set -filter {jtag_cable_name =~ "Digilent JTAG-HS3 210299BBCD36" && level==0 && jtag_device_ctx=="jsn-JTAG-HS3-210299BBCD36-14710093-0"}' command is executed.
22:36:23 INFO  : Device configured successfully with "C:/Xilinx/Projects/DRC_Rev2.0_Deliverables/Vitis2023.1/DRC_Rev2.0_SW/DRC_Rev2_0_Deliverables_Application/_ide/bitstream/DRC_Rev2_0_Deliverables.bit"
22:36:23 INFO  : Context for 'APU' is selected.
22:36:23 INFO  : Hardware design and registers information is loaded from 'C:/Xilinx/Projects/DRC_Rev2.0_Deliverables/Vitis2023.1/DRC_Rev2.0_SW/DRCPlatform/export/DRCPlatform/hw/DRC_Rev2_0_Deliverables.xsa'.
22:36:23 INFO  : 'configparams force-mem-access 1' command is executed.
22:36:23 INFO  : Context for 'APU' is selected.
22:36:23 INFO  : Boot mode is read from the target.
22:36:23 INFO  : Context for processor 'psu_cortexa53_0' is selected.
22:36:23 INFO  : Processor reset is completed for 'psu_cortexa53_0'.
22:36:24 INFO  : The application 'C:/Xilinx/Projects/DRC_Rev2.0_Deliverables/Vitis2023.1/DRC_Rev2.0_SW/DRCPlatform/export/DRCPlatform/sw/DRCPlatform/boot/fsbl.elf' is downloaded to processor 'psu_cortexa53_0'.
22:36:24 INFO  : 'set bp_36_24_fsbl_bp [bpadd -addr &XFsbl_Exit]' command is executed.
22:36:24 INFO  : 'con -block -timeout 60' command is executed.
22:36:24 INFO  : 'bpremove $bp_36_24_fsbl_bp' command is executed.
22:36:24 INFO  : Context for processor 'psu_cortexa53_0' is selected.
22:36:24 INFO  : Processor reset is completed for 'psu_cortexa53_0'.
22:36:25 INFO  : The application 'C:/Xilinx/Projects/DRC_Rev2.0_Deliverables/Vitis2023.1/DRC_Rev2.0_SW/DRC_Rev2_0_Deliverables_Application/Debug/DRC_Rev2_0_Deliverables_Application.elf' is downloaded to processor 'psu_cortexa53_0'.
22:36:25 INFO  : 'configparams force-mem-access 0' command is executed.
22:36:25 INFO  : ----------------XSDB Script----------------
connect -url tcp:127.0.0.1:3121
source C:/Xilinx/Vitis/2023.1/scripts/vitis/util/zynqmp_utils.tcl
targets -set -nocase -filter {name =~"APU*"}
rst -system
after 3000
targets -set -filter {jtag_cable_name =~ "Digilent JTAG-HS3 210299BBCD36" && level==0 && jtag_device_ctx=="jsn-JTAG-HS3-210299BBCD36-14710093-0"}
fpga -file C:/Xilinx/Projects/DRC_Rev2.0_Deliverables/Vitis2023.1/DRC_Rev2.0_SW/DRC_Rev2_0_Deliverables_Application/_ide/bitstream/DRC_Rev2_0_Deliverables.bit
targets -set -nocase -filter {name =~"APU*"}
loadhw -hw C:/Xilinx/Projects/DRC_Rev2.0_Deliverables/Vitis2023.1/DRC_Rev2.0_SW/DRCPlatform/export/DRCPlatform/hw/DRC_Rev2_0_Deliverables.xsa -mem-ranges [list {0x80000000 0xbfffffff} {0x400000000 0x5ffffffff} {0x1000000000 0x7fffffffff}] -regs
configparams force-mem-access 1
targets -set -nocase -filter {name =~"APU*"}
set mode [expr [mrd -value 0xFF5E0200] & 0xf]
targets -set -nocase -filter {name =~ "*A53*#0"}
rst -processor
dow C:/Xilinx/Projects/DRC_Rev2.0_Deliverables/Vitis2023.1/DRC_Rev2.0_SW/DRCPlatform/export/DRCPlatform/sw/DRCPlatform/boot/fsbl.elf
set bp_36_24_fsbl_bp [bpadd -addr &XFsbl_Exit]
con -block -timeout 60
bpremove $bp_36_24_fsbl_bp
targets -set -nocase -filter {name =~ "*A53*#0"}
rst -processor
dow C:/Xilinx/Projects/DRC_Rev2.0_Deliverables/Vitis2023.1/DRC_Rev2.0_SW/DRC_Rev2_0_Deliverables_Application/Debug/DRC_Rev2_0_Deliverables_Application.elf
configparams force-mem-access 0
----------------End of Script----------------

22:36:25 INFO  : Context for processor 'psu_cortexa53_0' is selected.
22:36:25 INFO  : 'con' command is executed.
22:36:25 INFO  : ----------------XSDB Script (After Launch)----------------
targets -set -nocase -filter {name =~ "*A53*#0"}
con
----------------End of Script----------------

22:36:25 INFO  : Launch script is exported to file 'C:\Xilinx\Projects\DRC_Rev2.0_Deliverables\Vitis2023.1\DRC_Rev2.0_SW\DRC_Rev2_0_Deliverables_Application_system\_ide\scripts\systemdebugger_drc_rev2_0_deliverables_application_system_standalone.tcl'
22:56:23 INFO  : Checking for BSP changes to sync application flags for project 'DRC_Rev2_0_Deliverables_Application'...
22:56:28 INFO  : Disconnected from the channel tcfchan#5.
22:56:28 INFO  : Connected to target on host '127.0.0.1' and port '3121'.
22:56:28 INFO  : Jtag cable 'Digilent JTAG-HS3 210299BBCD36' is selected.
22:56:28 INFO  : 'jtag frequency' command is executed.
22:56:28 INFO  : Sourcing of 'C:/Xilinx/Vitis/2023.1/scripts/vitis/util/zynqmp_utils.tcl' is done.
22:56:28 INFO  : Context for 'APU' is selected.
22:56:28 INFO  : System reset is completed.
22:56:31 INFO  : 'after 3000' command is executed.
22:56:31 INFO  : 'targets -set -filter {jtag_cable_name =~ "Digilent JTAG-HS3 210299BBCD36" && level==0 && jtag_device_ctx=="jsn-JTAG-HS3-210299BBCD36-14710093-0"}' command is executed.
22:56:34 INFO  : Device configured successfully with "C:/Xilinx/Projects/DRC_Rev2.0_Deliverables/Vitis2023.1/DRC_Rev2.0_SW/DRC_Rev2_0_Deliverables_Application/_ide/bitstream/DRC_Rev2_0_Deliverables.bit"
22:56:34 INFO  : Context for 'APU' is selected.
22:56:34 INFO  : Hardware design and registers information is loaded from 'C:/Xilinx/Projects/DRC_Rev2.0_Deliverables/Vitis2023.1/DRC_Rev2.0_SW/DRCPlatform/export/DRCPlatform/hw/DRC_Rev2_0_Deliverables.xsa'.
22:56:34 INFO  : 'configparams force-mem-access 1' command is executed.
22:56:34 INFO  : Context for 'APU' is selected.
22:56:34 INFO  : Boot mode is read from the target.
22:56:34 INFO  : Context for processor 'psu_cortexa53_0' is selected.
22:56:35 INFO  : Processor reset is completed for 'psu_cortexa53_0'.
22:56:35 INFO  : The application 'C:/Xilinx/Projects/DRC_Rev2.0_Deliverables/Vitis2023.1/DRC_Rev2.0_SW/DRCPlatform/export/DRCPlatform/sw/DRCPlatform/boot/fsbl.elf' is downloaded to processor 'psu_cortexa53_0'.
22:56:35 INFO  : 'set bp_56_35_fsbl_bp [bpadd -addr &XFsbl_Exit]' command is executed.
22:56:36 INFO  : 'con -block -timeout 60' command is executed.
22:56:36 INFO  : 'bpremove $bp_56_35_fsbl_bp' command is executed.
22:56:36 INFO  : Context for processor 'psu_cortexa53_0' is selected.
22:56:36 INFO  : Processor reset is completed for 'psu_cortexa53_0'.
22:56:37 INFO  : The application 'C:/Xilinx/Projects/DRC_Rev2.0_Deliverables/Vitis2023.1/DRC_Rev2.0_SW/DRC_Rev2_0_Deliverables_Application/Debug/DRC_Rev2_0_Deliverables_Application.elf' is downloaded to processor 'psu_cortexa53_0'.
22:56:37 INFO  : 'configparams force-mem-access 0' command is executed.
22:56:37 INFO  : ----------------XSDB Script----------------
connect -url tcp:127.0.0.1:3121
source C:/Xilinx/Vitis/2023.1/scripts/vitis/util/zynqmp_utils.tcl
targets -set -nocase -filter {name =~"APU*"}
rst -system
after 3000
targets -set -filter {jtag_cable_name =~ "Digilent JTAG-HS3 210299BBCD36" && level==0 && jtag_device_ctx=="jsn-JTAG-HS3-210299BBCD36-14710093-0"}
fpga -file C:/Xilinx/Projects/DRC_Rev2.0_Deliverables/Vitis2023.1/DRC_Rev2.0_SW/DRC_Rev2_0_Deliverables_Application/_ide/bitstream/DRC_Rev2_0_Deliverables.bit
targets -set -nocase -filter {name =~"APU*"}
loadhw -hw C:/Xilinx/Projects/DRC_Rev2.0_Deliverables/Vitis2023.1/DRC_Rev2.0_SW/DRCPlatform/export/DRCPlatform/hw/DRC_Rev2_0_Deliverables.xsa -mem-ranges [list {0x80000000 0xbfffffff} {0x400000000 0x5ffffffff} {0x1000000000 0x7fffffffff}] -regs
configparams force-mem-access 1
targets -set -nocase -filter {name =~"APU*"}
set mode [expr [mrd -value 0xFF5E0200] & 0xf]
targets -set -nocase -filter {name =~ "*A53*#0"}
rst -processor
dow C:/Xilinx/Projects/DRC_Rev2.0_Deliverables/Vitis2023.1/DRC_Rev2.0_SW/DRCPlatform/export/DRCPlatform/sw/DRCPlatform/boot/fsbl.elf
set bp_56_35_fsbl_bp [bpadd -addr &XFsbl_Exit]
con -block -timeout 60
bpremove $bp_56_35_fsbl_bp
targets -set -nocase -filter {name =~ "*A53*#0"}
rst -processor
dow C:/Xilinx/Projects/DRC_Rev2.0_Deliverables/Vitis2023.1/DRC_Rev2.0_SW/DRC_Rev2_0_Deliverables_Application/Debug/DRC_Rev2_0_Deliverables_Application.elf
configparams force-mem-access 0
----------------End of Script----------------

22:56:37 INFO  : Context for processor 'psu_cortexa53_0' is selected.
22:56:37 INFO  : 'con' command is executed.
22:56:37 INFO  : ----------------XSDB Script (After Launch)----------------
targets -set -nocase -filter {name =~ "*A53*#0"}
con
----------------End of Script----------------

22:56:37 INFO  : Launch script is exported to file 'C:\Xilinx\Projects\DRC_Rev2.0_Deliverables\Vitis2023.1\DRC_Rev2.0_SW\DRC_Rev2_0_Deliverables_Application_system\_ide\scripts\systemdebugger_drc_rev2_0_deliverables_application_system_standalone.tcl'
23:06:47 INFO  : Checking for BSP changes to sync application flags for project 'DRC_Rev2_0_Deliverables_Application'...
23:06:51 INFO  : Disconnected from the channel tcfchan#6.
23:06:51 INFO  : Connected to target on host '127.0.0.1' and port '3121'.
23:06:51 INFO  : Jtag cable 'Digilent JTAG-HS3 210299BBCD36' is selected.
23:06:51 INFO  : 'jtag frequency' command is executed.
23:06:51 INFO  : Sourcing of 'C:/Xilinx/Vitis/2023.1/scripts/vitis/util/zynqmp_utils.tcl' is done.
23:06:51 INFO  : Context for 'APU' is selected.
23:06:51 INFO  : System reset is completed.
23:06:54 INFO  : 'after 3000' command is executed.
23:06:54 INFO  : 'targets -set -filter {jtag_cable_name =~ "Digilent JTAG-HS3 210299BBCD36" && level==0 && jtag_device_ctx=="jsn-JTAG-HS3-210299BBCD36-14710093-0"}' command is executed.
23:06:58 INFO  : Device configured successfully with "C:/Xilinx/Projects/DRC_Rev2.0_Deliverables/Vitis2023.1/DRC_Rev2.0_SW/DRC_Rev2_0_Deliverables_Application/_ide/bitstream/DRC_Rev2_0_Deliverables.bit"
23:06:58 INFO  : Context for 'APU' is selected.
23:06:58 INFO  : Hardware design and registers information is loaded from 'C:/Xilinx/Projects/DRC_Rev2.0_Deliverables/Vitis2023.1/DRC_Rev2.0_SW/DRCPlatform/export/DRCPlatform/hw/DRC_Rev2_0_Deliverables.xsa'.
23:06:58 INFO  : 'configparams force-mem-access 1' command is executed.
23:06:58 INFO  : Context for 'APU' is selected.
23:06:58 INFO  : Boot mode is read from the target.
23:06:58 INFO  : Context for processor 'psu_cortexa53_0' is selected.
23:06:58 INFO  : Processor reset is completed for 'psu_cortexa53_0'.
23:06:58 INFO  : The application 'C:/Xilinx/Projects/DRC_Rev2.0_Deliverables/Vitis2023.1/DRC_Rev2.0_SW/DRCPlatform/export/DRCPlatform/sw/DRCPlatform/boot/fsbl.elf' is downloaded to processor 'psu_cortexa53_0'.
23:06:58 INFO  : 'set bp_6_58_fsbl_bp [bpadd -addr &XFsbl_Exit]' command is executed.
23:06:59 INFO  : 'con -block -timeout 60' command is executed.
23:06:59 INFO  : 'bpremove $bp_6_58_fsbl_bp' command is executed.
23:07:00 INFO  : Context for processor 'psu_cortexa53_0' is selected.
23:07:00 INFO  : Processor reset is completed for 'psu_cortexa53_0'.
23:07:01 INFO  : The application 'C:/Xilinx/Projects/DRC_Rev2.0_Deliverables/Vitis2023.1/DRC_Rev2.0_SW/DRC_Rev2_0_Deliverables_Application/Debug/DRC_Rev2_0_Deliverables_Application.elf' is downloaded to processor 'psu_cortexa53_0'.
23:07:01 INFO  : 'configparams force-mem-access 0' command is executed.
23:07:01 INFO  : ----------------XSDB Script----------------
connect -url tcp:127.0.0.1:3121
source C:/Xilinx/Vitis/2023.1/scripts/vitis/util/zynqmp_utils.tcl
targets -set -nocase -filter {name =~"APU*"}
rst -system
after 3000
targets -set -filter {jtag_cable_name =~ "Digilent JTAG-HS3 210299BBCD36" && level==0 && jtag_device_ctx=="jsn-JTAG-HS3-210299BBCD36-14710093-0"}
fpga -file C:/Xilinx/Projects/DRC_Rev2.0_Deliverables/Vitis2023.1/DRC_Rev2.0_SW/DRC_Rev2_0_Deliverables_Application/_ide/bitstream/DRC_Rev2_0_Deliverables.bit
targets -set -nocase -filter {name =~"APU*"}
loadhw -hw C:/Xilinx/Projects/DRC_Rev2.0_Deliverables/Vitis2023.1/DRC_Rev2.0_SW/DRCPlatform/export/DRCPlatform/hw/DRC_Rev2_0_Deliverables.xsa -mem-ranges [list {0x80000000 0xbfffffff} {0x400000000 0x5ffffffff} {0x1000000000 0x7fffffffff}] -regs
configparams force-mem-access 1
targets -set -nocase -filter {name =~"APU*"}
set mode [expr [mrd -value 0xFF5E0200] & 0xf]
targets -set -nocase -filter {name =~ "*A53*#0"}
rst -processor
dow C:/Xilinx/Projects/DRC_Rev2.0_Deliverables/Vitis2023.1/DRC_Rev2.0_SW/DRCPlatform/export/DRCPlatform/sw/DRCPlatform/boot/fsbl.elf
set bp_6_58_fsbl_bp [bpadd -addr &XFsbl_Exit]
con -block -timeout 60
bpremove $bp_6_58_fsbl_bp
targets -set -nocase -filter {name =~ "*A53*#0"}
rst -processor
dow C:/Xilinx/Projects/DRC_Rev2.0_Deliverables/Vitis2023.1/DRC_Rev2.0_SW/DRC_Rev2_0_Deliverables_Application/Debug/DRC_Rev2_0_Deliverables_Application.elf
configparams force-mem-access 0
----------------End of Script----------------

23:07:01 INFO  : Context for processor 'psu_cortexa53_0' is selected.
23:07:01 INFO  : 'con' command is executed.
23:07:01 INFO  : ----------------XSDB Script (After Launch)----------------
targets -set -nocase -filter {name =~ "*A53*#0"}
con
----------------End of Script----------------

23:07:01 INFO  : Launch script is exported to file 'C:\Xilinx\Projects\DRC_Rev2.0_Deliverables\Vitis2023.1\DRC_Rev2.0_SW\DRC_Rev2_0_Deliverables_Application_system\_ide\scripts\systemdebugger_drc_rev2_0_deliverables_application_system_standalone.tcl'
00:00:34 INFO  : Hardware specification for platform project 'DRCPlatform' is updated.
00:00:56 INFO  : Result from executing command 'getProjects': DRCPlatform
00:00:56 ERROR : Failed to openhw "C:/Xilinx/Projects/DRC_Rev2.0_Deliverables/Vitis2023.1/DRC_Rev2.0_SW/DRCPlatform/hw/DRC_Rev2_0_Deliverables.xsa"
Reason: ERROR: [Common 17-39] 'hsi::open_hw_design' failed due to earlier errors.

00:00:56 INFO  : Result from executing command 'getPlatforms': xilinx_vck190_base_202310_1|C:/Xilinx/Vitis/2023.1/base_platforms/xilinx_vck190_base_202310_1/xilinx_vck190_base_202310_1.xpfm;xilinx_vck190_base_dfx_202310_1|C:/Xilinx/Vitis/2023.1/base_platforms/xilinx_vck190_base_dfx_202310_1/xilinx_vck190_base_dfx_202310_1.xpfm;xilinx_vek280_es1_base_202310_1|C:/Xilinx/Vitis/2023.1/base_platforms/xilinx_vek280_es1_base_202310_1/xilinx_vek280_es1_base_202310_1.xpfm;xilinx_vmk180_base_202310_1|C:/Xilinx/Vitis/2023.1/base_platforms/xilinx_vmk180_base_202310_1/xilinx_vmk180_base_202310_1.xpfm;xilinx_zcu102_base_202310_1|C:/Xilinx/Vitis/2023.1/base_platforms/xilinx_zcu102_base_202310_1/xilinx_zcu102_base_202310_1.xpfm;xilinx_zcu102_base_dfx_202310_1|C:/Xilinx/Vitis/2023.1/base_platforms/xilinx_zcu102_base_dfx_202310_1/xilinx_zcu102_base_dfx_202310_1.xpfm;xilinx_zcu104_base_202310_1|C:/Xilinx/Vitis/2023.1/base_platforms/xilinx_zcu104_base_202310_1/xilinx_zcu104_base_202310_1.xpfm
00:00:56 ERROR : Failed to openhw "C:/Xilinx/Projects/DRC_Rev2.0_Deliverables/Vitis2023.1/DRC_Rev2.0_SW/DRCPlatform/hw/DRC_Rev2_0_Deliverables.xsa"
Reason: ERROR: [Common 17-39] 'hsi::open_hw_design' failed due to earlier errors.

00:00:57 ERROR : Failed to openhw "C:/Xilinx/Projects/DRC_Rev2.0_Deliverables/Vitis2023.1/DRC_Rev2.0_SW/DRCPlatform/hw/DRC_Rev2_0_Deliverables.xsa"
Reason: ERROR: [Common 17-39] 'hsi::open_hw_design' failed due to earlier errors.

00:00:57 ERROR : Internal exception while opening bsp settings dailog.
java.lang.IllegalArgumentException: Invalid Hardware Specification File provided: C:/Xilinx/Projects/DRC_Rev2.0_Deliverables/Vitis2023.1/DRC_Rev2.0_SW/DRCPlatform/hw/DRC_Rev2_0_Deliverables.xsa
	at com.xilinx.sdk.hw.internal.HwPlatform.openHw(HwPlatform.java:373) ~[?:?]
	at com.xilinx.sdk.hw.internal.HwPlatform.<init>(HwPlatform.java:358) ~[?:?]
	at com.xilinx.sdx.sw.ui.internal.BspSettingsPresenter.<init>(BspSettingsPresenter.java:47) ~[?:?]
	at com.xilinx.sdx.sw.ui.BspSettingsFlow.executeFlowInternal(BspSettingsFlow.java:78) ~[?:?]
	at com.xilinx.sdx.sw.ui.BspSettingsFlow.executeFlow(BspSettingsFlow.java:58) ~[?:?]
	at com.xilinx.sdx.scw.ui.editor.ScwStandaloneBspSettingsUi.lambda$5(ScwStandaloneBspSettingsUi.java:188) ~[?:?]
	at org.eclipse.swt.widgets.RunnableLock.run(RunnableLock.java:40) ~[org.eclipse.swt.win32.win32.x86_64_3.114.0.v20200304-0601.jar:?]
	at org.eclipse.swt.widgets.Synchronizer.runAsyncMessages(Synchronizer.java:185) ~[org.eclipse.swt.win32.win32.x86_64_3.114.0.v20200304-0601.jar:?]
	at org.eclipse.swt.widgets.Display.runAsyncMessages(Display.java:3897) ~[org.eclipse.swt.win32.win32.x86_64_3.114.0.v20200304-0601.jar:?]
	at org.eclipse.swt.widgets.Display.readAndDispatch(Display.java:3527) ~[org.eclipse.swt.win32.win32.x86_64_3.114.0.v20200304-0601.jar:?]
	at org.eclipse.jface.operation.ModalContext$ModalContextThread.block(ModalContext.java:166) ~[org.eclipse.jface_3.19.0.v20200218-1607.jar:?]
	at org.eclipse.jface.operation.ModalContext.run(ModalContext.java:368) ~[org.eclipse.jface_3.19.0.v20200218-1607.jar:?]
	at org.eclipse.jface.dialogs.ProgressMonitorDialog.run(ProgressMonitorDialog.java:469) ~[org.eclipse.jface_3.19.0.v20200218-1607.jar:?]
	at org.eclipse.ui.internal.progress.ProgressMonitorJobsDialog.run(ProgressMonitorJobsDialog.java:237) ~[org.eclipse.ui.workbench_3.118.0.v20200222-0719.jar:?]
	at org.eclipse.ui.internal.progress.ProgressManager.lambda$26(ProgressManager.java:820) ~[org.eclipse.ui.workbench_3.118.0.v20200222-0719.jar:?]
	at org.eclipse.swt.custom.BusyIndicator.showWhile(BusyIndicator.java:72) ~[org.eclipse.swt.win32.win32.x86_64_3.114.0.v20200304-0601.jar:?]
	at org.eclipse.ui.internal.progress.ProgressManager.busyCursorWhile(ProgressManager.java:853) ~[org.eclipse.ui.workbench_3.118.0.v20200222-0719.jar:?]
	at org.eclipse.ui.internal.progress.ProgressManager.busyCursorWhile(ProgressManager.java:829) ~[org.eclipse.ui.workbench_3.118.0.v20200222-0719.jar:?]
	at com.xilinx.sdx.scw.ui.editor.ScwStandaloneBspSettingsUi.changeBspSettings(ScwStandaloneBspSettingsUi.java:167) ~[?:?]
	at com.xilinx.sdx.scw.ui.editor.ScwStandaloneBspSettingsUi.lambda$2(ScwStandaloneBspSettingsUi.java:125) ~[?:?]
	at org.eclipse.swt.events.SelectionListener$1.widgetSelected(SelectionListener.java:84) ~[org.eclipse.swt.win32.win32.x86_64_3.114.0.v20200304-0601.jar:?]
	at org.eclipse.swt.widgets.TypedListener.handleEvent(TypedListener.java:252) ~[org.eclipse.swt.win32.win32.x86_64_3.114.0.v20200304-0601.jar:?]
	at org.eclipse.swt.widgets.EventTable.sendEvent(EventTable.java:89) ~[org.eclipse.swt.win32.win32.x86_64_3.114.0.v20200304-0601.jar:?]
	at org.eclipse.swt.widgets.Display.sendEvent(Display.java:4105) ~[org.eclipse.swt.win32.win32.x86_64_3.114.0.v20200304-0601.jar:?]
	at org.eclipse.swt.widgets.Widget.sendEvent(Widget.java:1037) ~[org.eclipse.swt.win32.win32.x86_64_3.114.0.v20200304-0601.jar:?]
	at org.eclipse.swt.widgets.Display.runDeferredEvents(Display.java:3922) ~[org.eclipse.swt.win32.win32.x86_64_3.114.0.v20200304-0601.jar:?]
	at org.eclipse.swt.widgets.Display.readAndDispatch(Display.java:3524) ~[org.eclipse.swt.win32.win32.x86_64_3.114.0.v20200304-0601.jar:?]
	at org.eclipse.e4.ui.internal.workbench.swt.PartRenderingEngine$5.run(PartRenderingEngine.java:1160) ~[?:?]
	at org.eclipse.core.databinding.observable.Realm.runWithDefault(Realm.java:338) ~[?:?]
	at org.eclipse.e4.ui.internal.workbench.swt.PartRenderingEngine.run(PartRenderingEngine.java:1049) ~[?:?]
	at org.eclipse.e4.ui.internal.workbench.E4Workbench.createAndRunUI(E4Workbench.java:155) ~[org.eclipse.e4.ui.workbench_1.11.200.v20200205-1503.jar:?]
	at org.eclipse.ui.internal.Workbench.lambda$3(Workbench.java:658) ~[org.eclipse.ui.workbench_3.118.0.v20200222-0719.jar:?]
	at org.eclipse.core.databinding.observable.Realm.runWithDefault(Realm.java:338) [org.eclipse.core.databinding.observable_1.9.0.v20200205-2119.jar:?]
	at org.eclipse.ui.internal.Workbench.createAndRunWorkbench(Workbench.java:557) [org.eclipse.ui.workbench_3.118.0.v20200222-0719.jar:?]
	at org.eclipse.ui.PlatformUI.createAndRunWorkbench(PlatformUI.java:154) [org.eclipse.ui.workbench_3.118.0.v20200222-0719.jar:?]
	at com.xilinx.ide.application.ui.Application.start(Application.java:80) [com.xilinx.ide.application.ui_1.0.0.202305040745.jar:?]
	at org.eclipse.equinox.internal.app.EclipseAppHandle.run(EclipseAppHandle.java:203) [org.eclipse.equinox.app_1.4.400.v20191212-0743.jar:?]
	at org.eclipse.core.runtime.internal.adaptor.EclipseAppLauncher.runApplication(EclipseAppLauncher.java:137) [org.eclipse.osgi_3.15.200.v20200214-1600.jar:?]
	at org.eclipse.core.runtime.internal.adaptor.EclipseAppLauncher.start(EclipseAppLauncher.java:107) [org.eclipse.osgi_3.15.200.v20200214-1600.jar:?]
	at org.eclipse.core.runtime.adaptor.EclipseStarter.run(EclipseStarter.java:401) [org.eclipse.osgi_3.15.200.v20200214-1600.jar:?]
	at org.eclipse.core.runtime.adaptor.EclipseStarter.run(EclipseStarter.java:255) [org.eclipse.osgi_3.15.200.v20200214-1600.jar:?]
	at jdk.internal.reflect.NativeMethodAccessorImpl.invoke0(Native Method) ~[?:?]
	at jdk.internal.reflect.NativeMethodAccessorImpl.invoke(NativeMethodAccessorImpl.java:62) ~[?:?]
	at jdk.internal.reflect.DelegatingMethodAccessorImpl.invoke(DelegatingMethodAccessorImpl.java:43) ~[?:?]
	at java.lang.reflect.Method.invoke(Method.java:566) ~[?:?]
	at org.eclipse.equinox.launcher.Main.invokeFramework(Main.java:657) [org.eclipse.equinox.launcher_1.5.700.v20200207-2156.jar:?]
	at org.eclipse.equinox.launcher.Main.basicRun(Main.java:594) [org.eclipse.equinox.launcher_1.5.700.v20200207-2156.jar:?]
	at org.eclipse.equinox.launcher.Main.run(Main.java:1447) [org.eclipse.equinox.launcher_1.5.700.v20200207-2156.jar:?]
00:01:00 ERROR : Failed to openhw "C:/Xilinx/Projects/DRC_Rev2.0_Deliverables/Vitis2023.1/DRC_Rev2.0_SW/DRCPlatform/hw/DRC_Rev2_0_Deliverables.xsa"
Reason: ERROR: [Common 17-39] 'hsi::open_hw_design' failed due to earlier errors.

00:01:00 ERROR : Internal exception while opening bsp settings dailog.
java.lang.IllegalArgumentException: Invalid Hardware Specification File provided: C:/Xilinx/Projects/DRC_Rev2.0_Deliverables/Vitis2023.1/DRC_Rev2.0_SW/DRCPlatform/hw/DRC_Rev2_0_Deliverables.xsa
	at com.xilinx.sdk.hw.internal.HwPlatform.openHw(HwPlatform.java:373) ~[?:?]
	at com.xilinx.sdk.hw.internal.HwPlatform.<init>(HwPlatform.java:358) ~[?:?]
	at com.xilinx.sdx.sw.ui.internal.BspSettingsPresenter.<init>(BspSettingsPresenter.java:47) ~[?:?]
	at com.xilinx.sdx.sw.ui.BspSettingsFlow.executeFlowInternal(BspSettingsFlow.java:78) ~[?:?]
	at com.xilinx.sdx.sw.ui.BspSettingsFlow.executeFlow(BspSettingsFlow.java:58) ~[?:?]
	at com.xilinx.sdx.scw.ui.editor.ScwStandaloneBspSettingsUi.lambda$5(ScwStandaloneBspSettingsUi.java:188) ~[?:?]
	at org.eclipse.swt.widgets.RunnableLock.run(RunnableLock.java:40) ~[org.eclipse.swt.win32.win32.x86_64_3.114.0.v20200304-0601.jar:?]
	at org.eclipse.swt.widgets.Synchronizer.runAsyncMessages(Synchronizer.java:185) ~[org.eclipse.swt.win32.win32.x86_64_3.114.0.v20200304-0601.jar:?]
	at org.eclipse.swt.widgets.Display.runAsyncMessages(Display.java:3897) ~[org.eclipse.swt.win32.win32.x86_64_3.114.0.v20200304-0601.jar:?]
	at org.eclipse.swt.widgets.Display.readAndDispatch(Display.java:3527) ~[org.eclipse.swt.win32.win32.x86_64_3.114.0.v20200304-0601.jar:?]
	at org.eclipse.jface.operation.ModalContext$ModalContextThread.block(ModalContext.java:166) ~[org.eclipse.jface_3.19.0.v20200218-1607.jar:?]
	at org.eclipse.jface.operation.ModalContext.run(ModalContext.java:368) ~[org.eclipse.jface_3.19.0.v20200218-1607.jar:?]
	at org.eclipse.jface.dialogs.ProgressMonitorDialog.run(ProgressMonitorDialog.java:469) ~[org.eclipse.jface_3.19.0.v20200218-1607.jar:?]
	at org.eclipse.ui.internal.progress.ProgressMonitorJobsDialog.run(ProgressMonitorJobsDialog.java:237) ~[org.eclipse.ui.workbench_3.118.0.v20200222-0719.jar:?]
	at org.eclipse.ui.internal.progress.ProgressManager.lambda$26(ProgressManager.java:820) ~[org.eclipse.ui.workbench_3.118.0.v20200222-0719.jar:?]
	at org.eclipse.swt.custom.BusyIndicator.showWhile(BusyIndicator.java:72) ~[org.eclipse.swt.win32.win32.x86_64_3.114.0.v20200304-0601.jar:?]
	at org.eclipse.ui.internal.progress.ProgressManager.busyCursorWhile(ProgressManager.java:853) ~[org.eclipse.ui.workbench_3.118.0.v20200222-0719.jar:?]
	at org.eclipse.ui.internal.progress.ProgressManager.busyCursorWhile(ProgressManager.java:829) ~[org.eclipse.ui.workbench_3.118.0.v20200222-0719.jar:?]
	at com.xilinx.sdx.scw.ui.editor.ScwStandaloneBspSettingsUi.changeBspSettings(ScwStandaloneBspSettingsUi.java:167) ~[?:?]
	at com.xilinx.sdx.scw.ui.editor.ScwStandaloneBspSettingsUi.lambda$2(ScwStandaloneBspSettingsUi.java:125) ~[?:?]
	at org.eclipse.swt.events.SelectionListener$1.widgetSelected(SelectionListener.java:84) ~[org.eclipse.swt.win32.win32.x86_64_3.114.0.v20200304-0601.jar:?]
	at org.eclipse.swt.widgets.TypedListener.handleEvent(TypedListener.java:252) ~[org.eclipse.swt.win32.win32.x86_64_3.114.0.v20200304-0601.jar:?]
	at org.eclipse.swt.widgets.EventTable.sendEvent(EventTable.java:89) ~[org.eclipse.swt.win32.win32.x86_64_3.114.0.v20200304-0601.jar:?]
	at org.eclipse.swt.widgets.Display.sendEvent(Display.java:4105) ~[org.eclipse.swt.win32.win32.x86_64_3.114.0.v20200304-0601.jar:?]
	at org.eclipse.swt.widgets.Widget.sendEvent(Widget.java:1037) ~[org.eclipse.swt.win32.win32.x86_64_3.114.0.v20200304-0601.jar:?]
	at org.eclipse.swt.widgets.Display.runDeferredEvents(Display.java:3922) ~[org.eclipse.swt.win32.win32.x86_64_3.114.0.v20200304-0601.jar:?]
	at org.eclipse.swt.widgets.Display.readAndDispatch(Display.java:3524) ~[org.eclipse.swt.win32.win32.x86_64_3.114.0.v20200304-0601.jar:?]
	at org.eclipse.e4.ui.internal.workbench.swt.PartRenderingEngine$5.run(PartRenderingEngine.java:1160) ~[?:?]
	at org.eclipse.core.databinding.observable.Realm.runWithDefault(Realm.java:338) ~[?:?]
	at org.eclipse.e4.ui.internal.workbench.swt.PartRenderingEngine.run(PartRenderingEngine.java:1049) ~[?:?]
	at org.eclipse.e4.ui.internal.workbench.E4Workbench.createAndRunUI(E4Workbench.java:155) ~[org.eclipse.e4.ui.workbench_1.11.200.v20200205-1503.jar:?]
	at org.eclipse.ui.internal.Workbench.lambda$3(Workbench.java:658) ~[org.eclipse.ui.workbench_3.118.0.v20200222-0719.jar:?]
	at org.eclipse.core.databinding.observable.Realm.runWithDefault(Realm.java:338) [org.eclipse.core.databinding.observable_1.9.0.v20200205-2119.jar:?]
	at org.eclipse.ui.internal.Workbench.createAndRunWorkbench(Workbench.java:557) [org.eclipse.ui.workbench_3.118.0.v20200222-0719.jar:?]
	at org.eclipse.ui.PlatformUI.createAndRunWorkbench(PlatformUI.java:154) [org.eclipse.ui.workbench_3.118.0.v20200222-0719.jar:?]
	at com.xilinx.ide.application.ui.Application.start(Application.java:80) [com.xilinx.ide.application.ui_1.0.0.202305040745.jar:?]
	at org.eclipse.equinox.internal.app.EclipseAppHandle.run(EclipseAppHandle.java:203) [org.eclipse.equinox.app_1.4.400.v20191212-0743.jar:?]
	at org.eclipse.core.runtime.internal.adaptor.EclipseAppLauncher.runApplication(EclipseAppLauncher.java:137) [org.eclipse.osgi_3.15.200.v20200214-1600.jar:?]
	at org.eclipse.core.runtime.internal.adaptor.EclipseAppLauncher.start(EclipseAppLauncher.java:107) [org.eclipse.osgi_3.15.200.v20200214-1600.jar:?]
	at org.eclipse.core.runtime.adaptor.EclipseStarter.run(EclipseStarter.java:401) [org.eclipse.osgi_3.15.200.v20200214-1600.jar:?]
	at org.eclipse.core.runtime.adaptor.EclipseStarter.run(EclipseStarter.java:255) [org.eclipse.osgi_3.15.200.v20200214-1600.jar:?]
	at jdk.internal.reflect.NativeMethodAccessorImpl.invoke0(Native Method) ~[?:?]
	at jdk.internal.reflect.NativeMethodAccessorImpl.invoke(NativeMethodAccessorImpl.java:62) ~[?:?]
	at jdk.internal.reflect.DelegatingMethodAccessorImpl.invoke(DelegatingMethodAccessorImpl.java:43) ~[?:?]
	at java.lang.reflect.Method.invoke(Method.java:566) ~[?:?]
	at org.eclipse.equinox.launcher.Main.invokeFramework(Main.java:657) [org.eclipse.equinox.launcher_1.5.700.v20200207-2156.jar:?]
	at org.eclipse.equinox.launcher.Main.basicRun(Main.java:594) [org.eclipse.equinox.launcher_1.5.700.v20200207-2156.jar:?]
	at org.eclipse.equinox.launcher.Main.run(Main.java:1447) [org.eclipse.equinox.launcher_1.5.700.v20200207-2156.jar:?]
00:01:03 ERROR : Failed to openhw "C:/Xilinx/Projects/DRC_Rev2.0_Deliverables/Vitis2023.1/DRC_Rev2.0_SW/DRCPlatform/hw/DRC_Rev2_0_Deliverables.xsa"
Reason: ERROR: [Common 17-39] 'hsi::open_hw_design' failed due to earlier errors.

00:01:03 ERROR : Internal exception while opening bsp settings dailog.
java.lang.IllegalArgumentException: Invalid Hardware Specification File provided: C:/Xilinx/Projects/DRC_Rev2.0_Deliverables/Vitis2023.1/DRC_Rev2.0_SW/DRCPlatform/hw/DRC_Rev2_0_Deliverables.xsa
	at com.xilinx.sdk.hw.internal.HwPlatform.openHw(HwPlatform.java:373) ~[?:?]
	at com.xilinx.sdk.hw.internal.HwPlatform.<init>(HwPlatform.java:358) ~[?:?]
	at com.xilinx.sdx.sw.ui.internal.BspSettingsPresenter.<init>(BspSettingsPresenter.java:47) ~[?:?]
	at com.xilinx.sdx.sw.ui.BspSettingsFlow.executeFlowInternal(BspSettingsFlow.java:78) ~[?:?]
	at com.xilinx.sdx.sw.ui.BspSettingsFlow.executeFlow(BspSettingsFlow.java:58) ~[?:?]
	at com.xilinx.sdx.scw.ui.editor.ScwStandaloneBspSettingsUi.lambda$5(ScwStandaloneBspSettingsUi.java:188) ~[?:?]
	at org.eclipse.swt.widgets.RunnableLock.run(RunnableLock.java:40) ~[org.eclipse.swt.win32.win32.x86_64_3.114.0.v20200304-0601.jar:?]
	at org.eclipse.swt.widgets.Synchronizer.runAsyncMessages(Synchronizer.java:185) ~[org.eclipse.swt.win32.win32.x86_64_3.114.0.v20200304-0601.jar:?]
	at org.eclipse.swt.widgets.Display.runAsyncMessages(Display.java:3897) ~[org.eclipse.swt.win32.win32.x86_64_3.114.0.v20200304-0601.jar:?]
	at org.eclipse.swt.widgets.Display.readAndDispatch(Display.java:3527) ~[org.eclipse.swt.win32.win32.x86_64_3.114.0.v20200304-0601.jar:?]
	at org.eclipse.jface.operation.ModalContext$ModalContextThread.block(ModalContext.java:166) ~[org.eclipse.jface_3.19.0.v20200218-1607.jar:?]
	at org.eclipse.jface.operation.ModalContext.run(ModalContext.java:368) ~[org.eclipse.jface_3.19.0.v20200218-1607.jar:?]
	at org.eclipse.jface.dialogs.ProgressMonitorDialog.run(ProgressMonitorDialog.java:469) ~[org.eclipse.jface_3.19.0.v20200218-1607.jar:?]
	at org.eclipse.ui.internal.progress.ProgressMonitorJobsDialog.run(ProgressMonitorJobsDialog.java:237) ~[org.eclipse.ui.workbench_3.118.0.v20200222-0719.jar:?]
	at org.eclipse.ui.internal.progress.ProgressManager.lambda$26(ProgressManager.java:820) ~[org.eclipse.ui.workbench_3.118.0.v20200222-0719.jar:?]
	at org.eclipse.swt.custom.BusyIndicator.showWhile(BusyIndicator.java:72) ~[org.eclipse.swt.win32.win32.x86_64_3.114.0.v20200304-0601.jar:?]
	at org.eclipse.ui.internal.progress.ProgressManager.busyCursorWhile(ProgressManager.java:853) ~[org.eclipse.ui.workbench_3.118.0.v20200222-0719.jar:?]
	at org.eclipse.ui.internal.progress.ProgressManager.busyCursorWhile(ProgressManager.java:829) ~[org.eclipse.ui.workbench_3.118.0.v20200222-0719.jar:?]
	at com.xilinx.sdx.scw.ui.editor.ScwStandaloneBspSettingsUi.changeBspSettings(ScwStandaloneBspSettingsUi.java:167) ~[?:?]
	at com.xilinx.sdx.scw.ui.editor.ScwStandaloneBspSettingsUi.lambda$2(ScwStandaloneBspSettingsUi.java:125) ~[?:?]
	at org.eclipse.swt.events.SelectionListener$1.widgetSelected(SelectionListener.java:84) ~[org.eclipse.swt.win32.win32.x86_64_3.114.0.v20200304-0601.jar:?]
	at org.eclipse.swt.widgets.TypedListener.handleEvent(TypedListener.java:252) ~[org.eclipse.swt.win32.win32.x86_64_3.114.0.v20200304-0601.jar:?]
	at org.eclipse.swt.widgets.EventTable.sendEvent(EventTable.java:89) ~[org.eclipse.swt.win32.win32.x86_64_3.114.0.v20200304-0601.jar:?]
	at org.eclipse.swt.widgets.Display.sendEvent(Display.java:4105) ~[org.eclipse.swt.win32.win32.x86_64_3.114.0.v20200304-0601.jar:?]
	at org.eclipse.swt.widgets.Widget.sendEvent(Widget.java:1037) ~[org.eclipse.swt.win32.win32.x86_64_3.114.0.v20200304-0601.jar:?]
	at org.eclipse.swt.widgets.Display.runDeferredEvents(Display.java:3922) ~[org.eclipse.swt.win32.win32.x86_64_3.114.0.v20200304-0601.jar:?]
	at org.eclipse.swt.widgets.Display.readAndDispatch(Display.java:3524) ~[org.eclipse.swt.win32.win32.x86_64_3.114.0.v20200304-0601.jar:?]
	at org.eclipse.e4.ui.internal.workbench.swt.PartRenderingEngine$5.run(PartRenderingEngine.java:1160) ~[?:?]
	at org.eclipse.core.databinding.observable.Realm.runWithDefault(Realm.java:338) ~[?:?]
	at org.eclipse.e4.ui.internal.workbench.swt.PartRenderingEngine.run(PartRenderingEngine.java:1049) ~[?:?]
	at org.eclipse.e4.ui.internal.workbench.E4Workbench.createAndRunUI(E4Workbench.java:155) ~[org.eclipse.e4.ui.workbench_1.11.200.v20200205-1503.jar:?]
	at org.eclipse.ui.internal.Workbench.lambda$3(Workbench.java:658) ~[org.eclipse.ui.workbench_3.118.0.v20200222-0719.jar:?]
	at org.eclipse.core.databinding.observable.Realm.runWithDefault(Realm.java:338) [org.eclipse.core.databinding.observable_1.9.0.v20200205-2119.jar:?]
	at org.eclipse.ui.internal.Workbench.createAndRunWorkbench(Workbench.java:557) [org.eclipse.ui.workbench_3.118.0.v20200222-0719.jar:?]
	at org.eclipse.ui.PlatformUI.createAndRunWorkbench(PlatformUI.java:154) [org.eclipse.ui.workbench_3.118.0.v20200222-0719.jar:?]
	at com.xilinx.ide.application.ui.Application.start(Application.java:80) [com.xilinx.ide.application.ui_1.0.0.202305040745.jar:?]
	at org.eclipse.equinox.internal.app.EclipseAppHandle.run(EclipseAppHandle.java:203) [org.eclipse.equinox.app_1.4.400.v20191212-0743.jar:?]
	at org.eclipse.core.runtime.internal.adaptor.EclipseAppLauncher.runApplication(EclipseAppLauncher.java:137) [org.eclipse.osgi_3.15.200.v20200214-1600.jar:?]
	at org.eclipse.core.runtime.internal.adaptor.EclipseAppLauncher.start(EclipseAppLauncher.java:107) [org.eclipse.osgi_3.15.200.v20200214-1600.jar:?]
	at org.eclipse.core.runtime.adaptor.EclipseStarter.run(EclipseStarter.java:401) [org.eclipse.osgi_3.15.200.v20200214-1600.jar:?]
	at org.eclipse.core.runtime.adaptor.EclipseStarter.run(EclipseStarter.java:255) [org.eclipse.osgi_3.15.200.v20200214-1600.jar:?]
	at jdk.internal.reflect.NativeMethodAccessorImpl.invoke0(Native Method) ~[?:?]
	at jdk.internal.reflect.NativeMethodAccessorImpl.invoke(NativeMethodAccessorImpl.java:62) ~[?:?]
	at jdk.internal.reflect.DelegatingMethodAccessorImpl.invoke(DelegatingMethodAccessorImpl.java:43) ~[?:?]
	at java.lang.reflect.Method.invoke(Method.java:566) ~[?:?]
	at org.eclipse.equinox.launcher.Main.invokeFramework(Main.java:657) [org.eclipse.equinox.launcher_1.5.700.v20200207-2156.jar:?]
	at org.eclipse.equinox.launcher.Main.basicRun(Main.java:594) [org.eclipse.equinox.launcher_1.5.700.v20200207-2156.jar:?]
	at org.eclipse.equinox.launcher.Main.run(Main.java:1447) [org.eclipse.equinox.launcher_1.5.700.v20200207-2156.jar:?]
00:01:06 ERROR : Failed to openhw "C:/Xilinx/Projects/DRC_Rev2.0_Deliverables/Vitis2023.1/DRC_Rev2.0_SW/DRCPlatform/hw/DRC_Rev2_0_Deliverables.xsa"
Reason: ERROR: [Common 17-39] 'hsi::open_hw_design' failed due to earlier errors.

00:01:09 ERROR : Failed to openhw "C:/Xilinx/Projects/DRC_Rev2.0_Deliverables/Vitis2023.1/DRC_Rev2.0_SW/DRCPlatform/hw/DRC_Rev2_0_Deliverables.xsa"
Reason: ERROR: [Common 17-39] 'hsi::open_hw_design' failed due to earlier errors.

00:01:09 ERROR : Internal exception while opening bsp settings dailog.
java.lang.IllegalArgumentException: Invalid Hardware Specification File provided: C:/Xilinx/Projects/DRC_Rev2.0_Deliverables/Vitis2023.1/DRC_Rev2.0_SW/DRCPlatform/hw/DRC_Rev2_0_Deliverables.xsa
	at com.xilinx.sdk.hw.internal.HwPlatform.openHw(HwPlatform.java:373) ~[?:?]
	at com.xilinx.sdk.hw.internal.HwPlatform.<init>(HwPlatform.java:358) ~[?:?]
	at com.xilinx.sdx.sw.ui.internal.BspSettingsPresenter.<init>(BspSettingsPresenter.java:47) ~[?:?]
	at com.xilinx.sdx.sw.ui.BspSettingsFlow.executeFlowInternal(BspSettingsFlow.java:78) ~[?:?]
	at com.xilinx.sdx.sw.ui.BspSettingsFlow.executeFlow(BspSettingsFlow.java:58) ~[?:?]
	at com.xilinx.sdx.scw.ui.editor.ScwStandaloneBspSettingsUi.lambda$5(ScwStandaloneBspSettingsUi.java:188) ~[?:?]
	at org.eclipse.swt.widgets.RunnableLock.run(RunnableLock.java:40) ~[org.eclipse.swt.win32.win32.x86_64_3.114.0.v20200304-0601.jar:?]
	at org.eclipse.swt.widgets.Synchronizer.runAsyncMessages(Synchronizer.java:185) ~[org.eclipse.swt.win32.win32.x86_64_3.114.0.v20200304-0601.jar:?]
	at org.eclipse.swt.widgets.Display.runAsyncMessages(Display.java:3897) ~[org.eclipse.swt.win32.win32.x86_64_3.114.0.v20200304-0601.jar:?]
	at org.eclipse.swt.widgets.Display.readAndDispatch(Display.java:3527) ~[org.eclipse.swt.win32.win32.x86_64_3.114.0.v20200304-0601.jar:?]
	at org.eclipse.jface.operation.ModalContext$ModalContextThread.block(ModalContext.java:166) ~[org.eclipse.jface_3.19.0.v20200218-1607.jar:?]
	at org.eclipse.jface.operation.ModalContext.run(ModalContext.java:368) ~[org.eclipse.jface_3.19.0.v20200218-1607.jar:?]
	at org.eclipse.jface.dialogs.ProgressMonitorDialog.run(ProgressMonitorDialog.java:469) ~[org.eclipse.jface_3.19.0.v20200218-1607.jar:?]
	at org.eclipse.ui.internal.progress.ProgressMonitorJobsDialog.run(ProgressMonitorJobsDialog.java:237) ~[org.eclipse.ui.workbench_3.118.0.v20200222-0719.jar:?]
	at org.eclipse.ui.internal.progress.ProgressManager.lambda$26(ProgressManager.java:820) ~[org.eclipse.ui.workbench_3.118.0.v20200222-0719.jar:?]
	at org.eclipse.swt.custom.BusyIndicator.showWhile(BusyIndicator.java:72) ~[org.eclipse.swt.win32.win32.x86_64_3.114.0.v20200304-0601.jar:?]
	at org.eclipse.ui.internal.progress.ProgressManager.busyCursorWhile(ProgressManager.java:853) ~[org.eclipse.ui.workbench_3.118.0.v20200222-0719.jar:?]
	at org.eclipse.ui.internal.progress.ProgressManager.busyCursorWhile(ProgressManager.java:829) ~[org.eclipse.ui.workbench_3.118.0.v20200222-0719.jar:?]
	at com.xilinx.sdx.scw.ui.editor.ScwStandaloneBspSettingsUi.changeBspSettings(ScwStandaloneBspSettingsUi.java:167) ~[?:?]
	at com.xilinx.sdx.scw.ui.editor.ScwStandaloneBspSettingsUi.lambda$2(ScwStandaloneBspSettingsUi.java:125) ~[?:?]
	at org.eclipse.swt.events.SelectionListener$1.widgetSelected(SelectionListener.java:84) ~[org.eclipse.swt.win32.win32.x86_64_3.114.0.v20200304-0601.jar:?]
	at org.eclipse.swt.widgets.TypedListener.handleEvent(TypedListener.java:252) ~[org.eclipse.swt.win32.win32.x86_64_3.114.0.v20200304-0601.jar:?]
	at org.eclipse.swt.widgets.EventTable.sendEvent(EventTable.java:89) ~[org.eclipse.swt.win32.win32.x86_64_3.114.0.v20200304-0601.jar:?]
	at org.eclipse.swt.widgets.Display.sendEvent(Display.java:4105) ~[org.eclipse.swt.win32.win32.x86_64_3.114.0.v20200304-0601.jar:?]
	at org.eclipse.swt.widgets.Widget.sendEvent(Widget.java:1037) ~[org.eclipse.swt.win32.win32.x86_64_3.114.0.v20200304-0601.jar:?]
	at org.eclipse.swt.widgets.Display.runDeferredEvents(Display.java:3922) ~[org.eclipse.swt.win32.win32.x86_64_3.114.0.v20200304-0601.jar:?]
	at org.eclipse.swt.widgets.Display.readAndDispatch(Display.java:3524) ~[org.eclipse.swt.win32.win32.x86_64_3.114.0.v20200304-0601.jar:?]
	at org.eclipse.e4.ui.internal.workbench.swt.PartRenderingEngine$5.run(PartRenderingEngine.java:1160) ~[?:?]
	at org.eclipse.core.databinding.observable.Realm.runWithDefault(Realm.java:338) ~[?:?]
	at org.eclipse.e4.ui.internal.workbench.swt.PartRenderingEngine.run(PartRenderingEngine.java:1049) ~[?:?]
	at org.eclipse.e4.ui.internal.workbench.E4Workbench.createAndRunUI(E4Workbench.java:155) ~[org.eclipse.e4.ui.workbench_1.11.200.v20200205-1503.jar:?]
	at org.eclipse.ui.internal.Workbench.lambda$3(Workbench.java:658) ~[org.eclipse.ui.workbench_3.118.0.v20200222-0719.jar:?]
	at org.eclipse.core.databinding.observable.Realm.runWithDefault(Realm.java:338) [org.eclipse.core.databinding.observable_1.9.0.v20200205-2119.jar:?]
	at org.eclipse.ui.internal.Workbench.createAndRunWorkbench(Workbench.java:557) [org.eclipse.ui.workbench_3.118.0.v20200222-0719.jar:?]
	at org.eclipse.ui.PlatformUI.createAndRunWorkbench(PlatformUI.java:154) [org.eclipse.ui.workbench_3.118.0.v20200222-0719.jar:?]
	at com.xilinx.ide.application.ui.Application.start(Application.java:80) [com.xilinx.ide.application.ui_1.0.0.202305040745.jar:?]
	at org.eclipse.equinox.internal.app.EclipseAppHandle.run(EclipseAppHandle.java:203) [org.eclipse.equinox.app_1.4.400.v20191212-0743.jar:?]
	at org.eclipse.core.runtime.internal.adaptor.EclipseAppLauncher.runApplication(EclipseAppLauncher.java:137) [org.eclipse.osgi_3.15.200.v20200214-1600.jar:?]
	at org.eclipse.core.runtime.internal.adaptor.EclipseAppLauncher.start(EclipseAppLauncher.java:107) [org.eclipse.osgi_3.15.200.v20200214-1600.jar:?]
	at org.eclipse.core.runtime.adaptor.EclipseStarter.run(EclipseStarter.java:401) [org.eclipse.osgi_3.15.200.v20200214-1600.jar:?]
	at org.eclipse.core.runtime.adaptor.EclipseStarter.run(EclipseStarter.java:255) [org.eclipse.osgi_3.15.200.v20200214-1600.jar:?]
	at jdk.internal.reflect.NativeMethodAccessorImpl.invoke0(Native Method) ~[?:?]
	at jdk.internal.reflect.NativeMethodAccessorImpl.invoke(NativeMethodAccessorImpl.java:62) ~[?:?]
	at jdk.internal.reflect.DelegatingMethodAccessorImpl.invoke(DelegatingMethodAccessorImpl.java:43) ~[?:?]
	at java.lang.reflect.Method.invoke(Method.java:566) ~[?:?]
	at org.eclipse.equinox.launcher.Main.invokeFramework(Main.java:657) [org.eclipse.equinox.launcher_1.5.700.v20200207-2156.jar:?]
	at org.eclipse.equinox.launcher.Main.basicRun(Main.java:594) [org.eclipse.equinox.launcher_1.5.700.v20200207-2156.jar:?]
	at org.eclipse.equinox.launcher.Main.run(Main.java:1447) [org.eclipse.equinox.launcher_1.5.700.v20200207-2156.jar:?]
00:01:14 INFO  : Checking for BSP changes to sync application flags for project 'DRC_Rev2_0_Deliverables_Application'...
00:01:29 INFO  : Checking for BSP changes to sync application flags for project 'DRC_Rev2_0_Deliverables_Application'...
00:01:36 ERROR : Failed to openhw "C:/Xilinx/Projects/DRC_Rev2.0_Deliverables/Vitis2023.1/DRC_Rev2.0_SW/DRCPlatform/hw/DRC_Rev2_0_Deliverables.xsa"
Reason: ERROR: [Common 17-39] 'hsi::open_hw_design' failed due to earlier errors.

00:01:47 INFO  : No changes in MSS file content so sources will not be generated.
00:02:00 INFO  : Disconnected from the channel tcfchan#7.
00:02:00 INFO  : The hardware specification used by project 'DRC_Rev2_0_Deliverables_Application' is out of sync with the platform. Resource files extracted from the hardware specification will be updated.
00:02:00 INFO  : The file 'C:\Xilinx\Projects\DRC_Rev2.0_Deliverables\Vitis2023.1\DRC_Rev2.0_SW\DRC_Rev2_0_Deliverables_Application\_ide\bitstream\DRC_Rev2_0_Deliverables.bit' stored in project is removed.
00:02:00 INFO  : The updated bitstream files are copied from platform to folder 'C:\Xilinx\Projects\DRC_Rev2.0_Deliverables\Vitis2023.1\DRC_Rev2.0_SW\DRC_Rev2_0_Deliverables_Application\_ide\bitstream' in project 'DRC_Rev2_0_Deliverables_Application'.
00:02:00 INFO  : The file 'C:\Xilinx\Projects\DRC_Rev2.0_Deliverables\Vitis2023.1\DRC_Rev2.0_SW\DRC_Rev2_0_Deliverables_Application\_ide\psinit\psu_init.tcl' stored in project is removed.
00:02:00 INFO  : The updated ps init files are copied from platform to folder 'C:\Xilinx\Projects\DRC_Rev2.0_Deliverables\Vitis2023.1\DRC_Rev2.0_SW\DRC_Rev2_0_Deliverables_Application\_ide\psinit' in project 'DRC_Rev2_0_Deliverables_Application'.
00:02:01 INFO  : Connected to target on host '127.0.0.1' and port '3121'.
00:02:12 INFO  : Jtag cable 'Digilent JTAG-HS3 210299BBCD36' is selected.
00:02:12 INFO  : 'jtag frequency' command is executed.
00:02:12 INFO  : Sourcing of 'C:/Xilinx/Vitis/2023.1/scripts/vitis/util/zynqmp_utils.tcl' is done.
00:02:12 INFO  : Context for 'APU' is selected.
00:02:12 INFO  : System reset is completed.
00:02:15 INFO  : 'after 3000' command is executed.
00:02:15 INFO  : 'targets -set -filter {jtag_cable_name =~ "Digilent JTAG-HS3 210299BBCD36" && level==0 && jtag_device_ctx=="jsn-JTAG-HS3-210299BBCD36-14710093-0"}' command is executed.
00:02:19 INFO  : Device configured successfully with "C:/Xilinx/Projects/DRC_Rev2.0_Deliverables/Vitis2023.1/DRC_Rev2.0_SW/DRC_Rev2_0_Deliverables_Application/_ide/bitstream/DRC_Rev2_0_Deliverables.bit"
00:02:19 INFO  : Context for 'APU' is selected.
00:02:19 INFO  : Hardware design and registers information is loaded from 'C:/Xilinx/Projects/DRC_Rev2.0_Deliverables/Vitis2023.1/DRC_Rev2.0_SW/DRCPlatform/export/DRCPlatform/hw/DRC_Rev2_0_Deliverables.xsa'.
00:02:19 INFO  : 'configparams force-mem-access 1' command is executed.
00:02:19 INFO  : Context for 'APU' is selected.
00:02:19 INFO  : Boot mode is read from the target.
00:02:19 INFO  : Context for processor 'psu_cortexa53_0' is selected.
00:02:20 INFO  : Processor reset is completed for 'psu_cortexa53_0'.
00:02:20 INFO  : The application 'C:/Xilinx/Projects/DRC_Rev2.0_Deliverables/Vitis2023.1/DRC_Rev2.0_SW/DRCPlatform/export/DRCPlatform/sw/DRCPlatform/boot/fsbl.elf' is downloaded to processor 'psu_cortexa53_0'.
00:02:20 INFO  : 'set bp_2_20_fsbl_bp [bpadd -addr &XFsbl_Exit]' command is executed.
00:02:21 INFO  : 'con -block -timeout 60' command is executed.
00:02:21 INFO  : 'bpremove $bp_2_20_fsbl_bp' command is executed.
00:02:21 INFO  : Context for processor 'psu_cortexa53_0' is selected.
00:02:21 INFO  : Processor reset is completed for 'psu_cortexa53_0'.
00:02:22 INFO  : The application 'C:/Xilinx/Projects/DRC_Rev2.0_Deliverables/Vitis2023.1/DRC_Rev2.0_SW/DRC_Rev2_0_Deliverables_Application/Debug/DRC_Rev2_0_Deliverables_Application.elf' is downloaded to processor 'psu_cortexa53_0'.
00:02:22 INFO  : 'configparams force-mem-access 0' command is executed.
00:02:22 INFO  : ----------------XSDB Script----------------
connect -url tcp:127.0.0.1:3121
source C:/Xilinx/Vitis/2023.1/scripts/vitis/util/zynqmp_utils.tcl
targets -set -nocase -filter {name =~"APU*"}
rst -system
after 3000
targets -set -filter {jtag_cable_name =~ "Digilent JTAG-HS3 210299BBCD36" && level==0 && jtag_device_ctx=="jsn-JTAG-HS3-210299BBCD36-14710093-0"}
fpga -file C:/Xilinx/Projects/DRC_Rev2.0_Deliverables/Vitis2023.1/DRC_Rev2.0_SW/DRC_Rev2_0_Deliverables_Application/_ide/bitstream/DRC_Rev2_0_Deliverables.bit
targets -set -nocase -filter {name =~"APU*"}
loadhw -hw C:/Xilinx/Projects/DRC_Rev2.0_Deliverables/Vitis2023.1/DRC_Rev2.0_SW/DRCPlatform/export/DRCPlatform/hw/DRC_Rev2_0_Deliverables.xsa -mem-ranges [list {0x80000000 0xbfffffff} {0x400000000 0x5ffffffff} {0x1000000000 0x7fffffffff}] -regs
configparams force-mem-access 1
targets -set -nocase -filter {name =~"APU*"}
set mode [expr [mrd -value 0xFF5E0200] & 0xf]
targets -set -nocase -filter {name =~ "*A53*#0"}
rst -processor
dow C:/Xilinx/Projects/DRC_Rev2.0_Deliverables/Vitis2023.1/DRC_Rev2.0_SW/DRCPlatform/export/DRCPlatform/sw/DRCPlatform/boot/fsbl.elf
set bp_2_20_fsbl_bp [bpadd -addr &XFsbl_Exit]
con -block -timeout 60
bpremove $bp_2_20_fsbl_bp
targets -set -nocase -filter {name =~ "*A53*#0"}
rst -processor
dow C:/Xilinx/Projects/DRC_Rev2.0_Deliverables/Vitis2023.1/DRC_Rev2.0_SW/DRC_Rev2_0_Deliverables_Application/Debug/DRC_Rev2_0_Deliverables_Application.elf
configparams force-mem-access 0
----------------End of Script----------------

00:02:22 INFO  : Context for processor 'psu_cortexa53_0' is selected.
00:02:22 INFO  : 'con' command is executed.
00:02:22 INFO  : ----------------XSDB Script (After Launch)----------------
targets -set -nocase -filter {name =~ "*A53*#0"}
con
----------------End of Script----------------

00:02:22 INFO  : Launch script is exported to file 'C:\Xilinx\Projects\DRC_Rev2.0_Deliverables\Vitis2023.1\DRC_Rev2.0_SW\DRC_Rev2_0_Deliverables_Application_system\_ide\scripts\systemdebugger_drc_rev2_0_deliverables_application_system_standalone.tcl'
00:18:52 INFO  : Hardware specification for platform project 'DRCPlatform' is updated.
00:19:15 INFO  : Result from executing command 'getProjects': DRCPlatform
00:19:15 ERROR : Failed to openhw "C:/Xilinx/Projects/DRC_Rev2.0_Deliverables/Vitis2023.1/DRC_Rev2.0_SW/DRCPlatform/hw/DRC_Rev2_0_Deliverables.xsa"
Reason: ERROR: [Common 17-39] 'hsi::open_hw_design' failed due to earlier errors.

00:19:15 INFO  : Result from executing command 'getPlatforms': xilinx_vck190_base_202310_1|C:/Xilinx/Vitis/2023.1/base_platforms/xilinx_vck190_base_202310_1/xilinx_vck190_base_202310_1.xpfm;xilinx_vck190_base_dfx_202310_1|C:/Xilinx/Vitis/2023.1/base_platforms/xilinx_vck190_base_dfx_202310_1/xilinx_vck190_base_dfx_202310_1.xpfm;xilinx_vek280_es1_base_202310_1|C:/Xilinx/Vitis/2023.1/base_platforms/xilinx_vek280_es1_base_202310_1/xilinx_vek280_es1_base_202310_1.xpfm;xilinx_vmk180_base_202310_1|C:/Xilinx/Vitis/2023.1/base_platforms/xilinx_vmk180_base_202310_1/xilinx_vmk180_base_202310_1.xpfm;xilinx_zcu102_base_202310_1|C:/Xilinx/Vitis/2023.1/base_platforms/xilinx_zcu102_base_202310_1/xilinx_zcu102_base_202310_1.xpfm;xilinx_zcu102_base_dfx_202310_1|C:/Xilinx/Vitis/2023.1/base_platforms/xilinx_zcu102_base_dfx_202310_1/xilinx_zcu102_base_dfx_202310_1.xpfm;xilinx_zcu104_base_202310_1|C:/Xilinx/Vitis/2023.1/base_platforms/xilinx_zcu104_base_202310_1/xilinx_zcu104_base_202310_1.xpfm
00:19:33 INFO  : Checking for BSP changes to sync application flags for project 'DRC_Rev2_0_Deliverables_Application'...
00:19:47 INFO  : Disconnected from the channel tcfchan#9.
00:19:47 INFO  : The hardware specification used by project 'DRC_Rev2_0_Deliverables_Application' is out of sync with the platform. Resource files extracted from the hardware specification will be updated.
00:19:47 INFO  : The file 'C:\Xilinx\Projects\DRC_Rev2.0_Deliverables\Vitis2023.1\DRC_Rev2.0_SW\DRC_Rev2_0_Deliverables_Application\_ide\bitstream\DRC_Rev2_0_Deliverables.bit' stored in project is removed.
00:19:47 INFO  : The updated bitstream files are copied from platform to folder 'C:\Xilinx\Projects\DRC_Rev2.0_Deliverables\Vitis2023.1\DRC_Rev2.0_SW\DRC_Rev2_0_Deliverables_Application\_ide\bitstream' in project 'DRC_Rev2_0_Deliverables_Application'.
00:19:47 INFO  : The file 'C:\Xilinx\Projects\DRC_Rev2.0_Deliverables\Vitis2023.1\DRC_Rev2.0_SW\DRC_Rev2_0_Deliverables_Application\_ide\psinit\psu_init.tcl' stored in project is removed.
00:19:48 INFO  : The updated ps init files are copied from platform to folder 'C:\Xilinx\Projects\DRC_Rev2.0_Deliverables\Vitis2023.1\DRC_Rev2.0_SW\DRC_Rev2_0_Deliverables_Application\_ide\psinit' in project 'DRC_Rev2_0_Deliverables_Application'.
00:19:48 INFO  : Connected to target on host '127.0.0.1' and port '3121'.
00:19:49 INFO  : Jtag cable 'Digilent JTAG-HS3 210299BBCD36' is selected.
00:19:49 INFO  : 'jtag frequency' command is executed.
00:19:49 INFO  : Sourcing of 'C:/Xilinx/Vitis/2023.1/scripts/vitis/util/zynqmp_utils.tcl' is done.
00:19:49 INFO  : Context for 'APU' is selected.
00:19:50 INFO  : System reset is completed.
00:19:53 INFO  : 'after 3000' command is executed.
00:19:53 INFO  : 'targets -set -filter {jtag_cable_name =~ "Digilent JTAG-HS3 210299BBCD36" && level==0 && jtag_device_ctx=="jsn-JTAG-HS3-210299BBCD36-14710093-0"}' command is executed.
00:19:56 INFO  : Device configured successfully with "C:/Xilinx/Projects/DRC_Rev2.0_Deliverables/Vitis2023.1/DRC_Rev2.0_SW/DRC_Rev2_0_Deliverables_Application/_ide/bitstream/DRC_Rev2_0_Deliverables.bit"
00:19:56 INFO  : Context for 'APU' is selected.
00:19:57 INFO  : Hardware design and registers information is loaded from 'C:/Xilinx/Projects/DRC_Rev2.0_Deliverables/Vitis2023.1/DRC_Rev2.0_SW/DRCPlatform/export/DRCPlatform/hw/DRC_Rev2_0_Deliverables.xsa'.
00:19:57 INFO  : 'configparams force-mem-access 1' command is executed.
00:19:57 INFO  : Context for 'APU' is selected.
00:19:57 INFO  : Boot mode is read from the target.
00:19:57 INFO  : Context for processor 'psu_cortexa53_0' is selected.
00:19:57 INFO  : Processor reset is completed for 'psu_cortexa53_0'.
00:19:58 INFO  : The application 'C:/Xilinx/Projects/DRC_Rev2.0_Deliverables/Vitis2023.1/DRC_Rev2.0_SW/DRCPlatform/export/DRCPlatform/sw/DRCPlatform/boot/fsbl.elf' is downloaded to processor 'psu_cortexa53_0'.
00:19:58 INFO  : 'set bp_19_58_fsbl_bp [bpadd -addr &XFsbl_Exit]' command is executed.
00:19:59 INFO  : 'con -block -timeout 60' command is executed.
00:19:59 INFO  : 'bpremove $bp_19_58_fsbl_bp' command is executed.
00:19:59 INFO  : Context for processor 'psu_cortexa53_0' is selected.
00:19:59 INFO  : Processor reset is completed for 'psu_cortexa53_0'.
00:20:00 INFO  : The application 'C:/Xilinx/Projects/DRC_Rev2.0_Deliverables/Vitis2023.1/DRC_Rev2.0_SW/DRC_Rev2_0_Deliverables_Application/Debug/DRC_Rev2_0_Deliverables_Application.elf' is downloaded to processor 'psu_cortexa53_0'.
00:20:00 INFO  : 'configparams force-mem-access 0' command is executed.
00:20:00 INFO  : ----------------XSDB Script----------------
connect -url tcp:127.0.0.1:3121
source C:/Xilinx/Vitis/2023.1/scripts/vitis/util/zynqmp_utils.tcl
targets -set -nocase -filter {name =~"APU*"}
rst -system
after 3000
targets -set -filter {jtag_cable_name =~ "Digilent JTAG-HS3 210299BBCD36" && level==0 && jtag_device_ctx=="jsn-JTAG-HS3-210299BBCD36-14710093-0"}
fpga -file C:/Xilinx/Projects/DRC_Rev2.0_Deliverables/Vitis2023.1/DRC_Rev2.0_SW/DRC_Rev2_0_Deliverables_Application/_ide/bitstream/DRC_Rev2_0_Deliverables.bit
targets -set -nocase -filter {name =~"APU*"}
loadhw -hw C:/Xilinx/Projects/DRC_Rev2.0_Deliverables/Vitis2023.1/DRC_Rev2.0_SW/DRCPlatform/export/DRCPlatform/hw/DRC_Rev2_0_Deliverables.xsa -mem-ranges [list {0x80000000 0xbfffffff} {0x400000000 0x5ffffffff} {0x1000000000 0x7fffffffff}] -regs
configparams force-mem-access 1
targets -set -nocase -filter {name =~"APU*"}
set mode [expr [mrd -value 0xFF5E0200] & 0xf]
targets -set -nocase -filter {name =~ "*A53*#0"}
rst -processor
dow C:/Xilinx/Projects/DRC_Rev2.0_Deliverables/Vitis2023.1/DRC_Rev2.0_SW/DRCPlatform/export/DRCPlatform/sw/DRCPlatform/boot/fsbl.elf
set bp_19_58_fsbl_bp [bpadd -addr &XFsbl_Exit]
con -block -timeout 60
bpremove $bp_19_58_fsbl_bp
targets -set -nocase -filter {name =~ "*A53*#0"}
rst -processor
dow C:/Xilinx/Projects/DRC_Rev2.0_Deliverables/Vitis2023.1/DRC_Rev2.0_SW/DRC_Rev2_0_Deliverables_Application/Debug/DRC_Rev2_0_Deliverables_Application.elf
configparams force-mem-access 0
----------------End of Script----------------

00:20:00 INFO  : Context for processor 'psu_cortexa53_0' is selected.
00:20:00 INFO  : 'con' command is executed.
00:20:00 INFO  : ----------------XSDB Script (After Launch)----------------
targets -set -nocase -filter {name =~ "*A53*#0"}
con
----------------End of Script----------------

00:20:00 INFO  : Launch script is exported to file 'C:\Xilinx\Projects\DRC_Rev2.0_Deliverables\Vitis2023.1\DRC_Rev2.0_SW\DRC_Rev2_0_Deliverables_Application_system\_ide\scripts\systemdebugger_drc_rev2_0_deliverables_application_system_standalone.tcl'
00:20:34 ERROR : Failed to openhw "C:/Xilinx/Projects/DRC_Rev2.0_Deliverables/Vitis2023.1/DRC_Rev2.0_SW/DRCPlatform/hw/DRC_Rev2_0_Deliverables.xsa"
Reason: ERROR: [Common 17-39] 'hsi::open_hw_design' failed due to earlier errors.

00:20:51 INFO  : No changes in MSS file content so sources will not be generated.
00:22:08 INFO  : Result from executing command 'getProjects': DRCPlatform
00:22:08 INFO  : Result from executing command 'getPlatforms': xilinx_vck190_base_202310_1|C:/Xilinx/Vitis/2023.1/base_platforms/xilinx_vck190_base_202310_1/xilinx_vck190_base_202310_1.xpfm;xilinx_vck190_base_dfx_202310_1|C:/Xilinx/Vitis/2023.1/base_platforms/xilinx_vck190_base_dfx_202310_1/xilinx_vck190_base_dfx_202310_1.xpfm;xilinx_vek280_es1_base_202310_1|C:/Xilinx/Vitis/2023.1/base_platforms/xilinx_vek280_es1_base_202310_1/xilinx_vek280_es1_base_202310_1.xpfm;xilinx_vmk180_base_202310_1|C:/Xilinx/Vitis/2023.1/base_platforms/xilinx_vmk180_base_202310_1/xilinx_vmk180_base_202310_1.xpfm;xilinx_zcu102_base_202310_1|C:/Xilinx/Vitis/2023.1/base_platforms/xilinx_zcu102_base_202310_1/xilinx_zcu102_base_202310_1.xpfm;xilinx_zcu102_base_dfx_202310_1|C:/Xilinx/Vitis/2023.1/base_platforms/xilinx_zcu102_base_dfx_202310_1/xilinx_zcu102_base_dfx_202310_1.xpfm;xilinx_zcu104_base_202310_1|C:/Xilinx/Vitis/2023.1/base_platforms/xilinx_zcu104_base_202310_1/xilinx_zcu104_base_202310_1.xpfm
00:22:09 INFO  : Checking for BSP changes to sync application flags for project 'DRC_Rev2_0_Deliverables_Application'...
00:22:14 INFO  : Disconnected from the channel tcfchan#11.
00:22:15 INFO  : Connected to target on host '127.0.0.1' and port '3121'.
00:22:24 INFO  : ----------------XSDB Script----------------
connect -url tcp:127.0.0.1:3121
----------------End of Script----------------

00:22:24 ERROR : Could not find ARM device on the board for connection 'Local'.
Check if the target is in:
1. Split JTAG - No operations are possible with ARM DAP.
2. Non JTAG bootmode - Bootrom may need time to enable DAP.
Please try again.


Troubleshooting hints:
1. Check whether board is connected to system properly.
2. In case of zynq board, check whether Digilent/Xilinx cable switch settings are correct.
3. If you are using Xilinx Platform Cable USB, ensure that status LED is green.
00:22:27 INFO  : Connected to target on host '127.0.0.1' and port '3121'.
00:22:27 ERROR : Could not read jtag device properties from the line: 4  dummy_dap (irlen 4)
00:22:27 INFO  : ----------------XSDB Script----------------
connect -url tcp:127.0.0.1:3121
----------------End of Script----------------

00:22:27 ERROR : Could not find ARM device on the board for connection 'Local'.
Check if the target is in:
1. Split JTAG - No operations are possible with ARM DAP.
2. Non JTAG bootmode - Bootrom may need time to enable DAP.
Please try again.


Troubleshooting hints:
1. Check whether board is connected to system properly.
2. In case of zynq board, check whether Digilent/Xilinx cable switch settings are correct.
3. If you are using Xilinx Platform Cable USB, ensure that status LED is green.
00:22:31 INFO  : Connected to target on host '127.0.0.1' and port '3121'.
00:22:31 ERROR : Could not read jtag device properties from the line: 4  dummy_dap (irlen 4)
00:22:31 INFO  : ----------------XSDB Script----------------
connect -url tcp:127.0.0.1:3121
----------------End of Script----------------

00:22:31 ERROR : Could not find ARM device on the board for connection 'Local'.
Check if the target is in:
1. Split JTAG - No operations are possible with ARM DAP.
2. Non JTAG bootmode - Bootrom may need time to enable DAP.
Please try again.


Troubleshooting hints:
1. Check whether board is connected to system properly.
2. In case of zynq board, check whether Digilent/Xilinx cable switch settings are correct.
3. If you are using Xilinx Platform Cable USB, ensure that status LED is green.
00:22:52 INFO  : Connected to target on host '127.0.0.1' and port '3121'.
00:22:52 INFO  : Jtag cable 'Digilent JTAG-HS3 210299BBCD36' is selected.
00:22:52 INFO  : 'jtag frequency' command is executed.
00:22:52 INFO  : Sourcing of 'C:/Xilinx/Vitis/2023.1/scripts/vitis/util/zynqmp_utils.tcl' is done.
00:22:52 INFO  : Context for 'APU' is selected.
00:22:53 INFO  : System reset is completed.
00:22:56 INFO  : 'after 3000' command is executed.
00:22:56 INFO  : 'targets -set -filter {jtag_cable_name =~ "Digilent JTAG-HS3 210299BBCD36" && level==0 && jtag_device_ctx=="jsn-JTAG-HS3-210299BBCD36-14710093-0"}' command is executed.
00:22:59 INFO  : Device configured successfully with "C:/Xilinx/Projects/DRC_Rev2.0_Deliverables/Vitis2023.1/DRC_Rev2.0_SW/DRC_Rev2_0_Deliverables_Application/_ide/bitstream/DRC_Rev2_0_Deliverables.bit"
00:22:59 INFO  : Context for 'APU' is selected.
00:22:59 INFO  : Hardware design and registers information is loaded from 'C:/Xilinx/Projects/DRC_Rev2.0_Deliverables/Vitis2023.1/DRC_Rev2.0_SW/DRCPlatform/export/DRCPlatform/hw/DRC_Rev2_0_Deliverables.xsa'.
00:22:59 INFO  : 'configparams force-mem-access 1' command is executed.
00:22:59 INFO  : Context for 'APU' is selected.
00:22:59 INFO  : Boot mode is read from the target.
00:22:59 INFO  : Context for processor 'psu_cortexa53_0' is selected.
00:23:00 INFO  : Processor reset is completed for 'psu_cortexa53_0'.
00:23:00 INFO  : The application 'C:/Xilinx/Projects/DRC_Rev2.0_Deliverables/Vitis2023.1/DRC_Rev2.0_SW/DRCPlatform/export/DRCPlatform/sw/DRCPlatform/boot/fsbl.elf' is downloaded to processor 'psu_cortexa53_0'.
00:23:00 INFO  : 'set bp_23_0_fsbl_bp [bpadd -addr &XFsbl_Exit]' command is executed.
00:24:01 WARN  : Exit breakpoint of FSBL (XFsbl_Exit) is not hit within allocated wait time of '60' seconds.
Note: To wait for a fixed amount of time specify the FSBL function as empty in launch configuration. Use 'IDE_FSBL_BP_HIT_WAIT_TIME' environment variable in launch configuration to modify the wait time (seconds).
Reason: timeout: target has not halted
00:24:01 INFO  : 'bpremove $bp_23_0_fsbl_bp' command is executed.
00:24:08 INFO  : No changes in MSS file content so sources will not be generated.
00:24:12 INFO  : ----------------XSDB Script----------------
connect -url tcp:127.0.0.1:3121
source C:/Xilinx/Vitis/2023.1/scripts/vitis/util/zynqmp_utils.tcl
targets -set -nocase -filter {name =~"APU*"}
rst -system
after 3000
targets -set -filter {jtag_cable_name =~ "Digilent JTAG-HS3 210299BBCD36" && level==0 && jtag_device_ctx=="jsn-JTAG-HS3-210299BBCD36-14710093-0"}
fpga -file C:/Xilinx/Projects/DRC_Rev2.0_Deliverables/Vitis2023.1/DRC_Rev2.0_SW/DRC_Rev2_0_Deliverables_Application/_ide/bitstream/DRC_Rev2_0_Deliverables.bit
targets -set -nocase -filter {name =~"APU*"}
loadhw -hw C:/Xilinx/Projects/DRC_Rev2.0_Deliverables/Vitis2023.1/DRC_Rev2.0_SW/DRCPlatform/export/DRCPlatform/hw/DRC_Rev2_0_Deliverables.xsa -mem-ranges [list {0x80000000 0xbfffffff} {0x400000000 0x5ffffffff} {0x1000000000 0x7fffffffff}] -regs
configparams force-mem-access 1
targets -set -nocase -filter {name =~"APU*"}
set mode [expr [mrd -value 0xFF5E0200] & 0xf]
targets -set -nocase -filter {name =~ "*A53*#0"}
rst -processor
dow C:/Xilinx/Projects/DRC_Rev2.0_Deliverables/Vitis2023.1/DRC_Rev2.0_SW/DRCPlatform/export/DRCPlatform/sw/DRCPlatform/boot/fsbl.elf
set bp_23_0_fsbl_bp [bpadd -addr &XFsbl_Exit]
con -block -timeout 60
bpremove $bp_23_0_fsbl_bp
----------------End of Script----------------

00:24:19 INFO  : Connected to target on host '127.0.0.1' and port '3121'.
00:24:19 ERROR : Could not read jtag device properties from the line: 4  dummy_dap (irlen 4)
00:24:19 INFO  : ----------------XSDB Script----------------
connect -url tcp:127.0.0.1:3121
----------------End of Script----------------

00:24:19 ERROR : Could not find ARM device on the board for connection 'Local'.
Check if the target is in:
1. Split JTAG - No operations are possible with ARM DAP.
2. Non JTAG bootmode - Bootrom may need time to enable DAP.
Please try again.


Troubleshooting hints:
1. Check whether board is connected to system properly.
2. In case of zynq board, check whether Digilent/Xilinx cable switch settings are correct.
3. If you are using Xilinx Platform Cable USB, ensure that status LED is green.
00:24:42 INFO  : Connected to target on host '127.0.0.1' and port '3121'.
00:24:42 INFO  : Jtag cable 'Digilent JTAG-HS3 210299BBCD36' is selected.
00:24:42 INFO  : 'jtag frequency' command is executed.
00:24:42 INFO  : Sourcing of 'C:/Xilinx/Vitis/2023.1/scripts/vitis/util/zynqmp_utils.tcl' is done.
00:24:42 INFO  : Context for 'APU' is selected.
00:24:42 INFO  : System reset is completed.
00:24:45 INFO  : 'after 3000' command is executed.
00:24:45 INFO  : 'targets -set -filter {jtag_cable_name =~ "Digilent JTAG-HS3 210299BBCD36" && level==0 && jtag_device_ctx=="jsn-JTAG-HS3-210299BBCD36-14710093-0"}' command is executed.
00:24:48 INFO  : Device configured successfully with "C:/Xilinx/Projects/DRC_Rev2.0_Deliverables/Vitis2023.1/DRC_Rev2.0_SW/DRC_Rev2_0_Deliverables_Application/_ide/bitstream/DRC_Rev2_0_Deliverables.bit"
00:24:48 INFO  : Context for 'APU' is selected.
00:24:48 INFO  : Hardware design and registers information is loaded from 'C:/Xilinx/Projects/DRC_Rev2.0_Deliverables/Vitis2023.1/DRC_Rev2.0_SW/DRCPlatform/export/DRCPlatform/hw/DRC_Rev2_0_Deliverables.xsa'.
00:24:48 INFO  : 'configparams force-mem-access 1' command is executed.
00:24:48 INFO  : Context for 'APU' is selected.
00:24:48 INFO  : Boot mode is read from the target.
00:24:48 INFO  : Context for processor 'psu_cortexa53_0' is selected.
00:24:49 INFO  : Processor reset is completed for 'psu_cortexa53_0'.
00:24:49 INFO  : The application 'C:/Xilinx/Projects/DRC_Rev2.0_Deliverables/Vitis2023.1/DRC_Rev2.0_SW/DRCPlatform/export/DRCPlatform/sw/DRCPlatform/boot/fsbl.elf' is downloaded to processor 'psu_cortexa53_0'.
00:24:49 INFO  : 'set bp_24_49_fsbl_bp [bpadd -addr &XFsbl_Exit]' command is executed.
00:24:50 INFO  : 'con -block -timeout 60' command is executed.
00:24:50 INFO  : 'bpremove $bp_24_49_fsbl_bp' command is executed.
00:24:50 INFO  : Context for processor 'psu_cortexa53_0' is selected.
00:24:50 INFO  : Processor reset is completed for 'psu_cortexa53_0'.
00:24:51 INFO  : The application 'C:/Xilinx/Projects/DRC_Rev2.0_Deliverables/Vitis2023.1/DRC_Rev2.0_SW/DRC_Rev2_0_Deliverables_Application/Debug/DRC_Rev2_0_Deliverables_Application.elf' is downloaded to processor 'psu_cortexa53_0'.
00:24:51 INFO  : 'configparams force-mem-access 0' command is executed.
00:24:51 INFO  : ----------------XSDB Script----------------
connect -url tcp:127.0.0.1:3121
source C:/Xilinx/Vitis/2023.1/scripts/vitis/util/zynqmp_utils.tcl
targets -set -nocase -filter {name =~"APU*"}
rst -system
after 3000
targets -set -filter {jtag_cable_name =~ "Digilent JTAG-HS3 210299BBCD36" && level==0 && jtag_device_ctx=="jsn-JTAG-HS3-210299BBCD36-14710093-0"}
fpga -file C:/Xilinx/Projects/DRC_Rev2.0_Deliverables/Vitis2023.1/DRC_Rev2.0_SW/DRC_Rev2_0_Deliverables_Application/_ide/bitstream/DRC_Rev2_0_Deliverables.bit
targets -set -nocase -filter {name =~"APU*"}
loadhw -hw C:/Xilinx/Projects/DRC_Rev2.0_Deliverables/Vitis2023.1/DRC_Rev2.0_SW/DRCPlatform/export/DRCPlatform/hw/DRC_Rev2_0_Deliverables.xsa -mem-ranges [list {0x80000000 0xbfffffff} {0x400000000 0x5ffffffff} {0x1000000000 0x7fffffffff}] -regs
configparams force-mem-access 1
targets -set -nocase -filter {name =~"APU*"}
set mode [expr [mrd -value 0xFF5E0200] & 0xf]
targets -set -nocase -filter {name =~ "*A53*#0"}
rst -processor
dow C:/Xilinx/Projects/DRC_Rev2.0_Deliverables/Vitis2023.1/DRC_Rev2.0_SW/DRCPlatform/export/DRCPlatform/sw/DRCPlatform/boot/fsbl.elf
set bp_24_49_fsbl_bp [bpadd -addr &XFsbl_Exit]
con -block -timeout 60
bpremove $bp_24_49_fsbl_bp
targets -set -nocase -filter {name =~ "*A53*#0"}
rst -processor
dow C:/Xilinx/Projects/DRC_Rev2.0_Deliverables/Vitis2023.1/DRC_Rev2.0_SW/DRC_Rev2_0_Deliverables_Application/Debug/DRC_Rev2_0_Deliverables_Application.elf
configparams force-mem-access 0
----------------End of Script----------------

00:24:51 INFO  : Context for processor 'psu_cortexa53_0' is selected.
00:24:51 INFO  : 'con' command is executed.
00:24:51 INFO  : ----------------XSDB Script (After Launch)----------------
targets -set -nocase -filter {name =~ "*A53*#0"}
con
----------------End of Script----------------

00:24:51 INFO  : Launch script is exported to file 'C:\Xilinx\Projects\DRC_Rev2.0_Deliverables\Vitis2023.1\DRC_Rev2.0_SW\DRC_Rev2_0_Deliverables_Application_system\_ide\scripts\systemdebugger_drc_rev2_0_deliverables_application_system_3_standalone.tcl'
00:56:10 INFO  : Hardware specification for platform project 'DRCPlatform' is updated.
00:56:31 INFO  : Result from executing command 'getProjects': DRCPlatform
00:56:31 ERROR : Failed to openhw "C:/Xilinx/Projects/DRC_Rev2.0_Deliverables/Vitis2023.1/DRC_Rev2.0_SW/DRCPlatform/hw/DRC_Rev2_0_Deliverables.xsa"
Reason: ERROR: [Common 17-39] 'hsi::open_hw_design' failed due to earlier errors.

00:56:31 INFO  : Result from executing command 'getPlatforms': xilinx_vck190_base_202310_1|C:/Xilinx/Vitis/2023.1/base_platforms/xilinx_vck190_base_202310_1/xilinx_vck190_base_202310_1.xpfm;xilinx_vck190_base_dfx_202310_1|C:/Xilinx/Vitis/2023.1/base_platforms/xilinx_vck190_base_dfx_202310_1/xilinx_vck190_base_dfx_202310_1.xpfm;xilinx_vek280_es1_base_202310_1|C:/Xilinx/Vitis/2023.1/base_platforms/xilinx_vek280_es1_base_202310_1/xilinx_vek280_es1_base_202310_1.xpfm;xilinx_vmk180_base_202310_1|C:/Xilinx/Vitis/2023.1/base_platforms/xilinx_vmk180_base_202310_1/xilinx_vmk180_base_202310_1.xpfm;xilinx_zcu102_base_202310_1|C:/Xilinx/Vitis/2023.1/base_platforms/xilinx_zcu102_base_202310_1/xilinx_zcu102_base_202310_1.xpfm;xilinx_zcu102_base_dfx_202310_1|C:/Xilinx/Vitis/2023.1/base_platforms/xilinx_zcu102_base_dfx_202310_1/xilinx_zcu102_base_dfx_202310_1.xpfm;xilinx_zcu104_base_202310_1|C:/Xilinx/Vitis/2023.1/base_platforms/xilinx_zcu104_base_202310_1/xilinx_zcu104_base_202310_1.xpfm
00:57:22 INFO  : Checking for BSP changes to sync application flags for project 'DRC_Rev2_0_Deliverables_Application'...
00:57:28 INFO  : Checking for BSP changes to sync application flags for project 'DRC_Rev2_0_Deliverables_Application'...
00:57:32 INFO  : Disconnected from the channel tcfchan#13.
00:57:33 INFO  : The hardware specification used by project 'DRC_Rev2_0_Deliverables_Application' is out of sync with the platform. Resource files extracted from the hardware specification will be updated.
00:57:33 INFO  : The file 'C:\Xilinx\Projects\DRC_Rev2.0_Deliverables\Vitis2023.1\DRC_Rev2.0_SW\DRC_Rev2_0_Deliverables_Application\_ide\bitstream\DRC_Rev2_0_Deliverables.bit' stored in project is removed.
00:57:33 INFO  : The updated bitstream files are copied from platform to folder 'C:\Xilinx\Projects\DRC_Rev2.0_Deliverables\Vitis2023.1\DRC_Rev2.0_SW\DRC_Rev2_0_Deliverables_Application\_ide\bitstream' in project 'DRC_Rev2_0_Deliverables_Application'.
00:57:33 INFO  : The file 'C:\Xilinx\Projects\DRC_Rev2.0_Deliverables\Vitis2023.1\DRC_Rev2.0_SW\DRC_Rev2_0_Deliverables_Application\_ide\psinit\psu_init.tcl' stored in project is removed.
00:57:34 INFO  : The updated ps init files are copied from platform to folder 'C:\Xilinx\Projects\DRC_Rev2.0_Deliverables\Vitis2023.1\DRC_Rev2.0_SW\DRC_Rev2_0_Deliverables_Application\_ide\psinit' in project 'DRC_Rev2_0_Deliverables_Application'.
00:57:35 INFO  : Connected to target on host '127.0.0.1' and port '3121'.
00:57:35 INFO  : Jtag cable 'Digilent JTAG-HS3 210299BBCD36' is selected.
00:57:35 INFO  : 'jtag frequency' command is executed.
00:57:35 INFO  : Sourcing of 'C:/Xilinx/Vitis/2023.1/scripts/vitis/util/zynqmp_utils.tcl' is done.
00:57:35 INFO  : Context for 'APU' is selected.
00:57:35 INFO  : System reset is completed.
00:57:38 INFO  : 'after 3000' command is executed.
00:57:38 INFO  : 'targets -set -filter {jtag_cable_name =~ "Digilent JTAG-HS3 210299BBCD36" && level==0 && jtag_device_ctx=="jsn-JTAG-HS3-210299BBCD36-14710093-0"}' command is executed.
00:57:42 INFO  : Device configured successfully with "C:/Xilinx/Projects/DRC_Rev2.0_Deliverables/Vitis2023.1/DRC_Rev2.0_SW/DRC_Rev2_0_Deliverables_Application/_ide/bitstream/DRC_Rev2_0_Deliverables.bit"
00:57:42 INFO  : Context for 'APU' is selected.
00:57:42 INFO  : Hardware design and registers information is loaded from 'C:/Xilinx/Projects/DRC_Rev2.0_Deliverables/Vitis2023.1/DRC_Rev2.0_SW/DRCPlatform/export/DRCPlatform/hw/DRC_Rev2_0_Deliverables.xsa'.
00:57:42 INFO  : 'configparams force-mem-access 1' command is executed.
00:57:42 INFO  : Context for 'APU' is selected.
00:57:42 INFO  : Boot mode is read from the target.
00:57:42 INFO  : Context for processor 'psu_cortexa53_0' is selected.
00:57:42 INFO  : Processor reset is completed for 'psu_cortexa53_0'.
00:57:43 INFO  : The application 'C:/Xilinx/Projects/DRC_Rev2.0_Deliverables/Vitis2023.1/DRC_Rev2.0_SW/DRCPlatform/export/DRCPlatform/sw/DRCPlatform/boot/fsbl.elf' is downloaded to processor 'psu_cortexa53_0'.
00:57:43 INFO  : 'set bp_57_43_fsbl_bp [bpadd -addr &XFsbl_Exit]' command is executed.
00:57:44 INFO  : 'con -block -timeout 60' command is executed.
00:57:44 INFO  : 'bpremove $bp_57_43_fsbl_bp' command is executed.
00:57:44 INFO  : Context for processor 'psu_cortexa53_0' is selected.
00:57:44 INFO  : Processor reset is completed for 'psu_cortexa53_0'.
00:57:45 INFO  : The application 'C:/Xilinx/Projects/DRC_Rev2.0_Deliverables/Vitis2023.1/DRC_Rev2.0_SW/DRC_Rev2_0_Deliverables_Application/Debug/DRC_Rev2_0_Deliverables_Application.elf' is downloaded to processor 'psu_cortexa53_0'.
00:57:45 INFO  : 'configparams force-mem-access 0' command is executed.
00:57:45 INFO  : ----------------XSDB Script----------------
connect -url tcp:127.0.0.1:3121
source C:/Xilinx/Vitis/2023.1/scripts/vitis/util/zynqmp_utils.tcl
targets -set -nocase -filter {name =~"APU*"}
rst -system
after 3000
targets -set -filter {jtag_cable_name =~ "Digilent JTAG-HS3 210299BBCD36" && level==0 && jtag_device_ctx=="jsn-JTAG-HS3-210299BBCD36-14710093-0"}
fpga -file C:/Xilinx/Projects/DRC_Rev2.0_Deliverables/Vitis2023.1/DRC_Rev2.0_SW/DRC_Rev2_0_Deliverables_Application/_ide/bitstream/DRC_Rev2_0_Deliverables.bit
targets -set -nocase -filter {name =~"APU*"}
loadhw -hw C:/Xilinx/Projects/DRC_Rev2.0_Deliverables/Vitis2023.1/DRC_Rev2.0_SW/DRCPlatform/export/DRCPlatform/hw/DRC_Rev2_0_Deliverables.xsa -mem-ranges [list {0x80000000 0xbfffffff} {0x400000000 0x5ffffffff} {0x1000000000 0x7fffffffff}] -regs
configparams force-mem-access 1
targets -set -nocase -filter {name =~"APU*"}
set mode [expr [mrd -value 0xFF5E0200] & 0xf]
targets -set -nocase -filter {name =~ "*A53*#0"}
rst -processor
dow C:/Xilinx/Projects/DRC_Rev2.0_Deliverables/Vitis2023.1/DRC_Rev2.0_SW/DRCPlatform/export/DRCPlatform/sw/DRCPlatform/boot/fsbl.elf
set bp_57_43_fsbl_bp [bpadd -addr &XFsbl_Exit]
con -block -timeout 60
bpremove $bp_57_43_fsbl_bp
targets -set -nocase -filter {name =~ "*A53*#0"}
rst -processor
dow C:/Xilinx/Projects/DRC_Rev2.0_Deliverables/Vitis2023.1/DRC_Rev2.0_SW/DRC_Rev2_0_Deliverables_Application/Debug/DRC_Rev2_0_Deliverables_Application.elf
configparams force-mem-access 0
----------------End of Script----------------

00:57:45 INFO  : Context for processor 'psu_cortexa53_0' is selected.
00:57:45 INFO  : 'con' command is executed.
00:57:45 INFO  : ----------------XSDB Script (After Launch)----------------
targets -set -nocase -filter {name =~ "*A53*#0"}
con
----------------End of Script----------------

00:57:45 INFO  : Launch script is exported to file 'C:\Xilinx\Projects\DRC_Rev2.0_Deliverables\Vitis2023.1\DRC_Rev2.0_SW\DRC_Rev2_0_Deliverables_Application_system\_ide\scripts\systemdebugger_drc_rev2_0_deliverables_application_system_4_standalone.tcl'
00:59:11 INFO  : Disconnected from the channel tcfchan#15.
00:59:12 INFO  : Connected to target on host '127.0.0.1' and port '3121'.
00:59:12 INFO  : Jtag cable 'Digilent JTAG-HS3 210299BBCD36' is selected.
00:59:12 INFO  : 'jtag frequency' command is executed.
00:59:12 INFO  : Sourcing of 'C:/Xilinx/Vitis/2023.1/scripts/vitis/util/zynqmp_utils.tcl' is done.
00:59:12 INFO  : Context for 'APU' is selected.
00:59:13 INFO  : System reset is completed.
00:59:16 INFO  : 'after 3000' command is executed.
00:59:16 INFO  : 'targets -set -filter {jtag_cable_name =~ "Digilent JTAG-HS3 210299BBCD36" && level==0 && jtag_device_ctx=="jsn-JTAG-HS3-210299BBCD36-14710093-0"}' command is executed.
00:59:19 INFO  : Device configured successfully with "C:/Xilinx/Projects/DRC_Rev2.0_Deliverables/Vitis2023.1/DRC_Rev2.0_SW/DRC_Rev2_0_Deliverables_Application/_ide/bitstream/DRC_Rev2_0_Deliverables.bit"
00:59:19 INFO  : Context for 'APU' is selected.
00:59:19 INFO  : Hardware design and registers information is loaded from 'C:/Xilinx/Projects/DRC_Rev2.0_Deliverables/Vitis2023.1/DRC_Rev2.0_SW/DRCPlatform/export/DRCPlatform/hw/DRC_Rev2_0_Deliverables.xsa'.
00:59:19 INFO  : 'configparams force-mem-access 1' command is executed.
00:59:19 INFO  : Context for 'APU' is selected.
00:59:19 INFO  : Boot mode is read from the target.
00:59:19 INFO  : Context for processor 'psu_cortexa53_0' is selected.
00:59:19 INFO  : Processor reset is completed for 'psu_cortexa53_0'.
00:59:20 INFO  : The application 'C:/Xilinx/Projects/DRC_Rev2.0_Deliverables/Vitis2023.1/DRC_Rev2.0_SW/DRCPlatform/export/DRCPlatform/sw/DRCPlatform/boot/fsbl.elf' is downloaded to processor 'psu_cortexa53_0'.
00:59:20 INFO  : 'set bp_59_20_fsbl_bp [bpadd -addr &XFsbl_Exit]' command is executed.
01:00:08 WARN  : Exit breakpoint of FSBL (XFsbl_Exit) is not hit within allocated wait time of '60' seconds.
Note: To wait for a fixed amount of time specify the FSBL function as empty in launch configuration. Use 'IDE_FSBL_BP_HIT_WAIT_TIME' environment variable in launch configuration to modify the wait time (seconds).
Reason: 'con -block -timeout 60' is cancelled.
01:00:08 INFO  : ----------------XSDB Script----------------
connect -url tcp:127.0.0.1:3121
source C:/Xilinx/Vitis/2023.1/scripts/vitis/util/zynqmp_utils.tcl
targets -set -nocase -filter {name =~"APU*"}
rst -system
after 3000
targets -set -filter {jtag_cable_name =~ "Digilent JTAG-HS3 210299BBCD36" && level==0 && jtag_device_ctx=="jsn-JTAG-HS3-210299BBCD36-14710093-0"}
fpga -file C:/Xilinx/Projects/DRC_Rev2.0_Deliverables/Vitis2023.1/DRC_Rev2.0_SW/DRC_Rev2_0_Deliverables_Application/_ide/bitstream/DRC_Rev2_0_Deliverables.bit
targets -set -nocase -filter {name =~"APU*"}
loadhw -hw C:/Xilinx/Projects/DRC_Rev2.0_Deliverables/Vitis2023.1/DRC_Rev2.0_SW/DRCPlatform/export/DRCPlatform/hw/DRC_Rev2_0_Deliverables.xsa -mem-ranges [list {0x80000000 0xbfffffff} {0x400000000 0x5ffffffff} {0x1000000000 0x7fffffffff}] -regs
configparams force-mem-access 1
targets -set -nocase -filter {name =~"APU*"}
set mode [expr [mrd -value 0xFF5E0200] & 0xf]
targets -set -nocase -filter {name =~ "*A53*#0"}
rst -processor
dow C:/Xilinx/Projects/DRC_Rev2.0_Deliverables/Vitis2023.1/DRC_Rev2.0_SW/DRCPlatform/export/DRCPlatform/sw/DRCPlatform/boot/fsbl.elf
set bp_59_20_fsbl_bp [bpadd -addr &XFsbl_Exit]
con -block -timeout 60
bpremove $bp_59_20_fsbl_bp
----------------End of Script----------------

01:00:30 INFO  : Connected to target on host '127.0.0.1' and port '3121'.
01:00:30 INFO  : Jtag cable 'Digilent JTAG-HS3 210299BBCD36' is selected.
01:00:30 INFO  : 'jtag frequency' command is executed.
01:00:30 INFO  : Sourcing of 'C:/Xilinx/Vitis/2023.1/scripts/vitis/util/zynqmp_utils.tcl' is done.
01:00:30 INFO  : Context for 'APU' is selected.
01:00:31 INFO  : System reset is completed.
01:00:34 INFO  : 'after 3000' command is executed.
01:00:34 INFO  : 'targets -set -filter {jtag_cable_name =~ "Digilent JTAG-HS3 210299BBCD36" && level==0 && jtag_device_ctx=="jsn-JTAG-HS3-210299BBCD36-14710093-0"}' command is executed.
01:00:37 INFO  : Device configured successfully with "C:/Xilinx/Projects/DRC_Rev2.0_Deliverables/Vitis2023.1/DRC_Rev2.0_SW/DRC_Rev2_0_Deliverables_Application/_ide/bitstream/DRC_Rev2_0_Deliverables.bit"
01:00:37 INFO  : Context for 'APU' is selected.
01:00:37 INFO  : Hardware design and registers information is loaded from 'C:/Xilinx/Projects/DRC_Rev2.0_Deliverables/Vitis2023.1/DRC_Rev2.0_SW/DRCPlatform/export/DRCPlatform/hw/DRC_Rev2_0_Deliverables.xsa'.
01:00:37 INFO  : 'configparams force-mem-access 1' command is executed.
01:00:37 INFO  : Context for 'APU' is selected.
01:00:37 INFO  : Boot mode is read from the target.
01:00:37 INFO  : Context for processor 'psu_cortexa53_0' is selected.
01:00:37 INFO  : Processor reset is completed for 'psu_cortexa53_0'.
01:00:38 INFO  : The application 'C:/Xilinx/Projects/DRC_Rev2.0_Deliverables/Vitis2023.1/DRC_Rev2.0_SW/DRCPlatform/export/DRCPlatform/sw/DRCPlatform/boot/fsbl.elf' is downloaded to processor 'psu_cortexa53_0'.
01:00:38 INFO  : 'set bp_0_38_fsbl_bp [bpadd -addr &XFsbl_Exit]' command is executed.
01:01:30 WARN  : Exit breakpoint of FSBL (XFsbl_Exit) is not hit within allocated wait time of '60' seconds.
Note: To wait for a fixed amount of time specify the FSBL function as empty in launch configuration. Use 'IDE_FSBL_BP_HIT_WAIT_TIME' environment variable in launch configuration to modify the wait time (seconds).
Reason: 'con -block -timeout 60' is cancelled.
01:01:30 INFO  : ----------------XSDB Script----------------
connect -url tcp:127.0.0.1:3121
source C:/Xilinx/Vitis/2023.1/scripts/vitis/util/zynqmp_utils.tcl
targets -set -nocase -filter {name =~"APU*"}
rst -system
after 3000
targets -set -filter {jtag_cable_name =~ "Digilent JTAG-HS3 210299BBCD36" && level==0 && jtag_device_ctx=="jsn-JTAG-HS3-210299BBCD36-14710093-0"}
fpga -file C:/Xilinx/Projects/DRC_Rev2.0_Deliverables/Vitis2023.1/DRC_Rev2.0_SW/DRC_Rev2_0_Deliverables_Application/_ide/bitstream/DRC_Rev2_0_Deliverables.bit
targets -set -nocase -filter {name =~"APU*"}
loadhw -hw C:/Xilinx/Projects/DRC_Rev2.0_Deliverables/Vitis2023.1/DRC_Rev2.0_SW/DRCPlatform/export/DRCPlatform/hw/DRC_Rev2_0_Deliverables.xsa -mem-ranges [list {0x80000000 0xbfffffff} {0x400000000 0x5ffffffff} {0x1000000000 0x7fffffffff}] -regs
configparams force-mem-access 1
targets -set -nocase -filter {name =~"APU*"}
set mode [expr [mrd -value 0xFF5E0200] & 0xf]
targets -set -nocase -filter {name =~ "*A53*#0"}
rst -processor
dow C:/Xilinx/Projects/DRC_Rev2.0_Deliverables/Vitis2023.1/DRC_Rev2.0_SW/DRCPlatform/export/DRCPlatform/sw/DRCPlatform/boot/fsbl.elf
set bp_0_38_fsbl_bp [bpadd -addr &XFsbl_Exit]
con -block -timeout 60
bpremove $bp_0_38_fsbl_bp
----------------End of Script----------------

01:01:53 DEBUG : Logs will be stored at 'C:/Xilinx/Projects/DRC_Rev2.0_Deliverables/Vitis2023.1/DRC_Rev2.0_SW/IDE.log'.
01:01:54 INFO  : Launching XSCT server: xsct.bat -n  -interactive C:\Xilinx\Projects\DRC_Rev2.0_Deliverables\Vitis2023.1\DRC_Rev2.0_SW\temp_xsdb_launch_script.tcl
01:01:56 INFO  : XSCT server has started successfully.
01:01:56 INFO  : Successfully done setting XSCT server connection channel  
01:01:56 INFO  : plnx-install-location is set to ''
01:01:56 INFO  : Successfully done setting workspace for the tool. 
01:01:56 INFO  : Successfully done query RDI_DATADIR 
01:01:58 INFO  : Registering command handlers for Vitis TCF services
01:01:58 INFO  : Platform repository initialization has completed.
01:02:22 INFO  : Connected to target on host '127.0.0.1' and port '3121'.
01:02:23 INFO  : Jtag cable 'Digilent JTAG-HS3 210299BBCD36' is selected.
01:02:23 INFO  : 'jtag frequency' command is executed.
01:02:23 INFO  : Sourcing of 'C:/Xilinx/Vitis/2023.1/scripts/vitis/util/zynqmp_utils.tcl' is done.
01:02:23 INFO  : Context for 'APU' is selected.
01:02:23 INFO  : System reset is completed.
01:02:26 INFO  : 'after 3000' command is executed.
01:02:26 INFO  : 'targets -set -filter {jtag_cable_name =~ "Digilent JTAG-HS3 210299BBCD36" && level==0 && jtag_device_ctx=="jsn-JTAG-HS3-210299BBCD36-14710093-0"}' command is executed.
01:02:29 INFO  : Device configured successfully with "C:/Xilinx/Projects/DRC_Rev2.0_Deliverables/Vitis2023.1/DRC_Rev2.0_SW/DRC_Rev2_0_Deliverables_Application/_ide/bitstream/DRC_Rev2_0_Deliverables.bit"
01:02:29 INFO  : Context for 'APU' is selected.
01:02:30 INFO  : Hardware design and registers information is loaded from 'C:/Xilinx/Projects/DRC_Rev2.0_Deliverables/Vitis2023.1/DRC_Rev2.0_SW/DRCPlatform/export/DRCPlatform/hw/DRC_Rev2_0_Deliverables.xsa'.
01:02:30 INFO  : 'configparams force-mem-access 1' command is executed.
01:02:30 INFO  : Context for 'APU' is selected.
01:02:30 INFO  : Boot mode is read from the target.
01:02:30 INFO  : Context for processor 'psu_cortexa53_0' is selected.
01:02:30 INFO  : Processor reset is completed for 'psu_cortexa53_0'.
01:02:31 INFO  : The application 'C:/Xilinx/Projects/DRC_Rev2.0_Deliverables/Vitis2023.1/DRC_Rev2.0_SW/DRCPlatform/export/DRCPlatform/sw/DRCPlatform/boot/fsbl.elf' is downloaded to processor 'psu_cortexa53_0'.
01:02:31 INFO  : 'set bp_2_31_fsbl_bp [bpadd -addr &XFsbl_Exit]' command is executed.
01:02:32 INFO  : 'con -block -timeout 60' command is executed.
01:02:32 INFO  : 'bpremove $bp_2_31_fsbl_bp' command is executed.
01:02:32 INFO  : Context for processor 'psu_cortexa53_0' is selected.
01:02:32 INFO  : Processor reset is completed for 'psu_cortexa53_0'.
01:02:33 INFO  : The application 'C:/Xilinx/Projects/DRC_Rev2.0_Deliverables/Vitis2023.1/DRC_Rev2.0_SW/DRC_Rev2_0_Deliverables_Application/Debug/DRC_Rev2_0_Deliverables_Application.elf' is downloaded to processor 'psu_cortexa53_0'.
01:02:33 INFO  : 'configparams force-mem-access 0' command is executed.
01:02:33 INFO  : ----------------XSDB Script----------------
connect -url tcp:127.0.0.1:3121
source C:/Xilinx/Vitis/2023.1/scripts/vitis/util/zynqmp_utils.tcl
targets -set -nocase -filter {name =~"APU*"}
rst -system
after 3000
targets -set -filter {jtag_cable_name =~ "Digilent JTAG-HS3 210299BBCD36" && level==0 && jtag_device_ctx=="jsn-JTAG-HS3-210299BBCD36-14710093-0"}
fpga -file C:/Xilinx/Projects/DRC_Rev2.0_Deliverables/Vitis2023.1/DRC_Rev2.0_SW/DRC_Rev2_0_Deliverables_Application/_ide/bitstream/DRC_Rev2_0_Deliverables.bit
targets -set -nocase -filter {name =~"APU*"}
loadhw -hw C:/Xilinx/Projects/DRC_Rev2.0_Deliverables/Vitis2023.1/DRC_Rev2.0_SW/DRCPlatform/export/DRCPlatform/hw/DRC_Rev2_0_Deliverables.xsa -mem-ranges [list {0x80000000 0xbfffffff} {0x400000000 0x5ffffffff} {0x1000000000 0x7fffffffff}] -regs
configparams force-mem-access 1
targets -set -nocase -filter {name =~"APU*"}
set mode [expr [mrd -value 0xFF5E0200] & 0xf]
targets -set -nocase -filter {name =~ "*A53*#0"}
rst -processor
dow C:/Xilinx/Projects/DRC_Rev2.0_Deliverables/Vitis2023.1/DRC_Rev2.0_SW/DRCPlatform/export/DRCPlatform/sw/DRCPlatform/boot/fsbl.elf
set bp_2_31_fsbl_bp [bpadd -addr &XFsbl_Exit]
con -block -timeout 60
bpremove $bp_2_31_fsbl_bp
targets -set -nocase -filter {name =~ "*A53*#0"}
rst -processor
dow C:/Xilinx/Projects/DRC_Rev2.0_Deliverables/Vitis2023.1/DRC_Rev2.0_SW/DRC_Rev2_0_Deliverables_Application/Debug/DRC_Rev2_0_Deliverables_Application.elf
configparams force-mem-access 0
----------------End of Script----------------

01:02:33 INFO  : Context for processor 'psu_cortexa53_0' is selected.
01:02:33 INFO  : 'con' command is executed.
01:02:33 INFO  : ----------------XSDB Script (After Launch)----------------
targets -set -nocase -filter {name =~ "*A53*#0"}
con
----------------End of Script----------------

01:02:33 INFO  : Launch script is exported to file 'C:\Xilinx\Projects\DRC_Rev2.0_Deliverables\Vitis2023.1\DRC_Rev2.0_SW\DRC_Rev2_0_Deliverables_Application_system\_ide\scripts\systemdebugger_drc_rev2_0_deliverables_application_system_7_standalone.tcl'
09:52:19 INFO  : Disconnected from the channel tcfchan#1.
10:00:23 DEBUG : Logs will be stored at 'C:/Xilinx/Projects/DRC_Rev2.0_Deliverables/Vitis2023.1/DRC_Rev2.0_SW/IDE.log'.
10:00:24 INFO  : Launching XSCT server: xsct.bat -n  -interactive C:\Xilinx\Projects\DRC_Rev2.0_Deliverables\Vitis2023.1\DRC_Rev2.0_SW\temp_xsdb_launch_script.tcl
10:00:26 INFO  : XSCT server has started successfully.
10:00:26 INFO  : Successfully done setting XSCT server connection channel  
10:00:26 INFO  : plnx-install-location is set to ''
10:00:26 INFO  : Successfully done setting workspace for the tool. 
10:00:26 INFO  : Successfully done query RDI_DATADIR 
10:00:28 INFO  : Registering command handlers for Vitis TCF services
10:00:29 INFO  : Platform repository initialization has completed.
