2025-09-23T13:34:14.338366500255-13:34:14 **** Incremental Build of project DRCPlatform2 ****
000-buildplatform.bat 54359 DRCPlatform2 no_domain_build 
000-XSDB Server Channel: tcfchan#2
000-Building the BSP Library for domain  - standalone_domain on processor psu_cortexa53_0
000-make --no-print-directory seq_libs
000-
000-'Finished building libraries sequentially.'
000-
000-make -j 30 --no-print-directory par_libs
000-
000-"Running Make include in psu_cortexa53_0/libsrc/axipmon_v6_9/src"
000-
000-"Running Make include in psu_cortexa53_0/libsrc/clockps_v1_4/src"
000-
000-make -C psu_cortexa53_0/libsrc/axipmon_v6_9/src -s include  "SHELL=CMD" "COMPILER=aarch64-none-elf-gcc" "ASSEMBLER=aarch64-none
000--elf-as" "ARCHIVER=aarch64-none-elf-ar" "COMPILER_FLAGS=  -O2 -c" "EXTRA_COMPILER_FLAGS=-g -Wall -Wextra -fno-tree-loop-distrib
000-ute-patterns"
000-
000-"Running Make include in psu_cortexa53_0/libsrc/coresightps_dcc_v1_8/src"
000-
000-make -C psu_cortexa53_0/libsrc/clockps_v1_4/src -s include  "SHELL=CMD" "COMPILER=aarch64-none-elf-gcc" "ASSEMBLER=aarch64-none
000--elf-as" "ARCHIVER=aarch64-none-elf-ar" "COMPILER_FLAGS=  -O2 -c" "EXTRA_COMPILER_FLAGS=-g -Wall -Wextra -fno-tree-loop-distrib
000-ute-patterns"
000-
000-make -C psu_cortexa53_0/libsrc/coresightps_dcc_v1_8/src -s include  "SHELL=CMD" "COMPILER=aarch64-none-elf-gcc" "ASSEMBLER=aarc
000-h64-none-elf-as" "ARCHIVER=aarch64-none-elf-ar" "COMPILER_FLAGS=  -O2 -c" "EXTRA_COMPILER_FLAGS=-g -Wall -Wextra -fno-tree-loop
000--distribute-patterns"
000-
000-"Running Make include in psu_cortexa53_0/libsrc/cpu_cortexa53_v2_0/src"
000-
000-make -C psu_cortexa53_0/libsrc/cpu_cortexa53_v2_0/src -s include  "SHELL=CMD" "COMPILER=aarch64-none-elf-gcc" "ASSEMBLER=aarch6
000-4-none-elf-as" "ARCHIVER=aarch64-none-elf-ar" "COMPILER_FLAGS=  -O2 -c" "EXTRA_COMPILER_FLAGS=-g -Wall -Wextra -fno-tree-loop-d
000-istribute-patterns"
000-
000-"Running Make include in psu_cortexa53_0/libsrc/csudma_v1_13/src"
000-
000-make -C psu_cortexa53_0/libsrc/csudma_v1_13/src -s include  "SHELL=CMD" "COMPILER=aarch64-none-elf-gcc" "ASSEMBLER=aarch64-none
000--elf-as" "ARCHIVER=aarch64-none-elf-ar" "COMPILER_FLAGS=  -O2 -c" "EXTRA_COMPILER_FLAGS=-g -Wall -Wextra -fno-tree-loop-distrib
000-ute-patterns"
000-
000-"Running Make include in psu_cortexa53_0/libsrc/ddrcpsu_v1_4/src"
000-
000-make -C psu_cortexa53_0/libsrc/ddrcpsu_v1_4/src -s include  "SHELL=CMD" "COMPILER=aarch64-none-elf-gcc" "ASSEMBLER=aarch64-none
000--elf-as" "ARCHIVER=aarch64-none-elf-ar" "COMPILER_FLAGS=  -O2 -c" "EXTRA_COMPILER_FLAGS=-g -Wall -Wextra -fno-tree-loop-distrib
000-ute-patterns"
000-
000-"Running Make include in psu_cortexa53_0/libsrc/gpiops_v3_11/src"
000-
000-make -C psu_cortexa53_0/libsrc/gpiops_v3_11/src -s include  "SHELL=CMD" "COMPILER=aarch64-none-elf-gcc" "ASSEMBLER=aarch64-none
000--elf-as" "ARCHIVER=aarch64-none-elf-ar" "COMPILER_FLAGS=  -O2 -c" "EXTRA_COMPILER_FLAGS=-g -Wall -Wextra -fno-tree-loop-distrib
000-ute-patterns"
000-
000-"Running Make include in psu_cortexa53_0/libsrc/gpio_v4_9/src"
000-
000-make -C psu_cortexa53_0/libsrc/gpio_v4_9/src -s include  "SHELL=CMD" "COMPILER=aarch64-none-elf-gcc" "ASSEMBLER=aarch64-none-el
000-f-as" "ARCHIVER=aarch64-none-elf-ar" "COMPILER_FLAGS=  -O2 -c" "EXTRA_COMPILER_FLAGS=-g -Wall -Wextra -fno-tree-loop-distribute
000--patterns"
000-
000-"Running Make include in psu_cortexa53_0/libsrc/iicps_v3_17/src"
000-
000-make -C psu_cortexa53_0/libsrc/iicps_v3_17/src -s include  "SHELL=CMD" "COMPILER=aarch64-none-elf-gcc" "ASSEMBLER=aarch64-none-
000-elf-as" "ARCHIVER=aarch64-none-elf-ar" "COMPILER_FLAGS=  -O2 -c" "EXTRA_COMPILER_FLAGS=-g -Wall -Wextra -fno-tree-loop-distribu
000-te-patterns"
000-
000-"Running Make include in psu_cortexa53_0/libsrc/iic_v3_9/src"
000-
000-make -C psu_cortexa53_0/libsrc/iic_v3_9/src -s include  "SHELL=CMD" "COMPILER=aarch64-none-elf-gcc" "ASSEMBLER=aarch64-none-elf
000--as" "ARCHIVER=aarch64-none-elf-ar" "COMPILER_FLAGS=  -O2 -c" "EXTRA_COMPILER_FLAGS=-g -Wall -Wextra -fno-tree-loop-distribute-
000-patterns"
000-
000-"Running Make include in psu_cortexa53_0/libsrc/ipipsu_v2_13/src"
000-
000-make -C psu_cortexa53_0/libsrc/ipipsu_v2_13/src -s include  "SHELL=CMD" "COMPILER=aarch64-none-elf-gcc" "ASSEMBLER=aarch64-none
000--elf-as" "ARCHIVER=aarch64-none-elf-ar" "COMPILER_FLAGS=  -O2 -c" "EXTRA_COMPILER_FLAGS=-g -Wall -Wextra -fno-tree-loop-distrib
000-ute-patterns"
000-
000-"Running Make include in psu_cortexa53_0/libsrc/qspipsu_v1_17/src"
000-
000-make -C psu_cortexa53_0/libsrc/qspipsu_v1_17/src -s include  "SHELL=CMD" "COMPILER=aarch64-none-elf-gcc" "ASSEMBLER=aarch64-non
000-e-elf-as" "ARCHIVER=aarch64-none-elf-ar" "COMPILER_FLAGS=  -O2 -c" "EXTRA_COMPILER_FLAGS=-g -Wall -Wextra -fno-tree-loop-distri
000-bute-patterns"
000-
000-"Running Make include in psu_cortexa53_0/libsrc/resetps_v1_5/src"
000-
000-make -C psu_cortexa53_0/libsrc/resetps_v1_5/src -s include  "SHELL=CMD" "COMPILER=aarch64-none-elf-gcc" "ASSEMBLER=aarch64-none
000--elf-as" "ARCHIVER=aarch64-none-elf-ar" "COMPILER_FLAGS=  -O2 -c" "EXTRA_COMPILER_FLAGS=-g -Wall -Wextra -fno-tree-loop-distrib
000-ute-patterns"
000-
000-"Running Make include in psu_cortexa53_0/libsrc/rtcpsu_v1_12/src"
000-
000-"Running Make include in psu_cortexa53_0/libsrc/scugic_v5_1/src"
000-
000-make -C psu_cortexa53_0/libsrc/rtcpsu_v1_12/src -s include  "SHELL=CMD" "COMPILER=aarch64-none-elf-gcc" "ASSEMBLER=aarch64-none
000--elf-as" "ARCHIVER=aarch64-none-elf-ar" "COMPILER_FLAGS=  -O2 -c" "EXTRA_COMPILER_FLAGS=-g -Wall -Wextra -fno-tree-loop-distrib
000-ute-patterns"
000-
000-"Running Make include in psu_cortexa53_0/libsrc/sdps_v4_1/src"
000-
000-make -C psu_cortexa53_0/libsrc/scugic_v5_1/src -s include  "SHELL=CMD" "COMPILER=aarch64-none-elf-gcc" "ASSEMBLER=aarch64-none-
000-elf-as" "ARCHIVER=aarch64-none-elf-ar" "COMPILER_FLAGS=  -O2 -c" "EXTRA_COMPILER_FLAGS=-g -Wall -Wextra -fno-tree-loop-distribu
000-te-patterns"
000-
000-make -C psu_cortexa53_0/libsrc/sdps_v4_1/src -s include  "SHELL=CMD" "COMPILER=aarch64-none-elf-gcc" "ASSEMBLER=aarch64-none-el
000-f-as" "ARCHIVER=aarch64-none-elf-ar" "COMPILER_FLAGS=  -O2 -c" "EXTRA_COMPILER_FLAGS=-g -Wall -Wextra -fno-tree-loop-distribute
000--patterns"
000-
000-"Running Make include in psu_cortexa53_0/libsrc/spi_v4_10/src"
000-
000-"Running Make include in psu_cortexa53_0/libsrc/standalone_v8_1/src"
000-
000-make -C psu_cortexa53_0/libsrc/spi_v4_10/src -s include  "SHELL=CMD" "COMPILER=aarch64-none-elf-gcc" "ASSEMBLER=aarch64-none-el
000-f-as" "ARCHIVER=aarch64-none-elf-ar" "COMPILER_FLAGS=  -O2 -c" "EXTRA_COMPILER_FLAGS=-g -Wall -Wextra -fno-tree-loop-distribute
000--patterns"
000-
000-"Running Make include in psu_cortexa53_0/libsrc/sysmonpsu_v2_8/src"
000-
000-make -C psu_cortexa53_0/libsrc/standalone_v8_1/src -s include  "SHELL=CMD" "COMPILER=aarch64-none-elf-gcc" "ASSEMBLER=aarch64-n
000-one-elf-as" "ARCHIVER=aarch64-none-elf-ar" "COMPILER_FLAGS=  -O2 -c" "EXTRA_COMPILER_FLAGS=-g -Wall -Wextra -fno-tree-loop-dist
000-ribute-patterns"
000-
000-make -C psu_cortexa53_0/libsrc/sysmonpsu_v2_8/src -s include  "SHELL=CMD" "COMPILER=aarch64-none-elf-gcc" "ASSEMBLER=aarch64-no
000-ne-elf-as" "ARCHIVER=aarch64-none-elf-ar" "COMPILER_FLAGS=  -O2 -c" "EXTRA_COMPILER_FLAGS=-g -Wall -Wextra -fno-tree-loop-distr
000-ibute-patterns"
000-
000-"Running Make include in psu_cortexa53_0/libsrc/ttcps_v3_17/src"
000-
000-"Running Make include in psu_cortexa53_0/libsrc/uartps_v3_12/src"
000-
000-"Running Make include in psu_cortexa53_0/libsrc/wdtps_v3_5/src"
000-
000-make -C psu_cortexa53_0/libsrc/ttcps_v3_17/src -s include  "SHELL=CMD" "COMPILER=aarch64-none-elf-gcc" "ASSEMBLER=aarch64-none-
000-elf-as" "ARCHIVER=aarch64-none-elf-ar" "COMPILER_FLAGS=  -O2 -c" "EXTRA_COMPILER_FLAGS=-g -Wall -Wextra -fno-tree-loop-distribu
000-te-patterns"
000-
000-"Running Make include in psu_cortexa53_0/libsrc/zdma_v1_16/src"
000-
000-make -C psu_cortexa53_0/libsrc/uartps_v3_12/src -s include  "SHELL=CMD" "COMPILER=aarch64-none-elf-gcc" "ASSEMBLER=aarch64-none
000--elf-as" "ARCHIVER=aarch64-none-elf-ar" "COMPILER_FLAGS=  -O2 -c" "EXTRA_COMPILER_FLAGS=-g -Wall -Wextra -fno-tree-loop-distrib
000-ute-patterns"
000-
000-make -C psu_cortexa53_0/libsrc/wdtps_v3_5/src -s include  "SHELL=CMD" "COMPILER=aarch64-none-elf-gcc" "ASSEMBLER=aarch64-none-e
000-lf-as" "ARCHIVER=aarch64-none-elf-ar" "COMPILER_FLAGS=  -O2 -c" "EXTRA_COMPILER_FLAGS=-g -Wall -Wextra -fno-tree-loop-distribut
000-e-patterns"
000-
000-make -C psu_cortexa53_0/libsrc/zdma_v1_16/src -s include  "SHELL=CMD" "COMPILER=aarch64-none-elf-gcc" "ASSEMBLER=aarch64-none-e
000-lf-as" "ARCHIVER=aarch64-none-elf-ar" "COMPILER_FLAGS=  -O2 -c" "EXTRA_COMPILER_FLAGS=-g -Wall -Wextra -fno-tree-loop-distribut
000-e-patterns"
000-
000-"Running Make libs in psu_cortexa53_0/libsrc/axipmon_v6_9/src"
000-
000-"Running Make libs in psu_cortexa53_0/libsrc/clockps_v1_4/src"
000-
000-make -C psu_cortexa53_0/libsrc/axipmon_v6_9/src -s libs  "SHELL=CMD" "COMPILER=aarch64-none-elf-gcc" "ASSEMBLER=aarch64-none-el
000-f-as" "ARCHIVER=aarch64-none-elf-ar" "COMPILER_FLAGS=  -O2 -c" "EXTRA_COMPILER_FLAGS=-g -Wall -Wextra -fno-tree-loop-distribute
000--patterns"
000-
000-"Running Make libs in psu_cortexa53_0/libsrc/coresightps_dcc_v1_8/src"
000-
000-make -C psu_cortexa53_0/libsrc/clockps_v1_4/src -s libs  "SHELL=CMD" "COMPILER=aarch64-none-elf-gcc" "ASSEMBLER=aarch64-none-el
000-f-as" "ARCHIVER=aarch64-none-elf-ar" "COMPILER_FLAGS=  -O2 -c" "EXTRA_COMPILER_FLAGS=-g -Wall -Wextra -fno-tree-loop-distribute
000--patterns"
000-
000-make -C psu_cortexa53_0/libsrc/coresightps_dcc_v1_8/src -s libs  "SHELL=CMD" "COMPILER=aarch64-none-elf-gcc" "ASSEMBLER=aarch64
000--none-elf-as" "ARCHIVER=aarch64-none-elf-ar" "COMPILER_FLAGS=  -O2 -c" "EXTRA_COMPILER_FLAGS=-g -Wall -Wextra -fno-tree-loop-di
000-stribute-patterns"
000-
000-"Running Make libs in psu_cortexa53_0/libsrc/cpu_cortexa53_v2_0/src"
000-
000-"Running Make libs in psu_cortexa53_0/libsrc/csudma_v1_13/src"
000-
000-make -C psu_cortexa53_0/libsrc/cpu_cortexa53_v2_0/src -s libs  "SHELL=CMD" "COMPILER=aarch64-none-elf-gcc" "ASSEMBLER=aarch64-n
000-one-elf-as" "ARCHIVER=aarch64-none-elf-ar" "COMPILER_FLAGS=  -O2 -c" "EXTRA_COMPILER_FLAGS=-g -Wall -Wextra -fno-tree-loop-dist
000-ribute-patterns"
000-
000-"Running Make libs in psu_cortexa53_0/libsrc/ddrcpsu_v1_4/src"
000-
000-make -C psu_cortexa53_0/libsrc/csudma_v1_13/src -s libs  "SHELL=CMD" "COMPILER=aarch64-none-elf-gcc" "ASSEMBLER=aarch64-none-el
000-f-as" "ARCHIVER=aarch64-none-elf-ar" "COMPILER_FLAGS=  -O2 -c" "EXTRA_COMPILER_FLAGS=-g -Wall -Wextra -fno-tree-loop-distribute
000--patterns"
000-
000-make -C psu_cortexa53_0/libsrc/ddrcpsu_v1_4/src -s libs  "SHELL=CMD" "COMPILER=aarch64-none-elf-gcc" "ASSEMBLER=aarch64-none-el
000-f-as" "ARCHIVER=aarch64-none-elf-ar" "COMPILER_FLAGS=  -O2 -c" "EXTRA_COMPILER_FLAGS=-g -Wall -Wextra -fno-tree-loop-distribute
000--patterns"
000-
000-"Running Make libs in psu_cortexa53_0/libsrc/gpiops_v3_11/src"
000-
000-"Running Make libs in psu_cortexa53_0/libsrc/gpio_v4_9/src"
000-
000-make -C psu_cortexa53_0/libsrc/gpiops_v3_11/src -s libs  "SHELL=CMD" "COMPILER=aarch64-none-elf-gcc" "ASSEMBLER=aarch64-none-el
000-f-as" "ARCHIVER=aarch64-none-elf-ar" "COMPILER_FLAGS=  -O2 -c" "EXTRA_COMPILER_FLAGS=-g -Wall -Wextra -fno-tree-loop-distribute
000--patterns"
000-
000-"Running Make libs in psu_cortexa53_0/libsrc/iicps_v3_17/src"
000-
000-make -C psu_cortexa53_0/libsrc/gpio_v4_9/src -s libs  "SHELL=CMD" "COMPILER=aarch64-none-elf-gcc" "ASSEMBLER=aarch64-none-elf-a
000-s" "ARCHIVER=aarch64-none-elf-ar" "COMPILER_FLAGS=  -O2 -c" "EXTRA_COMPILER_FLAGS=-g -Wall -Wextra -fno-tree-loop-distribute-pa
000-tterns"
000-
000-make -C psu_cortexa53_0/libsrc/iicps_v3_17/src -s libs  "SHELL=CMD" "COMPILER=aarch64-none-elf-gcc" "ASSEMBLER=aarch64-none-elf
000--as" "ARCHIVER=aarch64-none-elf-ar" "COMPILER_FLAGS=  -O2 -c" "EXTRA_COMPILER_FLAGS=-g -Wall -Wextra -fno-tree-loop-distribute-
000-patterns"
000-
000-"Running Make libs in psu_cortexa53_0/libsrc/iic_v3_9/src"
000-
000-make -C psu_cortexa53_0/libsrc/iic_v3_9/src -s libs  "SHELL=CMD" "COMPILER=aarch64-none-elf-gcc" "ASSEMBLER=aarch64-none-elf-as
000-" "ARCHIVER=aarch64-none-elf-ar" "COMPILER_FLAGS=  -O2 -c" "EXTRA_COMPILER_FLAGS=-g -Wall -Wextra -fno-tree-loop-distribute-pat
000-terns"
000-
000-"Running Make libs in psu_cortexa53_0/libsrc/ipipsu_v2_13/src"
000-
000-make -C psu_cortexa53_0/libsrc/ipipsu_v2_13/src -s libs  "SHELL=CMD" "COMPILER=aarch64-none-elf-gcc" "ASSEMBLER=aarch64-none-el
000-f-as" "ARCHIVER=aarch64-none-elf-ar" "COMPILER_FLAGS=  -O2 -c" "EXTRA_COMPILER_FLAGS=-g -Wall -Wextra -fno-tree-loop-distribute
000--patterns"
000-
000-"Running Make libs in psu_cortexa53_0/libsrc/qspipsu_v1_17/src"
000-
000-"Running Make libs in psu_cortexa53_0/libsrc/resetps_v1_5/src"
000-
000-make -C psu_cortexa53_0/libsrc/qspipsu_v1_17/src -s libs  "SHELL=CMD" "COMPILER=aarch64-none-elf-gcc" "ASSEMBLER=aarch64-none-e
000-lf-as" "ARCHIVER=aarch64-none-elf-ar" "COMPILER_FLAGS=  -O2 -c" "EXTRA_COMPILER_FLAGS=-g -Wall -Wextra -fno-tree-loop-distribut
000-e-patterns"
000-
000-"Running Make libs in psu_cortexa53_0/libsrc/rtcpsu_v1_12/src"
000-
000-make -C psu_cortexa53_0/libsrc/resetps_v1_5/src -s libs  "SHELL=CMD" "COMPILER=aarch64-none-elf-gcc" "ASSEMBLER=aarch64-none-el
000-f-as" "ARCHIVER=aarch64-none-elf-ar" "COMPILER_FLAGS=  -O2 -c" "EXTRA_COMPILER_FLAGS=-g -Wall -Wextra -fno-tree-loop-distribute
000--patterns"
000-
000-make -C psu_cortexa53_0/libsrc/rtcpsu_v1_12/src -s libs  "SHELL=CMD" "COMPILER=aarch64-none-elf-gcc" "ASSEMBLER=aarch64-none-el
000-f-as" "ARCHIVER=aarch64-none-elf-ar" "COMPILER_FLAGS=  -O2 -c" "EXTRA_COMPILER_FLAGS=-g -Wall -Wextra -fno-tree-loop-distribute
000--patterns"
000-
000-"Running Make libs in psu_cortexa53_0/libsrc/scugic_v5_1/src"
000-
000-make -C psu_cortexa53_0/libsrc/scugic_v5_1/src -s libs  "SHELL=CMD" "COMPILER=aarch64-none-elf-gcc" "ASSEMBLER=aarch64-none-elf
000--as" "ARCHIVER=aarch64-none-elf-ar" "COMPILER_FLAGS=  -O2 -c" "EXTRA_COMPILER_FLAGS=-g -Wall -Wextra -fno-tree-loop-distribute-
000-patterns"
000-
000-"Running Make libs in psu_cortexa53_0/libsrc/sdps_v4_1/src"
000-
000-make -C psu_cortexa53_0/libsrc/sdps_v4_1/src -s libs  "SHELL=CMD" "COMPILER=aarch64-none-elf-gcc" "ASSEMBLER=aarch64-none-elf-a
000-s" "ARCHIVER=aarch64-none-elf-ar" "COMPILER_FLAGS=  -O2 -c" "EXTRA_COMPILER_FLAGS=-g -Wall -Wextra -fno-tree-loop-distribute-pa
000-tterns"
000-
000-"Running Make libs in psu_cortexa53_0/libsrc/spi_v4_10/src"
000-
000-"Running Make libs in psu_cortexa53_0/libsrc/standalone_v8_1/src"
000-
000-make -C psu_cortexa53_0/libsrc/spi_v4_10/src -s libs  "SHELL=CMD" "COMPILER=aarch64-none-elf-gcc" "ASSEMBLER=aarch64-none-elf-a
000-s" "ARCHIVER=aarch64-none-elf-ar" "COMPILER_FLAGS=  -O2 -c" "EXTRA_COMPILER_FLAGS=-g -Wall -Wextra -fno-tree-loop-distribute-pa
000-tterns"
000-
000-"Running Make libs in psu_cortexa53_0/libsrc/sysmonpsu_v2_8/src"
000-
000-make -C psu_cortexa53_0/libsrc/standalone_v8_1/src -s libs  "SHELL=CMD" "COMPILER=aarch64-none-elf-gcc" "ASSEMBLER=aarch64-none
000--elf-as" "ARCHIVER=aarch64-none-elf-ar" "COMPILER_FLAGS=  -O2 -c" "EXTRA_COMPILER_FLAGS=-g -Wall -Wextra -fno-tree-loop-distrib
000-ute-patterns"
000-
000-make -C psu_cortexa53_0/libsrc/sysmonpsu_v2_8/src -s libs  "SHELL=CMD" "COMPILER=aarch64-none-elf-gcc" "ASSEMBLER=aarch64-none-
000-elf-as" "ARCHIVER=aarch64-none-elf-ar" "COMPILER_FLAGS=  -O2 -c" "EXTRA_COMPILER_FLAGS=-g -Wall -Wextra -fno-tree-loop-distribu
000-te-patterns"
000-
000-"Running Make libs in psu_cortexa53_0/libsrc/ttcps_v3_17/src"
000-
000-make -C psu_cortexa53_0/libsrc/ttcps_v3_17/src -s libs  "SHELL=CMD" "COMPILER=aarch64-none-elf-gcc" "ASSEMBLER=aarch64-none-elf
000--as" "ARCHIVER=aarch64-none-elf-ar" "COMPILER_FLAGS=  -O2 -c" "EXTRA_COMPILER_FLAGS=-g -Wall -Wextra -fno-tree-loop-distribute-
000-patterns"
000-
000-"Running Make libs in psu_cortexa53_0/libsrc/uartps_v3_12/src"
000-
000-make -C psu_cortexa53_0/libsrc/uartps_v3_12/src -s libs  "SHELL=CMD" "COMPILER=aarch64-none-elf-gcc" "ASSEMBLER=aarch64-none-el
000-f-as" "ARCHIVER=aarch64-none-elf-ar" "COMPILER_FLAGS=  -O2 -c" "EXTRA_COMPILER_FLAGS=-g -Wall -Wextra -fno-tree-loop-distribute
000--patterns"
000-
000-"Running Make libs in psu_cortexa53_0/libsrc/wdtps_v3_5/src"
000-
000-make -C psu_cortexa53_0/libsrc/wdtps_v3_5/src -s libs  "SHELL=CMD" "COMPILER=aarch64-none-elf-gcc" "ASSEMBLER=aarch64-none-elf-
000-as" "ARCHIVER=aarch64-none-elf-ar" "COMPILER_FLAGS=  -O2 -c" "EXTRA_COMPILER_FLAGS=-g -Wall -Wextra -fno-tree-loop-distribute-p
000-atterns"
000-
000-"Running Make libs in psu_cortexa53_0/libsrc/zdma_v1_16/src"
000-
000-make -C psu_cortexa53_0/libsrc/zdma_v1_16/src -s libs  "SHELL=CMD" "COMPILER=aarch64-none-elf-gcc" "ASSEMBLER=aarch64-none-elf-
000-as" "ARCHIVER=aarch64-none-elf-ar" "COMPILER_FLAGS=  -O2 -c" "EXTRA_COMPILER_FLAGS=-g -Wall -Wextra -fno-tree-loop-distribute-p
000-atterns"
000-
000/DRCPlatform249-1-1'#pragma message: For the sleep routines, Global timer is being used'0-xtime_l.c:49:9: note: '#pragma message: For the sleep routines, Global timer is being used'
000-   49 | #pragma message ("For the sleep routines, Global timer is being used")
000-      |         ^~~~~~~
000/DRCPlatform2122-1-1#warning "There's no DDR_1 in the HW design. MMU translation table marks 32 GB DDR address space as undefined" [-Wcpp]1-translation_table.S:122:2: warning: #warning "There's no DDR_1 in the HW design. MMU translation table marks 32 GB DDR address space as undefined" [-Wcpp]
000-  122 | #warning "There's no DDR_1 in the HW design. MMU translation table marks 32 GB DDR address space as undefined"
000-      |  ^~~~~~~
000-'Finished building libraries parallelly.'
000-
000-make --no-print-directory archive
000-
000-aarch64-none-elf-ar -r  psu_cortexa53_0/lib/libxil.a psu_cortexa53_0/lib/_exit.o psu_cortexa53_0/lib/_open.o psu_cortexa53_0/li
000-b/_sbrk.o psu_cortexa53_0/lib/abort.o psu_cortexa53_0/lib/asm_vectors.o psu_cortexa53_0/lib/boot.o psu_cortexa53_0/lib/close.o 
000-psu_cortexa53_0/lib/cpputest_time.o psu_cortexa53_0/lib/errno.o psu_cortexa53_0/lib/fcntl.o psu_cortexa53_0/lib/fstat.o psu_cor
000-texa53_0/lib/getentropy.o psu_cortexa53_0/lib/getpid.o psu_cortexa53_0/lib/inbyte.o psu_cortexa53_0/lib/initialise_monitor_hand
000-les.o psu_cortexa53_0/lib/isatty.o psu_cortexa53_0/lib/kill.o psu_cortexa53_0/lib/lseek.o psu_cortexa53_0/lib/open.o psu_cortex
000-a53_0/lib/outbyte.o psu_cortexa53_0/lib/print.o psu_cortexa53_0/lib/putnum.o psu_cortexa53_0/lib/read.o psu_cortexa53_0/lib/sbr
000-k.o psu_cortexa53_0/lib/sleep.o psu_cortexa53_0/lib/time.o psu_cortexa53_0/lib/translation_table.o psu_cortexa53_0/lib/unlink.o
000- psu_cortexa53_0/lib/vectors.o psu_cortexa53_0/lib/write.o psu_cortexa53_0/lib/xaxipmon.o psu_cortexa53_0/lib/xaxipmon_g.o psu_
000-cortexa53_0/lib/xaxipmon_selftest.o psu_cortexa53_0/lib/xaxipmon_sinit.o psu_cortexa53_0/lib/xclockps.o psu_cortexa53_0/lib/xcl
000-ockps_divider.o psu_cortexa53_0/lib/xclockps_fixedfactor.o psu_cortexa53_0/lib/xclockps_g.o psu_cortexa53_0/lib/xclockps_gate.o
000- psu_cortexa53_0/lib/xclockps_mux.o psu_cortexa53_0/lib/xclockps_pll.o psu_cortexa53_0/lib/xclockps_sinit.o psu_cortexa53_0/lib
000-/xcoresightpsdcc.o psu_cortexa53_0/lib/xcsudma.o psu_cortexa53_0/lib/xcsudma_g.o psu_cortexa53_0/lib/xcsudma_intr.o psu_cortexa
000-53_0/lib/xcsudma_selftest.o psu_cortexa53_0/lib/xcsudma_sinit.o psu_cortexa53_0/lib/xgpio.o psu_cortexa53_0/lib/xgpio_extra.o p
000-su_cortexa53_0/lib/xgpio_g.o psu_cortexa53_0/lib/xgpio_intr.o psu_cortexa53_0/lib/xgpio_selftest.o psu_cortexa53_0/lib/xgpio_si
000-nit.o psu_cortexa53_0/lib/xgpiops.o psu_cortexa53_0/lib/xgpiops_g.o psu_cortexa53_0/lib/xgpiops_hw.o psu_cortexa53_0/lib/xgpiop
000-s_intr.o psu_cortexa53_0/lib/xgpiops_selftest.o psu_cortexa53_0/lib/xgpiops_sinit.o psu_cortexa53_0/lib/xiic.o psu_cortexa53_0/
000-lib/xiic_dyn_master.o psu_cortexa53_0/lib/xiic_g.o psu_cortexa53_0/lib/xiic_intr.o psu_cortexa53_0/lib/xiic_l.o psu_cortexa53_0
000-/lib/xiic_master.o psu_cortexa53_0/lib/xiic_multi_master.o psu_cortexa53_0/lib/xiic_options.o psu_cortexa53_0/lib/xiic_selftest
000-.o psu_cortexa53_0/lib/xiic_sinit.o psu_cortexa53_0/lib/xiic_slave.o psu_cortexa53_0/lib/xiic_stats.o psu_cortexa53_0/lib/xiicp
000-s.o psu_cortexa53_0/lib/xiicps_g.o psu_cortexa53_0/lib/xiicps_hw.o psu_cortexa53_0/lib/xiicps_intr.o psu_cortexa53_0/lib/xiicps
000-_master.o psu_cortexa53_0/lib/xiicps_options.o psu_cortexa53_0/lib/xiicps_selftest.o psu_cortexa53_0/lib/xiicps_sinit.o psu_cor
000-texa53_0/lib/xiicps_slave.o psu_cortexa53_0/lib/xiicps_xfer.o psu_cortexa53_0/lib/xil-crt0.o psu_cortexa53_0/lib/xil_assert.o p
000-su_cortexa53_0/lib/xil_cache.o psu_cortexa53_0/lib/xil_clocking.o psu_cortexa53_0/lib/xil_exception.o psu_cortexa53_0/lib/xil_m
000-em.o psu_cortexa53_0/lib/xil_mmu.o psu_cortexa53_0/lib/xil_printf.o psu_cortexa53_0/lib/xil_sleepcommon.o psu_cortexa53_0/lib/x
000-il_sleeptimer.o psu_cortexa53_0/lib/xil_smc.o psu_cortexa53_0/lib/xil_spinlock.o psu_cortexa53_0/lib/xil_testcache.o psu_cortex
000-a53_0/lib/xil_testio.o psu_cortexa53_0/lib/xil_testmem.o psu_cortexa53_0/lib/xil_util.o psu_cortexa53_0/lib/xinterrupt_wrap.o p
000-su_cortexa53_0/lib/xipipsu.o psu_cortexa53_0/lib/xipipsu_buf.o psu_cortexa53_0/lib/xipipsu_g.o psu_cortexa53_0/lib/xipipsu_sini
000-t.o psu_cortexa53_0/lib/xplatform_info.o psu_cortexa53_0/lib/xpm_counter.o psu_cortexa53_0/lib/xqspipsu.o psu_cortexa53_0/lib/x
000-qspipsu_control.o psu_cortexa53_0/lib/xqspipsu_g.o psu_cortexa53_0/lib/xqspipsu_hw.o psu_cortexa53_0/lib/xqspipsu_options.o psu
000-_cortexa53_0/lib/xqspipsu_sinit.o psu_cortexa53_0/lib/xresetps.o psu_cortexa53_0/lib/xresetps_g.o psu_cortexa53_0/lib/xresetps_
000-sinit.o psu_cortexa53_0/lib/xrtcpsu.o psu_cortexa53_0/lib/xrtcpsu_g.o psu_cortexa53_0/lib/xrtcpsu_intr.o psu_cortexa53_0/lib/xr
000-tcpsu_selftest.o psu_cortexa53_0/lib/xrtcpsu_sinit.o psu_cortexa53_0/lib/xscugic.o psu_cortexa53_0/lib/xscugic_g.o psu_cortexa5
000-3_0/lib/xscugic_hw.o psu_cortexa53_0/lib/xscugic_intr.o psu_cortexa53_0/lib/xscugic_selftest.o psu_cortexa53_0/lib/xscugic_sini
000-t.o psu_cortexa53_0/lib/xsdps.o psu_cortexa53_0/lib/xsdps_card.o psu_cortexa53_0/lib/xsdps_g.o psu_cortexa53_0/lib/xsdps_host.o
000- psu_cortexa53_0/lib/xsdps_options.o psu_cortexa53_0/lib/xsdps_sinit.o psu_cortexa53_0/lib/xspi.o psu_cortexa53_0/lib/xspi_g.o 
000-psu_cortexa53_0/lib/xspi_options.o psu_cortexa53_0/lib/xspi_selftest.o psu_cortexa53_0/lib/xspi_sinit.o psu_cortexa53_0/lib/xsp
000-i_stats.o psu_cortexa53_0/lib/xsysmonpsu.o psu_cortexa53_0/lib/xsysmonpsu_g.o psu_cortexa53_0/lib/xsysmonpsu_intr.o psu_cortexa
000-53_0/lib/xsysmonpsu_selftest.o psu_cortexa53_0/lib/xsysmonpsu_sinit.o psu_cortexa53_0/lib/xtime_l.o psu_cortexa53_0/lib/xttcps.
000-o psu_cortexa53_0/lib/xttcps_g.o psu_cortexa53_0/lib/xttcps_options.o psu_cortexa53_0/lib/xttcps_selftest.o psu_cortexa53_0/lib
000-/xttcps_sinit.o psu_cortexa53_0/lib/xuartps.o psu_cortexa53_0/lib/xuartps_g.o psu_cortexa53_0/lib/xuartps_hw.o psu_cortexa53_0/
000-lib/xuartps_intr.o psu_cortexa53_0/lib/xuartps_options.o psu_cortexa53_0/lib/xuartps_selftest.o psu_cortexa53_0/lib/xuartps_sin
000-it.o psu_cortexa53_0/lib/xwdtps.o psu_cortexa53_0/lib/xwdtps_g.o psu_cortexa53_0/lib/xwdtps_selftest.o psu_cortexa53_0/lib/xwdt
000-ps_sinit.o psu_cortexa53_0/lib/xzdma.o psu_cortexa53_0/lib/xzdma_g.o psu_cortexa53_0/lib/xzdma_intr.o psu_cortexa53_0/lib/xzdma
000-_selftest.o psu_cortexa53_0/lib/xzdma_sinit.o
000-
000-aarch64-none-elf-ar: creating psu_cortexa53_0/lib/libxil.a
000-'Finished building libraries'
000-
000-Building the BSP Library for domain  - FSBL_DOMAIN on processor psu_cortexa53_0
000-make --no-print-directory seq_libs
000-
000-'Finished building libraries sequentially.'
000-
000-make -j 30 --no-print-directory par_libs
000-
000-"Running Make include in psu_cortexa53_0/libsrc/axipmon_v6_9/src"
000-
000-make -C psu_cortexa53_0/libsrc/axipmon_v6_9/src -s include  "SHELL=CMD" "COMPILER=aarch64-none-elf-gcc" "ASSEMBLER=aarch64-none
000--elf-as" "ARCHIVER=aarch64-none-elf-ar" "COMPILER_FLAGS=  -O2 -c" "EXTRA_COMPILER_FLAGS=-g -Wall -Wextra -fno-tree-loop-distrib
000-ute-patterns"
000-
000-"Running Make include in psu_cortexa53_0/libsrc/clockps_v1_4/src"
000-
000-make -C psu_cortexa53_0/libsrc/clockps_v1_4/src -s include  "SHELL=CMD" "COMPILER=aarch64-none-elf-gcc" "ASSEMBLER=aarch64-none
000--elf-as" "ARCHIVER=aarch64-none-elf-ar" "COMPILER_FLAGS=  -O2 -c" "EXTRA_COMPILER_FLAGS=-g -Wall -Wextra -fno-tree-loop-distrib
000-ute-patterns"
000-
000-"Running Make include in psu_cortexa53_0/libsrc/coresightps_dcc_v1_8/src"
000-
000-make -C psu_cortexa53_0/libsrc/coresightps_dcc_v1_8/src -s include  "SHELL=CMD" "COMPILER=aarch64-none-elf-gcc" "ASSEMBLER=aarc
000-h64-none-elf-as" "ARCHIVER=aarch64-none-elf-ar" "COMPILER_FLAGS=  -O2 -c" "EXTRA_COMPILER_FLAGS=-g -Wall -Wextra -fno-tree-loop
000--distribute-patterns"
000-
000-"Running Make include in psu_cortexa53_0/libsrc/cpu_cortexa53_v2_0/src"
000-
000-make -C psu_cortexa53_0/libsrc/cpu_cortexa53_v2_0/src -s include  "SHELL=CMD" "COMPILER=aarch64-none-elf-gcc" "ASSEMBLER=aarch6
000-4-none-elf-as" "ARCHIVER=aarch64-none-elf-ar" "COMPILER_FLAGS=  -O2 -c" "EXTRA_COMPILER_FLAGS=-g -Wall -Wextra -fno-tree-loop-d
000-istribute-patterns"
000-
000-"Running Make include in psu_cortexa53_0/libsrc/csudma_v1_13/src"
000-
000-make -C psu_cortexa53_0/libsrc/csudma_v1_13/src -s include  "SHELL=CMD" "COMPILER=aarch64-none-elf-gcc" "ASSEMBLER=aarch64-none
000--elf-as" "ARCHIVER=aarch64-none-elf-ar" "COMPILER_FLAGS=  -O2 -c" "EXTRA_COMPILER_FLAGS=-g -Wall -Wextra -fno-tree-loop-distrib
000-ute-patterns"
000-
000-"Running Make include in psu_cortexa53_0/libsrc/ddrcpsu_v1_4/src"
000-
000-"Running Make include in psu_cortexa53_0/libsrc/gpiops_v3_11/src"
000-
000-make -C psu_cortexa53_0/libsrc/ddrcpsu_v1_4/src -s include  "SHELL=CMD" "COMPILER=aarch64-none-elf-gcc" "ASSEMBLER=aarch64-none
000--elf-as" "ARCHIVER=aarch64-none-elf-ar" "COMPILER_FLAGS=  -O2 -c" "EXTRA_COMPILER_FLAGS=-g -Wall -Wextra -fno-tree-loop-distrib
000-ute-patterns"
000-
000-"Running Make include in psu_cortexa53_0/libsrc/gpio_v4_9/src"
000-
000-make -C psu_cortexa53_0/libsrc/gpiops_v3_11/src -s include  "SHELL=CMD" "COMPILER=aarch64-none-elf-gcc" "ASSEMBLER=aarch64-none
000--elf-as" "ARCHIVER=aarch64-none-elf-ar" "COMPILER_FLAGS=  -O2 -c" "EXTRA_COMPILER_FLAGS=-g -Wall -Wextra -fno-tree-loop-distrib
000-ute-patterns"
000-
000-make -C psu_cortexa53_0/libsrc/gpio_v4_9/src -s include  "SHELL=CMD" "COMPILER=aarch64-none-elf-gcc" "ASSEMBLER=aarch64-none-el
000-f-as" "ARCHIVER=aarch64-none-elf-ar" "COMPILER_FLAGS=  -O2 -c" "EXTRA_COMPILER_FLAGS=-g -Wall -Wextra -fno-tree-loop-distribute
000--patterns"
000-
000-"Running Make include in psu_cortexa53_0/libsrc/iicps_v3_17/src"
000-
000-make -C psu_cortexa53_0/libsrc/iicps_v3_17/src -s include  "SHELL=CMD" "COMPILER=aarch64-none-elf-gcc" "ASSEMBLER=aarch64-none-
000-elf-as" "ARCHIVER=aarch64-none-elf-ar" "COMPILER_FLAGS=  -O2 -c" "EXTRA_COMPILER_FLAGS=-g -Wall -Wextra -fno-tree-loop-distribu
000-te-patterns"
000-
000-"Running Make include in psu_cortexa53_0/libsrc/iic_v3_9/src"
000-
000-make -C psu_cortexa53_0/libsrc/iic_v3_9/src -s include  "SHELL=CMD" "COMPILER=aarch64-none-elf-gcc" "ASSEMBLER=aarch64-none-elf
000--as" "ARCHIVER=aarch64-none-elf-ar" "COMPILER_FLAGS=  -O2 -c" "EXTRA_COMPILER_FLAGS=-g -Wall -Wextra -fno-tree-loop-distribute-
000-patterns"
000-
000-"Running Make include in psu_cortexa53_0/libsrc/ipipsu_v2_13/src"
000-
000-"Running Make include in psu_cortexa53_0/libsrc/qspipsu_v1_17/src"
000-
000-make -C psu_cortexa53_0/libsrc/ipipsu_v2_13/src -s include  "SHELL=CMD" "COMPILER=aarch64-none-elf-gcc" "ASSEMBLER=aarch64-none
000--elf-as" "ARCHIVER=aarch64-none-elf-ar" "COMPILER_FLAGS=  -O2 -c" "EXTRA_COMPILER_FLAGS=-g -Wall -Wextra -fno-tree-loop-distrib
000-ute-patterns"
000-
000-"Running Make include in psu_cortexa53_0/libsrc/resetps_v1_5/src"
000-
000-make -C psu_cortexa53_0/libsrc/qspipsu_v1_17/src -s include  "SHELL=CMD" "COMPILER=aarch64-none-elf-gcc" "ASSEMBLER=aarch64-non
000-e-elf-as" "ARCHIVER=aarch64-none-elf-ar" "COMPILER_FLAGS=  -O2 -c" "EXTRA_COMPILER_FLAGS=-g -Wall -Wextra -fno-tree-loop-distri
000-bute-patterns"
000-
000-make -C psu_cortexa53_0/libsrc/resetps_v1_5/src -s include  "SHELL=CMD" "COMPILER=aarch64-none-elf-gcc" "ASSEMBLER=aarch64-none
000--elf-as" "ARCHIVER=aarch64-none-elf-ar" "COMPILER_FLAGS=  -O2 -c" "EXTRA_COMPILER_FLAGS=-g -Wall -Wextra -fno-tree-loop-distrib
000-ute-patterns"
000-
000-"Running Make include in psu_cortexa53_0/libsrc/rtcpsu_v1_12/src"
000-
000-make -C psu_cortexa53_0/libsrc/rtcpsu_v1_12/src -s include  "SHELL=CMD" "COMPILER=aarch64-none-elf-gcc" "ASSEMBLER=aarch64-none
000--elf-as" "ARCHIVER=aarch64-none-elf-ar" "COMPILER_FLAGS=  -O2 -c" "EXTRA_COMPILER_FLAGS=-g -Wall -Wextra -fno-tree-loop-distrib
000-ute-patterns"
000-
000-"Running Make include in psu_cortexa53_0/libsrc/scugic_v5_1/src"
000-
000-"Running Make include in psu_cortexa53_0/libsrc/sdps_v4_1/src"
000-
000-make -C psu_cortexa53_0/libsrc/scugic_v5_1/src -s include  "SHELL=CMD" "COMPILER=aarch64-none-elf-gcc" "ASSEMBLER=aarch64-none-
000-elf-as" "ARCHIVER=aarch64-none-elf-ar" "COMPILER_FLAGS=  -O2 -c" "EXTRA_COMPILER_FLAGS=-g -Wall -Wextra -fno-tree-loop-distribu
000-te-patterns"
000-
000-make -C psu_cortexa53_0/libsrc/sdps_v4_1/src -s include  "SHELL=CMD" "COMPILER=aarch64-none-elf-gcc" "ASSEMBLER=aarch64-none-el
000-f-as" "ARCHIVER=aarch64-none-elf-ar" "COMPILER_FLAGS=  -O2 -c" "EXTRA_COMPILER_FLAGS=-g -Wall -Wextra -fno-tree-loop-distribute
000--patterns"
000-
000-"Running Make include in psu_cortexa53_0/libsrc/spi_v4_10/src"
000-
000-make -C psu_cortexa53_0/libsrc/spi_v4_10/src -s include  "SHELL=CMD" "COMPILER=aarch64-none-elf-gcc" "ASSEMBLER=aarch64-none-el
000-f-as" "ARCHIVER=aarch64-none-elf-ar" "COMPILER_FLAGS=  -O2 -c" "EXTRA_COMPILER_FLAGS=-g -Wall -Wextra -fno-tree-loop-distribute
000--patterns"
000-
000-"Running Make include in psu_cortexa53_0/libsrc/standalone_v8_1/src"
000-
000-make -C psu_cortexa53_0/libsrc/standalone_v8_1/src -s include  "SHELL=CMD" "COMPILER=aarch64-none-elf-gcc" "ASSEMBLER=aarch64-n
000-one-elf-as" "ARCHIVER=aarch64-none-elf-ar" "COMPILER_FLAGS=  -O2 -c" "EXTRA_COMPILER_FLAGS=-g -Wall -Wextra -fno-tree-loop-dist
000-ribute-patterns"
000-
000-"Running Make include in psu_cortexa53_0/libsrc/sysmonpsu_v2_8/src"
000-
000-make -C psu_cortexa53_0/libsrc/sysmonpsu_v2_8/src -s include  "SHELL=CMD" "COMPILER=aarch64-none-elf-gcc" "ASSEMBLER=aarch64-no
000-ne-elf-as" "ARCHIVER=aarch64-none-elf-ar" "COMPILER_FLAGS=  -O2 -c" "EXTRA_COMPILER_FLAGS=-g -Wall -Wextra -fno-tree-loop-distr
000-ibute-patterns"
000-
000-"Running Make include in psu_cortexa53_0/libsrc/ttcps_v3_17/src"
000-
000-make -C psu_cortexa53_0/libsrc/ttcps_v3_17/src -s include  "SHELL=CMD" "COMPILER=aarch64-none-elf-gcc" "ASSEMBLER=aarch64-none-
000-elf-as" "ARCHIVER=aarch64-none-elf-ar" "COMPILER_FLAGS=  -O2 -c" "EXTRA_COMPILER_FLAGS=-g -Wall -Wextra -fno-tree-loop-distribu
000-te-patterns"
000-
000-"Running Make include in psu_cortexa53_0/libsrc/uartps_v3_12/src"
000-
000-make -C psu_cortexa53_0/libsrc/uartps_v3_12/src -s include  "SHELL=CMD" "COMPILER=aarch64-none-elf-gcc" "ASSEMBLER=aarch64-none
000--elf-as" "ARCHIVER=aarch64-none-elf-ar" "COMPILER_FLAGS=  -O2 -c" "EXTRA_COMPILER_FLAGS=-g -Wall -Wextra -fno-tree-loop-distrib
000-ute-patterns"
000-
000-"Running Make include in psu_cortexa53_0/libsrc/wdtps_v3_5/src"
000-
000-make -C psu_cortexa53_0/libsrc/wdtps_v3_5/src -s include  "SHELL=CMD" "COMPILER=aarch64-none-elf-gcc" "ASSEMBLER=aarch64-none-e
000-lf-as" "ARCHIVER=aarch64-none-elf-ar" "COMPILER_FLAGS=  -O2 -c" "EXTRA_COMPILER_FLAGS=-g -Wall -Wextra -fno-tree-loop-distribut
000-e-patterns"
000-
000-"Running Make include in psu_cortexa53_0/libsrc/zdma_v1_16/src"
000-
000-make -C psu_cortexa53_0/libsrc/zdma_v1_16/src -s include  "SHELL=CMD" "COMPILER=aarch64-none-elf-gcc" "ASSEMBLER=aarch64-none-e
000-lf-as" "ARCHIVER=aarch64-none-elf-ar" "COMPILER_FLAGS=  -O2 -c" "EXTRA_COMPILER_FLAGS=-g -Wall -Wextra -fno-tree-loop-distribut
000-e-patterns"
000-
000-"Running Make libs in psu_cortexa53_0/libsrc/axipmon_v6_9/src"
000-
000-"Running Make libs in psu_cortexa53_0/libsrc/clockps_v1_4/src"
000-
000-make -C psu_cortexa53_0/libsrc/axipmon_v6_9/src -s libs  "SHELL=CMD" "COMPILER=aarch64-none-elf-gcc" "ASSEMBLER=aarch64-none-el
000-f-as" "ARCHIVER=aarch64-none-elf-ar" "COMPILER_FLAGS=  -O2 -c" "EXTRA_COMPILER_FLAGS=-g -Wall -Wextra -fno-tree-loop-distribute
000--patterns"
000-
000-"Running Make libs in psu_cortexa53_0/libsrc/coresightps_dcc_v1_8/src"
000-
000-make -C psu_cortexa53_0/libsrc/clockps_v1_4/src -s libs  "SHELL=CMD" "COMPILER=aarch64-none-elf-gcc" "ASSEMBLER=aarch64-none-el
000-f-as" "ARCHIVER=aarch64-none-elf-ar" "COMPILER_FLAGS=  -O2 -c" "EXTRA_COMPILER_FLAGS=-g -Wall -Wextra -fno-tree-loop-distribute
000--patterns"
000-
000-make -C psu_cortexa53_0/libsrc/coresightps_dcc_v1_8/src -s libs  "SHELL=CMD" "COMPILER=aarch64-none-elf-gcc" "ASSEMBLER=aarch64
000--none-elf-as" "ARCHIVER=aarch64-none-elf-ar" "COMPILER_FLAGS=  -O2 -c" "EXTRA_COMPILER_FLAGS=-g -Wall -Wextra -fno-tree-loop-di
000-stribute-patterns"
000-
000-"Running Make libs in psu_cortexa53_0/libsrc/cpu_cortexa53_v2_0/src"
000-
000-make -C psu_cortexa53_0/libsrc/cpu_cortexa53_v2_0/src -s libs  "SHELL=CMD" "COMPILER=aarch64-none-elf-gcc" "ASSEMBLER=aarch64-n
000-one-elf-as" "ARCHIVER=aarch64-none-elf-ar" "COMPILER_FLAGS=  -O2 -c" "EXTRA_COMPILER_FLAGS=-g -Wall -Wextra -fno-tree-loop-dist
000-ribute-patterns"
000-
000-"Running Make libs in psu_cortexa53_0/libsrc/csudma_v1_13/src"
000-
000-make -C psu_cortexa53_0/libsrc/csudma_v1_13/src -s libs  "SHELL=CMD" "COMPILER=aarch64-none-elf-gcc" "ASSEMBLER=aarch64-none-el
000-f-as" "ARCHIVER=aarch64-none-elf-ar" "COMPILER_FLAGS=  -O2 -c" "EXTRA_COMPILER_FLAGS=-g -Wall -Wextra -fno-tree-loop-distribute
000--patterns"
000-
000-"Running Make libs in psu_cortexa53_0/libsrc/ddrcpsu_v1_4/src"
000-
000-"Running Make libs in psu_cortexa53_0/libsrc/gpiops_v3_11/src"
000-
000-make -C psu_cortexa53_0/libsrc/ddrcpsu_v1_4/src -s libs  "SHELL=CMD" "COMPILER=aarch64-none-elf-gcc" "ASSEMBLER=aarch64-none-el
000-f-as" "ARCHIVER=aarch64-none-elf-ar" "COMPILER_FLAGS=  -O2 -c" "EXTRA_COMPILER_FLAGS=-g -Wall -Wextra -fno-tree-loop-distribute
000--patterns"
000-
000-"Running Make libs in psu_cortexa53_0/libsrc/gpio_v4_9/src"
000-
000-make -C psu_cortexa53_0/libsrc/gpiops_v3_11/src -s libs  "SHELL=CMD" "COMPILER=aarch64-none-elf-gcc" "ASSEMBLER=aarch64-none-el
000-f-as" "ARCHIVER=aarch64-none-elf-ar" "COMPILER_FLAGS=  -O2 -c" "EXTRA_COMPILER_FLAGS=-g -Wall -Wextra -fno-tree-loop-distribute
000--patterns"
000-
000-make -C psu_cortexa53_0/libsrc/gpio_v4_9/src -s libs  "SHELL=CMD" "COMPILER=aarch64-none-elf-gcc" "ASSEMBLER=aarch64-none-elf-a
000-s" "ARCHIVER=aarch64-none-elf-ar" "COMPILER_FLAGS=  -O2 -c" "EXTRA_COMPILER_FLAGS=-g -Wall -Wextra -fno-tree-loop-distribute-pa
000-tterns"
000-
000-"Running Make libs in psu_cortexa53_0/libsrc/iicps_v3_17/src"
000-
000-make -C psu_cortexa53_0/libsrc/iicps_v3_17/src -s libs  "SHELL=CMD" "COMPILER=aarch64-none-elf-gcc" "ASSEMBLER=aarch64-none-elf
000--as" "ARCHIVER=aarch64-none-elf-ar" "COMPILER_FLAGS=  -O2 -c" "EXTRA_COMPILER_FLAGS=-g -Wall -Wextra -fno-tree-loop-distribute-
000-patterns"
000-
000-"Running Make libs in psu_cortexa53_0/libsrc/iic_v3_9/src"
000-
000-make -C psu_cortexa53_0/libsrc/iic_v3_9/src -s libs  "SHELL=CMD" "COMPILER=aarch64-none-elf-gcc" "ASSEMBLER=aarch64-none-elf-as
000-" "ARCHIVER=aarch64-none-elf-ar" "COMPILER_FLAGS=  -O2 -c" "EXTRA_COMPILER_FLAGS=-g -Wall -Wextra -fno-tree-loop-distribute-pat
000-terns"
000-
000-"Running Make libs in psu_cortexa53_0/libsrc/ipipsu_v2_13/src"
000-
000-"Running Make libs in psu_cortexa53_0/libsrc/qspipsu_v1_17/src"
000-
000-make -C psu_cortexa53_0/libsrc/ipipsu_v2_13/src -s libs  "SHELL=CMD" "COMPILER=aarch64-none-elf-gcc" "ASSEMBLER=aarch64-none-el
000-f-as" "ARCHIVER=aarch64-none-elf-ar" "COMPILER_FLAGS=  -O2 -c" "EXTRA_COMPILER_FLAGS=-g -Wall -Wextra -fno-tree-loop-distribute
000--patterns"
000-
000-"Running Make libs in psu_cortexa53_0/libsrc/resetps_v1_5/src"
000-
000-make -C psu_cortexa53_0/libsrc/qspipsu_v1_17/src -s libs  "SHELL=CMD" "COMPILER=aarch64-none-elf-gcc" "ASSEMBLER=aarch64-none-e
000-lf-as" "ARCHIVER=aarch64-none-elf-ar" "COMPILER_FLAGS=  -O2 -c" "EXTRA_COMPILER_FLAGS=-g -Wall -Wextra -fno-tree-loop-distribut
000-e-patterns"
000-
000-make -C psu_cortexa53_0/libsrc/resetps_v1_5/src -s libs  "SHELL=CMD" "COMPILER=aarch64-none-elf-gcc" "ASSEMBLER=aarch64-none-el
000-f-as" "ARCHIVER=aarch64-none-elf-ar" "COMPILER_FLAGS=  -O2 -c" "EXTRA_COMPILER_FLAGS=-g -Wall -Wextra -fno-tree-loop-distribute
000--patterns"
000-
000-"Running Make libs in psu_cortexa53_0/libsrc/rtcpsu_v1_12/src"
000-
000-"Running Make libs in psu_cortexa53_0/libsrc/scugic_v5_1/src"
000-
000-make -C psu_cortexa53_0/libsrc/rtcpsu_v1_12/src -s libs  "SHELL=CMD" "COMPILER=aarch64-none-elf-gcc" "ASSEMBLER=aarch64-none-el
000-f-as" "ARCHIVER=aarch64-none-elf-ar" "COMPILER_FLAGS=  -O2 -c" "EXTRA_COMPILER_FLAGS=-g -Wall -Wextra -fno-tree-loop-distribute
000--patterns"
000-
000-"Running Make libs in psu_cortexa53_0/libsrc/sdps_v4_1/src"
000-
000-make -C psu_cortexa53_0/libsrc/scugic_v5_1/src -s libs  "SHELL=CMD" "COMPILER=aarch64-none-elf-gcc" "ASSEMBLER=aarch64-none-elf
000--as" "ARCHIVER=aarch64-none-elf-ar" "COMPILER_FLAGS=  -O2 -c" "EXTRA_COMPILER_FLAGS=-g -Wall -Wextra -fno-tree-loop-distribute-
000-patterns"
000-
000-make -C psu_cortexa53_0/libsrc/sdps_v4_1/src -s libs  "SHELL=CMD" "COMPILER=aarch64-none-elf-gcc" "ASSEMBLER=aarch64-none-elf-a
000-s" "ARCHIVER=aarch64-none-elf-ar" "COMPILER_FLAGS=  -O2 -c" "EXTRA_COMPILER_FLAGS=-g -Wall -Wextra -fno-tree-loop-distribute-pa
000-tterns"
000-
000-"Running Make libs in psu_cortexa53_0/libsrc/spi_v4_10/src"
000-
000-make -C psu_cortexa53_0/libsrc/spi_v4_10/src -s libs  "SHELL=CMD" "COMPILER=aarch64-none-elf-gcc" "ASSEMBLER=aarch64-none-elf-a
000-s" "ARCHIVER=aarch64-none-elf-ar" "COMPILER_FLAGS=  -O2 -c" "EXTRA_COMPILER_FLAGS=-g -Wall -Wextra -fno-tree-loop-distribute-pa
000-tterns"
000-
000-"Running Make libs in psu_cortexa53_0/libsrc/standalone_v8_1/src"
000-
000-make -C psu_cortexa53_0/libsrc/standalone_v8_1/src -s libs  "SHELL=CMD" "COMPILER=aarch64-none-elf-gcc" "ASSEMBLER=aarch64-none
000--elf-as" "ARCHIVER=aarch64-none-elf-ar" "COMPILER_FLAGS=  -O2 -c" "EXTRA_COMPILER_FLAGS=-g -Wall -Wextra -fno-tree-loop-distrib
000-ute-patterns"
000-
000-"Running Make libs in psu_cortexa53_0/libsrc/sysmonpsu_v2_8/src"
000-
000-make -C psu_cortexa53_0/libsrc/sysmonpsu_v2_8/src -s libs  "SHELL=CMD" "COMPILER=aarch64-none-elf-gcc" "ASSEMBLER=aarch64-none-
000-elf-as" "ARCHIVER=aarch64-none-elf-ar" "COMPILER_FLAGS=  -O2 -c" "EXTRA_COMPILER_FLAGS=-g -Wall -Wextra -fno-tree-loop-distribu
000-te-patterns"
000-
000-"Running Make libs in psu_cortexa53_0/libsrc/ttcps_v3_17/src"
000-
000-make -C psu_cortexa53_0/libsrc/ttcps_v3_17/src -s libs  "SHELL=CMD" "COMPILER=aarch64-none-elf-gcc" "ASSEMBLER=aarch64-none-elf
000--as" "ARCHIVER=aarch64-none-elf-ar" "COMPILER_FLAGS=  -O2 -c" "EXTRA_COMPILER_FLAGS=-g -Wall -Wextra -fno-tree-loop-distribute-
000-patterns"
000-
000-"Running Make libs in psu_cortexa53_0/libsrc/uartps_v3_12/src"
000-
000-make -C psu_cortexa53_0/libsrc/uartps_v3_12/src -s libs  "SHELL=CMD" "COMPILER=aarch64-none-elf-gcc" "ASSEMBLER=aarch64-none-el
000-f-as" "ARCHIVER=aarch64-none-elf-ar" "COMPILER_FLAGS=  -O2 -c" "EXTRA_COMPILER_FLAGS=-g -Wall -Wextra -fno-tree-loop-distribute
000--patterns"
000-
000-"Running Make libs in psu_cortexa53_0/libsrc/wdtps_v3_5/src"
000-
000-make -C psu_cortexa53_0/libsrc/wdtps_v3_5/src -s libs  "SHELL=CMD" "COMPILER=aarch64-none-elf-gcc" "ASSEMBLER=aarch64-none-elf-
000-as" "ARCHIVER=aarch64-none-elf-ar" "COMPILER_FLAGS=  -O2 -c" "EXTRA_COMPILER_FLAGS=-g -Wall -Wextra -fno-tree-loop-distribute-p
000-atterns"
000-
000-"Running Make libs in psu_cortexa53_0/libsrc/zdma_v1_16/src"
000-
000-make -C psu_cortexa53_0/libsrc/zdma_v1_16/src -s libs  "SHELL=CMD" "COMPILER=aarch64-none-elf-gcc" "ASSEMBLER=aarch64-none-elf-
000-as" "ARCHIVER=aarch64-none-elf-ar" "COMPILER_FLAGS=  -O2 -c" "EXTRA_COMPILER_FLAGS=-g -Wall -Wextra -fno-tree-loop-distribute-p
000-atterns"
000-
000/DRCPlatform249-1-1'#pragma message: For the sleep routines, Global timer is being used'0-xtime_l.c:49:9: note: '#pragma message: For the sleep routines, Global timer is being used'
000-   49 | #pragma message ("For the sleep routines, Global timer is being used")
000-      |         ^~~~~~~
000/DRCPlatform2122-1-1#warning "There's no DDR_1 in the HW design. MMU translation table marks 32 GB DDR address space as undefined" [-Wcpp]1-translation_table.S:122:2: warning: #warning "There's no DDR_1 in the HW design. MMU translation table marks 32 GB DDR address space as undefined" [-Wcpp]
000-  122 | #warning "There's no DDR_1 in the HW design. MMU translation table marks 32 GB DDR address space as undefined"
000-      |  ^~~~~~~
000-'Finished building libraries parallelly.'
000-
000-make --no-print-directory archive
000-
000-aarch64-none-elf-ar -r  psu_cortexa53_0/lib/libxil.a psu_cortexa53_0/lib/_exit.o psu_cortexa53_0/lib/_open.o psu_cortexa53_0/li
000-b/_sbrk.o psu_cortexa53_0/lib/abort.o psu_cortexa53_0/lib/asm_vectors.o psu_cortexa53_0/lib/boot.o psu_cortexa53_0/lib/close.o 
000-psu_cortexa53_0/lib/cpputest_time.o psu_cortexa53_0/lib/errno.o psu_cortexa53_0/lib/fcntl.o psu_cortexa53_0/lib/fstat.o psu_cor
000-texa53_0/lib/getentropy.o psu_cortexa53_0/lib/getpid.o psu_cortexa53_0/lib/inbyte.o psu_cortexa53_0/lib/initialise_monitor_hand
000-les.o psu_cortexa53_0/lib/isatty.o psu_cortexa53_0/lib/kill.o psu_cortexa53_0/lib/lseek.o psu_cortexa53_0/lib/open.o psu_cortex
000-a53_0/lib/outbyte.o psu_cortexa53_0/lib/print.o psu_cortexa53_0/lib/putnum.o psu_cortexa53_0/lib/read.o psu_cortexa53_0/lib/sbr
000-k.o psu_cortexa53_0/lib/sleep.o psu_cortexa53_0/lib/time.o psu_cortexa53_0/lib/translation_table.o psu_cortexa53_0/lib/unlink.o
000- psu_cortexa53_0/lib/vectors.o psu_cortexa53_0/lib/write.o psu_cortexa53_0/lib/xaxipmon.o psu_cortexa53_0/lib/xaxipmon_g.o psu_
000-cortexa53_0/lib/xaxipmon_selftest.o psu_cortexa53_0/lib/xaxipmon_sinit.o psu_cortexa53_0/lib/xclockps.o psu_cortexa53_0/lib/xcl
000-ockps_divider.o psu_cortexa53_0/lib/xclockps_fixedfactor.o psu_cortexa53_0/lib/xclockps_g.o psu_cortexa53_0/lib/xclockps_gate.o
000- psu_cortexa53_0/lib/xclockps_mux.o psu_cortexa53_0/lib/xclockps_pll.o psu_cortexa53_0/lib/xclockps_sinit.o psu_cortexa53_0/lib
000-/xcoresightpsdcc.o psu_cortexa53_0/lib/xcsudma.o psu_cortexa53_0/lib/xcsudma_g.o psu_cortexa53_0/lib/xcsudma_intr.o psu_cortexa
000-53_0/lib/xcsudma_selftest.o psu_cortexa53_0/lib/xcsudma_sinit.o psu_cortexa53_0/lib/xgpio.o psu_cortexa53_0/lib/xgpio_extra.o p
000-su_cortexa53_0/lib/xgpio_g.o psu_cortexa53_0/lib/xgpio_intr.o psu_cortexa53_0/lib/xgpio_selftest.o psu_cortexa53_0/lib/xgpio_si
000-nit.o psu_cortexa53_0/lib/xgpiops.o psu_cortexa53_0/lib/xgpiops_g.o psu_cortexa53_0/lib/xgpiops_hw.o psu_cortexa53_0/lib/xgpiop
000-s_intr.o psu_cortexa53_0/lib/xgpiops_selftest.o psu_cortexa53_0/lib/xgpiops_sinit.o psu_cortexa53_0/lib/xiic.o psu_cortexa53_0/
000-lib/xiic_dyn_master.o psu_cortexa53_0/lib/xiic_g.o psu_cortexa53_0/lib/xiic_intr.o psu_cortexa53_0/lib/xiic_l.o psu_cortexa53_0
000-/lib/xiic_master.o psu_cortexa53_0/lib/xiic_multi_master.o psu_cortexa53_0/lib/xiic_options.o psu_cortexa53_0/lib/xiic_selftest
000-.o psu_cortexa53_0/lib/xiic_sinit.o psu_cortexa53_0/lib/xiic_slave.o psu_cortexa53_0/lib/xiic_stats.o psu_cortexa53_0/lib/xiicp
000-s.o psu_cortexa53_0/lib/xiicps_g.o psu_cortexa53_0/lib/xiicps_hw.o psu_cortexa53_0/lib/xiicps_intr.o psu_cortexa53_0/lib/xiicps
000-_master.o psu_cortexa53_0/lib/xiicps_options.o psu_cortexa53_0/lib/xiicps_selftest.o psu_cortexa53_0/lib/xiicps_sinit.o psu_cor
000-texa53_0/lib/xiicps_slave.o psu_cortexa53_0/lib/xiicps_xfer.o psu_cortexa53_0/lib/xil-crt0.o psu_cortexa53_0/lib/xil_assert.o p
000-su_cortexa53_0/lib/xil_cache.o psu_cortexa53_0/lib/xil_clocking.o psu_cortexa53_0/lib/xil_exception.o psu_cortexa53_0/lib/xil_m
000-em.o psu_cortexa53_0/lib/xil_mmu.o psu_cortexa53_0/lib/xil_printf.o psu_cortexa53_0/lib/xil_sleepcommon.o psu_cortexa53_0/lib/x
000-il_sleeptimer.o psu_cortexa53_0/lib/xil_smc.o psu_cortexa53_0/lib/xil_spinlock.o psu_cortexa53_0/lib/xil_testcache.o psu_cortex
000-a53_0/lib/xil_testio.o psu_cortexa53_0/lib/xil_testmem.o psu_cortexa53_0/lib/xil_util.o psu_cortexa53_0/lib/xinterrupt_wrap.o p
000-su_cortexa53_0/lib/xipipsu.o psu_cortexa53_0/lib/xipipsu_buf.o psu_cortexa53_0/lib/xipipsu_g.o psu_cortexa53_0/lib/xipipsu_sini
000-t.o psu_cortexa53_0/lib/xplatform_info.o psu_cortexa53_0/lib/xpm_counter.o psu_cortexa53_0/lib/xqspipsu.o psu_cortexa53_0/lib/x
000-qspipsu_control.o psu_cortexa53_0/lib/xqspipsu_g.o psu_cortexa53_0/lib/xqspipsu_hw.o psu_cortexa53_0/lib/xqspipsu_options.o psu
000-_cortexa53_0/lib/xqspipsu_sinit.o psu_cortexa53_0/lib/xresetps.o psu_cortexa53_0/lib/xresetps_g.o psu_cortexa53_0/lib/xresetps_
000-sinit.o psu_cortexa53_0/lib/xrtcpsu.o psu_cortexa53_0/lib/xrtcpsu_g.o psu_cortexa53_0/lib/xrtcpsu_intr.o psu_cortexa53_0/lib/xr
000-tcpsu_selftest.o psu_cortexa53_0/lib/xrtcpsu_sinit.o psu_cortexa53_0/lib/xscugic.o psu_cortexa53_0/lib/xscugic_g.o psu_cortexa5
000-3_0/lib/xscugic_hw.o psu_cortexa53_0/lib/xscugic_intr.o psu_cortexa53_0/lib/xscugic_selftest.o psu_cortexa53_0/lib/xscugic_sini
000-t.o psu_cortexa53_0/lib/xsdps.o psu_cortexa53_0/lib/xsdps_card.o psu_cortexa53_0/lib/xsdps_g.o psu_cortexa53_0/lib/xsdps_host.o
000- psu_cortexa53_0/lib/xsdps_options.o psu_cortexa53_0/lib/xsdps_sinit.o psu_cortexa53_0/lib/xspi.o psu_cortexa53_0/lib/xspi_g.o 
000-psu_cortexa53_0/lib/xspi_options.o psu_cortexa53_0/lib/xspi_selftest.o psu_cortexa53_0/lib/xspi_sinit.o psu_cortexa53_0/lib/xsp
000-i_stats.o psu_cortexa53_0/lib/xsysmonpsu.o psu_cortexa53_0/lib/xsysmonpsu_g.o psu_cortexa53_0/lib/xsysmonpsu_intr.o psu_cortexa
000-53_0/lib/xsysmonpsu_selftest.o psu_cortexa53_0/lib/xsysmonpsu_sinit.o psu_cortexa53_0/lib/xtime_l.o psu_cortexa53_0/lib/xttcps.
000-o psu_cortexa53_0/lib/xttcps_g.o psu_cortexa53_0/lib/xttcps_options.o psu_cortexa53_0/lib/xttcps_selftest.o psu_cortexa53_0/lib
000-/xttcps_sinit.o psu_cortexa53_0/lib/xuartps.o psu_cortexa53_0/lib/xuartps_g.o psu_cortexa53_0/lib/xuartps_hw.o psu_cortexa53_0/
000-lib/xuartps_intr.o psu_cortexa53_0/lib/xuartps_options.o psu_cortexa53_0/lib/xuartps_selftest.o psu_cortexa53_0/lib/xuartps_sin
000-it.o psu_cortexa53_0/lib/xwdtps.o psu_cortexa53_0/lib/xwdtps_g.o psu_cortexa53_0/lib/xwdtps_selftest.o psu_cortexa53_0/lib/xwdt
000-ps_sinit.o psu_cortexa53_0/lib/xzdma.o psu_cortexa53_0/lib/xzdma_g.o psu_cortexa53_0/lib/xzdma_intr.o psu_cortexa53_0/lib/xzdma
000-_selftest.o psu_cortexa53_0/lib/xzdma_sinit.o
000-
000-aarch64-none-elf-ar: creating psu_cortexa53_0/lib/libxil.a
000-'Finished building libraries'
000-
000-Building the BSP Library for domain  - standalone_psu_cortexa53_0 on processor psu_cortexa53_0
000-make --no-print-directory seq_libs
000-
000-"Running Make include in psu_cortexa53_0/libsrc/axipmon_v6_9/src"
000-
000-make -C psu_cortexa53_0/libsrc/axipmon_v6_9/src -s include  "SHELL=CMD" "COMPILER=aarch64-none-elf-gcc" "ASSEMBLER=aarch64-none
000--elf-as" "ARCHIVER=aarch64-none-elf-ar" "COMPILER_FLAGS=  -c" "EXTRA_COMPILER_FLAGS=-g -Wall -Wextra -fno-tree-loop-distribute-
000-patterns -Os -flto -ffat-lto-objects"
000-
000-"Running Make include in psu_cortexa53_0/libsrc/clockps_v1_4/src"
000-
000-make -C psu_cortexa53_0/libsrc/clockps_v1_4/src -s include  "SHELL=CMD" "COMPILER=aarch64-none-elf-gcc" "ASSEMBLER=aarch64-none
000--elf-as" "ARCHIVER=aarch64-none-elf-ar" "COMPILER_FLAGS=  -c" "EXTRA_COMPILER_FLAGS=-g -Wall -Wextra -fno-tree-loop-distribute-
000-patterns -Os -flto -ffat-lto-objects"
000-
000-"Running Make include in psu_cortexa53_0/libsrc/coresightps_dcc_v1_8/src"
000-
000-make -C psu_cortexa53_0/libsrc/coresightps_dcc_v1_8/src -s include  "SHELL=CMD" "COMPILER=aarch64-none-elf-gcc" "ASSEMBLER=aarc
000-h64-none-elf-as" "ARCHIVER=aarch64-none-elf-ar" "COMPILER_FLAGS=  -c" "EXTRA_COMPILER_FLAGS=-g -Wall -Wextra -fno-tree-loop-dis
000-tribute-patterns -Os -flto -ffat-lto-objects"
000-
000-"Running Make include in psu_cortexa53_0/libsrc/cpu_cortexa53_v2_0/src"
000-
000-make -C psu_cortexa53_0/libsrc/cpu_cortexa53_v2_0/src -s include  "SHELL=CMD" "COMPILER=aarch64-none-elf-gcc" "ASSEMBLER=aarch6
000-4-none-elf-as" "ARCHIVER=aarch64-none-elf-ar" "COMPILER_FLAGS=  -c" "EXTRA_COMPILER_FLAGS=-g -Wall -Wextra -fno-tree-loop-distr
000-ibute-patterns -Os -flto -ffat-lto-objects"
000-
000-"Running Make include in psu_cortexa53_0/libsrc/csudma_v1_13/src"
000-
000-make -C psu_cortexa53_0/libsrc/csudma_v1_13/src -s include  "SHELL=CMD" "COMPILER=aarch64-none-elf-gcc" "ASSEMBLER=aarch64-none
000--elf-as" "ARCHIVER=aarch64-none-elf-ar" "COMPILER_FLAGS=  -c" "EXTRA_COMPILER_FLAGS=-g -Wall -Wextra -fno-tree-loop-distribute-
000-patterns -Os -flto -ffat-lto-objects"
000-
000-"Running Make include in psu_cortexa53_0/libsrc/ddrcpsu_v1_4/src"
000-
000-make -C psu_cortexa53_0/libsrc/ddrcpsu_v1_4/src -s include  "SHELL=CMD" "COMPILER=aarch64-none-elf-gcc" "ASSEMBLER=aarch64-none
000--elf-as" "ARCHIVER=aarch64-none-elf-ar" "COMPILER_FLAGS=  -c" "EXTRA_COMPILER_FLAGS=-g -Wall -Wextra -fno-tree-loop-distribute-
000-patterns -Os -flto -ffat-lto-objects"
000-
000-"Running Make include in psu_cortexa53_0/libsrc/gpiops_v3_11/src"
000-
000-make -C psu_cortexa53_0/libsrc/gpiops_v3_11/src -s include  "SHELL=CMD" "COMPILER=aarch64-none-elf-gcc" "ASSEMBLER=aarch64-none
000--elf-as" "ARCHIVER=aarch64-none-elf-ar" "COMPILER_FLAGS=  -c" "EXTRA_COMPILER_FLAGS=-g -Wall -Wextra -fno-tree-loop-distribute-
000-patterns -Os -flto -ffat-lto-objects"
000-
000-"Running Make include in psu_cortexa53_0/libsrc/gpio_v4_9/src"
000-
000-make -C psu_cortexa53_0/libsrc/gpio_v4_9/src -s include  "SHELL=CMD" "COMPILER=aarch64-none-elf-gcc" "ASSEMBLER=aarch64-none-el
000-f-as" "ARCHIVER=aarch64-none-elf-ar" "COMPILER_FLAGS=  -c" "EXTRA_COMPILER_FLAGS=-g -Wall -Wextra -fno-tree-loop-distribute-pat
000-terns -Os -flto -ffat-lto-objects"
000-
000-"Running Make include in psu_cortexa53_0/libsrc/iicps_v3_17/src"
000-
000-make -C psu_cortexa53_0/libsrc/iicps_v3_17/src -s include  "SHELL=CMD" "COMPILER=aarch64-none-elf-gcc" "ASSEMBLER=aarch64-none-
000-elf-as" "ARCHIVER=aarch64-none-elf-ar" "COMPILER_FLAGS=  -c" "EXTRA_COMPILER_FLAGS=-g -Wall -Wextra -fno-tree-loop-distribute-p
000-atterns -Os -flto -ffat-lto-objects"
000-
000-"Running Make include in psu_cortexa53_0/libsrc/iic_v3_9/src"
000-
000-make -C psu_cortexa53_0/libsrc/iic_v3_9/src -s include  "SHELL=CMD" "COMPILER=aarch64-none-elf-gcc" "ASSEMBLER=aarch64-none-elf
000--as" "ARCHIVER=aarch64-none-elf-ar" "COMPILER_FLAGS=  -c" "EXTRA_COMPILER_FLAGS=-g -Wall -Wextra -fno-tree-loop-distribute-patt
000-erns -Os -flto -ffat-lto-objects"
000-
000-"Running Make include in psu_cortexa53_0/libsrc/ipipsu_v2_13/src"
000-
000-make -C psu_cortexa53_0/libsrc/ipipsu_v2_13/src -s include  "SHELL=CMD" "COMPILER=aarch64-none-elf-gcc" "ASSEMBLER=aarch64-none
000--elf-as" "ARCHIVER=aarch64-none-elf-ar" "COMPILER_FLAGS=  -c" "EXTRA_COMPILER_FLAGS=-g -Wall -Wextra -fno-tree-loop-distribute-
000-patterns -Os -flto -ffat-lto-objects"
000-
000-"Running Make include in psu_cortexa53_0/libsrc/qspipsu_v1_17/src"
000-
000-make -C psu_cortexa53_0/libsrc/qspipsu_v1_17/src -s include  "SHELL=CMD" "COMPILER=aarch64-none-elf-gcc" "ASSEMBLER=aarch64-non
000-e-elf-as" "ARCHIVER=aarch64-none-elf-ar" "COMPILER_FLAGS=  -c" "EXTRA_COMPILER_FLAGS=-g -Wall -Wextra -fno-tree-loop-distribute
000--patterns -Os -flto -ffat-lto-objects"
000-
000-"Running Make include in psu_cortexa53_0/libsrc/resetps_v1_5/src"
000-
000-make -C psu_cortexa53_0/libsrc/resetps_v1_5/src -s include  "SHELL=CMD" "COMPILER=aarch64-none-elf-gcc" "ASSEMBLER=aarch64-none
000--elf-as" "ARCHIVER=aarch64-none-elf-ar" "COMPILER_FLAGS=  -c" "EXTRA_COMPILER_FLAGS=-g -Wall -Wextra -fno-tree-loop-distribute-
000-patterns -Os -flto -ffat-lto-objects"
000-
000-"Running Make include in psu_cortexa53_0/libsrc/rtcpsu_v1_12/src"
000-
000-make -C psu_cortexa53_0/libsrc/rtcpsu_v1_12/src -s include  "SHELL=CMD" "COMPILER=aarch64-none-elf-gcc" "ASSEMBLER=aarch64-none
000--elf-as" "ARCHIVER=aarch64-none-elf-ar" "COMPILER_FLAGS=  -c" "EXTRA_COMPILER_FLAGS=-g -Wall -Wextra -fno-tree-loop-distribute-
000-patterns -Os -flto -ffat-lto-objects"
000-
000-"Running Make include in psu_cortexa53_0/libsrc/scugic_v5_1/src"
000-
000-make -C psu_cortexa53_0/libsrc/scugic_v5_1/src -s include  "SHELL=CMD" "COMPILER=aarch64-none-elf-gcc" "ASSEMBLER=aarch64-none-
000-elf-as" "ARCHIVER=aarch64-none-elf-ar" "COMPILER_FLAGS=  -c" "EXTRA_COMPILER_FLAGS=-g -Wall -Wextra -fno-tree-loop-distribute-p
000-atterns -Os -flto -ffat-lto-objects"
000-
000-"Running Make include in psu_cortexa53_0/libsrc/sdps_v4_1/src"
000-
000-make -C psu_cortexa53_0/libsrc/sdps_v4_1/src -s include  "SHELL=CMD" "COMPILER=aarch64-none-elf-gcc" "ASSEMBLER=aarch64-none-el
000-f-as" "ARCHIVER=aarch64-none-elf-ar" "COMPILER_FLAGS=  -c" "EXTRA_COMPILER_FLAGS=-g -Wall -Wextra -fno-tree-loop-distribute-pat
000-terns -Os -flto -ffat-lto-objects"
000-
000-"Running Make include in psu_cortexa53_0/libsrc/spi_v4_10/src"
000-
000-make -C psu_cortexa53_0/libsrc/spi_v4_10/src -s include  "SHELL=CMD" "COMPILER=aarch64-none-elf-gcc" "ASSEMBLER=aarch64-none-el
000-f-as" "ARCHIVER=aarch64-none-elf-ar" "COMPILER_FLAGS=  -c" "EXTRA_COMPILER_FLAGS=-g -Wall -Wextra -fno-tree-loop-distribute-pat
000-terns -Os -flto -ffat-lto-objects"
000-
000-"Running Make include in psu_cortexa53_0/libsrc/standalone_v8_1/src"
000-
000-make -C psu_cortexa53_0/libsrc/standalone_v8_1/src -s include  "SHELL=CMD" "COMPILER=aarch64-none-elf-gcc" "ASSEMBLER=aarch64-n
000-one-elf-as" "ARCHIVER=aarch64-none-elf-ar" "COMPILER_FLAGS=  -c" "EXTRA_COMPILER_FLAGS=-g -Wall -Wextra -fno-tree-loop-distribu
000-te-patterns -Os -flto -ffat-lto-objects"
000-
000-"Running Make include in psu_cortexa53_0/libsrc/sysmonpsu_v2_8/src"
000-
000-make -C psu_cortexa53_0/libsrc/sysmonpsu_v2_8/src -s include  "SHELL=CMD" "COMPILER=aarch64-none-elf-gcc" "ASSEMBLER=aarch64-no
000-ne-elf-as" "ARCHIVER=aarch64-none-elf-ar" "COMPILER_FLAGS=  -c" "EXTRA_COMPILER_FLAGS=-g -Wall -Wextra -fno-tree-loop-distribut
000-e-patterns -Os -flto -ffat-lto-objects"
000-
000-"Running Make include in psu_cortexa53_0/libsrc/ttcps_v3_17/src"
000-
000-make -C psu_cortexa53_0/libsrc/ttcps_v3_17/src -s include  "SHELL=CMD" "COMPILER=aarch64-none-elf-gcc" "ASSEMBLER=aarch64-none-
000-elf-as" "ARCHIVER=aarch64-none-elf-ar" "COMPILER_FLAGS=  -c" "EXTRA_COMPILER_FLAGS=-g -Wall -Wextra -fno-tree-loop-distribute-p
000-atterns -Os -flto -ffat-lto-objects"
000-
000-"Running Make include in psu_cortexa53_0/libsrc/uartps_v3_12/src"
000-
000-make -C psu_cortexa53_0/libsrc/uartps_v3_12/src -s include  "SHELL=CMD" "COMPILER=aarch64-none-elf-gcc" "ASSEMBLER=aarch64-none
000--elf-as" "ARCHIVER=aarch64-none-elf-ar" "COMPILER_FLAGS=  -c" "EXTRA_COMPILER_FLAGS=-g -Wall -Wextra -fno-tree-loop-distribute-
000-patterns -Os -flto -ffat-lto-objects"
000-
000-"Running Make include in psu_cortexa53_0/libsrc/wdtps_v3_5/src"
000-
000-make -C psu_cortexa53_0/libsrc/wdtps_v3_5/src -s include  "SHELL=CMD" "COMPILER=aarch64-none-elf-gcc" "ASSEMBLER=aarch64-none-e
000-lf-as" "ARCHIVER=aarch64-none-elf-ar" "COMPILER_FLAGS=  -c" "EXTRA_COMPILER_FLAGS=-g -Wall -Wextra -fno-tree-loop-distribute-pa
000-tterns -Os -flto -ffat-lto-objects"
000-
000-"Running Make include in psu_cortexa53_0/libsrc/xilffs_v5_0/src"
000-
000-make -C psu_cortexa53_0/libsrc/xilffs_v5_0/src -s include  "SHELL=CMD" "COMPILER=aarch64-none-elf-gcc" "ASSEMBLER=aarch64-none-
000-elf-as" "ARCHIVER=aarch64-none-elf-ar" "COMPILER_FLAGS=  -c" "EXTRA_COMPILER_FLAGS=-g -Wall -Wextra -fno-tree-loop-distribute-p
000-atterns -Os -flto -ffat-lto-objects"
000-
000-"Running Make include in psu_cortexa53_0/libsrc/xilpm_v5_0/src"
000-
000-make -C psu_cortexa53_0/libsrc/xilpm_v5_0/src -s include  "SHELL=CMD" "COMPILER=aarch64-none-elf-gcc" "ASSEMBLER=aarch64-none-e
000-lf-as" "ARCHIVER=aarch64-none-elf-ar" "COMPILER_FLAGS=  -c" "EXTRA_COMPILER_FLAGS=-g -Wall -Wextra -fno-tree-loop-distribute-pa
000-tterns -Os -flto -ffat-lto-objects"
000-
000-"Include files for this library have already been copied."
000-
000-"Running Make include in psu_cortexa53_0/libsrc/xilsecure_v5_1/src"
000-
000-make -C psu_cortexa53_0/libsrc/xilsecure_v5_1/src -s include  "SHELL=CMD" "COMPILER=aarch64-none-elf-gcc" "ASSEMBLER=aarch64-no
000-ne-elf-as" "ARCHIVER=aarch64-none-elf-ar" "COMPILER_FLAGS=  -c" "EXTRA_COMPILER_FLAGS=-g -Wall -Wextra -fno-tree-loop-distribut
000-e-patterns -Os -flto -ffat-lto-objects"
000-
000-"Running Make include in psu_cortexa53_0/libsrc/zdma_v1_16/src"
000-
000-make -C psu_cortexa53_0/libsrc/zdma_v1_16/src -s include  "SHELL=CMD" "COMPILER=aarch64-none-elf-gcc" "ASSEMBLER=aarch64-none-e
000-lf-as" "ARCHIVER=aarch64-none-elf-ar" "COMPILER_FLAGS=  -c" "EXTRA_COMPILER_FLAGS=-g -Wall -Wextra -fno-tree-loop-distribute-pa
000-tterns -Os -flto -ffat-lto-objects"
000-
000-"Running Make libs in psu_cortexa53_0/libsrc/xilpm_v5_0/src"
000-
000-make -C psu_cortexa53_0/libsrc/xilpm_v5_0/src -s libs  "SHELL=CMD" "COMPILER=aarch64-none-elf-gcc" "ASSEMBLER=aarch64-none-elf-
000-as" "ARCHIVER=aarch64-none-elf-ar" "COMPILER_FLAGS=  -c" "EXTRA_COMPILER_FLAGS=-g -Wall -Wextra -fno-tree-loop-distribute-patte
000-rns -Os -flto -ffat-lto-objects"
000-
000-"Compiling xilpm library"
000-
000-"Running Make libs in psu_cortexa53_0/libsrc/xilsecure_v5_1/src"
000-
000-make -C psu_cortexa53_0/libsrc/xilsecure_v5_1/src -s libs  "SHELL=CMD" "COMPILER=aarch64-none-elf-gcc" "ASSEMBLER=aarch64-none-
000-elf-as" "ARCHIVER=aarch64-none-elf-ar" "COMPILER_FLAGS=  -c" "EXTRA_COMPILER_FLAGS=-g -Wall -Wextra -fno-tree-loop-distribute-p
000-atterns -Os -flto -ffat-lto-objects"
000-
000-"Compiling XilSecure Library"
000-
000-'Finished building libraries sequentially.'
000-
000-make -j 30 --no-print-directory par_libs
000-
000-"Running Make include in psu_cortexa53_0/libsrc/axipmon_v6_9/src"
000-
000-make -C psu_cortexa53_0/libsrc/axipmon_v6_9/src -s include  "SHELL=CMD" "COMPILER=aarch64-none-elf-gcc" "ASSEMBLER=aarch64-none
000--elf-as" "ARCHIVER=aarch64-none-elf-ar" "COMPILER_FLAGS=  -c" "EXTRA_COMPILER_FLAGS=-g -Wall -Wextra -fno-tree-loop-distribute-
000-patterns -Os -flto -ffat-lto-objects"
000-
000-"Running Make include in psu_cortexa53_0/libsrc/clockps_v1_4/src"
000-
000-make -C psu_cortexa53_0/libsrc/clockps_v1_4/src -s include  "SHELL=CMD" "COMPILER=aarch64-none-elf-gcc" "ASSEMBLER=aarch64-none
000--elf-as" "ARCHIVER=aarch64-none-elf-ar" "COMPILER_FLAGS=  -c" "EXTRA_COMPILER_FLAGS=-g -Wall -Wextra -fno-tree-loop-distribute-
000-patterns -Os -flto -ffat-lto-objects"
000-
000-"Running Make include in psu_cortexa53_0/libsrc/coresightps_dcc_v1_8/src"
000-
000-"Running Make include in psu_cortexa53_0/libsrc/cpu_cortexa53_v2_0/src"
000-
000-make -C psu_cortexa53_0/libsrc/coresightps_dcc_v1_8/src -s include  "SHELL=CMD" "COMPILER=aarch64-none-elf-gcc" "ASSEMBLER=aarc
000-h64-none-elf-as" "ARCHIVER=aarch64-none-elf-ar" "COMPILER_FLAGS=  -c" "EXTRA_COMPILER_FLAGS=-g -Wall -Wextra -fno-tree-loop-dis
000-tribute-patterns -Os -flto -ffat-lto-objects"
000-
000-"Running Make include in psu_cortexa53_0/libsrc/csudma_v1_13/src"
000-
000-make -C psu_cortexa53_0/libsrc/cpu_cortexa53_v2_0/src -s include  "SHELL=CMD" "COMPILER=aarch64-none-elf-gcc" "ASSEMBLER=aarch6
000-4-none-elf-as" "ARCHIVER=aarch64-none-elf-ar" "COMPILER_FLAGS=  -c" "EXTRA_COMPILER_FLAGS=-g -Wall -Wextra -fno-tree-loop-distr
000-ibute-patterns -Os -flto -ffat-lto-objects"
000-
000-make -C psu_cortexa53_0/libsrc/csudma_v1_13/src -s include  "SHELL=CMD" "COMPILER=aarch64-none-elf-gcc" "ASSEMBLER=aarch64-none
000--elf-as" "ARCHIVER=aarch64-none-elf-ar" "COMPILER_FLAGS=  -c" "EXTRA_COMPILER_FLAGS=-g -Wall -Wextra -fno-tree-loop-distribute-
000-patterns -Os -flto -ffat-lto-objects"
000-
000-"Running Make include in psu_cortexa53_0/libsrc/ddrcpsu_v1_4/src"
000-
000-"Running Make include in psu_cortexa53_0/libsrc/gpiops_v3_11/src"
000-
000-make -C psu_cortexa53_0/libsrc/ddrcpsu_v1_4/src -s include  "SHELL=CMD" "COMPILER=aarch64-none-elf-gcc" "ASSEMBLER=aarch64-none
000--elf-as" "ARCHIVER=aarch64-none-elf-ar" "COMPILER_FLAGS=  -c" "EXTRA_COMPILER_FLAGS=-g -Wall -Wextra -fno-tree-loop-distribute-
000-patterns -Os -flto -ffat-lto-objects"
000-
000-"Running Make include in psu_cortexa53_0/libsrc/gpio_v4_9/src"
000-
000-make -C psu_cortexa53_0/libsrc/gpiops_v3_11/src -s include  "SHELL=CMD" "COMPILER=aarch64-none-elf-gcc" "ASSEMBLER=aarch64-none
000--elf-as" "ARCHIVER=aarch64-none-elf-ar" "COMPILER_FLAGS=  -c" "EXTRA_COMPILER_FLAGS=-g -Wall -Wextra -fno-tree-loop-distribute-
000-patterns -Os -flto -ffat-lto-objects"
000-
000-make -C psu_cortexa53_0/libsrc/gpio_v4_9/src -s include  "SHELL=CMD" "COMPILER=aarch64-none-elf-gcc" "ASSEMBLER=aarch64-none-el
000-f-as" "ARCHIVER=aarch64-none-elf-ar" "COMPILER_FLAGS=  -c" "EXTRA_COMPILER_FLAGS=-g -Wall -Wextra -fno-tree-loop-distribute-pat
000-terns -Os -flto -ffat-lto-objects"
000-
000-"Running Make include in psu_cortexa53_0/libsrc/iicps_v3_17/src"
000-
000-make -C psu_cortexa53_0/libsrc/iicps_v3_17/src -s include  "SHELL=CMD" "COMPILER=aarch64-none-elf-gcc" "ASSEMBLER=aarch64-none-
000-elf-as" "ARCHIVER=aarch64-none-elf-ar" "COMPILER_FLAGS=  -c" "EXTRA_COMPILER_FLAGS=-g -Wall -Wextra -fno-tree-loop-distribute-p
000-atterns -Os -flto -ffat-lto-objects"
000-
000-"Running Make include in psu_cortexa53_0/libsrc/iic_v3_9/src"
000-
000-make -C psu_cortexa53_0/libsrc/iic_v3_9/src -s include  "SHELL=CMD" "COMPILER=aarch64-none-elf-gcc" "ASSEMBLER=aarch64-none-elf
000--as" "ARCHIVER=aarch64-none-elf-ar" "COMPILER_FLAGS=  -c" "EXTRA_COMPILER_FLAGS=-g -Wall -Wextra -fno-tree-loop-distribute-patt
000-erns -Os -flto -ffat-lto-objects"
000-
000-"Running Make include in psu_cortexa53_0/libsrc/ipipsu_v2_13/src"
000-
000-"Running Make include in psu_cortexa53_0/libsrc/qspipsu_v1_17/src"
000-
000-make -C psu_cortexa53_0/libsrc/ipipsu_v2_13/src -s include  "SHELL=CMD" "COMPILER=aarch64-none-elf-gcc" "ASSEMBLER=aarch64-none
000--elf-as" "ARCHIVER=aarch64-none-elf-ar" "COMPILER_FLAGS=  -c" "EXTRA_COMPILER_FLAGS=-g -Wall -Wextra -fno-tree-loop-distribute-
000-patterns -Os -flto -ffat-lto-objects"
000-
000-"Running Make include in psu_cortexa53_0/libsrc/resetps_v1_5/src"
000-
000-make -C psu_cortexa53_0/libsrc/qspipsu_v1_17/src -s include  "SHELL=CMD" "COMPILER=aarch64-none-elf-gcc" "ASSEMBLER=aarch64-non
000-e-elf-as" "ARCHIVER=aarch64-none-elf-ar" "COMPILER_FLAGS=  -c" "EXTRA_COMPILER_FLAGS=-g -Wall -Wextra -fno-tree-loop-distribute
000--patterns -Os -flto -ffat-lto-objects"
000-
000-make -C psu_cortexa53_0/libsrc/resetps_v1_5/src -s include  "SHELL=CMD" "COMPILER=aarch64-none-elf-gcc" "ASSEMBLER=aarch64-none
000--elf-as" "ARCHIVER=aarch64-none-elf-ar" "COMPILER_FLAGS=  -c" "EXTRA_COMPILER_FLAGS=-g -Wall -Wextra -fno-tree-loop-distribute-
000-patterns -Os -flto -ffat-lto-objects"
000-
000-"Running Make include in psu_cortexa53_0/libsrc/rtcpsu_v1_12/src"
000-
000-"Running Make include in psu_cortexa53_0/libsrc/scugic_v5_1/src"
000-
000-make -C psu_cortexa53_0/libsrc/rtcpsu_v1_12/src -s include  "SHELL=CMD" "COMPILER=aarch64-none-elf-gcc" "ASSEMBLER=aarch64-none
000--elf-as" "ARCHIVER=aarch64-none-elf-ar" "COMPILER_FLAGS=  -c" "EXTRA_COMPILER_FLAGS=-g -Wall -Wextra -fno-tree-loop-distribute-
000-patterns -Os -flto -ffat-lto-objects"
000-
000-"Running Make include in psu_cortexa53_0/libsrc/sdps_v4_1/src"
000-
000-make -C psu_cortexa53_0/libsrc/scugic_v5_1/src -s include  "SHELL=CMD" "COMPILER=aarch64-none-elf-gcc" "ASSEMBLER=aarch64-none-
000-elf-as" "ARCHIVER=aarch64-none-elf-ar" "COMPILER_FLAGS=  -c" "EXTRA_COMPILER_FLAGS=-g -Wall -Wextra -fno-tree-loop-distribute-p
000-atterns -Os -flto -ffat-lto-objects"
000-
000-make -C psu_cortexa53_0/libsrc/sdps_v4_1/src -s include  "SHELL=CMD" "COMPILER=aarch64-none-elf-gcc" "ASSEMBLER=aarch64-none-el
000-f-as" "ARCHIVER=aarch64-none-elf-ar" "COMPILER_FLAGS=  -c" "EXTRA_COMPILER_FLAGS=-g -Wall -Wextra -fno-tree-loop-distribute-pat
000-terns -Os -flto -ffat-lto-objects"
000-
000-"Running Make include in psu_cortexa53_0/libsrc/spi_v4_10/src"
000-
000-"Running Make include in psu_cortexa53_0/libsrc/standalone_v8_1/src"
000-
000-make -C psu_cortexa53_0/libsrc/spi_v4_10/src -s include  "SHELL=CMD" "COMPILER=aarch64-none-elf-gcc" "ASSEMBLER=aarch64-none-el
000-f-as" "ARCHIVER=aarch64-none-elf-ar" "COMPILER_FLAGS=  -c" "EXTRA_COMPILER_FLAGS=-g -Wall -Wextra -fno-tree-loop-distribute-pat
000-terns -Os -flto -ffat-lto-objects"
000-
000-"Running Make include in psu_cortexa53_0/libsrc/sysmonpsu_v2_8/src"
000-
000-make -C psu_cortexa53_0/libsrc/standalone_v8_1/src -s include  "SHELL=CMD" "COMPILER=aarch64-none-elf-gcc" "ASSEMBLER=aarch64-n
000-one-elf-as" "ARCHIVER=aarch64-none-elf-ar" "COMPILER_FLAGS=  -c" "EXTRA_COMPILER_FLAGS=-g -Wall -Wextra -fno-tree-loop-distribu
000-te-patterns -Os -flto -ffat-lto-objects"
000-
000-make -C psu_cortexa53_0/libsrc/sysmonpsu_v2_8/src -s include  "SHELL=CMD" "COMPILER=aarch64-none-elf-gcc" "ASSEMBLER=aarch64-no
000-ne-elf-as" "ARCHIVER=aarch64-none-elf-ar" "COMPILER_FLAGS=  -c" "EXTRA_COMPILER_FLAGS=-g -Wall -Wextra -fno-tree-loop-distribut
000-e-patterns -Os -flto -ffat-lto-objects"
000-
000-"Running Make include in psu_cortexa53_0/libsrc/ttcps_v3_17/src"
000-
000-make -C psu_cortexa53_0/libsrc/ttcps_v3_17/src -s include  "SHELL=CMD" "COMPILER=aarch64-none-elf-gcc" "ASSEMBLER=aarch64-none-
000-elf-as" "ARCHIVER=aarch64-none-elf-ar" "COMPILER_FLAGS=  -c" "EXTRA_COMPILER_FLAGS=-g -Wall -Wextra -fno-tree-loop-distribute-p
000-atterns -Os -flto -ffat-lto-objects"
000-
000-"Running Make include in psu_cortexa53_0/libsrc/uartps_v3_12/src"
000-
000-make -C psu_cortexa53_0/libsrc/uartps_v3_12/src -s include  "SHELL=CMD" "COMPILER=aarch64-none-elf-gcc" "ASSEMBLER=aarch64-none
000--elf-as" "ARCHIVER=aarch64-none-elf-ar" "COMPILER_FLAGS=  -c" "EXTRA_COMPILER_FLAGS=-g -Wall -Wextra -fno-tree-loop-distribute-
000-patterns -Os -flto -ffat-lto-objects"
000-
000-"Running Make include in psu_cortexa53_0/libsrc/wdtps_v3_5/src"
000-
000-make -C psu_cortexa53_0/libsrc/wdtps_v3_5/src -s include  "SHELL=CMD" "COMPILER=aarch64-none-elf-gcc" "ASSEMBLER=aarch64-none-e
000-lf-as" "ARCHIVER=aarch64-none-elf-ar" "COMPILER_FLAGS=  -c" "EXTRA_COMPILER_FLAGS=-g -Wall -Wextra -fno-tree-loop-distribute-pa
000-tterns -Os -flto -ffat-lto-objects"
000-
000-"Running Make include in psu_cortexa53_0/libsrc/xilffs_v5_0/src"
000-
000-make -C psu_cortexa53_0/libsrc/xilffs_v5_0/src -s include  "SHELL=CMD" "COMPILER=aarch64-none-elf-gcc" "ASSEMBLER=aarch64-none-
000-elf-as" "ARCHIVER=aarch64-none-elf-ar" "COMPILER_FLAGS=  -c" "EXTRA_COMPILER_FLAGS=-g -Wall -Wextra -fno-tree-loop-distribute-p
000-atterns -Os -flto -ffat-lto-objects"
000-
000-"Running Make include in psu_cortexa53_0/libsrc/xilpm_v5_0/src"
000-
000-make -C psu_cortexa53_0/libsrc/xilpm_v5_0/src -s include  "SHELL=CMD" "COMPILER=aarch64-none-elf-gcc" "ASSEMBLER=aarch64-none-e
000-lf-as" "ARCHIVER=aarch64-none-elf-ar" "COMPILER_FLAGS=  -c" "EXTRA_COMPILER_FLAGS=-g -Wall -Wextra -fno-tree-loop-distribute-pa
000-tterns -Os -flto -ffat-lto-objects"
000-
000-"Running Make include in psu_cortexa53_0/libsrc/xilsecure_v5_1/src"
000-
000-make -C psu_cortexa53_0/libsrc/xilsecure_v5_1/src -s include  "SHELL=CMD" "COMPILER=aarch64-none-elf-gcc" "ASSEMBLER=aarch64-no
000-ne-elf-as" "ARCHIVER=aarch64-none-elf-ar" "COMPILER_FLAGS=  -c" "EXTRA_COMPILER_FLAGS=-g -Wall -Wextra -fno-tree-loop-distribut
000-e-patterns -Os -flto -ffat-lto-objects"
000-
000-"Include files for this library have already been copied."
000-
000-"Running Make include in psu_cortexa53_0/libsrc/zdma_v1_16/src"
000-
000-make -C psu_cortexa53_0/libsrc/zdma_v1_16/src -s include  "SHELL=CMD" "COMPILER=aarch64-none-elf-gcc" "ASSEMBLER=aarch64-none-e
000-lf-as" "ARCHIVER=aarch64-none-elf-ar" "COMPILER_FLAGS=  -c" "EXTRA_COMPILER_FLAGS=-g -Wall -Wextra -fno-tree-loop-distribute-pa
000-tterns -Os -flto -ffat-lto-objects"
000-
000-"Running Make libs in psu_cortexa53_0/libsrc/axipmon_v6_9/src"
000-
000-"Running Make libs in psu_cortexa53_0/libsrc/clockps_v1_4/src"
000-
000-make -C psu_cortexa53_0/libsrc/axipmon_v6_9/src -s libs  "SHELL=CMD" "COMPILER=aarch64-none-elf-gcc" "ASSEMBLER=aarch64-none-el
000-f-as" "ARCHIVER=aarch64-none-elf-ar" "COMPILER_FLAGS=  -c" "EXTRA_COMPILER_FLAGS=-g -Wall -Wextra -fno-tree-loop-distribute-pat
000-terns -Os -flto -ffat-lto-objects"
000-
000-"Running Make libs in psu_cortexa53_0/libsrc/coresightps_dcc_v1_8/src"
000-
000-make -C psu_cortexa53_0/libsrc/clockps_v1_4/src -s libs  "SHELL=CMD" "COMPILER=aarch64-none-elf-gcc" "ASSEMBLER=aarch64-none-el
000-f-as" "ARCHIVER=aarch64-none-elf-ar" "COMPILER_FLAGS=  -c" "EXTRA_COMPILER_FLAGS=-g -Wall -Wextra -fno-tree-loop-distribute-pat
000-terns -Os -flto -ffat-lto-objects"
000-
000-make -C psu_cortexa53_0/libsrc/coresightps_dcc_v1_8/src -s libs  "SHELL=CMD" "COMPILER=aarch64-none-elf-gcc" "ASSEMBLER=aarch64
000--none-elf-as" "ARCHIVER=aarch64-none-elf-ar" "COMPILER_FLAGS=  -c" "EXTRA_COMPILER_FLAGS=-g -Wall -Wextra -fno-tree-loop-distri
000-bute-patterns -Os -flto -ffat-lto-objects"
000-
000-"Running Make libs in psu_cortexa53_0/libsrc/cpu_cortexa53_v2_0/src"
000-
000-make -C psu_cortexa53_0/libsrc/cpu_cortexa53_v2_0/src -s libs  "SHELL=CMD" "COMPILER=aarch64-none-elf-gcc" "ASSEMBLER=aarch64-n
000-one-elf-as" "ARCHIVER=aarch64-none-elf-ar" "COMPILER_FLAGS=  -c" "EXTRA_COMPILER_FLAGS=-g -Wall -Wextra -fno-tree-loop-distribu
000-te-patterns -Os -flto -ffat-lto-objects"
000-
000-"Running Make libs in psu_cortexa53_0/libsrc/csudma_v1_13/src"
000-
000-make -C psu_cortexa53_0/libsrc/csudma_v1_13/src -s libs  "SHELL=CMD" "COMPILER=aarch64-none-elf-gcc" "ASSEMBLER=aarch64-none-el
000-f-as" "ARCHIVER=aarch64-none-elf-ar" "COMPILER_FLAGS=  -c" "EXTRA_COMPILER_FLAGS=-g -Wall -Wextra -fno-tree-loop-distribute-pat
000-terns -Os -flto -ffat-lto-objects"
000-
000-"Running Make libs in psu_cortexa53_0/libsrc/ddrcpsu_v1_4/src"
000-
000-make -C psu_cortexa53_0/libsrc/ddrcpsu_v1_4/src -s libs  "SHELL=CMD" "COMPILER=aarch64-none-elf-gcc" "ASSEMBLER=aarch64-none-el
000-f-as" "ARCHIVER=aarch64-none-elf-ar" "COMPILER_FLAGS=  -c" "EXTRA_COMPILER_FLAGS=-g -Wall -Wextra -fno-tree-loop-distribute-pat
000-terns -Os -flto -ffat-lto-objects"
000-
000-"Running Make libs in psu_cortexa53_0/libsrc/gpiops_v3_11/src"
000-
000-make -C psu_cortexa53_0/libsrc/gpiops_v3_11/src -s libs  "SHELL=CMD" "COMPILER=aarch64-none-elf-gcc" "ASSEMBLER=aarch64-none-el
000-f-as" "ARCHIVER=aarch64-none-elf-ar" "COMPILER_FLAGS=  -c" "EXTRA_COMPILER_FLAGS=-g -Wall -Wextra -fno-tree-loop-distribute-pat
000-terns -Os -flto -ffat-lto-objects"
000-
000-"Running Make libs in psu_cortexa53_0/libsrc/gpio_v4_9/src"
000-
000-make -C psu_cortexa53_0/libsrc/gpio_v4_9/src -s libs  "SHELL=CMD" "COMPILER=aarch64-none-elf-gcc" "ASSEMBLER=aarch64-none-elf-a
000-s" "ARCHIVER=aarch64-none-elf-ar" "COMPILER_FLAGS=  -c" "EXTRA_COMPILER_FLAGS=-g -Wall -Wextra -fno-tree-loop-distribute-patter
000-ns -Os -flto -ffat-lto-objects"
000-
000-"Running Make libs in psu_cortexa53_0/libsrc/iicps_v3_17/src"
000-
000-make -C psu_cortexa53_0/libsrc/iicps_v3_17/src -s libs  "SHELL=CMD" "COMPILER=aarch64-none-elf-gcc" "ASSEMBLER=aarch64-none-elf
000--as" "ARCHIVER=aarch64-none-elf-ar" "COMPILER_FLAGS=  -c" "EXTRA_COMPILER_FLAGS=-g -Wall -Wextra -fno-tree-loop-distribute-patt
000-erns -Os -flto -ffat-lto-objects"
000-
000-"Running Make libs in psu_cortexa53_0/libsrc/iic_v3_9/src"
000-
000-"Running Make libs in psu_cortexa53_0/libsrc/ipipsu_v2_13/src"
000-
000-make -C psu_cortexa53_0/libsrc/iic_v3_9/src -s libs  "SHELL=CMD" "COMPILER=aarch64-none-elf-gcc" "ASSEMBLER=aarch64-none-elf-as
000-" "ARCHIVER=aarch64-none-elf-ar" "COMPILER_FLAGS=  -c" "EXTRA_COMPILER_FLAGS=-g -Wall -Wextra -fno-tree-loop-distribute-pattern
000-s -Os -flto -ffat-lto-objects"
000-
000-"Running Make libs in psu_cortexa53_0/libsrc/qspipsu_v1_17/src"
000-
000-make -C psu_cortexa53_0/libsrc/ipipsu_v2_13/src -s libs  "SHELL=CMD" "COMPILER=aarch64-none-elf-gcc" "ASSEMBLER=aarch64-none-el
000-f-as" "ARCHIVER=aarch64-none-elf-ar" "COMPILER_FLAGS=  -c" "EXTRA_COMPILER_FLAGS=-g -Wall -Wextra -fno-tree-loop-distribute-pat
000-terns -Os -flto -ffat-lto-objects"
000-
000-make -C psu_cortexa53_0/libsrc/qspipsu_v1_17/src -s libs  "SHELL=CMD" "COMPILER=aarch64-none-elf-gcc" "ASSEMBLER=aarch64-none-e
000-lf-as" "ARCHIVER=aarch64-none-elf-ar" "COMPILER_FLAGS=  -c" "EXTRA_COMPILER_FLAGS=-g -Wall -Wextra -fno-tree-loop-distribute-pa
000-tterns -Os -flto -ffat-lto-objects"
000-
000-"Running Make libs in psu_cortexa53_0/libsrc/resetps_v1_5/src"
000-
000-make -C psu_cortexa53_0/libsrc/resetps_v1_5/src -s libs  "SHELL=CMD" "COMPILER=aarch64-none-elf-gcc" "ASSEMBLER=aarch64-none-el
000-f-as" "ARCHIVER=aarch64-none-elf-ar" "COMPILER_FLAGS=  -c" "EXTRA_COMPILER_FLAGS=-g -Wall -Wextra -fno-tree-loop-distribute-pat
000-terns -Os -flto -ffat-lto-objects"
000-
000-"Running Make libs in psu_cortexa53_0/libsrc/rtcpsu_v1_12/src"
000-
000-make -C psu_cortexa53_0/libsrc/rtcpsu_v1_12/src -s libs  "SHELL=CMD" "COMPILER=aarch64-none-elf-gcc" "ASSEMBLER=aarch64-none-el
000-f-as" "ARCHIVER=aarch64-none-elf-ar" "COMPILER_FLAGS=  -c" "EXTRA_COMPILER_FLAGS=-g -Wall -Wextra -fno-tree-loop-distribute-pat
000-terns -Os -flto -ffat-lto-objects"
000-
000-"Running Make libs in psu_cortexa53_0/libsrc/scugic_v5_1/src"
000-
000-make -C psu_cortexa53_0/libsrc/scugic_v5_1/src -s libs  "SHELL=CMD" "COMPILER=aarch64-none-elf-gcc" "ASSEMBLER=aarch64-none-elf
000--as" "ARCHIVER=aarch64-none-elf-ar" "COMPILER_FLAGS=  -c" "EXTRA_COMPILER_FLAGS=-g -Wall -Wextra -fno-tree-loop-distribute-patt
000-erns -Os -flto -ffat-lto-objects"
000-
000-"Running Make libs in psu_cortexa53_0/libsrc/sdps_v4_1/src"
000-
000-make -C psu_cortexa53_0/libsrc/sdps_v4_1/src -s libs  "SHELL=CMD" "COMPILER=aarch64-none-elf-gcc" "ASSEMBLER=aarch64-none-elf-a
000-s" "ARCHIVER=aarch64-none-elf-ar" "COMPILER_FLAGS=  -c" "EXTRA_COMPILER_FLAGS=-g -Wall -Wextra -fno-tree-loop-distribute-patter
000-ns -Os -flto -ffat-lto-objects"
000-
000-"Running Make libs in psu_cortexa53_0/libsrc/spi_v4_10/src"
000-
000-make -C psu_cortexa53_0/libsrc/spi_v4_10/src -s libs  "SHELL=CMD" "COMPILER=aarch64-none-elf-gcc" "ASSEMBLER=aarch64-none-elf-a
000-s" "ARCHIVER=aarch64-none-elf-ar" "COMPILER_FLAGS=  -c" "EXTRA_COMPILER_FLAGS=-g -Wall -Wextra -fno-tree-loop-distribute-patter
000-ns -Os -flto -ffat-lto-objects"
000-
000-"Running Make libs in psu_cortexa53_0/libsrc/standalone_v8_1/src"
000-
000-make -C psu_cortexa53_0/libsrc/standalone_v8_1/src -s libs  "SHELL=CMD" "COMPILER=aarch64-none-elf-gcc" "ASSEMBLER=aarch64-none
000--elf-as" "ARCHIVER=aarch64-none-elf-ar" "COMPILER_FLAGS=  -c" "EXTRA_COMPILER_FLAGS=-g -Wall -Wextra -fno-tree-loop-distribute-
000-patterns -Os -flto -ffat-lto-objects"
000-
000-"Running Make libs in psu_cortexa53_0/libsrc/sysmonpsu_v2_8/src"
000-
000-"Running Make libs in psu_cortexa53_0/libsrc/ttcps_v3_17/src"
000-
000-make -C psu_cortexa53_0/libsrc/sysmonpsu_v2_8/src -s libs  "SHELL=CMD" "COMPILER=aarch64-none-elf-gcc" "ASSEMBLER=aarch64-none-
000-elf-as" "ARCHIVER=aarch64-none-elf-ar" "COMPILER_FLAGS=  -c" "EXTRA_COMPILER_FLAGS=-g -Wall -Wextra -fno-tree-loop-distribute-p
000-atterns -Os -flto -ffat-lto-objects"
000-
000-"Running Make libs in psu_cortexa53_0/libsrc/uartps_v3_12/src"
000-
000-make -C psu_cortexa53_0/libsrc/ttcps_v3_17/src -s libs  "SHELL=CMD" "COMPILER=aarch64-none-elf-gcc" "ASSEMBLER=aarch64-none-elf
000--as" "ARCHIVER=aarch64-none-elf-ar" "COMPILER_FLAGS=  -c" "EXTRA_COMPILER_FLAGS=-g -Wall -Wextra -fno-tree-loop-distribute-patt
000-erns -Os -flto -ffat-lto-objects"
000-
000-make -C psu_cortexa53_0/libsrc/uartps_v3_12/src -s libs  "SHELL=CMD" "COMPILER=aarch64-none-elf-gcc" "ASSEMBLER=aarch64-none-el
000-f-as" "ARCHIVER=aarch64-none-elf-ar" "COMPILER_FLAGS=  -c" "EXTRA_COMPILER_FLAGS=-g -Wall -Wextra -fno-tree-loop-distribute-pat
000-terns -Os -flto -ffat-lto-objects"
000-
000-"Running Make libs in psu_cortexa53_0/libsrc/wdtps_v3_5/src"
000-
000-make -C psu_cortexa53_0/libsrc/wdtps_v3_5/src -s libs  "SHELL=CMD" "COMPILER=aarch64-none-elf-gcc" "ASSEMBLER=aarch64-none-elf-
000-as" "ARCHIVER=aarch64-none-elf-ar" "COMPILER_FLAGS=  -c" "EXTRA_COMPILER_FLAGS=-g -Wall -Wextra -fno-tree-loop-distribute-patte
000-rns -Os -flto -ffat-lto-objects"
000-
000-"Running Make libs in psu_cortexa53_0/libsrc/xilffs_v5_0/src"
000-
000-make -C psu_cortexa53_0/libsrc/xilffs_v5_0/src -s libs  "SHELL=CMD" "COMPILER=aarch64-none-elf-gcc" "ASSEMBLER=aarch64-none-elf
000--as" "ARCHIVER=aarch64-none-elf-ar" "COMPILER_FLAGS=  -c" "EXTRA_COMPILER_FLAGS=-g -Wall -Wextra -fno-tree-loop-distribute-patt
000-erns -Os -flto -ffat-lto-objects"
000-
000-"Running Make libs in psu_cortexa53_0/libsrc/zdma_v1_16/src"
000-
000-make -C psu_cortexa53_0/libsrc/zdma_v1_16/src -s libs  "SHELL=CMD" "COMPILER=aarch64-none-elf-gcc" "ASSEMBLER=aarch64-none-elf-
000-as" "ARCHIVER=aarch64-none-elf-ar" "COMPILER_FLAGS=  -c" "EXTRA_COMPILER_FLAGS=-g -Wall -Wextra -fno-tree-loop-distribute-patte
000-rns -Os -flto -ffat-lto-objects"
000-
000/DRCPlatform249-1-1'#pragma message: For the sleep routines, Global timer is being used'0-xtime_l.c:49:9: note: '#pragma message: For the sleep routines, Global timer is being used'
000-   49 | #pragma message ("For the sleep routines, Global timer is being used")
000-      |         ^~~~~~~
000/DRCPlatform2122-1-1#warning "There's no DDR_1 in the HW design. MMU translation table marks 32 GB DDR address space as undefined" [-Wcpp]1-translation_table.S:122:2: warning: #warning "There's no DDR_1 in the HW design. MMU translation table marks 32 GB DDR address space as undefined" [-Wcpp]
000-  122 | #warning "There's no DDR_1 in the HW design. MMU translation table marks 32 GB DDR address space as undefined"
000-      |  ^~~~~~~
000-'Finished building libraries parallelly.'
000-
000-make --no-print-directory archive
000-
000-aarch64-none-elf-ar -r  psu_cortexa53_0/lib/libxil.a psu_cortexa53_0/lib/_exit.o psu_cortexa53_0/lib/_open.o psu_cortexa53_0/li
000-b/_sbrk.o psu_cortexa53_0/lib/abort.o psu_cortexa53_0/lib/asm_vectors.o psu_cortexa53_0/lib/boot.o psu_cortexa53_0/lib/close.o 
000-psu_cortexa53_0/lib/cpputest_time.o psu_cortexa53_0/lib/errno.o psu_cortexa53_0/lib/fcntl.o psu_cortexa53_0/lib/fstat.o psu_cor
000-texa53_0/lib/getentropy.o psu_cortexa53_0/lib/getpid.o psu_cortexa53_0/lib/inbyte.o psu_cortexa53_0/lib/initialise_monitor_hand
000-les.o psu_cortexa53_0/lib/isatty.o psu_cortexa53_0/lib/kill.o psu_cortexa53_0/lib/lseek.o psu_cortexa53_0/lib/open.o psu_cortex
000-a53_0/lib/outbyte.o psu_cortexa53_0/lib/print.o psu_cortexa53_0/lib/putnum.o psu_cortexa53_0/lib/read.o psu_cortexa53_0/lib/sbr
000-k.o psu_cortexa53_0/lib/sleep.o psu_cortexa53_0/lib/time.o psu_cortexa53_0/lib/translation_table.o psu_cortexa53_0/lib/unlink.o
000- psu_cortexa53_0/lib/vectors.o psu_cortexa53_0/lib/write.o psu_cortexa53_0/lib/xaxipmon.o psu_cortexa53_0/lib/xaxipmon_g.o psu_
000-cortexa53_0/lib/xaxipmon_selftest.o psu_cortexa53_0/lib/xaxipmon_sinit.o psu_cortexa53_0/lib/xclockps.o psu_cortexa53_0/lib/xcl
000-ockps_divider.o psu_cortexa53_0/lib/xclockps_fixedfactor.o psu_cortexa53_0/lib/xclockps_g.o psu_cortexa53_0/lib/xclockps_gate.o
000- psu_cortexa53_0/lib/xclockps_mux.o psu_cortexa53_0/lib/xclockps_pll.o psu_cortexa53_0/lib/xclockps_sinit.o psu_cortexa53_0/lib
000-/xcoresightpsdcc.o psu_cortexa53_0/lib/xcsudma.o psu_cortexa53_0/lib/xcsudma_g.o psu_cortexa53_0/lib/xcsudma_intr.o psu_cortexa
000-53_0/lib/xcsudma_selftest.o psu_cortexa53_0/lib/xcsudma_sinit.o psu_cortexa53_0/lib/xgpio.o psu_cortexa53_0/lib/xgpio_extra.o p
000-su_cortexa53_0/lib/xgpio_g.o psu_cortexa53_0/lib/xgpio_intr.o psu_cortexa53_0/lib/xgpio_selftest.o psu_cortexa53_0/lib/xgpio_si
000-nit.o psu_cortexa53_0/lib/xgpiops.o psu_cortexa53_0/lib/xgpiops_g.o psu_cortexa53_0/lib/xgpiops_hw.o psu_cortexa53_0/lib/xgpiop
000-s_intr.o psu_cortexa53_0/lib/xgpiops_selftest.o psu_cortexa53_0/lib/xgpiops_sinit.o psu_cortexa53_0/lib/xiic.o psu_cortexa53_0/
000-lib/xiic_dyn_master.o psu_cortexa53_0/lib/xiic_g.o psu_cortexa53_0/lib/xiic_intr.o psu_cortexa53_0/lib/xiic_l.o psu_cortexa53_0
000-/lib/xiic_master.o psu_cortexa53_0/lib/xiic_multi_master.o psu_cortexa53_0/lib/xiic_options.o psu_cortexa53_0/lib/xiic_selftest
000-.o psu_cortexa53_0/lib/xiic_sinit.o psu_cortexa53_0/lib/xiic_slave.o psu_cortexa53_0/lib/xiic_stats.o psu_cortexa53_0/lib/xiicp
000-s.o psu_cortexa53_0/lib/xiicps_g.o psu_cortexa53_0/lib/xiicps_hw.o psu_cortexa53_0/lib/xiicps_intr.o psu_cortexa53_0/lib/xiicps
000-_master.o psu_cortexa53_0/lib/xiicps_options.o psu_cortexa53_0/lib/xiicps_selftest.o psu_cortexa53_0/lib/xiicps_sinit.o psu_cor
000-texa53_0/lib/xiicps_slave.o psu_cortexa53_0/lib/xiicps_xfer.o psu_cortexa53_0/lib/xil-crt0.o psu_cortexa53_0/lib/xil_assert.o p
000-su_cortexa53_0/lib/xil_cache.o psu_cortexa53_0/lib/xil_clocking.o psu_cortexa53_0/lib/xil_exception.o psu_cortexa53_0/lib/xil_m
000-em.o psu_cortexa53_0/lib/xil_mmu.o psu_cortexa53_0/lib/xil_printf.o psu_cortexa53_0/lib/xil_sleepcommon.o psu_cortexa53_0/lib/x
000-il_sleeptimer.o psu_cortexa53_0/lib/xil_smc.o psu_cortexa53_0/lib/xil_spinlock.o psu_cortexa53_0/lib/xil_testcache.o psu_cortex
000-a53_0/lib/xil_testio.o psu_cortexa53_0/lib/xil_testmem.o psu_cortexa53_0/lib/xil_util.o psu_cortexa53_0/lib/xinterrupt_wrap.o p
000-su_cortexa53_0/lib/xipipsu.o psu_cortexa53_0/lib/xipipsu_buf.o psu_cortexa53_0/lib/xipipsu_g.o psu_cortexa53_0/lib/xipipsu_sini
000-t.o psu_cortexa53_0/lib/xplatform_info.o psu_cortexa53_0/lib/xpm_counter.o psu_cortexa53_0/lib/xqspipsu.o psu_cortexa53_0/lib/x
000-qspipsu_control.o psu_cortexa53_0/lib/xqspipsu_g.o psu_cortexa53_0/lib/xqspipsu_hw.o psu_cortexa53_0/lib/xqspipsu_options.o psu
000-_cortexa53_0/lib/xqspipsu_sinit.o psu_cortexa53_0/lib/xresetps.o psu_cortexa53_0/lib/xresetps_g.o psu_cortexa53_0/lib/xresetps_
000-sinit.o psu_cortexa53_0/lib/xrtcpsu.o psu_cortexa53_0/lib/xrtcpsu_g.o psu_cortexa53_0/lib/xrtcpsu_intr.o psu_cortexa53_0/lib/xr
000-tcpsu_selftest.o psu_cortexa53_0/lib/xrtcpsu_sinit.o psu_cortexa53_0/lib/xscugic.o psu_cortexa53_0/lib/xscugic_g.o psu_cortexa5
000-3_0/lib/xscugic_hw.o psu_cortexa53_0/lib/xscugic_intr.o psu_cortexa53_0/lib/xscugic_selftest.o psu_cortexa53_0/lib/xscugic_sini
000-t.o psu_cortexa53_0/lib/xsdps.o psu_cortexa53_0/lib/xsdps_card.o psu_cortexa53_0/lib/xsdps_g.o psu_cortexa53_0/lib/xsdps_host.o
000- psu_cortexa53_0/lib/xsdps_options.o psu_cortexa53_0/lib/xsdps_sinit.o psu_cortexa53_0/lib/xspi.o psu_cortexa53_0/lib/xspi_g.o 
000-psu_cortexa53_0/lib/xspi_options.o psu_cortexa53_0/lib/xspi_selftest.o psu_cortexa53_0/lib/xspi_sinit.o psu_cortexa53_0/lib/xsp
000-i_stats.o psu_cortexa53_0/lib/xsysmonpsu.o psu_cortexa53_0/lib/xsysmonpsu_g.o psu_cortexa53_0/lib/xsysmonpsu_intr.o psu_cortexa
000-53_0/lib/xsysmonpsu_selftest.o psu_cortexa53_0/lib/xsysmonpsu_sinit.o psu_cortexa53_0/lib/xtime_l.o psu_cortexa53_0/lib/xttcps.
000-o psu_cortexa53_0/lib/xttcps_g.o psu_cortexa53_0/lib/xttcps_options.o psu_cortexa53_0/lib/xttcps_selftest.o psu_cortexa53_0/lib
000-/xttcps_sinit.o psu_cortexa53_0/lib/xuartps.o psu_cortexa53_0/lib/xuartps_g.o psu_cortexa53_0/lib/xuartps_hw.o psu_cortexa53_0/
000-lib/xuartps_intr.o psu_cortexa53_0/lib/xuartps_options.o psu_cortexa53_0/lib/xuartps_selftest.o psu_cortexa53_0/lib/xuartps_sin
000-it.o psu_cortexa53_0/lib/xwdtps.o psu_cortexa53_0/lib/xwdtps_g.o psu_cortexa53_0/lib/xwdtps_selftest.o psu_cortexa53_0/lib/xwdt
000-ps_sinit.o psu_cortexa53_0/lib/xzdma.o psu_cortexa53_0/lib/xzdma_g.o psu_cortexa53_0/lib/xzdma_intr.o psu_cortexa53_0/lib/xzdma
000-_selftest.o psu_cortexa53_0/lib/xzdma_sinit.o
000-
000-aarch64-none-elf-ar: creating psu_cortexa53_0/lib/libxil.a
000-'Finished building libraries'
000-
000-Building the BSP Library for domain  - fsbl_3v3_domain on processor psu_cortexa53_0
000-make --no-print-directory seq_libs
000-
000-"Running Make include in psu_cortexa53_0/libsrc/axipmon_v6_9/src"
000-
000-make -C psu_cortexa53_0/libsrc/axipmon_v6_9/src -s include  "SHELL=CMD" "COMPILER=aarch64-none-elf-gcc" "ASSEMBLER=aarch64-none
000--elf-as" "ARCHIVER=aarch64-none-elf-ar" "COMPILER_FLAGS=  -c" "EXTRA_COMPILER_FLAGS=-g -Wall -Wextra -fno-tree-loop-distribute-
000-patterns -Os -flto -ffat-lto-objects"
000-
000-"Running Make include in psu_cortexa53_0/libsrc/clockps_v1_4/src"
000-
000-make -C psu_cortexa53_0/libsrc/clockps_v1_4/src -s include  "SHELL=CMD" "COMPILER=aarch64-none-elf-gcc" "ASSEMBLER=aarch64-none
000--elf-as" "ARCHIVER=aarch64-none-elf-ar" "COMPILER_FLAGS=  -c" "EXTRA_COMPILER_FLAGS=-g -Wall -Wextra -fno-tree-loop-distribute-
000-patterns -Os -flto -ffat-lto-objects"
000-
000-"Running Make include in psu_cortexa53_0/libsrc/coresightps_dcc_v1_8/src"
000-
000-make -C psu_cortexa53_0/libsrc/coresightps_dcc_v1_8/src -s include  "SHELL=CMD" "COMPILER=aarch64-none-elf-gcc" "ASSEMBLER=aarc
000-h64-none-elf-as" "ARCHIVER=aarch64-none-elf-ar" "COMPILER_FLAGS=  -c" "EXTRA_COMPILER_FLAGS=-g -Wall -Wextra -fno-tree-loop-dis
000-tribute-patterns -Os -flto -ffat-lto-objects"
000-
000-"Running Make include in psu_cortexa53_0/libsrc/cpu_cortexa53_v2_0/src"
000-
000-make -C psu_cortexa53_0/libsrc/cpu_cortexa53_v2_0/src -s include  "SHELL=CMD" "COMPILER=aarch64-none-elf-gcc" "ASSEMBLER=aarch6
000-4-none-elf-as" "ARCHIVER=aarch64-none-elf-ar" "COMPILER_FLAGS=  -c" "EXTRA_COMPILER_FLAGS=-g -Wall -Wextra -fno-tree-loop-distr
000-ibute-patterns -Os -flto -ffat-lto-objects"
000-
000-"Running Make include in psu_cortexa53_0/libsrc/csudma_v1_13/src"
000-
000-make -C psu_cortexa53_0/libsrc/csudma_v1_13/src -s include  "SHELL=CMD" "COMPILER=aarch64-none-elf-gcc" "ASSEMBLER=aarch64-none
000--elf-as" "ARCHIVER=aarch64-none-elf-ar" "COMPILER_FLAGS=  -c" "EXTRA_COMPILER_FLAGS=-g -Wall -Wextra -fno-tree-loop-distribute-
000-patterns -Os -flto -ffat-lto-objects"
000-
000-"Running Make include in psu_cortexa53_0/libsrc/ddrcpsu_v1_4/src"
000-
000-make -C psu_cortexa53_0/libsrc/ddrcpsu_v1_4/src -s include  "SHELL=CMD" "COMPILER=aarch64-none-elf-gcc" "ASSEMBLER=aarch64-none
000--elf-as" "ARCHIVER=aarch64-none-elf-ar" "COMPILER_FLAGS=  -c" "EXTRA_COMPILER_FLAGS=-g -Wall -Wextra -fno-tree-loop-distribute-
000-patterns -Os -flto -ffat-lto-objects"
000-
000-"Running Make include in psu_cortexa53_0/libsrc/gpiops_v3_11/src"
000-
000-make -C psu_cortexa53_0/libsrc/gpiops_v3_11/src -s include  "SHELL=CMD" "COMPILER=aarch64-none-elf-gcc" "ASSEMBLER=aarch64-none
000--elf-as" "ARCHIVER=aarch64-none-elf-ar" "COMPILER_FLAGS=  -c" "EXTRA_COMPILER_FLAGS=-g -Wall -Wextra -fno-tree-loop-distribute-
000-patterns -Os -flto -ffat-lto-objects"
000-
000-"Running Make include in psu_cortexa53_0/libsrc/gpio_v4_9/src"
000-
000-make -C psu_cortexa53_0/libsrc/gpio_v4_9/src -s include  "SHELL=CMD" "COMPILER=aarch64-none-elf-gcc" "ASSEMBLER=aarch64-none-el
000-f-as" "ARCHIVER=aarch64-none-elf-ar" "COMPILER_FLAGS=  -c" "EXTRA_COMPILER_FLAGS=-g -Wall -Wextra -fno-tree-loop-distribute-pat
000-terns -Os -flto -ffat-lto-objects"
000-
000-"Running Make include in psu_cortexa53_0/libsrc/iicps_v3_17/src"
000-
000-make -C psu_cortexa53_0/libsrc/iicps_v3_17/src -s include  "SHELL=CMD" "COMPILER=aarch64-none-elf-gcc" "ASSEMBLER=aarch64-none-
000-elf-as" "ARCHIVER=aarch64-none-elf-ar" "COMPILER_FLAGS=  -c" "EXTRA_COMPILER_FLAGS=-g -Wall -Wextra -fno-tree-loop-distribute-p
000-atterns -Os -flto -ffat-lto-objects"
000-
000-"Running Make include in psu_cortexa53_0/libsrc/iic_v3_9/src"
000-
000-make -C psu_cortexa53_0/libsrc/iic_v3_9/src -s include  "SHELL=CMD" "COMPILER=aarch64-none-elf-gcc" "ASSEMBLER=aarch64-none-elf
000--as" "ARCHIVER=aarch64-none-elf-ar" "COMPILER_FLAGS=  -c" "EXTRA_COMPILER_FLAGS=-g -Wall -Wextra -fno-tree-loop-distribute-patt
000-erns -Os -flto -ffat-lto-objects"
000-
000-"Running Make include in psu_cortexa53_0/libsrc/ipipsu_v2_13/src"
000-
000-make -C psu_cortexa53_0/libsrc/ipipsu_v2_13/src -s include  "SHELL=CMD" "COMPILER=aarch64-none-elf-gcc" "ASSEMBLER=aarch64-none
000--elf-as" "ARCHIVER=aarch64-none-elf-ar" "COMPILER_FLAGS=  -c" "EXTRA_COMPILER_FLAGS=-g -Wall -Wextra -fno-tree-loop-distribute-
000-patterns -Os -flto -ffat-lto-objects"
000-
000-"Running Make include in psu_cortexa53_0/libsrc/qspipsu_v1_17/src"
000-
000-make -C psu_cortexa53_0/libsrc/qspipsu_v1_17/src -s include  "SHELL=CMD" "COMPILER=aarch64-none-elf-gcc" "ASSEMBLER=aarch64-non
000-e-elf-as" "ARCHIVER=aarch64-none-elf-ar" "COMPILER_FLAGS=  -c" "EXTRA_COMPILER_FLAGS=-g -Wall -Wextra -fno-tree-loop-distribute
000--patterns -Os -flto -ffat-lto-objects"
000-
000-"Running Make include in psu_cortexa53_0/libsrc/resetps_v1_5/src"
000-
000-make -C psu_cortexa53_0/libsrc/resetps_v1_5/src -s include  "SHELL=CMD" "COMPILER=aarch64-none-elf-gcc" "ASSEMBLER=aarch64-none
000--elf-as" "ARCHIVER=aarch64-none-elf-ar" "COMPILER_FLAGS=  -c" "EXTRA_COMPILER_FLAGS=-g -Wall -Wextra -fno-tree-loop-distribute-
000-patterns -Os -flto -ffat-lto-objects"
000-
000-"Running Make include in psu_cortexa53_0/libsrc/rtcpsu_v1_12/src"
000-
000-make -C psu_cortexa53_0/libsrc/rtcpsu_v1_12/src -s include  "SHELL=CMD" "COMPILER=aarch64-none-elf-gcc" "ASSEMBLER=aarch64-none
000--elf-as" "ARCHIVER=aarch64-none-elf-ar" "COMPILER_FLAGS=  -c" "EXTRA_COMPILER_FLAGS=-g -Wall -Wextra -fno-tree-loop-distribute-
000-patterns -Os -flto -ffat-lto-objects"
000-
000-"Running Make include in psu_cortexa53_0/libsrc/scugic_v5_1/src"
000-
000-make -C psu_cortexa53_0/libsrc/scugic_v5_1/src -s include  "SHELL=CMD" "COMPILER=aarch64-none-elf-gcc" "ASSEMBLER=aarch64-none-
000-elf-as" "ARCHIVER=aarch64-none-elf-ar" "COMPILER_FLAGS=  -c" "EXTRA_COMPILER_FLAGS=-g -Wall -Wextra -fno-tree-loop-distribute-p
000-atterns -Os -flto -ffat-lto-objects"
000-
000-"Running Make include in psu_cortexa53_0/libsrc/sdps_v4_1/src"
000-
000-make -C psu_cortexa53_0/libsrc/sdps_v4_1/src -s include  "SHELL=CMD" "COMPILER=aarch64-none-elf-gcc" "ASSEMBLER=aarch64-none-el
000-f-as" "ARCHIVER=aarch64-none-elf-ar" "COMPILER_FLAGS=  -c" "EXTRA_COMPILER_FLAGS=-g -Wall -Wextra -fno-tree-loop-distribute-pat
000-terns -Os -flto -ffat-lto-objects"
000-
000-"Running Make include in psu_cortexa53_0/libsrc/spi_v4_10/src"
000-
000-make -C psu_cortexa53_0/libsrc/spi_v4_10/src -s include  "SHELL=CMD" "COMPILER=aarch64-none-elf-gcc" "ASSEMBLER=aarch64-none-el
000-f-as" "ARCHIVER=aarch64-none-elf-ar" "COMPILER_FLAGS=  -c" "EXTRA_COMPILER_FLAGS=-g -Wall -Wextra -fno-tree-loop-distribute-pat
000-terns -Os -flto -ffat-lto-objects"
000-
000-"Running Make include in psu_cortexa53_0/libsrc/standalone_v8_1/src"
000-
000-make -C psu_cortexa53_0/libsrc/standalone_v8_1/src -s include  "SHELL=CMD" "COMPILER=aarch64-none-elf-gcc" "ASSEMBLER=aarch64-n
000-one-elf-as" "ARCHIVER=aarch64-none-elf-ar" "COMPILER_FLAGS=  -c" "EXTRA_COMPILER_FLAGS=-g -Wall -Wextra -fno-tree-loop-distribu
000-te-patterns -Os -flto -ffat-lto-objects"
000-
000-"Running Make include in psu_cortexa53_0/libsrc/sysmonpsu_v2_8/src"
000-
000-make -C psu_cortexa53_0/libsrc/sysmonpsu_v2_8/src -s include  "SHELL=CMD" "COMPILER=aarch64-none-elf-gcc" "ASSEMBLER=aarch64-no
000-ne-elf-as" "ARCHIVER=aarch64-none-elf-ar" "COMPILER_FLAGS=  -c" "EXTRA_COMPILER_FLAGS=-g -Wall -Wextra -fno-tree-loop-distribut
000-e-patterns -Os -flto -ffat-lto-objects"
000-
000-"Running Make include in psu_cortexa53_0/libsrc/ttcps_v3_17/src"
000-
000-make -C psu_cortexa53_0/libsrc/ttcps_v3_17/src -s include  "SHELL=CMD" "COMPILER=aarch64-none-elf-gcc" "ASSEMBLER=aarch64-none-
000-elf-as" "ARCHIVER=aarch64-none-elf-ar" "COMPILER_FLAGS=  -c" "EXTRA_COMPILER_FLAGS=-g -Wall -Wextra -fno-tree-loop-distribute-p
000-atterns -Os -flto -ffat-lto-objects"
000-
000-"Running Make include in psu_cortexa53_0/libsrc/uartps_v3_12/src"
000-
000-make -C psu_cortexa53_0/libsrc/uartps_v3_12/src -s include  "SHELL=CMD" "COMPILER=aarch64-none-elf-gcc" "ASSEMBLER=aarch64-none
000--elf-as" "ARCHIVER=aarch64-none-elf-ar" "COMPILER_FLAGS=  -c" "EXTRA_COMPILER_FLAGS=-g -Wall -Wextra -fno-tree-loop-distribute-
000-patterns -Os -flto -ffat-lto-objects"
000-
000-"Running Make include in psu_cortexa53_0/libsrc/wdtps_v3_5/src"
000-
000-make -C psu_cortexa53_0/libsrc/wdtps_v3_5/src -s include  "SHELL=CMD" "COMPILER=aarch64-none-elf-gcc" "ASSEMBLER=aarch64-none-e
000-lf-as" "ARCHIVER=aarch64-none-elf-ar" "COMPILER_FLAGS=  -c" "EXTRA_COMPILER_FLAGS=-g -Wall -Wextra -fno-tree-loop-distribute-pa
000-tterns -Os -flto -ffat-lto-objects"
000-
000-"Running Make include in psu_cortexa53_0/libsrc/xilffs_v5_0/src"
000-
000-make -C psu_cortexa53_0/libsrc/xilffs_v5_0/src -s include  "SHELL=CMD" "COMPILER=aarch64-none-elf-gcc" "ASSEMBLER=aarch64-none-
000-elf-as" "ARCHIVER=aarch64-none-elf-ar" "COMPILER_FLAGS=  -c" "EXTRA_COMPILER_FLAGS=-g -Wall -Wextra -fno-tree-loop-distribute-p
000-atterns -Os -flto -ffat-lto-objects"
000-
000-"Running Make include in psu_cortexa53_0/libsrc/xilpm_v5_0/src"
000-
000-make -C psu_cortexa53_0/libsrc/xilpm_v5_0/src -s include  "SHELL=CMD" "COMPILER=aarch64-none-elf-gcc" "ASSEMBLER=aarch64-none-e
000-lf-as" "ARCHIVER=aarch64-none-elf-ar" "COMPILER_FLAGS=  -c" "EXTRA_COMPILER_FLAGS=-g -Wall -Wextra -fno-tree-loop-distribute-pa
000-tterns -Os -flto -ffat-lto-objects"
000-
000-"Include files for this library have already been copied."
000-
000-"Running Make include in psu_cortexa53_0/libsrc/xilsecure_v5_1/src"
000-
000-make -C psu_cortexa53_0/libsrc/xilsecure_v5_1/src -s include  "SHELL=CMD" "COMPILER=aarch64-none-elf-gcc" "ASSEMBLER=aarch64-no
000-ne-elf-as" "ARCHIVER=aarch64-none-elf-ar" "COMPILER_FLAGS=  -c" "EXTRA_COMPILER_FLAGS=-g -Wall -Wextra -fno-tree-loop-distribut
000-e-patterns -Os -flto -ffat-lto-objects"
000-
000-"Running Make include in psu_cortexa53_0/libsrc/zdma_v1_16/src"
000-
000-make -C psu_cortexa53_0/libsrc/zdma_v1_16/src -s include  "SHELL=CMD" "COMPILER=aarch64-none-elf-gcc" "ASSEMBLER=aarch64-none-e
000-lf-as" "ARCHIVER=aarch64-none-elf-ar" "COMPILER_FLAGS=  -c" "EXTRA_COMPILER_FLAGS=-g -Wall -Wextra -fno-tree-loop-distribute-pa
000-tterns -Os -flto -ffat-lto-objects"
000-
000-"Running Make libs in psu_cortexa53_0/libsrc/xilpm_v5_0/src"
000-
000-make -C psu_cortexa53_0/libsrc/xilpm_v5_0/src -s libs  "SHELL=CMD" "COMPILER=aarch64-none-elf-gcc" "ASSEMBLER=aarch64-none-elf-
000-as" "ARCHIVER=aarch64-none-elf-ar" "COMPILER_FLAGS=  -c" "EXTRA_COMPILER_FLAGS=-g -Wall -Wextra -fno-tree-loop-distribute-patte
000-rns -Os -flto -ffat-lto-objects"
000-
000-"Compiling xilpm library"
000-
000-"Running Make libs in psu_cortexa53_0/libsrc/xilsecure_v5_1/src"
000-
000-make -C psu_cortexa53_0/libsrc/xilsecure_v5_1/src -s libs  "SHELL=CMD" "COMPILER=aarch64-none-elf-gcc" "ASSEMBLER=aarch64-none-
000-elf-as" "ARCHIVER=aarch64-none-elf-ar" "COMPILER_FLAGS=  -c" "EXTRA_COMPILER_FLAGS=-g -Wall -Wextra -fno-tree-loop-distribute-p
000-atterns -Os -flto -ffat-lto-objects"
000-
000-"Compiling XilSecure Library"
000-
000-'Finished building libraries sequentially.'
000-
000-make -j 30 --no-print-directory par_libs
000-
000-"Running Make include in psu_cortexa53_0/libsrc/axipmon_v6_9/src"
000-
000-make -C psu_cortexa53_0/libsrc/axipmon_v6_9/src -s include  "SHELL=CMD" "COMPILER=aarch64-none-elf-gcc" "ASSEMBLER=aarch64-none
000--elf-as" "ARCHIVER=aarch64-none-elf-ar" "COMPILER_FLAGS=  -c" "EXTRA_COMPILER_FLAGS=-g -Wall -Wextra -fno-tree-loop-distribute-
000-patterns -Os -flto -ffat-lto-objects"
000-
000-"Running Make include in psu_cortexa53_0/libsrc/clockps_v1_4/src"
000-
000-make -C psu_cortexa53_0/libsrc/clockps_v1_4/src -s include  "SHELL=CMD" "COMPILER=aarch64-none-elf-gcc" "ASSEMBLER=aarch64-none
000--elf-as" "ARCHIVER=aarch64-none-elf-ar" "COMPILER_FLAGS=  -c" "EXTRA_COMPILER_FLAGS=-g -Wall -Wextra -fno-tree-loop-distribute-
000-patterns -Os -flto -ffat-lto-objects"
000-
000-"Running Make include in psu_cortexa53_0/libsrc/coresightps_dcc_v1_8/src"
000-
000-make -C psu_cortexa53_0/libsrc/coresightps_dcc_v1_8/src -s include  "SHELL=CMD" "COMPILER=aarch64-none-elf-gcc" "ASSEMBLER=aarc
000-h64-none-elf-as" "ARCHIVER=aarch64-none-elf-ar" "COMPILER_FLAGS=  -c" "EXTRA_COMPILER_FLAGS=-g -Wall -Wextra -fno-tree-loop-dis
000-tribute-patterns -Os -flto -ffat-lto-objects"
000-
000-"Running Make include in psu_cortexa53_0/libsrc/cpu_cortexa53_v2_0/src"
000-
000-make -C psu_cortexa53_0/libsrc/cpu_cortexa53_v2_0/src -s include  "SHELL=CMD" "COMPILER=aarch64-none-elf-gcc" "ASSEMBLER=aarch6
000-4-none-elf-as" "ARCHIVER=aarch64-none-elf-ar" "COMPILER_FLAGS=  -c" "EXTRA_COMPILER_FLAGS=-g -Wall -Wextra -fno-tree-loop-distr
000-ibute-patterns -Os -flto -ffat-lto-objects"
000-
000-"Running Make include in psu_cortexa53_0/libsrc/csudma_v1_13/src"
000-
000-make -C psu_cortexa53_0/libsrc/csudma_v1_13/src -s include  "SHELL=CMD" "COMPILER=aarch64-none-elf-gcc" "ASSEMBLER=aarch64-none
000--elf-as" "ARCHIVER=aarch64-none-elf-ar" "COMPILER_FLAGS=  -c" "EXTRA_COMPILER_FLAGS=-g -Wall -Wextra -fno-tree-loop-distribute-
000-patterns -Os -flto -ffat-lto-objects"
000-
000-"Running Make include in psu_cortexa53_0/libsrc/ddrcpsu_v1_4/src"
000-
000-make -C psu_cortexa53_0/libsrc/ddrcpsu_v1_4/src -s include  "SHELL=CMD" "COMPILER=aarch64-none-elf-gcc" "ASSEMBLER=aarch64-none
000--elf-as" "ARCHIVER=aarch64-none-elf-ar" "COMPILER_FLAGS=  -c" "EXTRA_COMPILER_FLAGS=-g -Wall -Wextra -fno-tree-loop-distribute-
000-patterns -Os -flto -ffat-lto-objects"
000-
000-"Running Make include in psu_cortexa53_0/libsrc/gpiops_v3_11/src"
000-
000-make -C psu_cortexa53_0/libsrc/gpiops_v3_11/src -s include  "SHELL=CMD" "COMPILER=aarch64-none-elf-gcc" "ASSEMBLER=aarch64-none
000--elf-as" "ARCHIVER=aarch64-none-elf-ar" "COMPILER_FLAGS=  -c" "EXTRA_COMPILER_FLAGS=-g -Wall -Wextra -fno-tree-loop-distribute-
000-patterns -Os -flto -ffat-lto-objects"
000-
000-"Running Make include in psu_cortexa53_0/libsrc/gpio_v4_9/src"
000-
000-make -C psu_cortexa53_0/libsrc/gpio_v4_9/src -s include  "SHELL=CMD" "COMPILER=aarch64-none-elf-gcc" "ASSEMBLER=aarch64-none-el
000-f-as" "ARCHIVER=aarch64-none-elf-ar" "COMPILER_FLAGS=  -c" "EXTRA_COMPILER_FLAGS=-g -Wall -Wextra -fno-tree-loop-distribute-pat
000-terns -Os -flto -ffat-lto-objects"
000-
000-"Running Make include in psu_cortexa53_0/libsrc/iicps_v3_17/src"
000-
000-make -C psu_cortexa53_0/libsrc/iicps_v3_17/src -s include  "SHELL=CMD" "COMPILER=aarch64-none-elf-gcc" "ASSEMBLER=aarch64-none-
000-elf-as" "ARCHIVER=aarch64-none-elf-ar" "COMPILER_FLAGS=  -c" "EXTRA_COMPILER_FLAGS=-g -Wall -Wextra -fno-tree-loop-distribute-p
000-atterns -Os -flto -ffat-lto-objects"
000-
000-"Running Make include in psu_cortexa53_0/libsrc/iic_v3_9/src"
000-
000-make -C psu_cortexa53_0/libsrc/iic_v3_9/src -s include  "SHELL=CMD" "COMPILER=aarch64-none-elf-gcc" "ASSEMBLER=aarch64-none-elf
000--as" "ARCHIVER=aarch64-none-elf-ar" "COMPILER_FLAGS=  -c" "EXTRA_COMPILER_FLAGS=-g -Wall -Wextra -fno-tree-loop-distribute-patt
000-erns -Os -flto -ffat-lto-objects"
000-
000-"Running Make include in psu_cortexa53_0/libsrc/ipipsu_v2_13/src"
000-
000-make -C psu_cortexa53_0/libsrc/ipipsu_v2_13/src -s include  "SHELL=CMD" "COMPILER=aarch64-none-elf-gcc" "ASSEMBLER=aarch64-none
000--elf-as" "ARCHIVER=aarch64-none-elf-ar" "COMPILER_FLAGS=  -c" "EXTRA_COMPILER_FLAGS=-g -Wall -Wextra -fno-tree-loop-distribute-
000-patterns -Os -flto -ffat-lto-objects"
000-
000-"Running Make include in psu_cortexa53_0/libsrc/qspipsu_v1_17/src"
000-
000-make -C psu_cortexa53_0/libsrc/qspipsu_v1_17/src -s include  "SHELL=CMD" "COMPILER=aarch64-none-elf-gcc" "ASSEMBLER=aarch64-non
000-e-elf-as" "ARCHIVER=aarch64-none-elf-ar" "COMPILER_FLAGS=  -c" "EXTRA_COMPILER_FLAGS=-g -Wall -Wextra -fno-tree-loop-distribute
000--patterns -Os -flto -ffat-lto-objects"
000-
000-"Running Make include in psu_cortexa53_0/libsrc/resetps_v1_5/src"
000-
000-make -C psu_cortexa53_0/libsrc/resetps_v1_5/src -s include  "SHELL=CMD" "COMPILER=aarch64-none-elf-gcc" "ASSEMBLER=aarch64-none
000--elf-as" "ARCHIVER=aarch64-none-elf-ar" "COMPILER_FLAGS=  -c" "EXTRA_COMPILER_FLAGS=-g -Wall -Wextra -fno-tree-loop-distribute-
000-patterns -Os -flto -ffat-lto-objects"
000-
000-"Running Make include in psu_cortexa53_0/libsrc/rtcpsu_v1_12/src"
000-
000-make -C psu_cortexa53_0/libsrc/rtcpsu_v1_12/src -s include  "SHELL=CMD" "COMPILER=aarch64-none-elf-gcc" "ASSEMBLER=aarch64-none
000--elf-as" "ARCHIVER=aarch64-none-elf-ar" "COMPILER_FLAGS=  -c" "EXTRA_COMPILER_FLAGS=-g -Wall -Wextra -fno-tree-loop-distribute-
000-patterns -Os -flto -ffat-lto-objects"
000-
000-"Running Make include in psu_cortexa53_0/libsrc/scugic_v5_1/src"
000-
000-make -C psu_cortexa53_0/libsrc/scugic_v5_1/src -s include  "SHELL=CMD" "COMPILER=aarch64-none-elf-gcc" "ASSEMBLER=aarch64-none-
000-elf-as" "ARCHIVER=aarch64-none-elf-ar" "COMPILER_FLAGS=  -c" "EXTRA_COMPILER_FLAGS=-g -Wall -Wextra -fno-tree-loop-distribute-p
000-atterns -Os -flto -ffat-lto-objects"
000-
000-"Running Make include in psu_cortexa53_0/libsrc/sdps_v4_1/src"
000-
000-make -C psu_cortexa53_0/libsrc/sdps_v4_1/src -s include  "SHELL=CMD" "COMPILER=aarch64-none-elf-gcc" "ASSEMBLER=aarch64-none-el
000-f-as" "ARCHIVER=aarch64-none-elf-ar" "COMPILER_FLAGS=  -c" "EXTRA_COMPILER_FLAGS=-g -Wall -Wextra -fno-tree-loop-distribute-pat
000-terns -Os -flto -ffat-lto-objects"
000-
000-"Running Make include in psu_cortexa53_0/libsrc/spi_v4_10/src"
000-
000-make -C psu_cortexa53_0/libsrc/spi_v4_10/src -s include  "SHELL=CMD" "COMPILER=aarch64-none-elf-gcc" "ASSEMBLER=aarch64-none-el
000-f-as" "ARCHIVER=aarch64-none-elf-ar" "COMPILER_FLAGS=  -c" "EXTRA_COMPILER_FLAGS=-g -Wall -Wextra -fno-tree-loop-distribute-pat
000-terns -Os -flto -ffat-lto-objects"
000-
000-"Running Make include in psu_cortexa53_0/libsrc/standalone_v8_1/src"
000-
000-make -C psu_cortexa53_0/libsrc/standalone_v8_1/src -s include  "SHELL=CMD" "COMPILER=aarch64-none-elf-gcc" "ASSEMBLER=aarch64-n
000-one-elf-as" "ARCHIVER=aarch64-none-elf-ar" "COMPILER_FLAGS=  -c" "EXTRA_COMPILER_FLAGS=-g -Wall -Wextra -fno-tree-loop-distribu
000-te-patterns -Os -flto -ffat-lto-objects"
000-
000-"Running Make include in psu_cortexa53_0/libsrc/sysmonpsu_v2_8/src"
000-
000-"Running Make include in psu_cortexa53_0/libsrc/ttcps_v3_17/src"
000-
000-make -C psu_cortexa53_0/libsrc/sysmonpsu_v2_8/src -s include  "SHELL=CMD" "COMPILER=aarch64-none-elf-gcc" "ASSEMBLER=aarch64-no
000-ne-elf-as" "ARCHIVER=aarch64-none-elf-ar" "COMPILER_FLAGS=  -c" "EXTRA_COMPILER_FLAGS=-g -Wall -Wextra -fno-tree-loop-distribut
000-e-patterns -Os -flto -ffat-lto-objects"
000-
000-"Running Make include in psu_cortexa53_0/libsrc/uartps_v3_12/src"
000-
000-make -C psu_cortexa53_0/libsrc/ttcps_v3_17/src -s include  "SHELL=CMD" "COMPILER=aarch64-none-elf-gcc" "ASSEMBLER=aarch64-none-
000-elf-as" "ARCHIVER=aarch64-none-elf-ar" "COMPILER_FLAGS=  -c" "EXTRA_COMPILER_FLAGS=-g -Wall -Wextra -fno-tree-loop-distribute-p
000-atterns -Os -flto -ffat-lto-objects"
000-
000-make -C psu_cortexa53_0/libsrc/uartps_v3_12/src -s include  "SHELL=CMD" "COMPILER=aarch64-none-elf-gcc" "ASSEMBLER=aarch64-none
000--elf-as" "ARCHIVER=aarch64-none-elf-ar" "COMPILER_FLAGS=  -c" "EXTRA_COMPILER_FLAGS=-g -Wall -Wextra -fno-tree-loop-distribute-
000-patterns -Os -flto -ffat-lto-objects"
000-
000-"Running Make include in psu_cortexa53_0/libsrc/wdtps_v3_5/src"
000-
000-make -C psu_cortexa53_0/libsrc/wdtps_v3_5/src -s include  "SHELL=CMD" "COMPILER=aarch64-none-elf-gcc" "ASSEMBLER=aarch64-none-e
000-lf-as" "ARCHIVER=aarch64-none-elf-ar" "COMPILER_FLAGS=  -c" "EXTRA_COMPILER_FLAGS=-g -Wall -Wextra -fno-tree-loop-distribute-pa
000-tterns -Os -flto -ffat-lto-objects"
000-
000-"Running Make include in psu_cortexa53_0/libsrc/xilffs_v5_0/src"
000-
000-make -C psu_cortexa53_0/libsrc/xilffs_v5_0/src -s include  "SHELL=CMD" "COMPILER=aarch64-none-elf-gcc" "ASSEMBLER=aarch64-none-
000-elf-as" "ARCHIVER=aarch64-none-elf-ar" "COMPILER_FLAGS=  -c" "EXTRA_COMPILER_FLAGS=-g -Wall -Wextra -fno-tree-loop-distribute-p
000-atterns -Os -flto -ffat-lto-objects"
000-
000-"Running Make include in psu_cortexa53_0/libsrc/xilpm_v5_0/src"
000-
000-make -C psu_cortexa53_0/libsrc/xilpm_v5_0/src -s include  "SHELL=CMD" "COMPILER=aarch64-none-elf-gcc" "ASSEMBLER=aarch64-none-e
000-lf-as" "ARCHIVER=aarch64-none-elf-ar" "COMPILER_FLAGS=  -c" "EXTRA_COMPILER_FLAGS=-g -Wall -Wextra -fno-tree-loop-distribute-pa
000-tterns -Os -flto -ffat-lto-objects"
000-
000-"Running Make include in psu_cortexa53_0/libsrc/xilsecure_v5_1/src"
000-
000-make -C psu_cortexa53_0/libsrc/xilsecure_v5_1/src -s include  "SHELL=CMD" "COMPILER=aarch64-none-elf-gcc" "ASSEMBLER=aarch64-no
000-ne-elf-as" "ARCHIVER=aarch64-none-elf-ar" "COMPILER_FLAGS=  -c" "EXTRA_COMPILER_FLAGS=-g -Wall -Wextra -fno-tree-loop-distribut
000-e-patterns -Os -flto -ffat-lto-objects"
000-
000-"Include files for this library have already been copied."
000-
000-"Running Make include in psu_cortexa53_0/libsrc/zdma_v1_16/src"
000-
000-make -C psu_cortexa53_0/libsrc/zdma_v1_16/src -s include  "SHELL=CMD" "COMPILER=aarch64-none-elf-gcc" "ASSEMBLER=aarch64-none-e
000-lf-as" "ARCHIVER=aarch64-none-elf-ar" "COMPILER_FLAGS=  -c" "EXTRA_COMPILER_FLAGS=-g -Wall -Wextra -fno-tree-loop-distribute-pa
000-tterns -Os -flto -ffat-lto-objects"
000-
000-"Running Make libs in psu_cortexa53_0/libsrc/axipmon_v6_9/src"
000-
000-make -C psu_cortexa53_0/libsrc/axipmon_v6_9/src -s libs  "SHELL=CMD" "COMPILER=aarch64-none-elf-gcc" "ASSEMBLER=aarch64-none-el
000-f-as" "ARCHIVER=aarch64-none-elf-ar" "COMPILER_FLAGS=  -c" "EXTRA_COMPILER_FLAGS=-g -Wall -Wextra -fno-tree-loop-distribute-pat
000-terns -Os -flto -ffat-lto-objects"
000-
000-"Running Make libs in psu_cortexa53_0/libsrc/clockps_v1_4/src"
000-
000-make -C psu_cortexa53_0/libsrc/clockps_v1_4/src -s libs  "SHELL=CMD" "COMPILER=aarch64-none-elf-gcc" "ASSEMBLER=aarch64-none-el
000-f-as" "ARCHIVER=aarch64-none-elf-ar" "COMPILER_FLAGS=  -c" "EXTRA_COMPILER_FLAGS=-g -Wall -Wextra -fno-tree-loop-distribute-pat
000-terns -Os -flto -ffat-lto-objects"
000-
000-"Running Make libs in psu_cortexa53_0/libsrc/coresightps_dcc_v1_8/src"
000-
000-make -C psu_cortexa53_0/libsrc/coresightps_dcc_v1_8/src -s libs  "SHELL=CMD" "COMPILER=aarch64-none-elf-gcc" "ASSEMBLER=aarch64
000--none-elf-as" "ARCHIVER=aarch64-none-elf-ar" "COMPILER_FLAGS=  -c" "EXTRA_COMPILER_FLAGS=-g -Wall -Wextra -fno-tree-loop-distri
000-bute-patterns -Os -flto -ffat-lto-objects"
000-
000-"Running Make libs in psu_cortexa53_0/libsrc/cpu_cortexa53_v2_0/src"
000-
000-make -C psu_cortexa53_0/libsrc/cpu_cortexa53_v2_0/src -s libs  "SHELL=CMD" "COMPILER=aarch64-none-elf-gcc" "ASSEMBLER=aarch64-n
000-one-elf-as" "ARCHIVER=aarch64-none-elf-ar" "COMPILER_FLAGS=  -c" "EXTRA_COMPILER_FLAGS=-g -Wall -Wextra -fno-tree-loop-distribu
000-te-patterns -Os -flto -ffat-lto-objects"
000-
000-"Running Make libs in psu_cortexa53_0/libsrc/csudma_v1_13/src"
000-
000-make -C psu_cortexa53_0/libsrc/csudma_v1_13/src -s libs  "SHELL=CMD" "COMPILER=aarch64-none-elf-gcc" "ASSEMBLER=aarch64-none-el
000-f-as" "ARCHIVER=aarch64-none-elf-ar" "COMPILER_FLAGS=  -c" "EXTRA_COMPILER_FLAGS=-g -Wall -Wextra -fno-tree-loop-distribute-pat
000-terns -Os -flto -ffat-lto-objects"
000-
000-"Running Make libs in psu_cortexa53_0/libsrc/ddrcpsu_v1_4/src"
000-
000-make -C psu_cortexa53_0/libsrc/ddrcpsu_v1_4/src -s libs  "SHELL=CMD" "COMPILER=aarch64-none-elf-gcc" "ASSEMBLER=aarch64-none-el
000-f-as" "ARCHIVER=aarch64-none-elf-ar" "COMPILER_FLAGS=  -c" "EXTRA_COMPILER_FLAGS=-g -Wall -Wextra -fno-tree-loop-distribute-pat
000-terns -Os -flto -ffat-lto-objects"
000-
000-"Running Make libs in psu_cortexa53_0/libsrc/gpiops_v3_11/src"
000-
000-make -C psu_cortexa53_0/libsrc/gpiops_v3_11/src -s libs  "SHELL=CMD" "COMPILER=aarch64-none-elf-gcc" "ASSEMBLER=aarch64-none-el
000-f-as" "ARCHIVER=aarch64-none-elf-ar" "COMPILER_FLAGS=  -c" "EXTRA_COMPILER_FLAGS=-g -Wall -Wextra -fno-tree-loop-distribute-pat
000-terns -Os -flto -ffat-lto-objects"
000-
000-"Running Make libs in psu_cortexa53_0/libsrc/gpio_v4_9/src"
000-
000-make -C psu_cortexa53_0/libsrc/gpio_v4_9/src -s libs  "SHELL=CMD" "COMPILER=aarch64-none-elf-gcc" "ASSEMBLER=aarch64-none-elf-a
000-s" "ARCHIVER=aarch64-none-elf-ar" "COMPILER_FLAGS=  -c" "EXTRA_COMPILER_FLAGS=-g -Wall -Wextra -fno-tree-loop-distribute-patter
000-ns -Os -flto -ffat-lto-objects"
000-
000-"Running Make libs in psu_cortexa53_0/libsrc/iicps_v3_17/src"
000-
000-make -C psu_cortexa53_0/libsrc/iicps_v3_17/src -s libs  "SHELL=CMD" "COMPILER=aarch64-none-elf-gcc" "ASSEMBLER=aarch64-none-elf
000--as" "ARCHIVER=aarch64-none-elf-ar" "COMPILER_FLAGS=  -c" "EXTRA_COMPILER_FLAGS=-g -Wall -Wextra -fno-tree-loop-distribute-patt
000-erns -Os -flto -ffat-lto-objects"
000-
000-"Running Make libs in psu_cortexa53_0/libsrc/iic_v3_9/src"
000-
000-make -C psu_cortexa53_0/libsrc/iic_v3_9/src -s libs  "SHELL=CMD" "COMPILER=aarch64-none-elf-gcc" "ASSEMBLER=aarch64-none-elf-as
000-" "ARCHIVER=aarch64-none-elf-ar" "COMPILER_FLAGS=  -c" "EXTRA_COMPILER_FLAGS=-g -Wall -Wextra -fno-tree-loop-distribute-pattern
000-s -Os -flto -ffat-lto-objects"
000-
000-"Running Make libs in psu_cortexa53_0/libsrc/ipipsu_v2_13/src"
000-
000-make -C psu_cortexa53_0/libsrc/ipipsu_v2_13/src -s libs  "SHELL=CMD" "COMPILER=aarch64-none-elf-gcc" "ASSEMBLER=aarch64-none-el
000-f-as" "ARCHIVER=aarch64-none-elf-ar" "COMPILER_FLAGS=  -c" "EXTRA_COMPILER_FLAGS=-g -Wall -Wextra -fno-tree-loop-distribute-pat
000-terns -Os -flto -ffat-lto-objects"
000-
000-"Running Make libs in psu_cortexa53_0/libsrc/qspipsu_v1_17/src"
000-
000-make -C psu_cortexa53_0/libsrc/qspipsu_v1_17/src -s libs  "SHELL=CMD" "COMPILER=aarch64-none-elf-gcc" "ASSEMBLER=aarch64-none-e
000-lf-as" "ARCHIVER=aarch64-none-elf-ar" "COMPILER_FLAGS=  -c" "EXTRA_COMPILER_FLAGS=-g -Wall -Wextra -fno-tree-loop-distribute-pa
000-tterns -Os -flto -ffat-lto-objects"
000-
000-"Running Make libs in psu_cortexa53_0/libsrc/resetps_v1_5/src"
000-
000-make -C psu_cortexa53_0/libsrc/resetps_v1_5/src -s libs  "SHELL=CMD" "COMPILER=aarch64-none-elf-gcc" "ASSEMBLER=aarch64-none-el
000-f-as" "ARCHIVER=aarch64-none-elf-ar" "COMPILER_FLAGS=  -c" "EXTRA_COMPILER_FLAGS=-g -Wall -Wextra -fno-tree-loop-distribute-pat
000-terns -Os -flto -ffat-lto-objects"
000-
000-"Running Make libs in psu_cortexa53_0/libsrc/rtcpsu_v1_12/src"
000-
000-make -C psu_cortexa53_0/libsrc/rtcpsu_v1_12/src -s libs  "SHELL=CMD" "COMPILER=aarch64-none-elf-gcc" "ASSEMBLER=aarch64-none-el
000-f-as" "ARCHIVER=aarch64-none-elf-ar" "COMPILER_FLAGS=  -c" "EXTRA_COMPILER_FLAGS=-g -Wall -Wextra -fno-tree-loop-distribute-pat
000-terns -Os -flto -ffat-lto-objects"
000-
000-"Running Make libs in psu_cortexa53_0/libsrc/scugic_v5_1/src"
000-
000-"Running Make libs in psu_cortexa53_0/libsrc/sdps_v4_1/src"
000-
000-make -C psu_cortexa53_0/libsrc/scugic_v5_1/src -s libs  "SHELL=CMD" "COMPILER=aarch64-none-elf-gcc" "ASSEMBLER=aarch64-none-elf
000--as" "ARCHIVER=aarch64-none-elf-ar" "COMPILER_FLAGS=  -c" "EXTRA_COMPILER_FLAGS=-g -Wall -Wextra -fno-tree-loop-distribute-patt
000-erns -Os -flto -ffat-lto-objects"
000-
000-"Running Make libs in psu_cortexa53_0/libsrc/spi_v4_10/src"
000-
000-make -C psu_cortexa53_0/libsrc/sdps_v4_1/src -s libs  "SHELL=CMD" "COMPILER=aarch64-none-elf-gcc" "ASSEMBLER=aarch64-none-elf-a
000-s" "ARCHIVER=aarch64-none-elf-ar" "COMPILER_FLAGS=  -c" "EXTRA_COMPILER_FLAGS=-g -Wall -Wextra -fno-tree-loop-distribute-patter
000-ns -Os -flto -ffat-lto-objects"
000-
000-make -C psu_cortexa53_0/libsrc/spi_v4_10/src -s libs  "SHELL=CMD" "COMPILER=aarch64-none-elf-gcc" "ASSEMBLER=aarch64-none-elf-a
000-s" "ARCHIVER=aarch64-none-elf-ar" "COMPILER_FLAGS=  -c" "EXTRA_COMPILER_FLAGS=-g -Wall -Wextra -fno-tree-loop-distribute-patter
000-ns -Os -flto -ffat-lto-objects"
000-
000-"Running Make libs in psu_cortexa53_0/libsrc/standalone_v8_1/src"
000-
000-make -C psu_cortexa53_0/libsrc/standalone_v8_1/src -s libs  "SHELL=CMD" "COMPILER=aarch64-none-elf-gcc" "ASSEMBLER=aarch64-none
000--elf-as" "ARCHIVER=aarch64-none-elf-ar" "COMPILER_FLAGS=  -c" "EXTRA_COMPILER_FLAGS=-g -Wall -Wextra -fno-tree-loop-distribute-
000-patterns -Os -flto -ffat-lto-objects"
000-
000-"Running Make libs in psu_cortexa53_0/libsrc/sysmonpsu_v2_8/src"
000-
000-make -C psu_cortexa53_0/libsrc/sysmonpsu_v2_8/src -s libs  "SHELL=CMD" "COMPILER=aarch64-none-elf-gcc" "ASSEMBLER=aarch64-none-
000-elf-as" "ARCHIVER=aarch64-none-elf-ar" "COMPILER_FLAGS=  -c" "EXTRA_COMPILER_FLAGS=-g -Wall -Wextra -fno-tree-loop-distribute-p
000-atterns -Os -flto -ffat-lto-objects"
000-
000-"Running Make libs in psu_cortexa53_0/libsrc/ttcps_v3_17/src"
000-
000-make -C psu_cortexa53_0/libsrc/ttcps_v3_17/src -s libs  "SHELL=CMD" "COMPILER=aarch64-none-elf-gcc" "ASSEMBLER=aarch64-none-elf
000--as" "ARCHIVER=aarch64-none-elf-ar" "COMPILER_FLAGS=  -c" "EXTRA_COMPILER_FLAGS=-g -Wall -Wextra -fno-tree-loop-distribute-patt
000-erns -Os -flto -ffat-lto-objects"
000-
000-"Running Make libs in psu_cortexa53_0/libsrc/uartps_v3_12/src"
000-
000-make -C psu_cortexa53_0/libsrc/uartps_v3_12/src -s libs  "SHELL=CMD" "COMPILER=aarch64-none-elf-gcc" "ASSEMBLER=aarch64-none-el
000-f-as" "ARCHIVER=aarch64-none-elf-ar" "COMPILER_FLAGS=  -c" "EXTRA_COMPILER_FLAGS=-g -Wall -Wextra -fno-tree-loop-distribute-pat
000-terns -Os -flto -ffat-lto-objects"
000-
000-"Running Make libs in psu_cortexa53_0/libsrc/wdtps_v3_5/src"
000-
000-"Running Make libs in psu_cortexa53_0/libsrc/xilffs_v5_0/src"
000-
000-make -C psu_cortexa53_0/libsrc/wdtps_v3_5/src -s libs  "SHELL=CMD" "COMPILER=aarch64-none-elf-gcc" "ASSEMBLER=aarch64-none-elf-
000-as" "ARCHIVER=aarch64-none-elf-ar" "COMPILER_FLAGS=  -c" "EXTRA_COMPILER_FLAGS=-g -Wall -Wextra -fno-tree-loop-distribute-patte
000-rns -Os -flto -ffat-lto-objects"
000-
000-"Running Make libs in psu_cortexa53_0/libsrc/zdma_v1_16/src"
000-
000-make -C psu_cortexa53_0/libsrc/xilffs_v5_0/src -s libs  "SHELL=CMD" "COMPILER=aarch64-none-elf-gcc" "ASSEMBLER=aarch64-none-elf
000--as" "ARCHIVER=aarch64-none-elf-ar" "COMPILER_FLAGS=  -c" "EXTRA_COMPILER_FLAGS=-g -Wall -Wextra -fno-tree-loop-distribute-patt
000-erns -Os -flto -ffat-lto-objects"
000-
000-make -C psu_cortexa53_0/libsrc/zdma_v1_16/src -s libs  "SHELL=CMD" "COMPILER=aarch64-none-elf-gcc" "ASSEMBLER=aarch64-none-elf-
000-as" "ARCHIVER=aarch64-none-elf-ar" "COMPILER_FLAGS=  -c" "EXTRA_COMPILER_FLAGS=-g -Wall -Wextra -fno-tree-loop-distribute-patte
000-rns -Os -flto -ffat-lto-objects"
000-
000/DRCPlatform249-1-1'#pragma message: For the sleep routines, Global timer is being used'0-xtime_l.c:49:9: note: '#pragma message: For the sleep routines, Global timer is being used'
000-   49 | #pragma message ("For the sleep routines, Global timer is being used")
000-      |         ^~~~~~~
000/DRCPlatform2122-1-1#warning "There's no DDR_1 in the HW design. MMU translation table marks 32 GB DDR address space as undefined" [-Wcpp]1-translation_table.S:122:2: warning: #warning "There's no DDR_1 in the HW design. MMU translation table marks 32 GB DDR address space as undefined" [-Wcpp]
000-  122 | #warning "There's no DDR_1 in the HW design. MMU translation table marks 32 GB DDR address space as undefined"
000-      |  ^~~~~~~
000-'Finished building libraries parallelly.'
000-
000-make --no-print-directory archive
000-
000-aarch64-none-elf-ar -r  psu_cortexa53_0/lib/libxil.a psu_cortexa53_0/lib/_exit.o psu_cortexa53_0/lib/_open.o psu_cortexa53_0/li
000-b/_sbrk.o psu_cortexa53_0/lib/abort.o psu_cortexa53_0/lib/asm_vectors.o psu_cortexa53_0/lib/boot.o psu_cortexa53_0/lib/close.o 
000-psu_cortexa53_0/lib/cpputest_time.o psu_cortexa53_0/lib/errno.o psu_cortexa53_0/lib/fcntl.o psu_cortexa53_0/lib/fstat.o psu_cor
000-texa53_0/lib/getentropy.o psu_cortexa53_0/lib/getpid.o psu_cortexa53_0/lib/inbyte.o psu_cortexa53_0/lib/initialise_monitor_hand
000-les.o psu_cortexa53_0/lib/isatty.o psu_cortexa53_0/lib/kill.o psu_cortexa53_0/lib/lseek.o psu_cortexa53_0/lib/open.o psu_cortex
000-a53_0/lib/outbyte.o psu_cortexa53_0/lib/print.o psu_cortexa53_0/lib/putnum.o psu_cortexa53_0/lib/read.o psu_cortexa53_0/lib/sbr
000-k.o psu_cortexa53_0/lib/sleep.o psu_cortexa53_0/lib/time.o psu_cortexa53_0/lib/translation_table.o psu_cortexa53_0/lib/unlink.o
000- psu_cortexa53_0/lib/vectors.o psu_cortexa53_0/lib/write.o psu_cortexa53_0/lib/xaxipmon.o psu_cortexa53_0/lib/xaxipmon_g.o psu_
000-cortexa53_0/lib/xaxipmon_selftest.o psu_cortexa53_0/lib/xaxipmon_sinit.o psu_cortexa53_0/lib/xclockps.o psu_cortexa53_0/lib/xcl
000-ockps_divider.o psu_cortexa53_0/lib/xclockps_fixedfactor.o psu_cortexa53_0/lib/xclockps_g.o psu_cortexa53_0/lib/xclockps_gate.o
000- psu_cortexa53_0/lib/xclockps_mux.o psu_cortexa53_0/lib/xclockps_pll.o psu_cortexa53_0/lib/xclockps_sinit.o psu_cortexa53_0/lib
000-/xcoresightpsdcc.o psu_cortexa53_0/lib/xcsudma.o psu_cortexa53_0/lib/xcsudma_g.o psu_cortexa53_0/lib/xcsudma_intr.o psu_cortexa
000-53_0/lib/xcsudma_selftest.o psu_cortexa53_0/lib/xcsudma_sinit.o psu_cortexa53_0/lib/xgpio.o psu_cortexa53_0/lib/xgpio_extra.o p
000-su_cortexa53_0/lib/xgpio_g.o psu_cortexa53_0/lib/xgpio_intr.o psu_cortexa53_0/lib/xgpio_selftest.o psu_cortexa53_0/lib/xgpio_si
000-nit.o psu_cortexa53_0/lib/xgpiops.o psu_cortexa53_0/lib/xgpiops_g.o psu_cortexa53_0/lib/xgpiops_hw.o psu_cortexa53_0/lib/xgpiop
000-s_intr.o psu_cortexa53_0/lib/xgpiops_selftest.o psu_cortexa53_0/lib/xgpiops_sinit.o psu_cortexa53_0/lib/xiic.o psu_cortexa53_0/
000-lib/xiic_dyn_master.o psu_cortexa53_0/lib/xiic_g.o psu_cortexa53_0/lib/xiic_intr.o psu_cortexa53_0/lib/xiic_l.o psu_cortexa53_0
000-/lib/xiic_master.o psu_cortexa53_0/lib/xiic_multi_master.o psu_cortexa53_0/lib/xiic_options.o psu_cortexa53_0/lib/xiic_selftest
000-.o psu_cortexa53_0/lib/xiic_sinit.o psu_cortexa53_0/lib/xiic_slave.o psu_cortexa53_0/lib/xiic_stats.o psu_cortexa53_0/lib/xiicp
000-s.o psu_cortexa53_0/lib/xiicps_g.o psu_cortexa53_0/lib/xiicps_hw.o psu_cortexa53_0/lib/xiicps_intr.o psu_cortexa53_0/lib/xiicps
000-_master.o psu_cortexa53_0/lib/xiicps_options.o psu_cortexa53_0/lib/xiicps_selftest.o psu_cortexa53_0/lib/xiicps_sinit.o psu_cor
000-texa53_0/lib/xiicps_slave.o psu_cortexa53_0/lib/xiicps_xfer.o psu_cortexa53_0/lib/xil-crt0.o psu_cortexa53_0/lib/xil_assert.o p
000-su_cortexa53_0/lib/xil_cache.o psu_cortexa53_0/lib/xil_clocking.o psu_cortexa53_0/lib/xil_exception.o psu_cortexa53_0/lib/xil_m
000-em.o psu_cortexa53_0/lib/xil_mmu.o psu_cortexa53_0/lib/xil_printf.o psu_cortexa53_0/lib/xil_sleepcommon.o psu_cortexa53_0/lib/x
000-il_sleeptimer.o psu_cortexa53_0/lib/xil_smc.o psu_cortexa53_0/lib/xil_spinlock.o psu_cortexa53_0/lib/xil_testcache.o psu_cortex
000-a53_0/lib/xil_testio.o psu_cortexa53_0/lib/xil_testmem.o psu_cortexa53_0/lib/xil_util.o psu_cortexa53_0/lib/xinterrupt_wrap.o p
000-su_cortexa53_0/lib/xipipsu.o psu_cortexa53_0/lib/xipipsu_buf.o psu_cortexa53_0/lib/xipipsu_g.o psu_cortexa53_0/lib/xipipsu_sini
000-t.o psu_cortexa53_0/lib/xplatform_info.o psu_cortexa53_0/lib/xpm_counter.o psu_cortexa53_0/lib/xqspipsu.o psu_cortexa53_0/lib/x
000-qspipsu_control.o psu_cortexa53_0/lib/xqspipsu_g.o psu_cortexa53_0/lib/xqspipsu_hw.o psu_cortexa53_0/lib/xqspipsu_options.o psu
000-_cortexa53_0/lib/xqspipsu_sinit.o psu_cortexa53_0/lib/xresetps.o psu_cortexa53_0/lib/xresetps_g.o psu_cortexa53_0/lib/xresetps_
000-sinit.o psu_cortexa53_0/lib/xrtcpsu.o psu_cortexa53_0/lib/xrtcpsu_g.o psu_cortexa53_0/lib/xrtcpsu_intr.o psu_cortexa53_0/lib/xr
000-tcpsu_selftest.o psu_cortexa53_0/lib/xrtcpsu_sinit.o psu_cortexa53_0/lib/xscugic.o psu_cortexa53_0/lib/xscugic_g.o psu_cortexa5
000-3_0/lib/xscugic_hw.o psu_cortexa53_0/lib/xscugic_intr.o psu_cortexa53_0/lib/xscugic_selftest.o psu_cortexa53_0/lib/xscugic_sini
000-t.o psu_cortexa53_0/lib/xsdps.o psu_cortexa53_0/lib/xsdps_card.o psu_cortexa53_0/lib/xsdps_g.o psu_cortexa53_0/lib/xsdps_host.o
000- psu_cortexa53_0/lib/xsdps_options.o psu_cortexa53_0/lib/xsdps_sinit.o psu_cortexa53_0/lib/xspi.o psu_cortexa53_0/lib/xspi_g.o 
000-psu_cortexa53_0/lib/xspi_options.o psu_cortexa53_0/lib/xspi_selftest.o psu_cortexa53_0/lib/xspi_sinit.o psu_cortexa53_0/lib/xsp
000-i_stats.o psu_cortexa53_0/lib/xsysmonpsu.o psu_cortexa53_0/lib/xsysmonpsu_g.o psu_cortexa53_0/lib/xsysmonpsu_intr.o psu_cortexa
000-53_0/lib/xsysmonpsu_selftest.o psu_cortexa53_0/lib/xsysmonpsu_sinit.o psu_cortexa53_0/lib/xtime_l.o psu_cortexa53_0/lib/xttcps.
000-o psu_cortexa53_0/lib/xttcps_g.o psu_cortexa53_0/lib/xttcps_options.o psu_cortexa53_0/lib/xttcps_selftest.o psu_cortexa53_0/lib
000-/xttcps_sinit.o psu_cortexa53_0/lib/xuartps.o psu_cortexa53_0/lib/xuartps_g.o psu_cortexa53_0/lib/xuartps_hw.o psu_cortexa53_0/
000-lib/xuartps_intr.o psu_cortexa53_0/lib/xuartps_options.o psu_cortexa53_0/lib/xuartps_selftest.o psu_cortexa53_0/lib/xuartps_sin
000-it.o psu_cortexa53_0/lib/xwdtps.o psu_cortexa53_0/lib/xwdtps_g.o psu_cortexa53_0/lib/xwdtps_selftest.o psu_cortexa53_0/lib/xwdt
000-ps_sinit.o psu_cortexa53_0/lib/xzdma.o psu_cortexa53_0/lib/xzdma_g.o psu_cortexa53_0/lib/xzdma_intr.o psu_cortexa53_0/lib/xzdma
000-_selftest.o psu_cortexa53_0/lib/xzdma_sinit.o
000-
000-aarch64-none-elf-ar: creating psu_cortexa53_0/lib/libxil.a
000-'Finished building libraries'
000-
00255-
13:35:15 Build Finished (took 1m:1s.519ms)

