2025-03-29T20:12:36.342068900255-20:12:36 **** Build of project DRCPlatform ****
000-buildplatform.bat 64878 DRCPlatform  
000-XSDB Server Channel: tcfchan#1
000-Reading the platform  : "DRCPlatform"
000-Cleaning the zynqmp_fsbl application.
000-rm -rf  xfsbl_partition_load.o  xfsbl_qspi.o  xfsbl_csu_dma.o  xfsbl_nand.o  xfsbl_image_header.o  xfsbl_hooks.o  xfsbl_main.o 
000- xfsbl_dfu_util.o  xfsbl_tpm.o  xfsbl_initialization.o  xfsbl_ddr_init.o  xfsbl_handoff.o  psu_init.o  xfsbl_sd.o  xfsbl_board.
000-o  xfsbl_misc_drivers.o  xfsbl_bs.o  xfsbl_tpm_util.o  xfsbl_rsa_sha.o  xfsbl_plpartition_valid.o  xfsbl_misc.o  xfsbl_authenti
000-cation.o  xfsbl_usb.o  xfsbl_exit.o  xfsbl_translation_table.o zynqmp_fsbl_bsp/psu_cortexa53_0/lib/libxil.a fsbl_a53.elf *.o
000-
000-Building the zynqmp_fsbl application.
000-make: Entering directory 'C:/Xilinx/Projects/DRC_Rev2.0_Deliverables/Vitis2023.1/DRC_Rev2.0_SW/DRCPlatform/zynqmp_fsbl/zynqmp_f
000-sbl_bsp'
000-
000-make --no-print-directory seq_libs
000-
000-"Running Make include in psu_cortexa53_0/libsrc/axipmon_v6_9/src"
000-
000-make -C psu_cortexa53_0/libsrc/axipmon_v6_9/src -s include  "SHELL=CMD" "COMPILER=aarch64-none-elf-gcc" "ASSEMBLER=aarch64-none
000--elf-as" "ARCHIVER=aarch64-none-elf-ar" "COMPILER_FLAGS=  -c" "EXTRA_COMPILER_FLAGS=-g -Wall -Wextra -fno-tree-loop-distribute-
000-patterns -Os -flto -ffat-lto-objects"
000-
000-"Running Make include in psu_cortexa53_0/libsrc/clockps_v1_4/src"
000-
000-make -C psu_cortexa53_0/libsrc/clockps_v1_4/src -s include  "SHELL=CMD" "COMPILER=aarch64-none-elf-gcc" "ASSEMBLER=aarch64-none
000--elf-as" "ARCHIVER=aarch64-none-elf-ar" "COMPILER_FLAGS=  -c" "EXTRA_COMPILER_FLAGS=-g -Wall -Wextra -fno-tree-loop-distribute-
000-patterns -Os -flto -ffat-lto-objects"
000-
000-"Running Make include in psu_cortexa53_0/libsrc/coresightps_dcc_v1_8/src"
000-
000-make -C psu_cortexa53_0/libsrc/coresightps_dcc_v1_8/src -s include  "SHELL=CMD" "COMPILER=aarch64-none-elf-gcc" "ASSEMBLER=aarc
000-h64-none-elf-as" "ARCHIVER=aarch64-none-elf-ar" "COMPILER_FLAGS=  -c" "EXTRA_COMPILER_FLAGS=-g -Wall -Wextra -fno-tree-loop-dis
000-tribute-patterns -Os -flto -ffat-lto-objects"
000-
000-"Running Make include in psu_cortexa53_0/libsrc/cpu_cortexa53_v2_0/src"
000-
000-make -C psu_cortexa53_0/libsrc/cpu_cortexa53_v2_0/src -s include  "SHELL=CMD" "COMPILER=aarch64-none-elf-gcc" "ASSEMBLER=aarch6
000-4-none-elf-as" "ARCHIVER=aarch64-none-elf-ar" "COMPILER_FLAGS=  -c" "EXTRA_COMPILER_FLAGS=-g -Wall -Wextra -fno-tree-loop-distr
000-ibute-patterns -Os -flto -ffat-lto-objects"
000-
000-"Running Make include in psu_cortexa53_0/libsrc/csudma_v1_13/src"
000-
000-make -C psu_cortexa53_0/libsrc/csudma_v1_13/src -s include  "SHELL=CMD" "COMPILER=aarch64-none-elf-gcc" "ASSEMBLER=aarch64-none
000--elf-as" "ARCHIVER=aarch64-none-elf-ar" "COMPILER_FLAGS=  -c" "EXTRA_COMPILER_FLAGS=-g -Wall -Wextra -fno-tree-loop-distribute-
000-patterns -Os -flto -ffat-lto-objects"
000-
000-"Running Make include in psu_cortexa53_0/libsrc/ddrcpsu_v1_4/src"
000-
000-make -C psu_cortexa53_0/libsrc/ddrcpsu_v1_4/src -s include  "SHELL=CMD" "COMPILER=aarch64-none-elf-gcc" "ASSEMBLER=aarch64-none
000--elf-as" "ARCHIVER=aarch64-none-elf-ar" "COMPILER_FLAGS=  -c" "EXTRA_COMPILER_FLAGS=-g -Wall -Wextra -fno-tree-loop-distribute-
000-patterns -Os -flto -ffat-lto-objects"
000-
000-"Running Make include in psu_cortexa53_0/libsrc/gpiops_v3_11/src"
000-
000-make -C psu_cortexa53_0/libsrc/gpiops_v3_11/src -s include  "SHELL=CMD" "COMPILER=aarch64-none-elf-gcc" "ASSEMBLER=aarch64-none
000--elf-as" "ARCHIVER=aarch64-none-elf-ar" "COMPILER_FLAGS=  -c" "EXTRA_COMPILER_FLAGS=-g -Wall -Wextra -fno-tree-loop-distribute-
000-patterns -Os -flto -ffat-lto-objects"
000-
000-"Running Make include in psu_cortexa53_0/libsrc/gpio_v4_9/src"
000-
000-make -C psu_cortexa53_0/libsrc/gpio_v4_9/src -s include  "SHELL=CMD" "COMPILER=aarch64-none-elf-gcc" "ASSEMBLER=aarch64-none-el
000-f-as" "ARCHIVER=aarch64-none-elf-ar" "COMPILER_FLAGS=  -c" "EXTRA_COMPILER_FLAGS=-g -Wall -Wextra -fno-tree-loop-distribute-pat
000-terns -Os -flto -ffat-lto-objects"
000-
000-"Running Make include in psu_cortexa53_0/libsrc/iicps_v3_17/src"
000-
000-make -C psu_cortexa53_0/libsrc/iicps_v3_17/src -s include  "SHELL=CMD" "COMPILER=aarch64-none-elf-gcc" "ASSEMBLER=aarch64-none-
000-elf-as" "ARCHIVER=aarch64-none-elf-ar" "COMPILER_FLAGS=  -c" "EXTRA_COMPILER_FLAGS=-g -Wall -Wextra -fno-tree-loop-distribute-p
000-atterns -Os -flto -ffat-lto-objects"
000-
000-"Running Make include in psu_cortexa53_0/libsrc/iic_v3_9/src"
000-
000-make -C psu_cortexa53_0/libsrc/iic_v3_9/src -s include  "SHELL=CMD" "COMPILER=aarch64-none-elf-gcc" "ASSEMBLER=aarch64-none-elf
000--as" "ARCHIVER=aarch64-none-elf-ar" "COMPILER_FLAGS=  -c" "EXTRA_COMPILER_FLAGS=-g -Wall -Wextra -fno-tree-loop-distribute-patt
000-erns -Os -flto -ffat-lto-objects"
000-
000-"Running Make include in psu_cortexa53_0/libsrc/ipipsu_v2_13/src"
000-
000-make -C psu_cortexa53_0/libsrc/ipipsu_v2_13/src -s include  "SHELL=CMD" "COMPILER=aarch64-none-elf-gcc" "ASSEMBLER=aarch64-none
000--elf-as" "ARCHIVER=aarch64-none-elf-ar" "COMPILER_FLAGS=  -c" "EXTRA_COMPILER_FLAGS=-g -Wall -Wextra -fno-tree-loop-distribute-
000-patterns -Os -flto -ffat-lto-objects"
000-
000-"Running Make include in psu_cortexa53_0/libsrc/qspipsu_v1_17/src"
000-
000-make -C psu_cortexa53_0/libsrc/qspipsu_v1_17/src -s include  "SHELL=CMD" "COMPILER=aarch64-none-elf-gcc" "ASSEMBLER=aarch64-non
000-e-elf-as" "ARCHIVER=aarch64-none-elf-ar" "COMPILER_FLAGS=  -c" "EXTRA_COMPILER_FLAGS=-g -Wall -Wextra -fno-tree-loop-distribute
000--patterns -Os -flto -ffat-lto-objects"
000-
000-"Running Make include in psu_cortexa53_0/libsrc/resetps_v1_5/src"
000-
000-make -C psu_cortexa53_0/libsrc/resetps_v1_5/src -s include  "SHELL=CMD" "COMPILER=aarch64-none-elf-gcc" "ASSEMBLER=aarch64-none
000--elf-as" "ARCHIVER=aarch64-none-elf-ar" "COMPILER_FLAGS=  -c" "EXTRA_COMPILER_FLAGS=-g -Wall -Wextra -fno-tree-loop-distribute-
000-patterns -Os -flto -ffat-lto-objects"
000-
000-"Running Make include in psu_cortexa53_0/libsrc/rtcpsu_v1_12/src"
000-
000-make -C psu_cortexa53_0/libsrc/rtcpsu_v1_12/src -s include  "SHELL=CMD" "COMPILER=aarch64-none-elf-gcc" "ASSEMBLER=aarch64-none
000--elf-as" "ARCHIVER=aarch64-none-elf-ar" "COMPILER_FLAGS=  -c" "EXTRA_COMPILER_FLAGS=-g -Wall -Wextra -fno-tree-loop-distribute-
000-patterns -Os -flto -ffat-lto-objects"
000-
000-"Running Make include in psu_cortexa53_0/libsrc/scugic_v5_1/src"
000-
000-make -C psu_cortexa53_0/libsrc/scugic_v5_1/src -s include  "SHELL=CMD" "COMPILER=aarch64-none-elf-gcc" "ASSEMBLER=aarch64-none-
000-elf-as" "ARCHIVER=aarch64-none-elf-ar" "COMPILER_FLAGS=  -c" "EXTRA_COMPILER_FLAGS=-g -Wall -Wextra -fno-tree-loop-distribute-p
000-atterns -Os -flto -ffat-lto-objects"
000-
000-"Running Make include in psu_cortexa53_0/libsrc/sdps_v4_1/src"
000-
000-make -C psu_cortexa53_0/libsrc/sdps_v4_1/src -s include  "SHELL=CMD" "COMPILER=aarch64-none-elf-gcc" "ASSEMBLER=aarch64-none-el
000-f-as" "ARCHIVER=aarch64-none-elf-ar" "COMPILER_FLAGS=  -c" "EXTRA_COMPILER_FLAGS=-g -Wall -Wextra -fno-tree-loop-distribute-pat
000-terns -Os -flto -ffat-lto-objects"
000-
000-"Running Make include in psu_cortexa53_0/libsrc/spi_v4_10/src"
000-
000-make -C psu_cortexa53_0/libsrc/spi_v4_10/src -s include  "SHELL=CMD" "COMPILER=aarch64-none-elf-gcc" "ASSEMBLER=aarch64-none-el
000-f-as" "ARCHIVER=aarch64-none-elf-ar" "COMPILER_FLAGS=  -c" "EXTRA_COMPILER_FLAGS=-g -Wall -Wextra -fno-tree-loop-distribute-pat
000-terns -Os -flto -ffat-lto-objects"
000-
000-"Running Make include in psu_cortexa53_0/libsrc/standalone_v8_1/src"
000-
000-make -C psu_cortexa53_0/libsrc/standalone_v8_1/src -s include  "SHELL=CMD" "COMPILER=aarch64-none-elf-gcc" "ASSEMBLER=aarch64-n
000-one-elf-as" "ARCHIVER=aarch64-none-elf-ar" "COMPILER_FLAGS=  -c" "EXTRA_COMPILER_FLAGS=-g -Wall -Wextra -fno-tree-loop-distribu
000-te-patterns -Os -flto -ffat-lto-objects"
000-
000-"Running Make include in psu_cortexa53_0/libsrc/sysmonpsu_v2_8/src"
000-
000-make -C psu_cortexa53_0/libsrc/sysmonpsu_v2_8/src -s include  "SHELL=CMD" "COMPILER=aarch64-none-elf-gcc" "ASSEMBLER=aarch64-no
000-ne-elf-as" "ARCHIVER=aarch64-none-elf-ar" "COMPILER_FLAGS=  -c" "EXTRA_COMPILER_FLAGS=-g -Wall -Wextra -fno-tree-loop-distribut
000-e-patterns -Os -flto -ffat-lto-objects"
000-
000-"Running Make include in psu_cortexa53_0/libsrc/ttcps_v3_17/src"
000-
000-make -C psu_cortexa53_0/libsrc/ttcps_v3_17/src -s include  "SHELL=CMD" "COMPILER=aarch64-none-elf-gcc" "ASSEMBLER=aarch64-none-
000-elf-as" "ARCHIVER=aarch64-none-elf-ar" "COMPILER_FLAGS=  -c" "EXTRA_COMPILER_FLAGS=-g -Wall -Wextra -fno-tree-loop-distribute-p
000-atterns -Os -flto -ffat-lto-objects"
000-
000-"Running Make include in psu_cortexa53_0/libsrc/uartps_v3_12/src"
000-
000-make -C psu_cortexa53_0/libsrc/uartps_v3_12/src -s include  "SHELL=CMD" "COMPILER=aarch64-none-elf-gcc" "ASSEMBLER=aarch64-none
000--elf-as" "ARCHIVER=aarch64-none-elf-ar" "COMPILER_FLAGS=  -c" "EXTRA_COMPILER_FLAGS=-g -Wall -Wextra -fno-tree-loop-distribute-
000-patterns -Os -flto -ffat-lto-objects"
000-
000-"Running Make include in psu_cortexa53_0/libsrc/wdtps_v3_5/src"
000-
000-make -C psu_cortexa53_0/libsrc/wdtps_v3_5/src -s include  "SHELL=CMD" "COMPILER=aarch64-none-elf-gcc" "ASSEMBLER=aarch64-none-e
000-lf-as" "ARCHIVER=aarch64-none-elf-ar" "COMPILER_FLAGS=  -c" "EXTRA_COMPILER_FLAGS=-g -Wall -Wextra -fno-tree-loop-distribute-pa
000-tterns -Os -flto -ffat-lto-objects"
000-
000-"Running Make include in psu_cortexa53_0/libsrc/xilffs_v5_0/src"
000-
000-make -C psu_cortexa53_0/libsrc/xilffs_v5_0/src -s include  "SHELL=CMD" "COMPILER=aarch64-none-elf-gcc" "ASSEMBLER=aarch64-none-
000-elf-as" "ARCHIVER=aarch64-none-elf-ar" "COMPILER_FLAGS=  -c" "EXTRA_COMPILER_FLAGS=-g -Wall -Wextra -fno-tree-loop-distribute-p
000-atterns -Os -flto -ffat-lto-objects"
000-
000-"Running Make include in psu_cortexa53_0/libsrc/xilpm_v5_0/src"
000-
000-make -C psu_cortexa53_0/libsrc/xilpm_v5_0/src -s include  "SHELL=CMD" "COMPILER=aarch64-none-elf-gcc" "ASSEMBLER=aarch64-none-e
000-lf-as" "ARCHIVER=aarch64-none-elf-ar" "COMPILER_FLAGS=  -c" "EXTRA_COMPILER_FLAGS=-g -Wall -Wextra -fno-tree-loop-distribute-pa
000-tterns -Os -flto -ffat-lto-objects"
000-
000-"Include files for this library have already been copied."
000-
000-"Running Make include in psu_cortexa53_0/libsrc/xilsecure_v5_1/src"
000-
000-make -C psu_cortexa53_0/libsrc/xilsecure_v5_1/src -s include  "SHELL=CMD" "COMPILER=aarch64-none-elf-gcc" "ASSEMBLER=aarch64-no
000-ne-elf-as" "ARCHIVER=aarch64-none-elf-ar" "COMPILER_FLAGS=  -c" "EXTRA_COMPILER_FLAGS=-g -Wall -Wextra -fno-tree-loop-distribut
000-e-patterns -Os -flto -ffat-lto-objects"
000-
000-"Running Make include in psu_cortexa53_0/libsrc/zdma_v1_16/src"
000-
000-make -C psu_cortexa53_0/libsrc/zdma_v1_16/src -s include  "SHELL=CMD" "COMPILER=aarch64-none-elf-gcc" "ASSEMBLER=aarch64-none-e
000-lf-as" "ARCHIVER=aarch64-none-elf-ar" "COMPILER_FLAGS=  -c" "EXTRA_COMPILER_FLAGS=-g -Wall -Wextra -fno-tree-loop-distribute-pa
000-tterns -Os -flto -ffat-lto-objects"
000-
000-"Running Make libs in psu_cortexa53_0/libsrc/xilpm_v5_0/src"
000-
000-make -C psu_cortexa53_0/libsrc/xilpm_v5_0/src -s libs  "SHELL=CMD" "COMPILER=aarch64-none-elf-gcc" "ASSEMBLER=aarch64-none-elf-
000-as" "ARCHIVER=aarch64-none-elf-ar" "COMPILER_FLAGS=  -c" "EXTRA_COMPILER_FLAGS=-g -Wall -Wextra -fno-tree-loop-distribute-patte
000-rns -Os -flto -ffat-lto-objects"
000-
000-"Compiling xilpm library"
000-
000-"Running Make libs in psu_cortexa53_0/libsrc/xilsecure_v5_1/src"
000-
000-make -C psu_cortexa53_0/libsrc/xilsecure_v5_1/src -s libs  "SHELL=CMD" "COMPILER=aarch64-none-elf-gcc" "ASSEMBLER=aarch64-none-
000-elf-as" "ARCHIVER=aarch64-none-elf-ar" "COMPILER_FLAGS=  -c" "EXTRA_COMPILER_FLAGS=-g -Wall -Wextra -fno-tree-loop-distribute-p
000-atterns -Os -flto -ffat-lto-objects"
000-
000-"Compiling XilSecure Library"
000-
000-'Finished building libraries sequentially.'
000-
000-make -j 30 --no-print-directory par_libs
000-
000-"Running Make include in psu_cortexa53_0/libsrc/axipmon_v6_9/src"
000-
000-make -C psu_cortexa53_0/libsrc/axipmon_v6_9/src -s include  "SHELL=CMD" "COMPILER=aarch64-none-elf-gcc" "ASSEMBLER=aarch64-none
000--elf-as" "ARCHIVER=aarch64-none-elf-ar" "COMPILER_FLAGS=  -c" "EXTRA_COMPILER_FLAGS=-g -Wall -Wextra -fno-tree-loop-distribute-
000-patterns -Os -flto -ffat-lto-objects"
000-
000-"Running Make include in psu_cortexa53_0/libsrc/clockps_v1_4/src"
000-
000-make -C psu_cortexa53_0/libsrc/clockps_v1_4/src -s include  "SHELL=CMD" "COMPILER=aarch64-none-elf-gcc" "ASSEMBLER=aarch64-none
000--elf-as" "ARCHIVER=aarch64-none-elf-ar" "COMPILER_FLAGS=  -c" "EXTRA_COMPILER_FLAGS=-g -Wall -Wextra -fno-tree-loop-distribute-
000-patterns -Os -flto -ffat-lto-objects"
000-
000-"Running Make include in psu_cortexa53_0/libsrc/coresightps_dcc_v1_8/src"
000-
000-make -C psu_cortexa53_0/libsrc/coresightps_dcc_v1_8/src -s include  "SHELL=CMD" "COMPILER=aarch64-none-elf-gcc" "ASSEMBLER=aarc
000-h64-none-elf-as" "ARCHIVER=aarch64-none-elf-ar" "COMPILER_FLAGS=  -c" "EXTRA_COMPILER_FLAGS=-g -Wall -Wextra -fno-tree-loop-dis
000-tribute-patterns -Os -flto -ffat-lto-objects"
000-
000-"Running Make include in psu_cortexa53_0/libsrc/cpu_cortexa53_v2_0/src"
000-
000-make -C psu_cortexa53_0/libsrc/cpu_cortexa53_v2_0/src -s include  "SHELL=CMD" "COMPILER=aarch64-none-elf-gcc" "ASSEMBLER=aarch6
000-4-none-elf-as" "ARCHIVER=aarch64-none-elf-ar" "COMPILER_FLAGS=  -c" "EXTRA_COMPILER_FLAGS=-g -Wall -Wextra -fno-tree-loop-distr
000-ibute-patterns -Os -flto -ffat-lto-objects"
000-
000-"Running Make include in psu_cortexa53_0/libsrc/csudma_v1_13/src"
000-
000-make -C psu_cortexa53_0/libsrc/csudma_v1_13/src -s include  "SHELL=CMD" "COMPILER=aarch64-none-elf-gcc" "ASSEMBLER=aarch64-none
000--elf-as" "ARCHIVER=aarch64-none-elf-ar" "COMPILER_FLAGS=  -c" "EXTRA_COMPILER_FLAGS=-g -Wall -Wextra -fno-tree-loop-distribute-
000-patterns -Os -flto -ffat-lto-objects"
000-
000-"Running Make include in psu_cortexa53_0/libsrc/ddrcpsu_v1_4/src"
000-
000-make -C psu_cortexa53_0/libsrc/ddrcpsu_v1_4/src -s include  "SHELL=CMD" "COMPILER=aarch64-none-elf-gcc" "ASSEMBLER=aarch64-none
000--elf-as" "ARCHIVER=aarch64-none-elf-ar" "COMPILER_FLAGS=  -c" "EXTRA_COMPILER_FLAGS=-g -Wall -Wextra -fno-tree-loop-distribute-
000-patterns -Os -flto -ffat-lto-objects"
000-
000-"Running Make include in psu_cortexa53_0/libsrc/gpiops_v3_11/src"
000-
000-make -C psu_cortexa53_0/libsrc/gpiops_v3_11/src -s include  "SHELL=CMD" "COMPILER=aarch64-none-elf-gcc" "ASSEMBLER=aarch64-none
000--elf-as" "ARCHIVER=aarch64-none-elf-ar" "COMPILER_FLAGS=  -c" "EXTRA_COMPILER_FLAGS=-g -Wall -Wextra -fno-tree-loop-distribute-
000-patterns -Os -flto -ffat-lto-objects"
000-
000-"Running Make include in psu_cortexa53_0/libsrc/gpio_v4_9/src"
000-
000-make -C psu_cortexa53_0/libsrc/gpio_v4_9/src -s include  "SHELL=CMD" "COMPILER=aarch64-none-elf-gcc" "ASSEMBLER=aarch64-none-el
000-f-as" "ARCHIVER=aarch64-none-elf-ar" "COMPILER_FLAGS=  -c" "EXTRA_COMPILER_FLAGS=-g -Wall -Wextra -fno-tree-loop-distribute-pat
000-terns -Os -flto -ffat-lto-objects"
000-
000-"Running Make include in psu_cortexa53_0/libsrc/iicps_v3_17/src"
000-
000-make -C psu_cortexa53_0/libsrc/iicps_v3_17/src -s include  "SHELL=CMD" "COMPILER=aarch64-none-elf-gcc" "ASSEMBLER=aarch64-none-
000-elf-as" "ARCHIVER=aarch64-none-elf-ar" "COMPILER_FLAGS=  -c" "EXTRA_COMPILER_FLAGS=-g -Wall -Wextra -fno-tree-loop-distribute-p
000-atterns -Os -flto -ffat-lto-objects"
000-
000-"Running Make include in psu_cortexa53_0/libsrc/iic_v3_9/src"
000-
000-make -C psu_cortexa53_0/libsrc/iic_v3_9/src -s include  "SHELL=CMD" "COMPILER=aarch64-none-elf-gcc" "ASSEMBLER=aarch64-none-elf
000--as" "ARCHIVER=aarch64-none-elf-ar" "COMPILER_FLAGS=  -c" "EXTRA_COMPILER_FLAGS=-g -Wall -Wextra -fno-tree-loop-distribute-patt
000-erns -Os -flto -ffat-lto-objects"
000-
000-"Running Make include in psu_cortexa53_0/libsrc/ipipsu_v2_13/src"
000-
000-make -C psu_cortexa53_0/libsrc/ipipsu_v2_13/src -s include  "SHELL=CMD" "COMPILER=aarch64-none-elf-gcc" "ASSEMBLER=aarch64-none
000--elf-as" "ARCHIVER=aarch64-none-elf-ar" "COMPILER_FLAGS=  -c" "EXTRA_COMPILER_FLAGS=-g -Wall -Wextra -fno-tree-loop-distribute-
000-patterns -Os -flto -ffat-lto-objects"
000-
000-"Running Make include in psu_cortexa53_0/libsrc/qspipsu_v1_17/src"
000-
000-make -C psu_cortexa53_0/libsrc/qspipsu_v1_17/src -s include  "SHELL=CMD" "COMPILER=aarch64-none-elf-gcc" "ASSEMBLER=aarch64-non
000-e-elf-as" "ARCHIVER=aarch64-none-elf-ar" "COMPILER_FLAGS=  -c" "EXTRA_COMPILER_FLAGS=-g -Wall -Wextra -fno-tree-loop-distribute
000--patterns -Os -flto -ffat-lto-objects"
000-
000-"Running Make include in psu_cortexa53_0/libsrc/resetps_v1_5/src"
000-
000-make -C psu_cortexa53_0/libsrc/resetps_v1_5/src -s include  "SHELL=CMD" "COMPILER=aarch64-none-elf-gcc" "ASSEMBLER=aarch64-none
000--elf-as" "ARCHIVER=aarch64-none-elf-ar" "COMPILER_FLAGS=  -c" "EXTRA_COMPILER_FLAGS=-g -Wall -Wextra -fno-tree-loop-distribute-
000-patterns -Os -flto -ffat-lto-objects"
000-
000-"Running Make include in psu_cortexa53_0/libsrc/rtcpsu_v1_12/src"
000-
000-make -C psu_cortexa53_0/libsrc/rtcpsu_v1_12/src -s include  "SHELL=CMD" "COMPILER=aarch64-none-elf-gcc" "ASSEMBLER=aarch64-none
000--elf-as" "ARCHIVER=aarch64-none-elf-ar" "COMPILER_FLAGS=  -c" "EXTRA_COMPILER_FLAGS=-g -Wall -Wextra -fno-tree-loop-distribute-
000-patterns -Os -flto -ffat-lto-objects"
000-
000-"Running Make include in psu_cortexa53_0/libsrc/scugic_v5_1/src"
000-
000-make -C psu_cortexa53_0/libsrc/scugic_v5_1/src -s include  "SHELL=CMD" "COMPILER=aarch64-none-elf-gcc" "ASSEMBLER=aarch64-none-
000-elf-as" "ARCHIVER=aarch64-none-elf-ar" "COMPILER_FLAGS=  -c" "EXTRA_COMPILER_FLAGS=-g -Wall -Wextra -fno-tree-loop-distribute-p
000-atterns -Os -flto -ffat-lto-objects"
000-
000-"Running Make include in psu_cortexa53_0/libsrc/sdps_v4_1/src"
000-
000-make -C psu_cortexa53_0/libsrc/sdps_v4_1/src -s include  "SHELL=CMD" "COMPILER=aarch64-none-elf-gcc" "ASSEMBLER=aarch64-none-el
000-f-as" "ARCHIVER=aarch64-none-elf-ar" "COMPILER_FLAGS=  -c" "EXTRA_COMPILER_FLAGS=-g -Wall -Wextra -fno-tree-loop-distribute-pat
000-terns -Os -flto -ffat-lto-objects"
000-
000-"Running Make include in psu_cortexa53_0/libsrc/spi_v4_10/src"
000-
000-make -C psu_cortexa53_0/libsrc/spi_v4_10/src -s include  "SHELL=CMD" "COMPILER=aarch64-none-elf-gcc" "ASSEMBLER=aarch64-none-el
000-f-as" "ARCHIVER=aarch64-none-elf-ar" "COMPILER_FLAGS=  -c" "EXTRA_COMPILER_FLAGS=-g -Wall -Wextra -fno-tree-loop-distribute-pat
000-terns -Os -flto -ffat-lto-objects"
000-
000-"Running Make include in psu_cortexa53_0/libsrc/standalone_v8_1/src"
000-
000-make -C psu_cortexa53_0/libsrc/standalone_v8_1/src -s include  "SHELL=CMD" "COMPILER=aarch64-none-elf-gcc" "ASSEMBLER=aarch64-n
000-one-elf-as" "ARCHIVER=aarch64-none-elf-ar" "COMPILER_FLAGS=  -c" "EXTRA_COMPILER_FLAGS=-g -Wall -Wextra -fno-tree-loop-distribu
000-te-patterns -Os -flto -ffat-lto-objects"
000-
000-"Running Make include in psu_cortexa53_0/libsrc/sysmonpsu_v2_8/src"
000-
000-make -C psu_cortexa53_0/libsrc/sysmonpsu_v2_8/src -s include  "SHELL=CMD" "COMPILER=aarch64-none-elf-gcc" "ASSEMBLER=aarch64-no
000-ne-elf-as" "ARCHIVER=aarch64-none-elf-ar" "COMPILER_FLAGS=  -c" "EXTRA_COMPILER_FLAGS=-g -Wall -Wextra -fno-tree-loop-distribut
000-e-patterns -Os -flto -ffat-lto-objects"
000-
000-"Running Make include in psu_cortexa53_0/libsrc/ttcps_v3_17/src"
000-
000-make -C psu_cortexa53_0/libsrc/ttcps_v3_17/src -s include  "SHELL=CMD" "COMPILER=aarch64-none-elf-gcc" "ASSEMBLER=aarch64-none-
000-elf-as" "ARCHIVER=aarch64-none-elf-ar" "COMPILER_FLAGS=  -c" "EXTRA_COMPILER_FLAGS=-g -Wall -Wextra -fno-tree-loop-distribute-p
000-atterns -Os -flto -ffat-lto-objects"
000-
000-"Running Make include in psu_cortexa53_0/libsrc/uartps_v3_12/src"
000-
000-make -C psu_cortexa53_0/libsrc/uartps_v3_12/src -s include  "SHELL=CMD" "COMPILER=aarch64-none-elf-gcc" "ASSEMBLER=aarch64-none
000--elf-as" "ARCHIVER=aarch64-none-elf-ar" "COMPILER_FLAGS=  -c" "EXTRA_COMPILER_FLAGS=-g -Wall -Wextra -fno-tree-loop-distribute-
000-patterns -Os -flto -ffat-lto-objects"
000-
000-"Running Make include in psu_cortexa53_0/libsrc/wdtps_v3_5/src"
000-
000-make -C psu_cortexa53_0/libsrc/wdtps_v3_5/src -s include  "SHELL=CMD" "COMPILER=aarch64-none-elf-gcc" "ASSEMBLER=aarch64-none-e
000-lf-as" "ARCHIVER=aarch64-none-elf-ar" "COMPILER_FLAGS=  -c" "EXTRA_COMPILER_FLAGS=-g -Wall -Wextra -fno-tree-loop-distribute-pa
000-tterns -Os -flto -ffat-lto-objects"
000-
000-"Running Make include in psu_cortexa53_0/libsrc/xilffs_v5_0/src"
000-
000-make -C psu_cortexa53_0/libsrc/xilffs_v5_0/src -s include  "SHELL=CMD" "COMPILER=aarch64-none-elf-gcc" "ASSEMBLER=aarch64-none-
000-elf-as" "ARCHIVER=aarch64-none-elf-ar" "COMPILER_FLAGS=  -c" "EXTRA_COMPILER_FLAGS=-g -Wall -Wextra -fno-tree-loop-distribute-p
000-atterns -Os -flto -ffat-lto-objects"
000-
000-"Running Make include in psu_cortexa53_0/libsrc/xilpm_v5_0/src"
000-
000-make -C psu_cortexa53_0/libsrc/xilpm_v5_0/src -s include  "SHELL=CMD" "COMPILER=aarch64-none-elf-gcc" "ASSEMBLER=aarch64-none-e
000-lf-as" "ARCHIVER=aarch64-none-elf-ar" "COMPILER_FLAGS=  -c" "EXTRA_COMPILER_FLAGS=-g -Wall -Wextra -fno-tree-loop-distribute-pa
000-tterns -Os -flto -ffat-lto-objects"
000-
000-"Running Make include in psu_cortexa53_0/libsrc/xilsecure_v5_1/src"
000-
000-"Include files for this library have already been copied."
000-
000-make -C psu_cortexa53_0/libsrc/xilsecure_v5_1/src -s include  "SHELL=CMD" "COMPILER=aarch64-none-elf-gcc" "ASSEMBLER=aarch64-no
000-ne-elf-as" "ARCHIVER=aarch64-none-elf-ar" "COMPILER_FLAGS=  -c" "EXTRA_COMPILER_FLAGS=-g -Wall -Wextra -fno-tree-loop-distribut
000-e-patterns -Os -flto -ffat-lto-objects"
000-
000-"Running Make include in psu_cortexa53_0/libsrc/zdma_v1_16/src"
000-
000-make -C psu_cortexa53_0/libsrc/zdma_v1_16/src -s include  "SHELL=CMD" "COMPILER=aarch64-none-elf-gcc" "ASSEMBLER=aarch64-none-e
000-lf-as" "ARCHIVER=aarch64-none-elf-ar" "COMPILER_FLAGS=  -c" "EXTRA_COMPILER_FLAGS=-g -Wall -Wextra -fno-tree-loop-distribute-pa
000-tterns -Os -flto -ffat-lto-objects"
000-
000-"Running Make libs in psu_cortexa53_0/libsrc/axipmon_v6_9/src"
000-
000-make -C psu_cortexa53_0/libsrc/axipmon_v6_9/src -s libs  "SHELL=CMD" "COMPILER=aarch64-none-elf-gcc" "ASSEMBLER=aarch64-none-el
000-f-as" "ARCHIVER=aarch64-none-elf-ar" "COMPILER_FLAGS=  -c" "EXTRA_COMPILER_FLAGS=-g -Wall -Wextra -fno-tree-loop-distribute-pat
000-terns -Os -flto -ffat-lto-objects"
000-
000-"Running Make libs in psu_cortexa53_0/libsrc/clockps_v1_4/src"
000-
000-make -C psu_cortexa53_0/libsrc/clockps_v1_4/src -s libs  "SHELL=CMD" "COMPILER=aarch64-none-elf-gcc" "ASSEMBLER=aarch64-none-el
000-f-as" "ARCHIVER=aarch64-none-elf-ar" "COMPILER_FLAGS=  -c" "EXTRA_COMPILER_FLAGS=-g -Wall -Wextra -fno-tree-loop-distribute-pat
000-terns -Os -flto -ffat-lto-objects"
000-
000-"Running Make libs in psu_cortexa53_0/libsrc/coresightps_dcc_v1_8/src"
000-
000-make -C psu_cortexa53_0/libsrc/coresightps_dcc_v1_8/src -s libs  "SHELL=CMD" "COMPILER=aarch64-none-elf-gcc" "ASSEMBLER=aarch64
000--none-elf-as" "ARCHIVER=aarch64-none-elf-ar" "COMPILER_FLAGS=  -c" "EXTRA_COMPILER_FLAGS=-g -Wall -Wextra -fno-tree-loop-distri
000-bute-patterns -Os -flto -ffat-lto-objects"
000-
000-"Running Make libs in psu_cortexa53_0/libsrc/cpu_cortexa53_v2_0/src"
000-
000-make -C psu_cortexa53_0/libsrc/cpu_cortexa53_v2_0/src -s libs  "SHELL=CMD" "COMPILER=aarch64-none-elf-gcc" "ASSEMBLER=aarch64-n
000-one-elf-as" "ARCHIVER=aarch64-none-elf-ar" "COMPILER_FLAGS=  -c" "EXTRA_COMPILER_FLAGS=-g -Wall -Wextra -fno-tree-loop-distribu
000-te-patterns -Os -flto -ffat-lto-objects"
000-
000-"Running Make libs in psu_cortexa53_0/libsrc/csudma_v1_13/src"
000-
000-make -C psu_cortexa53_0/libsrc/csudma_v1_13/src -s libs  "SHELL=CMD" "COMPILER=aarch64-none-elf-gcc" "ASSEMBLER=aarch64-none-el
000-f-as" "ARCHIVER=aarch64-none-elf-ar" "COMPILER_FLAGS=  -c" "EXTRA_COMPILER_FLAGS=-g -Wall -Wextra -fno-tree-loop-distribute-pat
000-terns -Os -flto -ffat-lto-objects"
000-
000-"Running Make libs in psu_cortexa53_0/libsrc/ddrcpsu_v1_4/src"
000-
000-make -C psu_cortexa53_0/libsrc/ddrcpsu_v1_4/src -s libs  "SHELL=CMD" "COMPILER=aarch64-none-elf-gcc" "ASSEMBLER=aarch64-none-el
000-f-as" "ARCHIVER=aarch64-none-elf-ar" "COMPILER_FLAGS=  -c" "EXTRA_COMPILER_FLAGS=-g -Wall -Wextra -fno-tree-loop-distribute-pat
000-terns -Os -flto -ffat-lto-objects"
000-
000-"Running Make libs in psu_cortexa53_0/libsrc/gpiops_v3_11/src"
000-
000-make -C psu_cortexa53_0/libsrc/gpiops_v3_11/src -s libs  "SHELL=CMD" "COMPILER=aarch64-none-elf-gcc" "ASSEMBLER=aarch64-none-el
000-f-as" "ARCHIVER=aarch64-none-elf-ar" "COMPILER_FLAGS=  -c" "EXTRA_COMPILER_FLAGS=-g -Wall -Wextra -fno-tree-loop-distribute-pat
000-terns -Os -flto -ffat-lto-objects"
000-
000-"Running Make libs in psu_cortexa53_0/libsrc/gpio_v4_9/src"
000-
000-make -C psu_cortexa53_0/libsrc/gpio_v4_9/src -s libs  "SHELL=CMD" "COMPILER=aarch64-none-elf-gcc" "ASSEMBLER=aarch64-none-elf-a
000-s" "ARCHIVER=aarch64-none-elf-ar" "COMPILER_FLAGS=  -c" "EXTRA_COMPILER_FLAGS=-g -Wall -Wextra -fno-tree-loop-distribute-patter
000-ns -Os -flto -ffat-lto-objects"
000-
000-"Running Make libs in psu_cortexa53_0/libsrc/iicps_v3_17/src"
000-
000-make -C psu_cortexa53_0/libsrc/iicps_v3_17/src -s libs  "SHELL=CMD" "COMPILER=aarch64-none-elf-gcc" "ASSEMBLER=aarch64-none-elf
000--as" "ARCHIVER=aarch64-none-elf-ar" "COMPILER_FLAGS=  -c" "EXTRA_COMPILER_FLAGS=-g -Wall -Wextra -fno-tree-loop-distribute-patt
000-erns -Os -flto -ffat-lto-objects"
000-
000-"Running Make libs in psu_cortexa53_0/libsrc/iic_v3_9/src"
000-
000-make -C psu_cortexa53_0/libsrc/iic_v3_9/src -s libs  "SHELL=CMD" "COMPILER=aarch64-none-elf-gcc" "ASSEMBLER=aarch64-none-elf-as
000-" "ARCHIVER=aarch64-none-elf-ar" "COMPILER_FLAGS=  -c" "EXTRA_COMPILER_FLAGS=-g -Wall -Wextra -fno-tree-loop-distribute-pattern
000-s -Os -flto -ffat-lto-objects"
000-
000-"Running Make libs in psu_cortexa53_0/libsrc/ipipsu_v2_13/src"
000-
000-make -C psu_cortexa53_0/libsrc/ipipsu_v2_13/src -s libs  "SHELL=CMD" "COMPILER=aarch64-none-elf-gcc" "ASSEMBLER=aarch64-none-el
000-f-as" "ARCHIVER=aarch64-none-elf-ar" "COMPILER_FLAGS=  -c" "EXTRA_COMPILER_FLAGS=-g -Wall -Wextra -fno-tree-loop-distribute-pat
000-terns -Os -flto -ffat-lto-objects"
000-
000-"Running Make libs in psu_cortexa53_0/libsrc/qspipsu_v1_17/src"
000-
000-make -C psu_cortexa53_0/libsrc/qspipsu_v1_17/src -s libs  "SHELL=CMD" "COMPILER=aarch64-none-elf-gcc" "ASSEMBLER=aarch64-none-e
000-lf-as" "ARCHIVER=aarch64-none-elf-ar" "COMPILER_FLAGS=  -c" "EXTRA_COMPILER_FLAGS=-g -Wall -Wextra -fno-tree-loop-distribute-pa
000-tterns -Os -flto -ffat-lto-objects"
000-
000-"Running Make libs in psu_cortexa53_0/libsrc/resetps_v1_5/src"
000-
000-make -C psu_cortexa53_0/libsrc/resetps_v1_5/src -s libs  "SHELL=CMD" "COMPILER=aarch64-none-elf-gcc" "ASSEMBLER=aarch64-none-el
000-f-as" "ARCHIVER=aarch64-none-elf-ar" "COMPILER_FLAGS=  -c" "EXTRA_COMPILER_FLAGS=-g -Wall -Wextra -fno-tree-loop-distribute-pat
000-terns -Os -flto -ffat-lto-objects"
000-
000-"Running Make libs in psu_cortexa53_0/libsrc/rtcpsu_v1_12/src"
000-
000-make -C psu_cortexa53_0/libsrc/rtcpsu_v1_12/src -s libs  "SHELL=CMD" "COMPILER=aarch64-none-elf-gcc" "ASSEMBLER=aarch64-none-el
000-f-as" "ARCHIVER=aarch64-none-elf-ar" "COMPILER_FLAGS=  -c" "EXTRA_COMPILER_FLAGS=-g -Wall -Wextra -fno-tree-loop-distribute-pat
000-terns -Os -flto -ffat-lto-objects"
000-
000-"Running Make libs in psu_cortexa53_0/libsrc/scugic_v5_1/src"
000-
000-make -C psu_cortexa53_0/libsrc/scugic_v5_1/src -s libs  "SHELL=CMD" "COMPILER=aarch64-none-elf-gcc" "ASSEMBLER=aarch64-none-elf
000--as" "ARCHIVER=aarch64-none-elf-ar" "COMPILER_FLAGS=  -c" "EXTRA_COMPILER_FLAGS=-g -Wall -Wextra -fno-tree-loop-distribute-patt
000-erns -Os -flto -ffat-lto-objects"
000-
000-"Running Make libs in psu_cortexa53_0/libsrc/sdps_v4_1/src"
000-
000-make -C psu_cortexa53_0/libsrc/sdps_v4_1/src -s libs  "SHELL=CMD" "COMPILER=aarch64-none-elf-gcc" "ASSEMBLER=aarch64-none-elf-a
000-s" "ARCHIVER=aarch64-none-elf-ar" "COMPILER_FLAGS=  -c" "EXTRA_COMPILER_FLAGS=-g -Wall -Wextra -fno-tree-loop-distribute-patter
000-ns -Os -flto -ffat-lto-objects"
000-
000-"Running Make libs in psu_cortexa53_0/libsrc/spi_v4_10/src"
000-
000-make -C psu_cortexa53_0/libsrc/spi_v4_10/src -s libs  "SHELL=CMD" "COMPILER=aarch64-none-elf-gcc" "ASSEMBLER=aarch64-none-elf-a
000-s" "ARCHIVER=aarch64-none-elf-ar" "COMPILER_FLAGS=  -c" "EXTRA_COMPILER_FLAGS=-g -Wall -Wextra -fno-tree-loop-distribute-patter
000-ns -Os -flto -ffat-lto-objects"
000-
000-"Running Make libs in psu_cortexa53_0/libsrc/standalone_v8_1/src"
000-
000-make -C psu_cortexa53_0/libsrc/standalone_v8_1/src -s libs  "SHELL=CMD" "COMPILER=aarch64-none-elf-gcc" "ASSEMBLER=aarch64-none
000--elf-as" "ARCHIVER=aarch64-none-elf-ar" "COMPILER_FLAGS=  -c" "EXTRA_COMPILER_FLAGS=-g -Wall -Wextra -fno-tree-loop-distribute-
000-patterns -Os -flto -ffat-lto-objects"
000-
000-"Running Make libs in psu_cortexa53_0/libsrc/sysmonpsu_v2_8/src"
000-
000-make -C psu_cortexa53_0/libsrc/sysmonpsu_v2_8/src -s libs  "SHELL=CMD" "COMPILER=aarch64-none-elf-gcc" "ASSEMBLER=aarch64-none-
000-elf-as" "ARCHIVER=aarch64-none-elf-ar" "COMPILER_FLAGS=  -c" "EXTRA_COMPILER_FLAGS=-g -Wall -Wextra -fno-tree-loop-distribute-p
000-atterns -Os -flto -ffat-lto-objects"
000-
000-"Running Make libs in psu_cortexa53_0/libsrc/ttcps_v3_17/src"
000-
000-make -C psu_cortexa53_0/libsrc/ttcps_v3_17/src -s libs  "SHELL=CMD" "COMPILER=aarch64-none-elf-gcc" "ASSEMBLER=aarch64-none-elf
000--as" "ARCHIVER=aarch64-none-elf-ar" "COMPILER_FLAGS=  -c" "EXTRA_COMPILER_FLAGS=-g -Wall -Wextra -fno-tree-loop-distribute-patt
000-erns -Os -flto -ffat-lto-objects"
000-
000-"Running Make libs in psu_cortexa53_0/libsrc/uartps_v3_12/src"
000-
000-make -C psu_cortexa53_0/libsrc/uartps_v3_12/src -s libs  "SHELL=CMD" "COMPILER=aarch64-none-elf-gcc" "ASSEMBLER=aarch64-none-el
000-f-as" "ARCHIVER=aarch64-none-elf-ar" "COMPILER_FLAGS=  -c" "EXTRA_COMPILER_FLAGS=-g -Wall -Wextra -fno-tree-loop-distribute-pat
000-terns -Os -flto -ffat-lto-objects"
000-
000-"Running Make libs in psu_cortexa53_0/libsrc/wdtps_v3_5/src"
000-
000-make -C psu_cortexa53_0/libsrc/wdtps_v3_5/src -s libs  "SHELL=CMD" "COMPILER=aarch64-none-elf-gcc" "ASSEMBLER=aarch64-none-elf-
000-as" "ARCHIVER=aarch64-none-elf-ar" "COMPILER_FLAGS=  -c" "EXTRA_COMPILER_FLAGS=-g -Wall -Wextra -fno-tree-loop-distribute-patte
000-rns -Os -flto -ffat-lto-objects"
000-
000-"Running Make libs in psu_cortexa53_0/libsrc/xilffs_v5_0/src"
000-
000-make -C psu_cortexa53_0/libsrc/xilffs_v5_0/src -s libs  "SHELL=CMD" "COMPILER=aarch64-none-elf-gcc" "ASSEMBLER=aarch64-none-elf
000--as" "ARCHIVER=aarch64-none-elf-ar" "COMPILER_FLAGS=  -c" "EXTRA_COMPILER_FLAGS=-g -Wall -Wextra -fno-tree-loop-distribute-patt
000-erns -Os -flto -ffat-lto-objects"
000-
000-"Running Make libs in psu_cortexa53_0/libsrc/zdma_v1_16/src"
000-
000-make -C psu_cortexa53_0/libsrc/zdma_v1_16/src -s libs  "SHELL=CMD" "COMPILER=aarch64-none-elf-gcc" "ASSEMBLER=aarch64-none-elf-
000-as" "ARCHIVER=aarch64-none-elf-ar" "COMPILER_FLAGS=  -c" "EXTRA_COMPILER_FLAGS=-g -Wall -Wextra -fno-tree-loop-distribute-patte
000-rns -Os -flto -ffat-lto-objects"
000-
000/DRCPlatform49-1-1'#pragma message: For the sleep routines, Global timer is being used'0-xtime_l.c:49:9: note: '#pragma message: For the sleep routines, Global timer is being used'
000-   49 | #pragma message ("For the sleep routines, Global timer is being used")
000-      |         ^~~~~~~
000/DRCPlatform122-1-1#warning "There's no DDR_1 in the HW design. MMU translation table marks 32 GB DDR address space as undefined" [-Wcpp]1-translation_table.S:122:2: warning: #warning "There's no DDR_1 in the HW design. MMU translation table marks 32 GB DDR address space as undefined" [-Wcpp]
000-  122 | #warning "There's no DDR_1 in the HW design. MMU translation table marks 32 GB DDR address space as undefined"
000-      |  ^~~~~~~
000-'Finished building libraries parallelly.'
000-
000-make --no-print-directory archive
000-
000-aarch64-none-elf-ar -r  psu_cortexa53_0/lib/libxil.a psu_cortexa53_0/lib/_exit.o psu_cortexa53_0/lib/_open.o psu_cortexa53_0/li
000-b/_sbrk.o psu_cortexa53_0/lib/abort.o psu_cortexa53_0/lib/asm_vectors.o psu_cortexa53_0/lib/boot.o psu_cortexa53_0/lib/close.o 
000-psu_cortexa53_0/lib/cpputest_time.o psu_cortexa53_0/lib/errno.o psu_cortexa53_0/lib/fcntl.o psu_cortexa53_0/lib/fstat.o psu_cor
000-texa53_0/lib/getentropy.o psu_cortexa53_0/lib/getpid.o psu_cortexa53_0/lib/inbyte.o psu_cortexa53_0/lib/initialise_monitor_hand
000-les.o psu_cortexa53_0/lib/isatty.o psu_cortexa53_0/lib/kill.o psu_cortexa53_0/lib/lseek.o psu_cortexa53_0/lib/open.o psu_cortex
000-a53_0/lib/outbyte.o psu_cortexa53_0/lib/print.o psu_cortexa53_0/lib/putnum.o psu_cortexa53_0/lib/read.o psu_cortexa53_0/lib/sbr
000-k.o psu_cortexa53_0/lib/sleep.o psu_cortexa53_0/lib/time.o psu_cortexa53_0/lib/translation_table.o psu_cortexa53_0/lib/unlink.o
000- psu_cortexa53_0/lib/vectors.o psu_cortexa53_0/lib/write.o psu_cortexa53_0/lib/xaxipmon.o psu_cortexa53_0/lib/xaxipmon_g.o psu_
000-cortexa53_0/lib/xaxipmon_selftest.o psu_cortexa53_0/lib/xaxipmon_sinit.o psu_cortexa53_0/lib/xclockps.o psu_cortexa53_0/lib/xcl
000-ockps_divider.o psu_cortexa53_0/lib/xclockps_fixedfactor.o psu_cortexa53_0/lib/xclockps_g.o psu_cortexa53_0/lib/xclockps_gate.o
000- psu_cortexa53_0/lib/xclockps_mux.o psu_cortexa53_0/lib/xclockps_pll.o psu_cortexa53_0/lib/xclockps_sinit.o psu_cortexa53_0/lib
000-/xcoresightpsdcc.o psu_cortexa53_0/lib/xcsudma.o psu_cortexa53_0/lib/xcsudma_g.o psu_cortexa53_0/lib/xcsudma_intr.o psu_cortexa
000-53_0/lib/xcsudma_selftest.o psu_cortexa53_0/lib/xcsudma_sinit.o psu_cortexa53_0/lib/xgpio.o psu_cortexa53_0/lib/xgpio_extra.o p
000-su_cortexa53_0/lib/xgpio_g.o psu_cortexa53_0/lib/xgpio_intr.o psu_cortexa53_0/lib/xgpio_selftest.o psu_cortexa53_0/lib/xgpio_si
000-nit.o psu_cortexa53_0/lib/xgpiops.o psu_cortexa53_0/lib/xgpiops_g.o psu_cortexa53_0/lib/xgpiops_hw.o psu_cortexa53_0/lib/xgpiop
000-s_intr.o psu_cortexa53_0/lib/xgpiops_selftest.o psu_cortexa53_0/lib/xgpiops_sinit.o psu_cortexa53_0/lib/xiic.o psu_cortexa53_0/
000-lib/xiic_dyn_master.o psu_cortexa53_0/lib/xiic_g.o psu_cortexa53_0/lib/xiic_intr.o psu_cortexa53_0/lib/xiic_l.o psu_cortexa53_0
000-/lib/xiic_master.o psu_cortexa53_0/lib/xiic_multi_master.o psu_cortexa53_0/lib/xiic_options.o psu_cortexa53_0/lib/xiic_selftest
000-.o psu_cortexa53_0/lib/xiic_sinit.o psu_cortexa53_0/lib/xiic_slave.o psu_cortexa53_0/lib/xiic_stats.o psu_cortexa53_0/lib/xiicp
000-s.o psu_cortexa53_0/lib/xiicps_g.o psu_cortexa53_0/lib/xiicps_hw.o psu_cortexa53_0/lib/xiicps_intr.o psu_cortexa53_0/lib/xiicps
000-_master.o psu_cortexa53_0/lib/xiicps_options.o psu_cortexa53_0/lib/xiicps_selftest.o psu_cortexa53_0/lib/xiicps_sinit.o psu_cor
000-texa53_0/lib/xiicps_slave.o psu_cortexa53_0/lib/xiicps_xfer.o psu_cortexa53_0/lib/xil-crt0.o psu_cortexa53_0/lib/xil_assert.o p
000-su_cortexa53_0/lib/xil_cache.o psu_cortexa53_0/lib/xil_clocking.o psu_cortexa53_0/lib/xil_exception.o psu_cortexa53_0/lib/xil_m
000-em.o psu_cortexa53_0/lib/xil_mmu.o psu_cortexa53_0/lib/xil_printf.o psu_cortexa53_0/lib/xil_sleepcommon.o psu_cortexa53_0/lib/x
000-il_sleeptimer.o psu_cortexa53_0/lib/xil_smc.o psu_cortexa53_0/lib/xil_spinlock.o psu_cortexa53_0/lib/xil_testcache.o psu_cortex
000-a53_0/lib/xil_testio.o psu_cortexa53_0/lib/xil_testmem.o psu_cortexa53_0/lib/xil_util.o psu_cortexa53_0/lib/xinterrupt_wrap.o p
000-su_cortexa53_0/lib/xipipsu.o psu_cortexa53_0/lib/xipipsu_buf.o psu_cortexa53_0/lib/xipipsu_g.o psu_cortexa53_0/lib/xipipsu_sini
000-t.o psu_cortexa53_0/lib/xplatform_info.o psu_cortexa53_0/lib/xpm_counter.o psu_cortexa53_0/lib/xqspipsu.o psu_cortexa53_0/lib/x
000-qspipsu_control.o psu_cortexa53_0/lib/xqspipsu_g.o psu_cortexa53_0/lib/xqspipsu_hw.o psu_cortexa53_0/lib/xqspipsu_options.o psu
000-_cortexa53_0/lib/xqspipsu_sinit.o psu_cortexa53_0/lib/xresetps.o psu_cortexa53_0/lib/xresetps_g.o psu_cortexa53_0/lib/xresetps_
000-sinit.o psu_cortexa53_0/lib/xrtcpsu.o psu_cortexa53_0/lib/xrtcpsu_g.o psu_cortexa53_0/lib/xrtcpsu_intr.o psu_cortexa53_0/lib/xr
000-tcpsu_selftest.o psu_cortexa53_0/lib/xrtcpsu_sinit.o psu_cortexa53_0/lib/xscugic.o psu_cortexa53_0/lib/xscugic_g.o psu_cortexa5
000-3_0/lib/xscugic_hw.o psu_cortexa53_0/lib/xscugic_intr.o psu_cortexa53_0/lib/xscugic_selftest.o psu_cortexa53_0/lib/xscugic_sini
000-t.o psu_cortexa53_0/lib/xsdps.o psu_cortexa53_0/lib/xsdps_card.o psu_cortexa53_0/lib/xsdps_g.o psu_cortexa53_0/lib/xsdps_host.o
000- psu_cortexa53_0/lib/xsdps_options.o psu_cortexa53_0/lib/xsdps_sinit.o psu_cortexa53_0/lib/xspi.o psu_cortexa53_0/lib/xspi_g.o 
000-psu_cortexa53_0/lib/xspi_options.o psu_cortexa53_0/lib/xspi_selftest.o psu_cortexa53_0/lib/xspi_sinit.o psu_cortexa53_0/lib/xsp
000-i_stats.o psu_cortexa53_0/lib/xsysmonpsu.o psu_cortexa53_0/lib/xsysmonpsu_g.o psu_cortexa53_0/lib/xsysmonpsu_intr.o psu_cortexa
000-53_0/lib/xsysmonpsu_selftest.o psu_cortexa53_0/lib/xsysmonpsu_sinit.o psu_cortexa53_0/lib/xtime_l.o psu_cortexa53_0/lib/xttcps.
000-o psu_cortexa53_0/lib/xttcps_g.o psu_cortexa53_0/lib/xttcps_options.o psu_cortexa53_0/lib/xttcps_selftest.o psu_cortexa53_0/lib
000-/xttcps_sinit.o psu_cortexa53_0/lib/xuartps.o psu_cortexa53_0/lib/xuartps_g.o psu_cortexa53_0/lib/xuartps_hw.o psu_cortexa53_0/
000-lib/xuartps_intr.o psu_cortexa53_0/lib/xuartps_options.o psu_cortexa53_0/lib/xuartps_selftest.o psu_cortexa53_0/lib/xuartps_sin
000-it.o psu_cortexa53_0/lib/xwdtps.o psu_cortexa53_0/lib/xwdtps_g.o psu_cortexa53_0/lib/xwdtps_selftest.o psu_cortexa53_0/lib/xwdt
000-ps_sinit.o psu_cortexa53_0/lib/xzdma.o psu_cortexa53_0/lib/xzdma_g.o psu_cortexa53_0/lib/xzdma_intr.o psu_cortexa53_0/lib/xzdma
000-_selftest.o psu_cortexa53_0/lib/xzdma_sinit.o
000-
000-aarch64-none-elf-ar: creating psu_cortexa53_0/lib/libxil.a
000-'Finished building libraries'
000-
000-make: Leaving directory 'C:/Xilinx/Projects/DRC_Rev2.0_Deliverables/Vitis2023.1/DRC_Rev2.0_SW/DRCPlatform/zynqmp_fsbl/zynqmp_fs
000-bl_bsp'
000-
000-aarch64-none-elf-gcc  -c -MMD -MP      -Wall -fmessage-length=0 -DARMA53_64 -Os -flto -ffat-lto-objects   -c xfsbl_partition_lo
000-ad.c -o xfsbl_partition_load.o -Izynqmp_fsbl_bsp/psu_cortexa53_0/include -I.
000-
000-aarch64-none-elf-gcc  -c -MMD -MP      -Wall -fmessage-length=0 -DARMA53_64 -Os -flto -ffat-lto-objects   -c xfsbl_qspi.c -o xf
000-sbl_qspi.o -Izynqmp_fsbl_bsp/psu_cortexa53_0/include -I.
000-
000-aarch64-none-elf-gcc  -c -MMD -MP      -Wall -fmessage-length=0 -DARMA53_64 -Os -flto -ffat-lto-objects   -c xfsbl_csu_dma.c -o
000- xfsbl_csu_dma.o -Izynqmp_fsbl_bsp/psu_cortexa53_0/include -I.
000-
000-aarch64-none-elf-gcc  -c -MMD -MP      -Wall -fmessage-length=0 -DARMA53_64 -Os -flto -ffat-lto-objects   -c xfsbl_nand.c -o xf
000-sbl_nand.o -Izynqmp_fsbl_bsp/psu_cortexa53_0/include -I.
000-
000-aarch64-none-elf-gcc  -c -MMD -MP      -Wall -fmessage-length=0 -DARMA53_64 -Os -flto -ffat-lto-objects   -c xfsbl_usb.c -o xfs
000-bl_usb.o -Izynqmp_fsbl_bsp/psu_cortexa53_0/include -I.
000-
000-aarch64-none-elf-gcc  -c -MMD -MP      -Wall -fmessage-length=0 -DARMA53_64 -Os -flto -ffat-lto-objects   -c xfsbl_sd.c -o xfsb
000-l_sd.o -Izynqmp_fsbl_bsp/psu_cortexa53_0/include -I.
000-
000-aarch64-none-elf-gcc  -c -MMD -MP      -Wall -fmessage-length=0 -DARMA53_64 -Os -flto -ffat-lto-objects   -c xfsbl_hooks.c -o x
000-fsbl_hooks.o -Izynqmp_fsbl_bsp/psu_cortexa53_0/include -I.
000-
000-aarch64-none-elf-gcc  -c -MMD -MP      -Wall -fmessage-length=0 -DARMA53_64 -Os -flto -ffat-lto-objects   -c xfsbl_main.c -o xf
000-sbl_main.o -Izynqmp_fsbl_bsp/psu_cortexa53_0/include -I.
000-
000-aarch64-none-elf-gcc  -c -MMD -MP      -Wall -fmessage-length=0 -DARMA53_64 -Os -flto -ffat-lto-objects   -c xfsbl_dfu_util.c -
000-o xfsbl_dfu_util.o -Izynqmp_fsbl_bsp/psu_cortexa53_0/include -I.
000-
000-aarch64-none-elf-gcc  -c -MMD -MP      -Wall -fmessage-length=0 -DARMA53_64 -Os -flto -ffat-lto-objects   -c xfsbl_tpm.c -o xfs
000-bl_tpm.o -Izynqmp_fsbl_bsp/psu_cortexa53_0/include -I.
000-
000-aarch64-none-elf-gcc  -c -MMD -MP      -Wall -fmessage-length=0 -DARMA53_64 -Os -flto -ffat-lto-objects   -c xfsbl_initializati
000-on.c -o xfsbl_initialization.o -Izynqmp_fsbl_bsp/psu_cortexa53_0/include -I.
000-
000-aarch64-none-elf-gcc  -c -MMD -MP      -Wall -fmessage-length=0 -DARMA53_64 -Os -flto -ffat-lto-objects   -c xfsbl_ddr_init.c -
000-o xfsbl_ddr_init.o -Izynqmp_fsbl_bsp/psu_cortexa53_0/include -I.
000-
000-aarch64-none-elf-gcc  -c -MMD -MP      -Wall -fmessage-length=0 -DARMA53_64 -Os -flto -ffat-lto-objects   -c xfsbl_handoff.c -o
000- xfsbl_handoff.o -Izynqmp_fsbl_bsp/psu_cortexa53_0/include -I.
000-
000-aarch64-none-elf-gcc  -c -MMD -MP      -Wall -fmessage-length=0 -DARMA53_64 -Os -flto -ffat-lto-objects   -c psu_init.c -o psu_
000-init.o -Izynqmp_fsbl_bsp/psu_cortexa53_0/include -I.
000-
000/DRCPlatform18012-1-1'mask_read' defined but not used [-Wunused-function]1mask_readpsu_init.c:18012:12: warning: 'mask_read' defined but not used [-Wunused-function]
000-18012 | static u32 mask_read(u32 add, u32 mask)
000-      |            ^~~~~~~~~
000-aarch64-none-elf-gcc  -c -MMD -MP      -Wall -fmessage-length=0 -DARMA53_64 -Os -flto -ffat-lto-objects   -c xfsbl_board.c -o x
000-fsbl_board.o -Izynqmp_fsbl_bsp/psu_cortexa53_0/include -I.
000-
000-aarch64-none-elf-gcc  -c -MMD -MP      -Wall -fmessage-length=0 -DARMA53_64 -Os -flto -ffat-lto-objects   -c xfsbl_misc_drivers
000-.c -o xfsbl_misc_drivers.o -Izynqmp_fsbl_bsp/psu_cortexa53_0/include -I.
000-
000-aarch64-none-elf-gcc  -c -MMD -MP      -Wall -fmessage-length=0 -DARMA53_64 -Os -flto -ffat-lto-objects   -c xfsbl_bs.c -o xfsb
000-l_bs.o -Izynqmp_fsbl_bsp/psu_cortexa53_0/include -I.
000-
000-aarch64-none-elf-gcc  -c -MMD -MP      -Wall -fmessage-length=0 -DARMA53_64 -Os -flto -ffat-lto-objects   -c xfsbl_tpm_util.c -
000-o xfsbl_tpm_util.o -Izynqmp_fsbl_bsp/psu_cortexa53_0/include -I.
000-
000-aarch64-none-elf-gcc  -c -MMD -MP      -Wall -fmessage-length=0 -DARMA53_64 -Os -flto -ffat-lto-objects   -c xfsbl_rsa_sha.c -o
000- xfsbl_rsa_sha.o -Izynqmp_fsbl_bsp/psu_cortexa53_0/include -I.
000-
000-aarch64-none-elf-gcc  -c -MMD -MP      -Wall -fmessage-length=0 -DARMA53_64 -Os -flto -ffat-lto-objects   -c xfsbl_plpartition_
000-valid.c -o xfsbl_plpartition_valid.o -Izynqmp_fsbl_bsp/psu_cortexa53_0/include -I.
000-
000-aarch64-none-elf-gcc  -c -MMD -MP      -Wall -fmessage-length=0 -DARMA53_64 -Os -flto -ffat-lto-objects   -c xfsbl_image_header
000-.c -o xfsbl_image_header.o -Izynqmp_fsbl_bsp/psu_cortexa53_0/include -I.
000-
000-aarch64-none-elf-gcc  -c -MMD -MP      -Wall -fmessage-length=0 -DARMA53_64 -Os -flto -ffat-lto-objects   -c xfsbl_misc.c -o xf
000-sbl_misc.o -Izynqmp_fsbl_bsp/psu_cortexa53_0/include -I.
000-
000-aarch64-none-elf-gcc  -c -MMD -MP      -Wall -fmessage-length=0 -DARMA53_64 -Os -flto -ffat-lto-objects   -c xfsbl_authenticati
000-on.c -o xfsbl_authentication.o -Izynqmp_fsbl_bsp/psu_cortexa53_0/include -I.
000-
000-aarch64-none-elf-gcc  -c -MMD -MP      -Wall -fmessage-length=0 -DARMA53_64 -Os -flto -ffat-lto-objects   -c xfsbl_translation_
000-table.S -o xfsbl_translation_table.o -Izynqmp_fsbl_bsp/psu_cortexa53_0/include -I.
000-
000/DRCPlatform/zynqmp_fsbl/xfsbl_translation_table.S86-1-1#warning "There's no DDR_1 in the HW design. MMU translation table marks 32 GB DDR address space as undefined" [-Wcpp]1-xfsbl_translation_table.S:86:2: warning: #warning "There's no DDR_1 in the HW design. MMU translation table marks 32 GB DDR address space as undefined" [-Wcpp]
000-   86 | #warning "There's no DDR_1 in the HW design. MMU translation table marks 32 GB DDR address space as undefined"
000-      |  ^~~~~~~
000-aarch64-none-elf-gcc  -c -MMD -MP      -Wall -fmessage-length=0 -DARMA53_64 -Os -flto -ffat-lto-objects   -c xfsbl_exit.S -o xf
000-sbl_exit.o -Izynqmp_fsbl_bsp/psu_cortexa53_0/include -I.
000-
000-aarch64-none-elf-gcc -o fsbl_a53.elf psu_init.o xfsbl_authentication.o xfsbl_board.o xfsbl_bs.o xfsbl_csu_dma.o xfsbl_ddr_init.
000-o xfsbl_dfu_util.o xfsbl_exit.o xfsbl_handoff.o xfsbl_hooks.o xfsbl_image_header.o xfsbl_initialization.o xfsbl_main.o xfsbl_mi
000-sc.o xfsbl_misc_drivers.o xfsbl_nand.o xfsbl_partition_load.o xfsbl_plpartition_valid.o xfsbl_qspi.o xfsbl_rsa_sha.o xfsbl_sd.o
000- xfsbl_tpm.o xfsbl_tpm_util.o xfsbl_translation_table.o xfsbl_usb.o -MMD -MP      -Wall -fmessage-length=0 -DARMA53_64 -Os -flt
000-o -ffat-lto-objects    -Wl,--start-group,-lxil,-lgcc,-lc,--end-group -Wl,--start-group,-lxilffs,-lxil,-lgcc,-lc,--end-group -Wl
000-,--start-group,-lxilsecure,-lxil,-lgcc,-lc,--end-group -Wl,--start-group,-lxilpm,-lxil,-lgcc,-lc,--end-group                   
000-                                                                                                  -n  -Wl,--gc-sections -Lzynqm
000-p_fsbl_bsp/psu_cortexa53_0/lib -Tlscript.ld
000-
000-lto-wrapper.exe: warning: using serial compilation of 2 LTRANS jobs
000-lto-wrapper.exe: note: see the '-flto' option documentation for more information
000-C:/Xilinx/Vitis/2023.1/gnu/microblaze/nt
000-C:/Xilinx/Vitis/2023.1/gnu/microblaze/nt
000-Cleaning the zynqmp_pmufw application.
000-rm -rf  xpfw_mod_legacy.o  pm_csudma.o  xpfw_mod_em.o  xpfw_main.o  pm_power.o  xpfw_mod_rpu.o  pm_gpp.o  pm_periph.o  pm_pll.o
000-  idle_hooks.o  xpfw_core.o  pm_clock.o  pm_extern.o  xpfw_mod_extwdt.o  pm_reset.o  xpfw_mod_overtemp.o  xpfw_mod_stl.o  pm_ca
000-llbacks.o  pm_node_reset.o  xpfw_rom_interface.o  xpfw_mod_rtc.o  xpfw_util.o  xpfw_resets.o  xpfw_mod_pm.o  pm_slave.o  pm_bin
000-ding.o  pm_qspi.o  xpfw_xpu.o  pm_config.o  pm_core.o  pm_sram.o  pm_requirement.o  pm_notifier.o  xpfw_module.o  xpfw_restart.
000-o  xpfw_error_manager.o  pm_master.o  xpfw_ipi_manager.o  xpfw_mod_ultra96.o  xpfw_mod_sched.o  pm_usb.o  xpfw_mod_common.o  pm
000-_node.o  xpfw_platform.o  xpfw_mod_dap.o  pm_proc.o  xpfw_mod_wdt.o  xpfw_user_startup.o  pm_ioctl.o  pm_ddr.o  pm_pinctrl.o  x
000-pfw_events.o  xpfw_aib.o  pm_gic_proxy.o  xpfw_scheduler.o  pm_system.o  pm_mmio_access.o  pm_hooks.o  xpfw_interrupts.o  xpfw_
000-start.o zynqmp_pmufw_bsp/psu_pmu_0/lib/libxil.a pmufw.elf *.o
000-
000-Building the zynqmp_pmufw application.
000-make: Entering directory 'C:/Xilinx/Projects/DRC_Rev2.0_Deliverables/Vitis2023.1/DRC_Rev2.0_SW/DRCPlatform/zynqmp_pmufw/zynqmp_
000-pmufw_bsp'
000-
000-make --no-print-directory seq_libs
000-
000-"Running Make include in psu_pmu_0/libsrc/axipmon_v6_9/src"
000-
000-make -C psu_pmu_0/libsrc/axipmon_v6_9/src -s include  "SHELL=CMD" "COMPILER=mb-gcc" "ASSEMBLER=mb-as" "ARCHIVER=mb-ar" "COMPILE
000-R_FLAGS=  -O2 -c -mcpu=v9.2 -mlittle-endian -mxl-barrel-shift -mxl-pattern-compare -mxl-soft-mul" "EXTRA_COMPILER_FLAGS=-g -ffu
000-nction-sections -fdata-sections -Wall -Wextra -fno-tree-loop-distribute-patterns  -Os -flto -ffat-lto-objects"
000-
000-"Running Make include in psu_pmu_0/libsrc/clockps_v1_4/src"
000-
000-make -C psu_pmu_0/libsrc/clockps_v1_4/src -s include  "SHELL=CMD" "COMPILER=mb-gcc" "ASSEMBLER=mb-as" "ARCHIVER=mb-ar" "COMPILE
000-R_FLAGS=  -O2 -c -mcpu=v9.2 -mlittle-endian -mxl-barrel-shift -mxl-pattern-compare -mxl-soft-mul" "EXTRA_COMPILER_FLAGS=-g -ffu
000-nction-sections -fdata-sections -Wall -Wextra -fno-tree-loop-distribute-patterns  -Os -flto -ffat-lto-objects"
000-
000-"Running Make include in psu_pmu_0/libsrc/cpu_v2_17/src"
000-
000-make -C psu_pmu_0/libsrc/cpu_v2_17/src -s include  "SHELL=CMD" "COMPILER=mb-gcc" "ASSEMBLER=mb-as" "ARCHIVER=mb-ar" "COMPILER_F
000-LAGS=  -O2 -c -mcpu=v9.2 -mlittle-endian -mxl-barrel-shift -mxl-pattern-compare -mxl-soft-mul" "EXTRA_COMPILER_FLAGS=-g -ffunct
000-ion-sections -fdata-sections -Wall -Wextra -fno-tree-loop-distribute-patterns  -Os -flto -ffat-lto-objects"
000-
000-"Running Make include in psu_pmu_0/libsrc/csudma_v1_13/src"
000-
000-make -C psu_pmu_0/libsrc/csudma_v1_13/src -s include  "SHELL=CMD" "COMPILER=mb-gcc" "ASSEMBLER=mb-as" "ARCHIVER=mb-ar" "COMPILE
000-R_FLAGS=  -O2 -c -mcpu=v9.2 -mlittle-endian -mxl-barrel-shift -mxl-pattern-compare -mxl-soft-mul" "EXTRA_COMPILER_FLAGS=-g -ffu
000-nction-sections -fdata-sections -Wall -Wextra -fno-tree-loop-distribute-patterns  -Os -flto -ffat-lto-objects"
000-
000-"Running Make include in psu_pmu_0/libsrc/ddrcpsu_v1_4/src"
000-
000-make -C psu_pmu_0/libsrc/ddrcpsu_v1_4/src -s include  "SHELL=CMD" "COMPILER=mb-gcc" "ASSEMBLER=mb-as" "ARCHIVER=mb-ar" "COMPILE
000-R_FLAGS=  -O2 -c -mcpu=v9.2 -mlittle-endian -mxl-barrel-shift -mxl-pattern-compare -mxl-soft-mul" "EXTRA_COMPILER_FLAGS=-g -ffu
000-nction-sections -fdata-sections -Wall -Wextra -fno-tree-loop-distribute-patterns  -Os -flto -ffat-lto-objects"
000-
000-"Running Make include in psu_pmu_0/libsrc/gpiops_v3_11/src"
000-
000-make -C psu_pmu_0/libsrc/gpiops_v3_11/src -s include  "SHELL=CMD" "COMPILER=mb-gcc" "ASSEMBLER=mb-as" "ARCHIVER=mb-ar" "COMPILE
000-R_FLAGS=  -O2 -c -mcpu=v9.2 -mlittle-endian -mxl-barrel-shift -mxl-pattern-compare -mxl-soft-mul" "EXTRA_COMPILER_FLAGS=-g -ffu
000-nction-sections -fdata-sections -Wall -Wextra -fno-tree-loop-distribute-patterns  -Os -flto -ffat-lto-objects"
000-
000-"Running Make include in psu_pmu_0/libsrc/gpio_v4_9/src"
000-
000-make -C psu_pmu_0/libsrc/gpio_v4_9/src -s include  "SHELL=CMD" "COMPILER=mb-gcc" "ASSEMBLER=mb-as" "ARCHIVER=mb-ar" "COMPILER_F
000-LAGS=  -O2 -c -mcpu=v9.2 -mlittle-endian -mxl-barrel-shift -mxl-pattern-compare -mxl-soft-mul" "EXTRA_COMPILER_FLAGS=-g -ffunct
000-ion-sections -fdata-sections -Wall -Wextra -fno-tree-loop-distribute-patterns  -Os -flto -ffat-lto-objects"
000-
000-"Running Make include in psu_pmu_0/libsrc/iicps_v3_17/src"
000-
000-make -C psu_pmu_0/libsrc/iicps_v3_17/src -s include  "SHELL=CMD" "COMPILER=mb-gcc" "ASSEMBLER=mb-as" "ARCHIVER=mb-ar" "COMPILER
000-_FLAGS=  -O2 -c -mcpu=v9.2 -mlittle-endian -mxl-barrel-shift -mxl-pattern-compare -mxl-soft-mul" "EXTRA_COMPILER_FLAGS=-g -ffun
000-ction-sections -fdata-sections -Wall -Wextra -fno-tree-loop-distribute-patterns  -Os -flto -ffat-lto-objects"
000-
000-"Running Make include in psu_pmu_0/libsrc/iic_v3_9/src"
000-
000-make -C psu_pmu_0/libsrc/iic_v3_9/src -s include  "SHELL=CMD" "COMPILER=mb-gcc" "ASSEMBLER=mb-as" "ARCHIVER=mb-ar" "COMPILER_FL
000-AGS=  -O2 -c -mcpu=v9.2 -mlittle-endian -mxl-barrel-shift -mxl-pattern-compare -mxl-soft-mul" "EXTRA_COMPILER_FLAGS=-g -ffuncti
000-on-sections -fdata-sections -Wall -Wextra -fno-tree-loop-distribute-patterns  -Os -flto -ffat-lto-objects"
000-
000-"Running Make include in psu_pmu_0/libsrc/ipipsu_v2_13/src"
000-
000-make -C psu_pmu_0/libsrc/ipipsu_v2_13/src -s include  "SHELL=CMD" "COMPILER=mb-gcc" "ASSEMBLER=mb-as" "ARCHIVER=mb-ar" "COMPILE
000-R_FLAGS=  -O2 -c -mcpu=v9.2 -mlittle-endian -mxl-barrel-shift -mxl-pattern-compare -mxl-soft-mul" "EXTRA_COMPILER_FLAGS=-g -ffu
000-nction-sections -fdata-sections -Wall -Wextra -fno-tree-loop-distribute-patterns  -Os -flto -ffat-lto-objects"
000-
000-"Running Make include in psu_pmu_0/libsrc/qspipsu_v1_17/src"
000-
000-make -C psu_pmu_0/libsrc/qspipsu_v1_17/src -s include  "SHELL=CMD" "COMPILER=mb-gcc" "ASSEMBLER=mb-as" "ARCHIVER=mb-ar" "COMPIL
000-ER_FLAGS=  -O2 -c -mcpu=v9.2 -mlittle-endian -mxl-barrel-shift -mxl-pattern-compare -mxl-soft-mul" "EXTRA_COMPILER_FLAGS=-g -ff
000-unction-sections -fdata-sections -Wall -Wextra -fno-tree-loop-distribute-patterns  -Os -flto -ffat-lto-objects"
000-
000-"Running Make include in psu_pmu_0/libsrc/resetps_v1_5/src"
000-
000-make -C psu_pmu_0/libsrc/resetps_v1_5/src -s include  "SHELL=CMD" "COMPILER=mb-gcc" "ASSEMBLER=mb-as" "ARCHIVER=mb-ar" "COMPILE
000-R_FLAGS=  -O2 -c -mcpu=v9.2 -mlittle-endian -mxl-barrel-shift -mxl-pattern-compare -mxl-soft-mul" "EXTRA_COMPILER_FLAGS=-g -ffu
000-nction-sections -fdata-sections -Wall -Wextra -fno-tree-loop-distribute-patterns  -Os -flto -ffat-lto-objects"
000-
000-"Running Make include in psu_pmu_0/libsrc/rtcpsu_v1_12/src"
000-
000-make -C psu_pmu_0/libsrc/rtcpsu_v1_12/src -s include  "SHELL=CMD" "COMPILER=mb-gcc" "ASSEMBLER=mb-as" "ARCHIVER=mb-ar" "COMPILE
000-R_FLAGS=  -O2 -c -mcpu=v9.2 -mlittle-endian -mxl-barrel-shift -mxl-pattern-compare -mxl-soft-mul" "EXTRA_COMPILER_FLAGS=-g -ffu
000-nction-sections -fdata-sections -Wall -Wextra -fno-tree-loop-distribute-patterns  -Os -flto -ffat-lto-objects"
000-
000-"Running Make include in psu_pmu_0/libsrc/sdps_v4_1/src"
000-
000-make -C psu_pmu_0/libsrc/sdps_v4_1/src -s include  "SHELL=CMD" "COMPILER=mb-gcc" "ASSEMBLER=mb-as" "ARCHIVER=mb-ar" "COMPILER_F
000-LAGS=  -O2 -c -mcpu=v9.2 -mlittle-endian -mxl-barrel-shift -mxl-pattern-compare -mxl-soft-mul" "EXTRA_COMPILER_FLAGS=-g -ffunct
000-ion-sections -fdata-sections -Wall -Wextra -fno-tree-loop-distribute-patterns  -Os -flto -ffat-lto-objects"
000-
000-"Running Make include in psu_pmu_0/libsrc/spi_v4_10/src"
000-
000-make -C psu_pmu_0/libsrc/spi_v4_10/src -s include  "SHELL=CMD" "COMPILER=mb-gcc" "ASSEMBLER=mb-as" "ARCHIVER=mb-ar" "COMPILER_F
000-LAGS=  -O2 -c -mcpu=v9.2 -mlittle-endian -mxl-barrel-shift -mxl-pattern-compare -mxl-soft-mul" "EXTRA_COMPILER_FLAGS=-g -ffunct
000-ion-sections -fdata-sections -Wall -Wextra -fno-tree-loop-distribute-patterns  -Os -flto -ffat-lto-objects"
000-
000-"Running Make include in psu_pmu_0/libsrc/standalone_v8_1/src"
000-
000-make -C psu_pmu_0/libsrc/standalone_v8_1/src -s include  "SHELL=CMD" "COMPILER=mb-gcc" "ASSEMBLER=mb-as" "ARCHIVER=mb-ar" "COMP
000-ILER_FLAGS=  -O2 -c -mcpu=v9.2 -mlittle-endian -mxl-barrel-shift -mxl-pattern-compare -mxl-soft-mul" "EXTRA_COMPILER_FLAGS=-g -
000-ffunction-sections -fdata-sections -Wall -Wextra -fno-tree-loop-distribute-patterns  -Os -flto -ffat-lto-objects"
000-
000-"Running Make include in psu_pmu_0/libsrc/sysmonpsu_v2_8/src"
000-
000-make -C psu_pmu_0/libsrc/sysmonpsu_v2_8/src -s include  "SHELL=CMD" "COMPILER=mb-gcc" "ASSEMBLER=mb-as" "ARCHIVER=mb-ar" "COMPI
000-LER_FLAGS=  -O2 -c -mcpu=v9.2 -mlittle-endian -mxl-barrel-shift -mxl-pattern-compare -mxl-soft-mul" "EXTRA_COMPILER_FLAGS=-g -f
000-function-sections -fdata-sections -Wall -Wextra -fno-tree-loop-distribute-patterns  -Os -flto -ffat-lto-objects"
000-
000-"Running Make include in psu_pmu_0/libsrc/ttcps_v3_17/src"
000-
000-make -C psu_pmu_0/libsrc/ttcps_v3_17/src -s include  "SHELL=CMD" "COMPILER=mb-gcc" "ASSEMBLER=mb-as" "ARCHIVER=mb-ar" "COMPILER
000-_FLAGS=  -O2 -c -mcpu=v9.2 -mlittle-endian -mxl-barrel-shift -mxl-pattern-compare -mxl-soft-mul" "EXTRA_COMPILER_FLAGS=-g -ffun
000-ction-sections -fdata-sections -Wall -Wextra -fno-tree-loop-distribute-patterns  -Os -flto -ffat-lto-objects"
000-
000-"Running Make include in psu_pmu_0/libsrc/uartps_v3_12/src"
000-
000-make -C psu_pmu_0/libsrc/uartps_v3_12/src -s include  "SHELL=CMD" "COMPILER=mb-gcc" "ASSEMBLER=mb-as" "ARCHIVER=mb-ar" "COMPILE
000-R_FLAGS=  -O2 -c -mcpu=v9.2 -mlittle-endian -mxl-barrel-shift -mxl-pattern-compare -mxl-soft-mul" "EXTRA_COMPILER_FLAGS=-g -ffu
000-nction-sections -fdata-sections -Wall -Wextra -fno-tree-loop-distribute-patterns  -Os -flto -ffat-lto-objects"
000-
000-"Running Make include in psu_pmu_0/libsrc/wdtps_v3_5/src"
000-
000-make -C psu_pmu_0/libsrc/wdtps_v3_5/src -s include  "SHELL=CMD" "COMPILER=mb-gcc" "ASSEMBLER=mb-as" "ARCHIVER=mb-ar" "COMPILER_
000-FLAGS=  -O2 -c -mcpu=v9.2 -mlittle-endian -mxl-barrel-shift -mxl-pattern-compare -mxl-soft-mul" "EXTRA_COMPILER_FLAGS=-g -ffunc
000-tion-sections -fdata-sections -Wall -Wextra -fno-tree-loop-distribute-patterns  -Os -flto -ffat-lto-objects"
000-
000-"Running Make include in psu_pmu_0/libsrc/xilfpga_v6_4/src"
000-
000-make -C psu_pmu_0/libsrc/xilfpga_v6_4/src -s include  "SHELL=CMD" "COMPILER=mb-gcc" "ASSEMBLER=mb-as" "ARCHIVER=mb-ar" "COMPILE
000-R_FLAGS=  -O2 -c -mcpu=v9.2 -mlittle-endian -mxl-barrel-shift -mxl-pattern-compare -mxl-soft-mul" "EXTRA_COMPILER_FLAGS=-g -ffu
000-nction-sections -fdata-sections -Wall -Wextra -fno-tree-loop-distribute-patterns  -Os -flto -ffat-lto-objects"
000-
000-"Running Make include in psu_pmu_0/libsrc/xilsecure_v5_1/src"
000-
000-make -C psu_pmu_0/libsrc/xilsecure_v5_1/src -s include  "SHELL=CMD" "COMPILER=mb-gcc" "ASSEMBLER=mb-as" "ARCHIVER=mb-ar" "COMPI
000-LER_FLAGS=  -O2 -c -mcpu=v9.2 -mlittle-endian -mxl-barrel-shift -mxl-pattern-compare -mxl-soft-mul" "EXTRA_COMPILER_FLAGS=-g -f
000-function-sections -fdata-sections -Wall -Wextra -fno-tree-loop-distribute-patterns  -Os -flto -ffat-lto-objects"
000-
000-"Running Make include in psu_pmu_0/libsrc/xilskey_v7_4/src"
000-
000-make -C psu_pmu_0/libsrc/xilskey_v7_4/src -s include  "SHELL=CMD" "COMPILER=mb-gcc" "ASSEMBLER=mb-as" "ARCHIVER=mb-ar" "COMPILE
000-R_FLAGS=  -O2 -c -mcpu=v9.2 -mlittle-endian -mxl-barrel-shift -mxl-pattern-compare -mxl-soft-mul" "EXTRA_COMPILER_FLAGS=-g -ffu
000-nction-sections -fdata-sections -Wall -Wextra -fno-tree-loop-distribute-patterns  -Os -flto -ffat-lto-objects"
000-
000-"Running Make include in psu_pmu_0/libsrc/zdma_v1_16/src"
000-
000-make -C psu_pmu_0/libsrc/zdma_v1_16/src -s include  "SHELL=CMD" "COMPILER=mb-gcc" "ASSEMBLER=mb-as" "ARCHIVER=mb-ar" "COMPILER_
000-FLAGS=  -O2 -c -mcpu=v9.2 -mlittle-endian -mxl-barrel-shift -mxl-pattern-compare -mxl-soft-mul" "EXTRA_COMPILER_FLAGS=-g -ffunc
000-tion-sections -fdata-sections -Wall -Wextra -fno-tree-loop-distribute-patterns  -Os -flto -ffat-lto-objects"
000-
000-"Running Make libs in psu_pmu_0/libsrc/xilsecure_v5_1/src"
000-
000-make -C psu_pmu_0/libsrc/xilsecure_v5_1/src -s libs  "SHELL=CMD" "COMPILER=mb-gcc" "ASSEMBLER=mb-as" "ARCHIVER=mb-ar" "COMPILER
000-_FLAGS=  -O2 -c -mcpu=v9.2 -mlittle-endian -mxl-barrel-shift -mxl-pattern-compare -mxl-soft-mul" "EXTRA_COMPILER_FLAGS=-g -ffun
000-ction-sections -fdata-sections -Wall -Wextra -fno-tree-loop-distribute-patterns  -Os -flto -ffat-lto-objects"
000-
000-"Compiling XilSecure Library"
000-
000-In file included from ../../../include/xil_io.h:48,
000-                 from xsecure_utils.h:52,
000-                 from xsecure_rsa_core.h:43,
000-                 from xsecure_rsa.h:82,
000-                 from xsecure_rsa.c:63:
000/DRCPlatform131-1-1"XPAR_MICROBLAZE_ADDR_SIZE" is not defined, evaluates to 0 [-Wundef]1-../../../include/xil_types.h:131:6: warning: "XPAR_MICROBLAZE_ADDR_SIZE" is not defined, evaluates to 0 [-Wundef]
000-  131 |     (XPAR_MICROBLAZE_ADDR_SIZE > 32)
000-      |      ^~~~~~~~~~~~~~~~~~~~~~~~~
000-In file included from xsecure_cryptochk.h:34,
000-                 from xsecure_cryptochk.c:26:
000/DRCPlatform131-1-1"XPAR_MICROBLAZE_ADDR_SIZE" is not defined, evaluates to 0 [-Wundef]1-../../../include/xil_types.h:131:6: warning: "XPAR_MICROBLAZE_ADDR_SIZE" is not defined, evaluates to 0 [-Wundef]
000-  131 |     (XPAR_MICROBLAZE_ADDR_SIZE > 32)
000-      |      ^~~~~~~~~~~~~~~~~~~~~~~~~
000-In file included from ../../../include/xil_io.h:48,
000-                 from ../../../include/xcsudma_hw.h:43,
000-                 from ../../../include/xcsudma.h:125,
000-                 from xsecure.h:56,
000-                 from xsecure.c:74:
000/DRCPlatform131-1-1"XPAR_MICROBLAZE_ADDR_SIZE" is not defined, evaluates to 0 [-Wundef]1-../../../include/xil_types.h:131:6: warning: "XPAR_MICROBLAZE_ADDR_SIZE" is not defined, evaluates to 0 [-Wundef]
000-  131 |     (XPAR_MICROBLAZE_ADDR_SIZE > 32)
000-      |      ^~~~~~~~~~~~~~~~~~~~~~~~~
000-In file included from ../../../include/xil_io.h:48,
000-                 from xsecure_aes_hw.h:37,
000-                 from xsecure_aes.h:87,
000-                 from xsecure_aes.c:69:
000/DRCPlatform131-1-1"XPAR_MICROBLAZE_ADDR_SIZE" is not defined, evaluates to 0 [-Wundef]1-../../../include/xil_types.h:131:6: warning: "XPAR_MICROBLAZE_ADDR_SIZE" is not defined, evaluates to 0 [-Wundef]
000-  131 |     (XPAR_MICROBLAZE_ADDR_SIZE > 32)
000-      |      ^~~~~~~~~~~~~~~~~~~~~~~~~
000-In file included from xsecure_sss.h:35,
000-                 from xsecure_sss.c:28:
000/DRCPlatform131-1-1"XPAR_MICROBLAZE_ADDR_SIZE" is not defined, evaluates to 0 [-Wundef]1-../../../include/xil_types.h:131:6: warning: "XPAR_MICROBLAZE_ADDR_SIZE" is not defined, evaluates to 0 [-Wundef]
000-  131 |     (XPAR_MICROBLAZE_ADDR_SIZE > 32)
000-      |      ^~~~~~~~~~~~~~~~~~~~~~~~~
000-In file included from ../../../include/xil_io.h:48,
000-                 from ../../../include/xcsudma_hw.h:43,
000-                 from ../../../include/xcsudma.h:125,
000-                 from xsecure_sha.h:69,
000-                 from xsecure_sha.c:61:
000/DRCPlatform131-1-1"XPAR_MICROBLAZE_ADDR_SIZE" is not defined, evaluates to 0 [-Wundef]1-../../../include/xil_types.h:131:6: warning: "XPAR_MICROBLAZE_ADDR_SIZE" is not defined, evaluates to 0 [-Wundef]
000-  131 |     (XPAR_MICROBLAZE_ADDR_SIZE > 32)
000-      |      ^~~~~~~~~~~~~~~~~~~~~~~~~
000-In file included from ../../../include/xil_io.h:48,
000-                 from xsecure_utils.h:52,
000-                 from xsecure_rsa_core.h:43,
000-                 from xsecure_rsa_core.c:45:
000/DRCPlatform131-1-1"XPAR_MICROBLAZE_ADDR_SIZE" is not defined, evaluates to 0 [-Wundef]1-../../../include/xil_types.h:131:6: warning: "XPAR_MICROBLAZE_ADDR_SIZE" is not defined, evaluates to 0 [-Wundef]
000-  131 |     (XPAR_MICROBLAZE_ADDR_SIZE > 32)
000-      |      ^~~~~~~~~~~~~~~~~~~~~~~~~
000-In file included from ../../../include/xil_io.h:48,
000-                 from xsecure_utils.h:52,
000-                 from xsecure_utils.c:39:
000/DRCPlatform131-1-1"XPAR_MICROBLAZE_ADDR_SIZE" is not defined, evaluates to 0 [-Wundef]1-../../../include/xil_types.h:131:6: warning: "XPAR_MICROBLAZE_ADDR_SIZE" is not defined, evaluates to 0 [-Wundef]
000-  131 |     (XPAR_MICROBLAZE_ADDR_SIZE > 32)
000-      |      ^~~~~~~~~~~~~~~~~~~~~~~~~
000-"Running Make libs in psu_pmu_0/libsrc/xilskey_v7_4/src"
000-
000-make -C psu_pmu_0/libsrc/xilskey_v7_4/src -s libs  "SHELL=CMD" "COMPILER=mb-gcc" "ASSEMBLER=mb-as" "ARCHIVER=mb-ar" "COMPILER_F
000-LAGS=  -O2 -c -mcpu=v9.2 -mlittle-endian -mxl-barrel-shift -mxl-pattern-compare -mxl-soft-mul" "EXTRA_COMPILER_FLAGS=-g -ffunct
000-ion-sections -fdata-sections -Wall -Wextra -fno-tree-loop-distribute-patterns  -Os -flto -ffat-lto-objects"
000-
000-"Compiling Xilskey Library"
000-
000-'Finished building libraries sequentially.'
000-
000-make -j 30 --no-print-directory par_libs
000-
000-"Running Make include in psu_pmu_0/libsrc/axipmon_v6_9/src"
000-
000-make -C psu_pmu_0/libsrc/axipmon_v6_9/src -s include  "SHELL=CMD" "COMPILER=mb-gcc" "ASSEMBLER=mb-as" "ARCHIVER=mb-ar" "COMPILE
000-R_FLAGS=  -O2 -c -mcpu=v9.2 -mlittle-endian -mxl-barrel-shift -mxl-pattern-compare -mxl-soft-mul" "EXTRA_COMPILER_FLAGS=-g -ffu
000-nction-sections -fdata-sections -Wall -Wextra -fno-tree-loop-distribute-patterns  -Os -flto -ffat-lto-objects"
000-
000-"Running Make include in psu_pmu_0/libsrc/clockps_v1_4/src"
000-
000-make -C psu_pmu_0/libsrc/clockps_v1_4/src -s include  "SHELL=CMD" "COMPILER=mb-gcc" "ASSEMBLER=mb-as" "ARCHIVER=mb-ar" "COMPILE
000-R_FLAGS=  -O2 -c -mcpu=v9.2 -mlittle-endian -mxl-barrel-shift -mxl-pattern-compare -mxl-soft-mul" "EXTRA_COMPILER_FLAGS=-g -ffu
000-nction-sections -fdata-sections -Wall -Wextra -fno-tree-loop-distribute-patterns  -Os -flto -ffat-lto-objects"
000-
000-"Running Make include in psu_pmu_0/libsrc/cpu_v2_17/src"
000-
000-make -C psu_pmu_0/libsrc/cpu_v2_17/src -s include  "SHELL=CMD" "COMPILER=mb-gcc" "ASSEMBLER=mb-as" "ARCHIVER=mb-ar" "COMPILER_F
000-LAGS=  -O2 -c -mcpu=v9.2 -mlittle-endian -mxl-barrel-shift -mxl-pattern-compare -mxl-soft-mul" "EXTRA_COMPILER_FLAGS=-g -ffunct
000-ion-sections -fdata-sections -Wall -Wextra -fno-tree-loop-distribute-patterns  -Os -flto -ffat-lto-objects"
000-
000-"Running Make include in psu_pmu_0/libsrc/csudma_v1_13/src"
000-
000-make -C psu_pmu_0/libsrc/csudma_v1_13/src -s include  "SHELL=CMD" "COMPILER=mb-gcc" "ASSEMBLER=mb-as" "ARCHIVER=mb-ar" "COMPILE
000-R_FLAGS=  -O2 -c -mcpu=v9.2 -mlittle-endian -mxl-barrel-shift -mxl-pattern-compare -mxl-soft-mul" "EXTRA_COMPILER_FLAGS=-g -ffu
000-nction-sections -fdata-sections -Wall -Wextra -fno-tree-loop-distribute-patterns  -Os -flto -ffat-lto-objects"
000-
000-"Running Make include in psu_pmu_0/libsrc/ddrcpsu_v1_4/src"
000-
000-make -C psu_pmu_0/libsrc/ddrcpsu_v1_4/src -s include  "SHELL=CMD" "COMPILER=mb-gcc" "ASSEMBLER=mb-as" "ARCHIVER=mb-ar" "COMPILE
000-R_FLAGS=  -O2 -c -mcpu=v9.2 -mlittle-endian -mxl-barrel-shift -mxl-pattern-compare -mxl-soft-mul" "EXTRA_COMPILER_FLAGS=-g -ffu
000-nction-sections -fdata-sections -Wall -Wextra -fno-tree-loop-distribute-patterns  -Os -flto -ffat-lto-objects"
000-
000-"Running Make include in psu_pmu_0/libsrc/gpiops_v3_11/src"
000-
000-make -C psu_pmu_0/libsrc/gpiops_v3_11/src -s include  "SHELL=CMD" "COMPILER=mb-gcc" "ASSEMBLER=mb-as" "ARCHIVER=mb-ar" "COMPILE
000-R_FLAGS=  -O2 -c -mcpu=v9.2 -mlittle-endian -mxl-barrel-shift -mxl-pattern-compare -mxl-soft-mul" "EXTRA_COMPILER_FLAGS=-g -ffu
000-nction-sections -fdata-sections -Wall -Wextra -fno-tree-loop-distribute-patterns  -Os -flto -ffat-lto-objects"
000-
000-"Running Make include in psu_pmu_0/libsrc/gpio_v4_9/src"
000-
000-make -C psu_pmu_0/libsrc/gpio_v4_9/src -s include  "SHELL=CMD" "COMPILER=mb-gcc" "ASSEMBLER=mb-as" "ARCHIVER=mb-ar" "COMPILER_F
000-LAGS=  -O2 -c -mcpu=v9.2 -mlittle-endian -mxl-barrel-shift -mxl-pattern-compare -mxl-soft-mul" "EXTRA_COMPILER_FLAGS=-g -ffunct
000-ion-sections -fdata-sections -Wall -Wextra -fno-tree-loop-distribute-patterns  -Os -flto -ffat-lto-objects"
000-
000-"Running Make include in psu_pmu_0/libsrc/iicps_v3_17/src"
000-
000-make -C psu_pmu_0/libsrc/iicps_v3_17/src -s include  "SHELL=CMD" "COMPILER=mb-gcc" "ASSEMBLER=mb-as" "ARCHIVER=mb-ar" "COMPILER
000-_FLAGS=  -O2 -c -mcpu=v9.2 -mlittle-endian -mxl-barrel-shift -mxl-pattern-compare -mxl-soft-mul" "EXTRA_COMPILER_FLAGS=-g -ffun
000-ction-sections -fdata-sections -Wall -Wextra -fno-tree-loop-distribute-patterns  -Os -flto -ffat-lto-objects"
000-
000-"Running Make include in psu_pmu_0/libsrc/iic_v3_9/src"
000-
000-make -C psu_pmu_0/libsrc/iic_v3_9/src -s include  "SHELL=CMD" "COMPILER=mb-gcc" "ASSEMBLER=mb-as" "ARCHIVER=mb-ar" "COMPILER_FL
000-AGS=  -O2 -c -mcpu=v9.2 -mlittle-endian -mxl-barrel-shift -mxl-pattern-compare -mxl-soft-mul" "EXTRA_COMPILER_FLAGS=-g -ffuncti
000-on-sections -fdata-sections -Wall -Wextra -fno-tree-loop-distribute-patterns  -Os -flto -ffat-lto-objects"
000-
000-"Running Make include in psu_pmu_0/libsrc/ipipsu_v2_13/src"
000-
000-make -C psu_pmu_0/libsrc/ipipsu_v2_13/src -s include  "SHELL=CMD" "COMPILER=mb-gcc" "ASSEMBLER=mb-as" "ARCHIVER=mb-ar" "COMPILE
000-R_FLAGS=  -O2 -c -mcpu=v9.2 -mlittle-endian -mxl-barrel-shift -mxl-pattern-compare -mxl-soft-mul" "EXTRA_COMPILER_FLAGS=-g -ffu
000-nction-sections -fdata-sections -Wall -Wextra -fno-tree-loop-distribute-patterns  -Os -flto -ffat-lto-objects"
000-
000-"Running Make include in psu_pmu_0/libsrc/qspipsu_v1_17/src"
000-
000-make -C psu_pmu_0/libsrc/qspipsu_v1_17/src -s include  "SHELL=CMD" "COMPILER=mb-gcc" "ASSEMBLER=mb-as" "ARCHIVER=mb-ar" "COMPIL
000-ER_FLAGS=  -O2 -c -mcpu=v9.2 -mlittle-endian -mxl-barrel-shift -mxl-pattern-compare -mxl-soft-mul" "EXTRA_COMPILER_FLAGS=-g -ff
000-unction-sections -fdata-sections -Wall -Wextra -fno-tree-loop-distribute-patterns  -Os -flto -ffat-lto-objects"
000-
000-"Running Make include in psu_pmu_0/libsrc/resetps_v1_5/src"
000-
000-make -C psu_pmu_0/libsrc/resetps_v1_5/src -s include  "SHELL=CMD" "COMPILER=mb-gcc" "ASSEMBLER=mb-as" "ARCHIVER=mb-ar" "COMPILE
000-R_FLAGS=  -O2 -c -mcpu=v9.2 -mlittle-endian -mxl-barrel-shift -mxl-pattern-compare -mxl-soft-mul" "EXTRA_COMPILER_FLAGS=-g -ffu
000-nction-sections -fdata-sections -Wall -Wextra -fno-tree-loop-distribute-patterns  -Os -flto -ffat-lto-objects"
000-
000-"Running Make include in psu_pmu_0/libsrc/rtcpsu_v1_12/src"
000-
000-"Running Make include in psu_pmu_0/libsrc/sdps_v4_1/src"
000-
000-make -C psu_pmu_0/libsrc/rtcpsu_v1_12/src -s include  "SHELL=CMD" "COMPILER=mb-gcc" "ASSEMBLER=mb-as" "ARCHIVER=mb-ar" "COMPILE
000-R_FLAGS=  -O2 -c -mcpu=v9.2 -mlittle-endian -mxl-barrel-shift -mxl-pattern-compare -mxl-soft-mul" "EXTRA_COMPILER_FLAGS=-g -ffu
000-nction-sections -fdata-sections -Wall -Wextra -fno-tree-loop-distribute-patterns  -Os -flto -ffat-lto-objects"
000-
000-"Running Make include in psu_pmu_0/libsrc/spi_v4_10/src"
000-
000-make -C psu_pmu_0/libsrc/sdps_v4_1/src -s include  "SHELL=CMD" "COMPILER=mb-gcc" "ASSEMBLER=mb-as" "ARCHIVER=mb-ar" "COMPILER_F
000-LAGS=  -O2 -c -mcpu=v9.2 -mlittle-endian -mxl-barrel-shift -mxl-pattern-compare -mxl-soft-mul" "EXTRA_COMPILER_FLAGS=-g -ffunct
000-ion-sections -fdata-sections -Wall -Wextra -fno-tree-loop-distribute-patterns  -Os -flto -ffat-lto-objects"
000-
000-make -C psu_pmu_0/libsrc/spi_v4_10/src -s include  "SHELL=CMD" "COMPILER=mb-gcc" "ASSEMBLER=mb-as" "ARCHIVER=mb-ar" "COMPILER_F
000-LAGS=  -O2 -c -mcpu=v9.2 -mlittle-endian -mxl-barrel-shift -mxl-pattern-compare -mxl-soft-mul" "EXTRA_COMPILER_FLAGS=-g -ffunct
000-ion-sections -fdata-sections -Wall -Wextra -fno-tree-loop-distribute-patterns  -Os -flto -ffat-lto-objects"
000-
000-"Running Make include in psu_pmu_0/libsrc/standalone_v8_1/src"
000-
000-make -C psu_pmu_0/libsrc/standalone_v8_1/src -s include  "SHELL=CMD" "COMPILER=mb-gcc" "ASSEMBLER=mb-as" "ARCHIVER=mb-ar" "COMP
000-ILER_FLAGS=  -O2 -c -mcpu=v9.2 -mlittle-endian -mxl-barrel-shift -mxl-pattern-compare -mxl-soft-mul" "EXTRA_COMPILER_FLAGS=-g -
000-ffunction-sections -fdata-sections -Wall -Wextra -fno-tree-loop-distribute-patterns  -Os -flto -ffat-lto-objects"
000-
000-"Running Make include in psu_pmu_0/libsrc/sysmonpsu_v2_8/src"
000-
000-make -C psu_pmu_0/libsrc/sysmonpsu_v2_8/src -s include  "SHELL=CMD" "COMPILER=mb-gcc" "ASSEMBLER=mb-as" "ARCHIVER=mb-ar" "COMPI
000-LER_FLAGS=  -O2 -c -mcpu=v9.2 -mlittle-endian -mxl-barrel-shift -mxl-pattern-compare -mxl-soft-mul" "EXTRA_COMPILER_FLAGS=-g -f
000-function-sections -fdata-sections -Wall -Wextra -fno-tree-loop-distribute-patterns  -Os -flto -ffat-lto-objects"
000-
000-"Running Make include in psu_pmu_0/libsrc/ttcps_v3_17/src"
000-
000-make -C psu_pmu_0/libsrc/ttcps_v3_17/src -s include  "SHELL=CMD" "COMPILER=mb-gcc" "ASSEMBLER=mb-as" "ARCHIVER=mb-ar" "COMPILER
000-_FLAGS=  -O2 -c -mcpu=v9.2 -mlittle-endian -mxl-barrel-shift -mxl-pattern-compare -mxl-soft-mul" "EXTRA_COMPILER_FLAGS=-g -ffun
000-ction-sections -fdata-sections -Wall -Wextra -fno-tree-loop-distribute-patterns  -Os -flto -ffat-lto-objects"
000-
000-"Running Make include in psu_pmu_0/libsrc/uartps_v3_12/src"
000-
000-make -C psu_pmu_0/libsrc/uartps_v3_12/src -s include  "SHELL=CMD" "COMPILER=mb-gcc" "ASSEMBLER=mb-as" "ARCHIVER=mb-ar" "COMPILE
000-R_FLAGS=  -O2 -c -mcpu=v9.2 -mlittle-endian -mxl-barrel-shift -mxl-pattern-compare -mxl-soft-mul" "EXTRA_COMPILER_FLAGS=-g -ffu
000-nction-sections -fdata-sections -Wall -Wextra -fno-tree-loop-distribute-patterns  -Os -flto -ffat-lto-objects"
000-
000-"Running Make include in psu_pmu_0/libsrc/wdtps_v3_5/src"
000-
000-make -C psu_pmu_0/libsrc/wdtps_v3_5/src -s include  "SHELL=CMD" "COMPILER=mb-gcc" "ASSEMBLER=mb-as" "ARCHIVER=mb-ar" "COMPILER_
000-FLAGS=  -O2 -c -mcpu=v9.2 -mlittle-endian -mxl-barrel-shift -mxl-pattern-compare -mxl-soft-mul" "EXTRA_COMPILER_FLAGS=-g -ffunc
000-tion-sections -fdata-sections -Wall -Wextra -fno-tree-loop-distribute-patterns  -Os -flto -ffat-lto-objects"
000-
000-"Running Make include in psu_pmu_0/libsrc/xilfpga_v6_4/src"
000-
000-make -C psu_pmu_0/libsrc/xilfpga_v6_4/src -s include  "SHELL=CMD" "COMPILER=mb-gcc" "ASSEMBLER=mb-as" "ARCHIVER=mb-ar" "COMPILE
000-R_FLAGS=  -O2 -c -mcpu=v9.2 -mlittle-endian -mxl-barrel-shift -mxl-pattern-compare -mxl-soft-mul" "EXTRA_COMPILER_FLAGS=-g -ffu
000-nction-sections -fdata-sections -Wall -Wextra -fno-tree-loop-distribute-patterns  -Os -flto -ffat-lto-objects"
000-
000-"Running Make include in psu_pmu_0/libsrc/xilsecure_v5_1/src"
000-
000-make -C psu_pmu_0/libsrc/xilsecure_v5_1/src -s include  "SHELL=CMD" "COMPILER=mb-gcc" "ASSEMBLER=mb-as" "ARCHIVER=mb-ar" "COMPI
000-LER_FLAGS=  -O2 -c -mcpu=v9.2 -mlittle-endian -mxl-barrel-shift -mxl-pattern-compare -mxl-soft-mul" "EXTRA_COMPILER_FLAGS=-g -f
000-function-sections -fdata-sections -Wall -Wextra -fno-tree-loop-distribute-patterns  -Os -flto -ffat-lto-objects"
000-
000-"Running Make include in psu_pmu_0/libsrc/xilskey_v7_4/src"
000-
000-make -C psu_pmu_0/libsrc/xilskey_v7_4/src -s include  "SHELL=CMD" "COMPILER=mb-gcc" "ASSEMBLER=mb-as" "ARCHIVER=mb-ar" "COMPILE
000-R_FLAGS=  -O2 -c -mcpu=v9.2 -mlittle-endian -mxl-barrel-shift -mxl-pattern-compare -mxl-soft-mul" "EXTRA_COMPILER_FLAGS=-g -ffu
000-nction-sections -fdata-sections -Wall -Wextra -fno-tree-loop-distribute-patterns  -Os -flto -ffat-lto-objects"
000-
000-"Running Make include in psu_pmu_0/libsrc/zdma_v1_16/src"
000-
000-make -C psu_pmu_0/libsrc/zdma_v1_16/src -s include  "SHELL=CMD" "COMPILER=mb-gcc" "ASSEMBLER=mb-as" "ARCHIVER=mb-ar" "COMPILER_
000-FLAGS=  -O2 -c -mcpu=v9.2 -mlittle-endian -mxl-barrel-shift -mxl-pattern-compare -mxl-soft-mul" "EXTRA_COMPILER_FLAGS=-g -ffunc
000-tion-sections -fdata-sections -Wall -Wextra -fno-tree-loop-distribute-patterns  -Os -flto -ffat-lto-objects"
000-
000-"Running Make libs in psu_pmu_0/libsrc/axipmon_v6_9/src"
000-
000-make -C psu_pmu_0/libsrc/axipmon_v6_9/src -s libs  "SHELL=CMD" "COMPILER=mb-gcc" "ASSEMBLER=mb-as" "ARCHIVER=mb-ar" "COMPILER_F
000-LAGS=  -O2 -c -mcpu=v9.2 -mlittle-endian -mxl-barrel-shift -mxl-pattern-compare -mxl-soft-mul" "EXTRA_COMPILER_FLAGS=-g -ffunct
000-ion-sections -fdata-sections -Wall -Wextra -fno-tree-loop-distribute-patterns  -Os -flto -ffat-lto-objects"
000-
000-"Running Make libs in psu_pmu_0/libsrc/clockps_v1_4/src"
000-
000-make -C psu_pmu_0/libsrc/clockps_v1_4/src -s libs  "SHELL=CMD" "COMPILER=mb-gcc" "ASSEMBLER=mb-as" "ARCHIVER=mb-ar" "COMPILER_F
000-LAGS=  -O2 -c -mcpu=v9.2 -mlittle-endian -mxl-barrel-shift -mxl-pattern-compare -mxl-soft-mul" "EXTRA_COMPILER_FLAGS=-g -ffunct
000-ion-sections -fdata-sections -Wall -Wextra -fno-tree-loop-distribute-patterns  -Os -flto -ffat-lto-objects"
000-
000-"Running Make libs in psu_pmu_0/libsrc/cpu_v2_17/src"
000-
000-make -C psu_pmu_0/libsrc/cpu_v2_17/src -s libs  "SHELL=CMD" "COMPILER=mb-gcc" "ASSEMBLER=mb-as" "ARCHIVER=mb-ar" "COMPILER_FLAG
000-S=  -O2 -c -mcpu=v9.2 -mlittle-endian -mxl-barrel-shift -mxl-pattern-compare -mxl-soft-mul" "EXTRA_COMPILER_FLAGS=-g -ffunction
000--sections -fdata-sections -Wall -Wextra -fno-tree-loop-distribute-patterns  -Os -flto -ffat-lto-objects"
000-
000-"Running Make libs in psu_pmu_0/libsrc/csudma_v1_13/src"
000-
000-make -C psu_pmu_0/libsrc/csudma_v1_13/src -s libs  "SHELL=CMD" "COMPILER=mb-gcc" "ASSEMBLER=mb-as" "ARCHIVER=mb-ar" "COMPILER_F
000-LAGS=  -O2 -c -mcpu=v9.2 -mlittle-endian -mxl-barrel-shift -mxl-pattern-compare -mxl-soft-mul" "EXTRA_COMPILER_FLAGS=-g -ffunct
000-ion-sections -fdata-sections -Wall -Wextra -fno-tree-loop-distribute-patterns  -Os -flto -ffat-lto-objects"
000-
000-"Running Make libs in psu_pmu_0/libsrc/ddrcpsu_v1_4/src"
000-
000-make -C psu_pmu_0/libsrc/ddrcpsu_v1_4/src -s libs  "SHELL=CMD" "COMPILER=mb-gcc" "ASSEMBLER=mb-as" "ARCHIVER=mb-ar" "COMPILER_F
000-LAGS=  -O2 -c -mcpu=v9.2 -mlittle-endian -mxl-barrel-shift -mxl-pattern-compare -mxl-soft-mul" "EXTRA_COMPILER_FLAGS=-g -ffunct
000-ion-sections -fdata-sections -Wall -Wextra -fno-tree-loop-distribute-patterns  -Os -flto -ffat-lto-objects"
000-
000-"Running Make libs in psu_pmu_0/libsrc/gpiops_v3_11/src"
000-
000-make -C psu_pmu_0/libsrc/gpiops_v3_11/src -s libs  "SHELL=CMD" "COMPILER=mb-gcc" "ASSEMBLER=mb-as" "ARCHIVER=mb-ar" "COMPILER_F
000-LAGS=  -O2 -c -mcpu=v9.2 -mlittle-endian -mxl-barrel-shift -mxl-pattern-compare -mxl-soft-mul" "EXTRA_COMPILER_FLAGS=-g -ffunct
000-ion-sections -fdata-sections -Wall -Wextra -fno-tree-loop-distribute-patterns  -Os -flto -ffat-lto-objects"
000-
000-"Running Make libs in psu_pmu_0/libsrc/gpio_v4_9/src"
000-
000-make -C psu_pmu_0/libsrc/gpio_v4_9/src -s libs  "SHELL=CMD" "COMPILER=mb-gcc" "ASSEMBLER=mb-as" "ARCHIVER=mb-ar" "COMPILER_FLAG
000-S=  -O2 -c -mcpu=v9.2 -mlittle-endian -mxl-barrel-shift -mxl-pattern-compare -mxl-soft-mul" "EXTRA_COMPILER_FLAGS=-g -ffunction
000--sections -fdata-sections -Wall -Wextra -fno-tree-loop-distribute-patterns  -Os -flto -ffat-lto-objects"
000-
000-"Running Make libs in psu_pmu_0/libsrc/iicps_v3_17/src"
000-
000-make -C psu_pmu_0/libsrc/iicps_v3_17/src -s libs  "SHELL=CMD" "COMPILER=mb-gcc" "ASSEMBLER=mb-as" "ARCHIVER=mb-ar" "COMPILER_FL
000-AGS=  -O2 -c -mcpu=v9.2 -mlittle-endian -mxl-barrel-shift -mxl-pattern-compare -mxl-soft-mul" "EXTRA_COMPILER_FLAGS=-g -ffuncti
000-on-sections -fdata-sections -Wall -Wextra -fno-tree-loop-distribute-patterns  -Os -flto -ffat-lto-objects"
000-
000-"Running Make libs in psu_pmu_0/libsrc/iic_v3_9/src"
000-
000-make -C psu_pmu_0/libsrc/iic_v3_9/src -s libs  "SHELL=CMD" "COMPILER=mb-gcc" "ASSEMBLER=mb-as" "ARCHIVER=mb-ar" "COMPILER_FLAGS
000-=  -O2 -c -mcpu=v9.2 -mlittle-endian -mxl-barrel-shift -mxl-pattern-compare -mxl-soft-mul" "EXTRA_COMPILER_FLAGS=-g -ffunction-
000-sections -fdata-sections -Wall -Wextra -fno-tree-loop-distribute-patterns  -Os -flto -ffat-lto-objects"
000-
000-"Running Make libs in psu_pmu_0/libsrc/ipipsu_v2_13/src"
000-
000-make -C psu_pmu_0/libsrc/ipipsu_v2_13/src -s libs  "SHELL=CMD" "COMPILER=mb-gcc" "ASSEMBLER=mb-as" "ARCHIVER=mb-ar" "COMPILER_F
000-LAGS=  -O2 -c -mcpu=v9.2 -mlittle-endian -mxl-barrel-shift -mxl-pattern-compare -mxl-soft-mul" "EXTRA_COMPILER_FLAGS=-g -ffunct
000-ion-sections -fdata-sections -Wall -Wextra -fno-tree-loop-distribute-patterns  -Os -flto -ffat-lto-objects"
000-
000-"Running Make libs in psu_pmu_0/libsrc/qspipsu_v1_17/src"
000-
000-make -C psu_pmu_0/libsrc/qspipsu_v1_17/src -s libs  "SHELL=CMD" "COMPILER=mb-gcc" "ASSEMBLER=mb-as" "ARCHIVER=mb-ar" "COMPILER_
000-FLAGS=  -O2 -c -mcpu=v9.2 -mlittle-endian -mxl-barrel-shift -mxl-pattern-compare -mxl-soft-mul" "EXTRA_COMPILER_FLAGS=-g -ffunc
000-tion-sections -fdata-sections -Wall -Wextra -fno-tree-loop-distribute-patterns  -Os -flto -ffat-lto-objects"
000-
000-"Running Make libs in psu_pmu_0/libsrc/resetps_v1_5/src"
000-
000-make -C psu_pmu_0/libsrc/resetps_v1_5/src -s libs  "SHELL=CMD" "COMPILER=mb-gcc" "ASSEMBLER=mb-as" "ARCHIVER=mb-ar" "COMPILER_F
000-LAGS=  -O2 -c -mcpu=v9.2 -mlittle-endian -mxl-barrel-shift -mxl-pattern-compare -mxl-soft-mul" "EXTRA_COMPILER_FLAGS=-g -ffunct
000-ion-sections -fdata-sections -Wall -Wextra -fno-tree-loop-distribute-patterns  -Os -flto -ffat-lto-objects"
000-
000-"Running Make libs in psu_pmu_0/libsrc/rtcpsu_v1_12/src"
000-
000-make -C psu_pmu_0/libsrc/rtcpsu_v1_12/src -s libs  "SHELL=CMD" "COMPILER=mb-gcc" "ASSEMBLER=mb-as" "ARCHIVER=mb-ar" "COMPILER_F
000-LAGS=  -O2 -c -mcpu=v9.2 -mlittle-endian -mxl-barrel-shift -mxl-pattern-compare -mxl-soft-mul" "EXTRA_COMPILER_FLAGS=-g -ffunct
000-ion-sections -fdata-sections -Wall -Wextra -fno-tree-loop-distribute-patterns  -Os -flto -ffat-lto-objects"
000-
000-"Running Make libs in psu_pmu_0/libsrc/sdps_v4_1/src"
000-
000-make -C psu_pmu_0/libsrc/sdps_v4_1/src -s libs  "SHELL=CMD" "COMPILER=mb-gcc" "ASSEMBLER=mb-as" "ARCHIVER=mb-ar" "COMPILER_FLAG
000-S=  -O2 -c -mcpu=v9.2 -mlittle-endian -mxl-barrel-shift -mxl-pattern-compare -mxl-soft-mul" "EXTRA_COMPILER_FLAGS=-g -ffunction
000--sections -fdata-sections -Wall -Wextra -fno-tree-loop-distribute-patterns  -Os -flto -ffat-lto-objects"
000-
000-"Running Make libs in psu_pmu_0/libsrc/spi_v4_10/src"
000-
000-make -C psu_pmu_0/libsrc/spi_v4_10/src -s libs  "SHELL=CMD" "COMPILER=mb-gcc" "ASSEMBLER=mb-as" "ARCHIVER=mb-ar" "COMPILER_FLAG
000-S=  -O2 -c -mcpu=v9.2 -mlittle-endian -mxl-barrel-shift -mxl-pattern-compare -mxl-soft-mul" "EXTRA_COMPILER_FLAGS=-g -ffunction
000--sections -fdata-sections -Wall -Wextra -fno-tree-loop-distribute-patterns  -Os -flto -ffat-lto-objects"
000-
000-"Running Make libs in psu_pmu_0/libsrc/standalone_v8_1/src"
000-
000-make -C psu_pmu_0/libsrc/standalone_v8_1/src -s libs  "SHELL=CMD" "COMPILER=mb-gcc" "ASSEMBLER=mb-as" "ARCHIVER=mb-ar" "COMPILE
000-R_FLAGS=  -O2 -c -mcpu=v9.2 -mlittle-endian -mxl-barrel-shift -mxl-pattern-compare -mxl-soft-mul" "EXTRA_COMPILER_FLAGS=-g -ffu
000-nction-sections -fdata-sections -Wall -Wextra -fno-tree-loop-distribute-patterns  -Os -flto -ffat-lto-objects"
000-
000-"Running Make libs in psu_pmu_0/libsrc/sysmonpsu_v2_8/src"
000-
000-make -C psu_pmu_0/libsrc/sysmonpsu_v2_8/src -s libs  "SHELL=CMD" "COMPILER=mb-gcc" "ASSEMBLER=mb-as" "ARCHIVER=mb-ar" "COMPILER
000-_FLAGS=  -O2 -c -mcpu=v9.2 -mlittle-endian -mxl-barrel-shift -mxl-pattern-compare -mxl-soft-mul" "EXTRA_COMPILER_FLAGS=-g -ffun
000-ction-sections -fdata-sections -Wall -Wextra -fno-tree-loop-distribute-patterns  -Os -flto -ffat-lto-objects"
000-
000-"Running Make libs in psu_pmu_0/libsrc/ttcps_v3_17/src"
000-
000-make -C psu_pmu_0/libsrc/ttcps_v3_17/src -s libs  "SHELL=CMD" "COMPILER=mb-gcc" "ASSEMBLER=mb-as" "ARCHIVER=mb-ar" "COMPILER_FL
000-AGS=  -O2 -c -mcpu=v9.2 -mlittle-endian -mxl-barrel-shift -mxl-pattern-compare -mxl-soft-mul" "EXTRA_COMPILER_FLAGS=-g -ffuncti
000-on-sections -fdata-sections -Wall -Wextra -fno-tree-loop-distribute-patterns  -Os -flto -ffat-lto-objects"
000-
000-"Running Make libs in psu_pmu_0/libsrc/uartps_v3_12/src"
000-
000-make -C psu_pmu_0/libsrc/uartps_v3_12/src -s libs  "SHELL=CMD" "COMPILER=mb-gcc" "ASSEMBLER=mb-as" "ARCHIVER=mb-ar" "COMPILER_F
000-LAGS=  -O2 -c -mcpu=v9.2 -mlittle-endian -mxl-barrel-shift -mxl-pattern-compare -mxl-soft-mul" "EXTRA_COMPILER_FLAGS=-g -ffunct
000-ion-sections -fdata-sections -Wall -Wextra -fno-tree-loop-distribute-patterns  -Os -flto -ffat-lto-objects"
000-
000-"Running Make libs in psu_pmu_0/libsrc/wdtps_v3_5/src"
000-
000-make -C psu_pmu_0/libsrc/wdtps_v3_5/src -s libs  "SHELL=CMD" "COMPILER=mb-gcc" "ASSEMBLER=mb-as" "ARCHIVER=mb-ar" "COMPILER_FLA
000-GS=  -O2 -c -mcpu=v9.2 -mlittle-endian -mxl-barrel-shift -mxl-pattern-compare -mxl-soft-mul" "EXTRA_COMPILER_FLAGS=-g -ffunctio
000-n-sections -fdata-sections -Wall -Wextra -fno-tree-loop-distribute-patterns  -Os -flto -ffat-lto-objects"
000-
000-"Running Make libs in psu_pmu_0/libsrc/xilfpga_v6_4/src"
000-
000-make -C psu_pmu_0/libsrc/xilfpga_v6_4/src -s libs  "SHELL=CMD" "COMPILER=mb-gcc" "ASSEMBLER=mb-as" "ARCHIVER=mb-ar" "COMPILER_F
000-LAGS=  -O2 -c -mcpu=v9.2 -mlittle-endian -mxl-barrel-shift -mxl-pattern-compare -mxl-soft-mul" "EXTRA_COMPILER_FLAGS=-g -ffunct
000-ion-sections -fdata-sections -Wall -Wextra -fno-tree-loop-distribute-patterns  -Os -flto -ffat-lto-objects"
000-
000-"Running Make libs in psu_pmu_0/libsrc/zdma_v1_16/src"
000-
000-make -C psu_pmu_0/libsrc/zdma_v1_16/src -s libs  "SHELL=CMD" "COMPILER=mb-gcc" "ASSEMBLER=mb-as" "ARCHIVER=mb-ar" "COMPILER_FLA
000-GS=  -O2 -c -mcpu=v9.2 -mlittle-endian -mxl-barrel-shift -mxl-pattern-compare -mxl-soft-mul" "EXTRA_COMPILER_FLAGS=-g -ffunctio
000-n-sections -fdata-sections -Wall -Wextra -fno-tree-loop-distribute-patterns  -Os -flto -ffat-lto-objects"
000-
000-In file included from xilfpga.c:81:
000/DRCPlatform270-1-1'#pragma message: From 2023.1 release onwards the XilFPGA BSP user configuration  flags ‘reg_readback_en’ and  ‘data_readback_en’ will be disabled by default but users can still be able to enable these flags as needed'0-xilfpga.h:270:9: note: '#pragma message: From 2023.1 release onwards the XilFPGA BSP user configuration  flags ‘reg_readback_en’ and  ‘data_readback_en’ will be disabled by default but users can still be able to enable these flags as needed'
000-  270 | #pragma message ("From 2023.1 release onwards the XilFPGA BSP user configuration  flags ‘reg_readback_en’ and  ‘data_readback_en’ will be disabled by default but users can still be able to enable these flags as needed")
000-      |         ^~~~~~~
000-In file included from xilfpga_pcap.c:136:
000/DRCPlatform270-1-1'#pragma message: From 2023.1 release onwards the XilFPGA BSP user configuration  flags ‘reg_readback_en’ and  ‘data_readback_en’ will be disabled by default but users can still be able to enable these flags as needed'0-xilfpga.h:270:9: note: '#pragma message: From 2023.1 release onwards the XilFPGA BSP user configuration  flags ‘reg_readback_en’ and  ‘data_readback_en’ will be disabled by default but users can still be able to enable these flags as needed'
000-  270 | #pragma message ("From 2023.1 release onwards the XilFPGA BSP user configuration  flags ‘reg_readback_en’ and  ‘data_readback_en’ will be disabled by default but users can still be able to enable these flags as needed")
000-      |         ^~~~~~~
000/DRCPlatform81-1-1'#pragma message: For the sleep routines, assembly instructions are used'0-microblaze_sleep.c:81:9: note: '#pragma message: For the sleep routines, assembly instructions are used'
000-   81 | #pragma message ("For the sleep routines, assembly instructions are used")
000-      |         ^~~~~~~
000-"DEBUG NON_LTO_OBJECTS is ../../../lib/microblaze_interrupt_handler.o"
000-
000-'Finished building libraries parallelly.'
000-
000-make --no-print-directory archive
000-
000-mb-ar -r  psu_pmu_0/lib/libxil.a psu_pmu_0/lib/_exit.o psu_pmu_0/lib/errno.o psu_pmu_0/lib/fcntl.o psu_pmu_0/lib/hw_exception_h
000-andler.o psu_pmu_0/lib/inbyte.o psu_pmu_0/lib/microblaze_disable_dcache.o psu_pmu_0/lib/microblaze_disable_exceptions.o psu_pmu
000-_0/lib/microblaze_disable_icache.o psu_pmu_0/lib/microblaze_disable_interrupts.o psu_pmu_0/lib/microblaze_enable_dcache.o psu_p
000-mu_0/lib/microblaze_enable_exceptions.o psu_pmu_0/lib/microblaze_enable_icache.o psu_pmu_0/lib/microblaze_enable_interrupts.o p
000-su_pmu_0/lib/microblaze_exception_handler.o psu_pmu_0/lib/microblaze_flush_cache_ext.o psu_pmu_0/lib/microblaze_flush_cache_ext
000-_range.o psu_pmu_0/lib/microblaze_flush_dcache.o psu_pmu_0/lib/microblaze_flush_dcache_range.o psu_pmu_0/lib/microblaze_init_dc
000-ache_range.o psu_pmu_0/lib/microblaze_init_icache_range.o psu_pmu_0/lib/microblaze_interrupt_handler.o psu_pmu_0/lib/microblaze
000-_interrupts_g.o psu_pmu_0/lib/microblaze_invalidate_cache_ext.o psu_pmu_0/lib/microblaze_invalidate_cache_ext_range.o psu_pmu_0
000-/lib/microblaze_invalidate_dcache.o psu_pmu_0/lib/microblaze_invalidate_dcache_range.o psu_pmu_0/lib/microblaze_invalidate_icac
000-he.o psu_pmu_0/lib/microblaze_invalidate_icache_range.o psu_pmu_0/lib/microblaze_scrub.o psu_pmu_0/lib/microblaze_selftest.o ps
000-u_pmu_0/lib/microblaze_sleep.o psu_pmu_0/lib/microblaze_update_dcache.o psu_pmu_0/lib/microblaze_update_icache.o psu_pmu_0/lib/
000-outbyte.o psu_pmu_0/lib/print.o psu_pmu_0/lib/pvr.o psu_pmu_0/lib/xaxipmon.o psu_pmu_0/lib/xaxipmon_g.o psu_pmu_0/lib/xaxipmon_
000-selftest.o psu_pmu_0/lib/xaxipmon_sinit.o psu_pmu_0/lib/xclockps.o psu_pmu_0/lib/xclockps_divider.o psu_pmu_0/lib/xclockps_fixe
000-dfactor.o psu_pmu_0/lib/xclockps_g.o psu_pmu_0/lib/xclockps_gate.o psu_pmu_0/lib/xclockps_mux.o psu_pmu_0/lib/xclockps_pll.o ps
000-u_pmu_0/lib/xclockps_sinit.o psu_pmu_0/lib/xcsudma.o psu_pmu_0/lib/xcsudma_g.o psu_pmu_0/lib/xcsudma_intr.o psu_pmu_0/lib/xcsud
000-ma_selftest.o psu_pmu_0/lib/xcsudma_sinit.o psu_pmu_0/lib/xgpio.o psu_pmu_0/lib/xgpio_extra.o psu_pmu_0/lib/xgpio_g.o psu_pmu_0
000-/lib/xgpio_intr.o psu_pmu_0/lib/xgpio_selftest.o psu_pmu_0/lib/xgpio_sinit.o psu_pmu_0/lib/xgpiops.o psu_pmu_0/lib/xgpiops_g.o 
000-psu_pmu_0/lib/xgpiops_hw.o psu_pmu_0/lib/xgpiops_intr.o psu_pmu_0/lib/xgpiops_selftest.o psu_pmu_0/lib/xgpiops_sinit.o psu_pmu_
000-0/lib/xiic.o psu_pmu_0/lib/xiic_dyn_master.o psu_pmu_0/lib/xiic_g.o psu_pmu_0/lib/xiic_intr.o psu_pmu_0/lib/xiic_l.o psu_pmu_0/
000-lib/xiic_master.o psu_pmu_0/lib/xiic_multi_master.o psu_pmu_0/lib/xiic_options.o psu_pmu_0/lib/xiic_selftest.o psu_pmu_0/lib/xi
000-ic_sinit.o psu_pmu_0/lib/xiic_slave.o psu_pmu_0/lib/xiic_stats.o psu_pmu_0/lib/xiicps.o psu_pmu_0/lib/xiicps_g.o psu_pmu_0/lib/
000-xiicps_hw.o psu_pmu_0/lib/xiicps_intr.o psu_pmu_0/lib/xiicps_master.o psu_pmu_0/lib/xiicps_options.o psu_pmu_0/lib/xiicps_selft
000-est.o psu_pmu_0/lib/xiicps_sinit.o psu_pmu_0/lib/xiicps_slave.o psu_pmu_0/lib/xiicps_xfer.o psu_pmu_0/lib/xil_assert.o psu_pmu_
000-0/lib/xil_cache.o psu_pmu_0/lib/xil_clocking.o psu_pmu_0/lib/xil_exception.o psu_pmu_0/lib/xil_mem.o psu_pmu_0/lib/xil_misc_psr
000-eset_api.o psu_pmu_0/lib/xil_printf.o psu_pmu_0/lib/xil_sleepcommon.o psu_pmu_0/lib/xil_testcache.o psu_pmu_0/lib/xil_testio.o 
000-psu_pmu_0/lib/xil_testmem.o psu_pmu_0/lib/xil_util.o psu_pmu_0/lib/xinterrupt_wrap.o psu_pmu_0/lib/xio.o psu_pmu_0/lib/xipipsu.
000-o psu_pmu_0/lib/xipipsu_buf.o psu_pmu_0/lib/xipipsu_g.o psu_pmu_0/lib/xipipsu_sinit.o psu_pmu_0/lib/xplatform_info.o psu_pmu_0/
000-lib/xqspipsu.o psu_pmu_0/lib/xqspipsu_control.o psu_pmu_0/lib/xqspipsu_g.o psu_pmu_0/lib/xqspipsu_hw.o psu_pmu_0/lib/xqspipsu_o
000-ptions.o psu_pmu_0/lib/xqspipsu_sinit.o psu_pmu_0/lib/xresetps.o psu_pmu_0/lib/xresetps_g.o psu_pmu_0/lib/xresetps_sinit.o psu_
000-pmu_0/lib/xrtcpsu.o psu_pmu_0/lib/xrtcpsu_g.o psu_pmu_0/lib/xrtcpsu_intr.o psu_pmu_0/lib/xrtcpsu_selftest.o psu_pmu_0/lib/xrtcp
000-su_sinit.o psu_pmu_0/lib/xsdps.o psu_pmu_0/lib/xsdps_card.o psu_pmu_0/lib/xsdps_g.o psu_pmu_0/lib/xsdps_host.o psu_pmu_0/lib/xs
000-dps_options.o psu_pmu_0/lib/xsdps_sinit.o psu_pmu_0/lib/xspi.o psu_pmu_0/lib/xspi_g.o psu_pmu_0/lib/xspi_options.o psu_pmu_0/li
000-b/xspi_selftest.o psu_pmu_0/lib/xspi_sinit.o psu_pmu_0/lib/xspi_stats.o psu_pmu_0/lib/xsysmonpsu.o psu_pmu_0/lib/xsysmonpsu_g.o
000- psu_pmu_0/lib/xsysmonpsu_intr.o psu_pmu_0/lib/xsysmonpsu_selftest.o psu_pmu_0/lib/xsysmonpsu_sinit.o psu_pmu_0/lib/xttcps.o ps
000-u_pmu_0/lib/xttcps_g.o psu_pmu_0/lib/xttcps_options.o psu_pmu_0/lib/xttcps_selftest.o psu_pmu_0/lib/xttcps_sinit.o psu_pmu_0/li
000-b/xuartps.o psu_pmu_0/lib/xuartps_g.o psu_pmu_0/lib/xuartps_hw.o psu_pmu_0/lib/xuartps_intr.o psu_pmu_0/lib/xuartps_options.o p
000-su_pmu_0/lib/xuartps_selftest.o psu_pmu_0/lib/xuartps_sinit.o psu_pmu_0/lib/xwdtps.o psu_pmu_0/lib/xwdtps_g.o psu_pmu_0/lib/xwd
000-tps_selftest.o psu_pmu_0/lib/xwdtps_sinit.o psu_pmu_0/lib/xzdma.o psu_pmu_0/lib/xzdma_g.o psu_pmu_0/lib/xzdma_intr.o psu_pmu_0/
000-lib/xzdma_selftest.o psu_pmu_0/lib/xzdma_sinit.o
000-
000-mb-ar: creating psu_pmu_0/lib/libxil.a
000-'Finished building libraries'
000-
000-make: Leaving directory 'C:/Xilinx/Projects/DRC_Rev2.0_Deliverables/Vitis2023.1/DRC_Rev2.0_SW/DRCPlatform/zynqmp_pmufw/zynqmp_p
000-mufw_bsp'
000-
000-mb-gcc  -mlittle-endian -mxl-barrel-shift -mxl-pattern-compare -mxl-soft-mul -mcpu=v9.2 -MMD -MP      -mlittle-endian -mxl-barr
000-el-shift -mxl-pattern-compare -mcpu=v9.2 -mxl-soft-mul -Os -flto -ffat-lto-objects   -c xpfw_mod_common.c -o xpfw_mod_common.o 
000--Izynqmp_pmufw_bsp/psu_pmu_0/include -I.
000-
000-mb-gcc  -mlittle-endian -mxl-barrel-shift -mxl-pattern-compare -mxl-soft-mul -mcpu=v9.2 -MMD -MP      -mlittle-endian -mxl-barr
000-el-shift -mxl-pattern-compare -mcpu=v9.2 -mxl-soft-mul -Os -flto -ffat-lto-objects   -c xpfw_user_startup.c -o xpfw_user_startu
000-p.o -Izynqmp_pmufw_bsp/psu_pmu_0/include -I.
000-
000-mb-gcc  -mlittle-endian -mxl-barrel-shift -mxl-pattern-compare -mxl-soft-mul -mcpu=v9.2 -MMD -MP      -mlittle-endian -mxl-barr
000-el-shift -mxl-pattern-compare -mcpu=v9.2 -mxl-soft-mul -Os -flto -ffat-lto-objects   -c pm_clock.c -o pm_clock.o -Izynqmp_pmufw
000-_bsp/psu_pmu_0/include -I.
000-
000-mb-gcc  -mlittle-endian -mxl-barrel-shift -mxl-pattern-compare -mxl-soft-mul -mcpu=v9.2 -MMD -MP      -mlittle-endian -mxl-barr
000-el-shift -mxl-pattern-compare -mcpu=v9.2 -mxl-soft-mul -Os -flto -ffat-lto-objects   -c xpfw_mod_ultra96.c -o xpfw_mod_ultra96.
000-o -Izynqmp_pmufw_bsp/psu_pmu_0/include -I.
000-
000-mb-gcc  -mlittle-endian -mxl-barrel-shift -mxl-pattern-compare -mxl-soft-mul -mcpu=v9.2 -MMD -MP      -mlittle-endian -mxl-barr
000-el-shift -mxl-pattern-compare -mcpu=v9.2 -mxl-soft-mul -Os -flto -ffat-lto-objects   -c xpfw_mod_em.c -o xpfw_mod_em.o -Izynqmp
000-_pmufw_bsp/psu_pmu_0/include -I.
000-
000-mb-gcc  -mlittle-endian -mxl-barrel-shift -mxl-pattern-compare -mxl-soft-mul -mcpu=v9.2 -MMD -MP      -mlittle-endian -mxl-barr
000-el-shift -mxl-pattern-compare -mcpu=v9.2 -mxl-soft-mul -Os -flto -ffat-lto-objects   -c pm_power.c -o pm_power.o -Izynqmp_pmufw
000-_bsp/psu_pmu_0/include -I.
000-
000-mb-gcc  -mlittle-endian -mxl-barrel-shift -mxl-pattern-compare -mxl-soft-mul -mcpu=v9.2 -MMD -MP      -mlittle-endian -mxl-barr
000-el-shift -mxl-pattern-compare -mcpu=v9.2 -mxl-soft-mul -Os -flto -ffat-lto-objects   -c pm_usb.c -o pm_usb.o -Izynqmp_pmufw_bsp
000-/psu_pmu_0/include -I.
000-
000-mb-gcc  -mlittle-endian -mxl-barrel-shift -mxl-pattern-compare -mxl-soft-mul -mcpu=v9.2 -MMD -MP      -mlittle-endian -mxl-barr
000-el-shift -mxl-pattern-compare -mcpu=v9.2 -mxl-soft-mul -Os -flto -ffat-lto-objects   -c pm_gpp.c -o pm_gpp.o -Izynqmp_pmufw_bsp
000-/psu_pmu_0/include -I.
000-
000-mb-gcc  -mlittle-endian -mxl-barrel-shift -mxl-pattern-compare -mxl-soft-mul -mcpu=v9.2 -MMD -MP      -mlittle-endian -mxl-barr
000-el-shift -mxl-pattern-compare -mcpu=v9.2 -mxl-soft-mul -Os -flto -ffat-lto-objects   -c pm_binding.c -o pm_binding.o -Izynqmp_p
000-mufw_bsp/psu_pmu_0/include -I.
000-
000-mb-gcc  -mlittle-endian -mxl-barrel-shift -mxl-pattern-compare -mxl-soft-mul -mcpu=v9.2 -MMD -MP      -mlittle-endian -mxl-barr
000-el-shift -mxl-pattern-compare -mcpu=v9.2 -mxl-soft-mul -Os -flto -ffat-lto-objects   -c pm_pll.c -o pm_pll.o -Izynqmp_pmufw_bsp
000-/psu_pmu_0/include -I.
000-
000-mb-gcc  -mlittle-endian -mxl-barrel-shift -mxl-pattern-compare -mxl-soft-mul -mcpu=v9.2 -MMD -MP      -mlittle-endian -mxl-barr
000-el-shift -mxl-pattern-compare -mcpu=v9.2 -mxl-soft-mul -Os -flto -ffat-lto-objects   -c xpfw_main.c -o xpfw_main.o -Izynqmp_pmu
000-fw_bsp/psu_pmu_0/include -I.
000-
000-mb-gcc  -mlittle-endian -mxl-barrel-shift -mxl-pattern-compare -mxl-soft-mul -mcpu=v9.2 -MMD -MP      -mlittle-endian -mxl-barr
000-el-shift -mxl-pattern-compare -mcpu=v9.2 -mxl-soft-mul -Os -flto -ffat-lto-objects   -c pm_periph.c -o pm_periph.o -Izynqmp_pmu
000-fw_bsp/psu_pmu_0/include -I.
000-
000-mb-gcc  -mlittle-endian -mxl-barrel-shift -mxl-pattern-compare -mxl-soft-mul -mcpu=v9.2 -MMD -MP      -mlittle-endian -mxl-barr
000-el-shift -mxl-pattern-compare -mcpu=v9.2 -mxl-soft-mul -Os -flto -ffat-lto-objects   -c pm_slave.c -o pm_slave.o -Izynqmp_pmufw
000-_bsp/psu_pmu_0/include -I.
000-
000-mb-gcc  -mlittle-endian -mxl-barrel-shift -mxl-pattern-compare -mxl-soft-mul -mcpu=v9.2 -MMD -MP      -mlittle-endian -mxl-barr
000-el-shift -mxl-pattern-compare -mcpu=v9.2 -mxl-soft-mul -Os -flto -ffat-lto-objects   -c idle_hooks.c -o idle_hooks.o -Izynqmp_p
000-mufw_bsp/psu_pmu_0/include -I.
000-
000-mb-gcc  -mlittle-endian -mxl-barrel-shift -mxl-pattern-compare -mxl-soft-mul -mcpu=v9.2 -MMD -MP      -mlittle-endian -mxl-barr
000-el-shift -mxl-pattern-compare -mcpu=v9.2 -mxl-soft-mul -Os -flto -ffat-lto-objects   -c xpfw_resets.c -o xpfw_resets.o -Izynqmp
000-_pmufw_bsp/psu_pmu_0/include -I.
000-
000-mb-gcc  -mlittle-endian -mxl-barrel-shift -mxl-pattern-compare -mxl-soft-mul -mcpu=v9.2 -MMD -MP      -mlittle-endian -mxl-barr
000-el-shift -mxl-pattern-compare -mcpu=v9.2 -mxl-soft-mul -Os -flto -ffat-lto-objects   -c xpfw_mod_pm.c -o xpfw_mod_pm.o -Izynqmp
000-_pmufw_bsp/psu_pmu_0/include -I.
000-
000-mb-gcc  -mlittle-endian -mxl-barrel-shift -mxl-pattern-compare -mxl-soft-mul -mcpu=v9.2 -MMD -MP      -mlittle-endian -mxl-barr
000-el-shift -mxl-pattern-compare -mcpu=v9.2 -mxl-soft-mul -Os -flto -ffat-lto-objects   -c pm_node.c -o pm_node.o -Izynqmp_pmufw_b
000-sp/psu_pmu_0/include -I.
000-
000-mb-gcc  -mlittle-endian -mxl-barrel-shift -mxl-pattern-compare -mxl-soft-mul -mcpu=v9.2 -MMD -MP      -mlittle-endian -mxl-barr
000-el-shift -mxl-pattern-compare -mcpu=v9.2 -mxl-soft-mul -Os -flto -ffat-lto-objects   -c pm_extern.c -o pm_extern.o -Izynqmp_pmu
000-fw_bsp/psu_pmu_0/include -I.
000-
000-mb-gcc  -mlittle-endian -mxl-barrel-shift -mxl-pattern-compare -mxl-soft-mul -mcpu=v9.2 -MMD -MP      -mlittle-endian -mxl-barr
000-el-shift -mxl-pattern-compare -mcpu=v9.2 -mxl-soft-mul -Os -flto -ffat-lto-objects   -c xpfw_mod_extwdt.c -o xpfw_mod_extwdt.o 
000--Izynqmp_pmufw_bsp/psu_pmu_0/include -I.
000-
000-mb-gcc  -mlittle-endian -mxl-barrel-shift -mxl-pattern-compare -mxl-soft-mul -mcpu=v9.2 -MMD -MP      -mlittle-endian -mxl-barr
000-el-shift -mxl-pattern-compare -mcpu=v9.2 -mxl-soft-mul -Os -flto -ffat-lto-objects   -c xpfw_mod_rpu.c -o xpfw_mod_rpu.o -Izynq
000-mp_pmufw_bsp/psu_pmu_0/include -I.
000-
000-mb-gcc  -mlittle-endian -mxl-barrel-shift -mxl-pattern-compare -mxl-soft-mul -mcpu=v9.2 -MMD -MP      -mlittle-endian -mxl-barr
000-el-shift -mxl-pattern-compare -mcpu=v9.2 -mxl-soft-mul -Os -flto -ffat-lto-objects   -c xpfw_mod_dap.c -o xpfw_mod_dap.o -Izynq
000-mp_pmufw_bsp/psu_pmu_0/include -I.
000-
000-mb-gcc  -mlittle-endian -mxl-barrel-shift -mxl-pattern-compare -mxl-soft-mul -mcpu=v9.2 -MMD -MP      -mlittle-endian -mxl-barr
000-el-shift -mxl-pattern-compare -mcpu=v9.2 -mxl-soft-mul -Os -flto -ffat-lto-objects   -c xpfw_mod_stl.c -o xpfw_mod_stl.o -Izynq
000-mp_pmufw_bsp/psu_pmu_0/include -I.
000-
000-mb-gcc  -mlittle-endian -mxl-barrel-shift -mxl-pattern-compare -mxl-soft-mul -mcpu=v9.2 -MMD -MP      -mlittle-endian -mxl-barr
000-el-shift -mxl-pattern-compare -mcpu=v9.2 -mxl-soft-mul -Os -flto -ffat-lto-objects   -c pm_callbacks.c -o pm_callbacks.o -Izynq
000-mp_pmufw_bsp/psu_pmu_0/include -I.
000-
000-mb-gcc  -mlittle-endian -mxl-barrel-shift -mxl-pattern-compare -mxl-soft-mul -mcpu=v9.2 -MMD -MP      -mlittle-endian -mxl-barr
000-el-shift -mxl-pattern-compare -mcpu=v9.2 -mxl-soft-mul -Os -flto -ffat-lto-objects   -c pm_reset.c -o pm_reset.o -Izynqmp_pmufw
000-_bsp/psu_pmu_0/include -I.
000-
000-mb-gcc  -mlittle-endian -mxl-barrel-shift -mxl-pattern-compare -mxl-soft-mul -mcpu=v9.2 -MMD -MP      -mlittle-endian -mxl-barr
000-el-shift -mxl-pattern-compare -mcpu=v9.2 -mxl-soft-mul -Os -flto -ffat-lto-objects   -c pm_proc.c -o pm_proc.o -Izynqmp_pmufw_b
000-sp/psu_pmu_0/include -I.
000-
000-mb-gcc  -mlittle-endian -mxl-barrel-shift -mxl-pattern-compare -mxl-soft-mul -mcpu=v9.2 -MMD -MP      -mlittle-endian -mxl-barr
000-el-shift -mxl-pattern-compare -mcpu=v9.2 -mxl-soft-mul -Os -flto -ffat-lto-objects   -c pm_csudma.c -o pm_csudma.o -Izynqmp_pmu
000-fw_bsp/psu_pmu_0/include -I.
000-
000-mb-gcc  -mlittle-endian -mxl-barrel-shift -mxl-pattern-compare -mxl-soft-mul -mcpu=v9.2 -MMD -MP      -mlittle-endian -mxl-barr
000-el-shift -mxl-pattern-compare -mcpu=v9.2 -mxl-soft-mul -Os -flto -ffat-lto-objects   -c xpfw_rom_interface.c -o xpfw_rom_interf
000-ace.o -Izynqmp_pmufw_bsp/psu_pmu_0/include -I.
000-
000-mb-gcc  -mlittle-endian -mxl-barrel-shift -mxl-pattern-compare -mxl-soft-mul -mcpu=v9.2 -MMD -MP      -mlittle-endian -mxl-barr
000-el-shift -mxl-pattern-compare -mcpu=v9.2 -mxl-soft-mul -Os -flto -ffat-lto-objects   -c xpfw_mod_sched.c -o xpfw_mod_sched.o -I
000-zynqmp_pmufw_bsp/psu_pmu_0/include -I.
000-
000-mb-gcc  -mlittle-endian -mxl-barrel-shift -mxl-pattern-compare -mxl-soft-mul -mcpu=v9.2 -MMD -MP      -mlittle-endian -mxl-barr
000-el-shift -mxl-pattern-compare -mcpu=v9.2 -mxl-soft-mul -Os -flto -ffat-lto-objects   -c pm_sram.c -o pm_sram.o -Izynqmp_pmufw_b
000-sp/psu_pmu_0/include -I.
000-
000-mb-gcc  -mlittle-endian -mxl-barrel-shift -mxl-pattern-compare -mxl-soft-mul -mcpu=v9.2 -MMD -MP      -mlittle-endian -mxl-barr
000-el-shift -mxl-pattern-compare -mcpu=v9.2 -mxl-soft-mul -Os -flto -ffat-lto-objects   -c xpfw_scheduler.c -o xpfw_scheduler.o -I
000-zynqmp_pmufw_bsp/psu_pmu_0/include -I.
000-
000-mb-gcc  -mlittle-endian -mxl-barrel-shift -mxl-pattern-compare -mxl-soft-mul -mcpu=v9.2 -MMD -MP      -mlittle-endian -mxl-barr
000-el-shift -mxl-pattern-compare -mcpu=v9.2 -mxl-soft-mul -Os -flto -ffat-lto-objects   -c pm_qspi.c -o pm_qspi.o -Izynqmp_pmufw_b
000-sp/psu_pmu_0/include -I.
000-
000-mb-gcc  -mlittle-endian -mxl-barrel-shift -mxl-pattern-compare -mxl-soft-mul -mcpu=v9.2 -MMD -MP      -mlittle-endian -mxl-barr
000-el-shift -mxl-pattern-compare -mcpu=v9.2 -mxl-soft-mul -Os -flto -ffat-lto-objects   -c xpfw_util.c -o xpfw_util.o -Izynqmp_pmu
000-fw_bsp/psu_pmu_0/include -I.
000-
000-mb-gcc  -mlittle-endian -mxl-barrel-shift -mxl-pattern-compare -mxl-soft-mul -mcpu=v9.2 -MMD -MP      -mlittle-endian -mxl-barr
000-el-shift -mxl-pattern-compare -mcpu=v9.2 -mxl-soft-mul -Os -flto -ffat-lto-objects   -c xpfw_interrupts.c -o xpfw_interrupts.o 
000--Izynqmp_pmufw_bsp/psu_pmu_0/include -I.
000-
000-mb-gcc  -mlittle-endian -mxl-barrel-shift -mxl-pattern-compare -mxl-soft-mul -mcpu=v9.2 -MMD -MP      -mlittle-endian -mxl-barr
000-el-shift -mxl-pattern-compare -mcpu=v9.2 -mxl-soft-mul -Os -flto -ffat-lto-objects   -c pm_ddr.c -o pm_ddr.o -Izynqmp_pmufw_bsp
000-/psu_pmu_0/include -I.
000-
000-mb-gcc  -mlittle-endian -mxl-barrel-shift -mxl-pattern-compare -mxl-soft-mul -mcpu=v9.2 -MMD -MP      -mlittle-endian -mxl-barr
000-el-shift -mxl-pattern-compare -mcpu=v9.2 -mxl-soft-mul -Os -flto -ffat-lto-objects   -c xpfw_platform.c -o xpfw_platform.o -Izy
000-nqmp_pmufw_bsp/psu_pmu_0/include -I.
000-
000-mb-gcc  -mlittle-endian -mxl-barrel-shift -mxl-pattern-compare -mxl-soft-mul -mcpu=v9.2 -MMD -MP      -mlittle-endian -mxl-barr
000-el-shift -mxl-pattern-compare -mcpu=v9.2 -mxl-soft-mul -Os -flto -ffat-lto-objects   -c xpfw_xpu.c -o xpfw_xpu.o -Izynqmp_pmufw
000-_bsp/psu_pmu_0/include -I.
000-
000-mb-gcc  -mlittle-endian -mxl-barrel-shift -mxl-pattern-compare -mxl-soft-mul -mcpu=v9.2 -MMD -MP      -mlittle-endian -mxl-barr
000-el-shift -mxl-pattern-compare -mcpu=v9.2 -mxl-soft-mul -Os -flto -ffat-lto-objects   -c pm_pinctrl.c -o pm_pinctrl.o -Izynqmp_p
000-mufw_bsp/psu_pmu_0/include -I.
000-
000-mb-gcc  -mlittle-endian -mxl-barrel-shift -mxl-pattern-compare -mxl-soft-mul -mcpu=v9.2 -MMD -MP      -mlittle-endian -mxl-barr
000-el-shift -mxl-pattern-compare -mcpu=v9.2 -mxl-soft-mul -Os -flto -ffat-lto-objects   -c xpfw_mod_rtc.c -o xpfw_mod_rtc.o -Izynq
000-mp_pmufw_bsp/psu_pmu_0/include -I.
000-
000-mb-gcc  -mlittle-endian -mxl-barrel-shift -mxl-pattern-compare -mxl-soft-mul -mcpu=v9.2 -MMD -MP      -mlittle-endian -mxl-barr
000-el-shift -mxl-pattern-compare -mcpu=v9.2 -mxl-soft-mul -Os -flto -ffat-lto-objects   -c xpfw_events.c -o xpfw_events.o -Izynqmp
000-_pmufw_bsp/psu_pmu_0/include -I.
000-
000-mb-gcc  -mlittle-endian -mxl-barrel-shift -mxl-pattern-compare -mxl-soft-mul -mcpu=v9.2 -MMD -MP      -mlittle-endian -mxl-barr
000-el-shift -mxl-pattern-compare -mcpu=v9.2 -mxl-soft-mul -Os -flto -ffat-lto-objects   -c xpfw_aib.c -o xpfw_aib.o -Izynqmp_pmufw
000-_bsp/psu_pmu_0/include -I.
000-
000-mb-gcc  -mlittle-endian -mxl-barrel-shift -mxl-pattern-compare -mxl-soft-mul -mcpu=v9.2 -MMD -MP      -mlittle-endian -mxl-barr
000-el-shift -mxl-pattern-compare -mcpu=v9.2 -mxl-soft-mul -Os -flto -ffat-lto-objects   -c xpfw_mod_wdt.c -o xpfw_mod_wdt.o -Izynq
000-mp_pmufw_bsp/psu_pmu_0/include -I.
000-
000-mb-gcc  -mlittle-endian -mxl-barrel-shift -mxl-pattern-compare -mxl-soft-mul -mcpu=v9.2 -MMD -MP      -mlittle-endian -mxl-barr
000-el-shift -mxl-pattern-compare -mcpu=v9.2 -mxl-soft-mul -Os -flto -ffat-lto-objects   -c pm_notifier.c -o pm_notifier.o -Izynqmp
000-_pmufw_bsp/psu_pmu_0/include -I.
000-
000-mb-gcc  -mlittle-endian -mxl-barrel-shift -mxl-pattern-compare -mxl-soft-mul -mcpu=v9.2 -MMD -MP      -mlittle-endian -mxl-barr
000-el-shift -mxl-pattern-compare -mcpu=v9.2 -mxl-soft-mul -Os -flto -ffat-lto-objects   -c xpfw_mod_overtemp.c -o xpfw_mod_overtem
000-p.o -Izynqmp_pmufw_bsp/psu_pmu_0/include -I.
000-
000-mb-gcc  -mlittle-endian -mxl-barrel-shift -mxl-pattern-compare -mxl-soft-mul -mcpu=v9.2 -MMD -MP      -mlittle-endian -mxl-barr
000-el-shift -mxl-pattern-compare -mcpu=v9.2 -mxl-soft-mul -Os -flto -ffat-lto-objects   -c pm_gic_proxy.c -o pm_gic_proxy.o -Izynq
000-mp_pmufw_bsp/psu_pmu_0/include -I.
000-
000-mb-gcc  -mlittle-endian -mxl-barrel-shift -mxl-pattern-compare -mxl-soft-mul -mcpu=v9.2 -MMD -MP      -mlittle-endian -mxl-barr
000-el-shift -mxl-pattern-compare -mcpu=v9.2 -mxl-soft-mul -Os -flto -ffat-lto-objects   -c xpfw_core.c -o xpfw_core.o -Izynqmp_pmu
000-fw_bsp/psu_pmu_0/include -I.
000-
000-mb-gcc  -mlittle-endian -mxl-barrel-shift -mxl-pattern-compare -mxl-soft-mul -mcpu=v9.2 -MMD -MP      -mlittle-endian -mxl-barr
000-el-shift -mxl-pattern-compare -mcpu=v9.2 -mxl-soft-mul -Os -flto -ffat-lto-objects   -c pm_core.c -o pm_core.o -Izynqmp_pmufw_b
000-sp/psu_pmu_0/include -I.
000-
000-In file included from pm_core.c:28:
000/DRCPlatform/zynqmp_pmufw/zynqmp_pmufw_bsp/psu_pmu_0/include/xilfpga.h270-1-1'#pragma message: From 2023.1 release onwards the XilFPGA BSP user configuration  flags ‘reg_readback_en’ and  ‘data_readback_en’ will be disabled by default but users can still be able to enable these flags as needed'0-zynqmp_pmufw_bsp/psu_pmu_0/include/xilfpga.h:270:9: note: '#pragma message: From 2023.1 release onwards the XilFPGA BSP user configuration  flags ‘reg_readback_en’ and  ‘data_readback_en’ will be disabled by default but users can still be able to enable these flags as needed'
000-  270 | #pragma message ("From 2023.1 release onwards the XilFPGA BSP user configuration  flags ‘reg_readback_en’ and  ‘data_readback_en’ will be disabled by default but users can still be able to enable these flags as needed")
000-      |         ^~~~~~~
000-mb-gcc  -mlittle-endian -mxl-barrel-shift -mxl-pattern-compare -mxl-soft-mul -mcpu=v9.2 -MMD -MP      -mlittle-endian -mxl-barr
000-el-shift -mxl-pattern-compare -mcpu=v9.2 -mxl-soft-mul -Os -flto -ffat-lto-objects   -c pm_config.c -o pm_config.o -Izynqmp_pmu
000-fw_bsp/psu_pmu_0/include -I.
000-
000-mb-gcc  -mlittle-endian -mxl-barrel-shift -mxl-pattern-compare -mxl-soft-mul -mcpu=v9.2 -MMD -MP      -mlittle-endian -mxl-barr
000-el-shift -mxl-pattern-compare -mcpu=v9.2 -mxl-soft-mul -Os -flto -ffat-lto-objects   -c pm_system.c -o pm_system.o -Izynqmp_pmu
000-fw_bsp/psu_pmu_0/include -I.
000-
000-mb-gcc  -mlittle-endian -mxl-barrel-shift -mxl-pattern-compare -mxl-soft-mul -mcpu=v9.2 -MMD -MP      -mlittle-endian -mxl-barr
000-el-shift -mxl-pattern-compare -mcpu=v9.2 -mxl-soft-mul -Os -flto -ffat-lto-objects   -c pm_mmio_access.c -o pm_mmio_access.o -I
000-zynqmp_pmufw_bsp/psu_pmu_0/include -I.
000-
000-mb-gcc  -mlittle-endian -mxl-barrel-shift -mxl-pattern-compare -mxl-soft-mul -mcpu=v9.2 -MMD -MP      -mlittle-endian -mxl-barr
000-el-shift -mxl-pattern-compare -mcpu=v9.2 -mxl-soft-mul -Os -flto -ffat-lto-objects   -c pm_node_reset.c -o pm_node_reset.o -Izy
000-nqmp_pmufw_bsp/psu_pmu_0/include -I.
000-
000-mb-gcc  -mlittle-endian -mxl-barrel-shift -mxl-pattern-compare -mxl-soft-mul -mcpu=v9.2 -MMD -MP      -mlittle-endian -mxl-barr
000-el-shift -mxl-pattern-compare -mcpu=v9.2 -mxl-soft-mul -Os -flto -ffat-lto-objects   -c pm_requirement.c -o pm_requirement.o -I
000-zynqmp_pmufw_bsp/psu_pmu_0/include -I.
000-
000-mb-gcc  -mlittle-endian -mxl-barrel-shift -mxl-pattern-compare -mxl-soft-mul -mcpu=v9.2 -MMD -MP      -mlittle-endian -mxl-barr
000-el-shift -mxl-pattern-compare -mcpu=v9.2 -mxl-soft-mul -Os -flto -ffat-lto-objects   -c xpfw_mod_legacy.c -o xpfw_mod_legacy.o 
000--Izynqmp_pmufw_bsp/psu_pmu_0/include -I.
000-
000-mb-gcc  -mlittle-endian -mxl-barrel-shift -mxl-pattern-compare -mxl-soft-mul -mcpu=v9.2 -MMD -MP      -mlittle-endian -mxl-barr
000-el-shift -mxl-pattern-compare -mcpu=v9.2 -mxl-soft-mul -Os -flto -ffat-lto-objects   -c xpfw_module.c -o xpfw_module.o -Izynqmp
000-_pmufw_bsp/psu_pmu_0/include -I.
000-
000-mb-gcc  -mlittle-endian -mxl-barrel-shift -mxl-pattern-compare -mxl-soft-mul -mcpu=v9.2 -MMD -MP      -mlittle-endian -mxl-barr
000-el-shift -mxl-pattern-compare -mcpu=v9.2 -mxl-soft-mul -Os -flto -ffat-lto-objects   -c xpfw_restart.c -o xpfw_restart.o -Izynq
000-mp_pmufw_bsp/psu_pmu_0/include -I.
000-
000-mb-gcc  -mlittle-endian -mxl-barrel-shift -mxl-pattern-compare -mxl-soft-mul -mcpu=v9.2 -MMD -MP      -mlittle-endian -mxl-barr
000-el-shift -mxl-pattern-compare -mcpu=v9.2 -mxl-soft-mul -Os -flto -ffat-lto-objects   -c xpfw_error_manager.c -o xpfw_error_mana
000-ger.o -Izynqmp_pmufw_bsp/psu_pmu_0/include -I.
000-
000-mb-gcc  -mlittle-endian -mxl-barrel-shift -mxl-pattern-compare -mxl-soft-mul -mcpu=v9.2 -MMD -MP      -mlittle-endian -mxl-barr
000-el-shift -mxl-pattern-compare -mcpu=v9.2 -mxl-soft-mul -Os -flto -ffat-lto-objects   -c pm_hooks.c -o pm_hooks.o -Izynqmp_pmufw
000-_bsp/psu_pmu_0/include -I.
000-
000-mb-gcc  -mlittle-endian -mxl-barrel-shift -mxl-pattern-compare -mxl-soft-mul -mcpu=v9.2 -MMD -MP      -mlittle-endian -mxl-barr
000-el-shift -mxl-pattern-compare -mcpu=v9.2 -mxl-soft-mul -Os -flto -ffat-lto-objects   -c pm_ioctl.c -o pm_ioctl.o -Izynqmp_pmufw
000-_bsp/psu_pmu_0/include -I.
000-
000-mb-gcc  -mlittle-endian -mxl-barrel-shift -mxl-pattern-compare -mxl-soft-mul -mcpu=v9.2 -MMD -MP      -mlittle-endian -mxl-barr
000-el-shift -mxl-pattern-compare -mcpu=v9.2 -mxl-soft-mul -Os -flto -ffat-lto-objects   -c pm_master.c -o pm_master.o -Izynqmp_pmu
000-fw_bsp/psu_pmu_0/include -I.
000-
000-mb-gcc  -mlittle-endian -mxl-barrel-shift -mxl-pattern-compare -mxl-soft-mul -mcpu=v9.2 -MMD -MP      -mlittle-endian -mxl-barr
000-el-shift -mxl-pattern-compare -mcpu=v9.2 -mxl-soft-mul -Os -flto -ffat-lto-objects   -c xpfw_ipi_manager.c -o xpfw_ipi_manager.
000-o -Izynqmp_pmufw_bsp/psu_pmu_0/include -I.
000-
000-mb-gcc  -mlittle-endian -mxl-barrel-shift -mxl-pattern-compare -mxl-soft-mul -mcpu=v9.2 -MMD -MP      -mlittle-endian -mxl-barr
000-el-shift -mxl-pattern-compare -mcpu=v9.2 -mxl-soft-mul -Os -flto -ffat-lto-objects   -c xpfw_start.S -o xpfw_start.o -Izynqmp_p
000-mufw_bsp/psu_pmu_0/include -I.
000-
000-mb-gcc -o pmufw.elf idle_hooks.o pm_binding.o pm_callbacks.o pm_clock.o pm_config.o pm_core.o pm_csudma.o pm_ddr.o pm_extern.o 
000-pm_gic_proxy.o pm_gpp.o pm_hooks.o pm_ioctl.o pm_master.o pm_mmio_access.o pm_node.o pm_node_reset.o pm_notifier.o pm_periph.o 
000-pm_pinctrl.o pm_pll.o pm_power.o pm_proc.o pm_qspi.o pm_requirement.o pm_reset.o pm_slave.o pm_sram.o pm_system.o pm_usb.o xpfw
000-_aib.o xpfw_core.o xpfw_error_manager.o xpfw_events.o xpfw_interrupts.o xpfw_ipi_manager.o xpfw_main.o xpfw_mod_common.o xpfw_m
000-od_dap.o xpfw_mod_em.o xpfw_mod_extwdt.o xpfw_mod_legacy.o xpfw_mod_overtemp.o xpfw_mod_pm.o xpfw_mod_rpu.o xpfw_mod_rtc.o xpfw
000-_mod_sched.o xpfw_mod_stl.o xpfw_mod_ultra96.o xpfw_mod_wdt.o xpfw_module.o xpfw_platform.o xpfw_resets.o xpfw_restart.o xpfw_r
000-om_interface.o xpfw_scheduler.o xpfw_start.o xpfw_user_startup.o xpfw_util.o xpfw_xpu.o -MMD -MP      -mlittle-endian -mxl-barr
000-el-shift -mxl-pattern-compare -mcpu=v9.2 -mxl-soft-mul -Os -flto -ffat-lto-objects    -Wl,--start-group,-lxil,-lgcc,-lc,--end-g
000-roup -Wl,--start-group,-lxilfpga,-lxil,-lgcc,-lc,--end-group -Wl,--start-group,-lxilsecure,-lxil,-lgcc,-lc,--end-group -Wl,--st
000-art-group,-lxilskey,-lxil,-lgcc,-lc,--end-group                                                                                
000-                                        -nostartfiles -Wl,--no-relax -Wl,--gc-sections -Lzynqmp_pmufw_bsp/psu_pmu_0/lib -Tlscri
000-pt.ld
000-
000-lto-wrapper.exe: warning: using serial compilation of 2 LTRANS jobs
000-lto-wrapper.exe: note: see the '-flto' option documentation for more information
000-Building the BSP Library for domain  - standalone_domain on processor psu_cortexa53_0
000-make --no-print-directory seq_libs
000-
000-'Finished building libraries sequentially.'
000-
000-make -j 30 --no-print-directory par_libs
000-
000-"Running Make include in psu_cortexa53_0/libsrc/axipmon_v6_9/src"
000-
000-make -C psu_cortexa53_0/libsrc/axipmon_v6_9/src -s include  "SHELL=CMD" "COMPILER=aarch64-none-elf-gcc" "ASSEMBLER=aarch64-none
000--elf-as" "ARCHIVER=aarch64-none-elf-ar" "COMPILER_FLAGS=  -O2 -c" "EXTRA_COMPILER_FLAGS=-g -Wall -Wextra -fno-tree-loop-distrib
000-ute-patterns"
000-
000-"Running Make include in psu_cortexa53_0/libsrc/clockps_v1_4/src"
000-
000-make -C psu_cortexa53_0/libsrc/clockps_v1_4/src -s include  "SHELL=CMD" "COMPILER=aarch64-none-elf-gcc" "ASSEMBLER=aarch64-none
000--elf-as" "ARCHIVER=aarch64-none-elf-ar" "COMPILER_FLAGS=  -O2 -c" "EXTRA_COMPILER_FLAGS=-g -Wall -Wextra -fno-tree-loop-distrib
000-ute-patterns"
000-
000-"Running Make include in psu_cortexa53_0/libsrc/coresightps_dcc_v1_8/src"
000-
000-make -C psu_cortexa53_0/libsrc/coresightps_dcc_v1_8/src -s include  "SHELL=CMD" "COMPILER=aarch64-none-elf-gcc" "ASSEMBLER=aarc
000-h64-none-elf-as" "ARCHIVER=aarch64-none-elf-ar" "COMPILER_FLAGS=  -O2 -c" "EXTRA_COMPILER_FLAGS=-g -Wall -Wextra -fno-tree-loop
000--distribute-patterns"
000-
000-"Running Make include in psu_cortexa53_0/libsrc/cpu_cortexa53_v2_0/src"
000-
000-make -C psu_cortexa53_0/libsrc/cpu_cortexa53_v2_0/src -s include  "SHELL=CMD" "COMPILER=aarch64-none-elf-gcc" "ASSEMBLER=aarch6
000-4-none-elf-as" "ARCHIVER=aarch64-none-elf-ar" "COMPILER_FLAGS=  -O2 -c" "EXTRA_COMPILER_FLAGS=-g -Wall -Wextra -fno-tree-loop-d
000-istribute-patterns"
000-
000-"Running Make include in psu_cortexa53_0/libsrc/csudma_v1_13/src"
000-
000-make -C psu_cortexa53_0/libsrc/csudma_v1_13/src -s include  "SHELL=CMD" "COMPILER=aarch64-none-elf-gcc" "ASSEMBLER=aarch64-none
000--elf-as" "ARCHIVER=aarch64-none-elf-ar" "COMPILER_FLAGS=  -O2 -c" "EXTRA_COMPILER_FLAGS=-g -Wall -Wextra -fno-tree-loop-distrib
000-ute-patterns"
000-
000-"Running Make include in psu_cortexa53_0/libsrc/ddrcpsu_v1_4/src"
000-
000-make -C psu_cortexa53_0/libsrc/ddrcpsu_v1_4/src -s include  "SHELL=CMD" "COMPILER=aarch64-none-elf-gcc" "ASSEMBLER=aarch64-none
000--elf-as" "ARCHIVER=aarch64-none-elf-ar" "COMPILER_FLAGS=  -O2 -c" "EXTRA_COMPILER_FLAGS=-g -Wall -Wextra -fno-tree-loop-distrib
000-ute-patterns"
000-
000-"Running Make include in psu_cortexa53_0/libsrc/gpiops_v3_11/src"
000-
000-make -C psu_cortexa53_0/libsrc/gpiops_v3_11/src -s include  "SHELL=CMD" "COMPILER=aarch64-none-elf-gcc" "ASSEMBLER=aarch64-none
000--elf-as" "ARCHIVER=aarch64-none-elf-ar" "COMPILER_FLAGS=  -O2 -c" "EXTRA_COMPILER_FLAGS=-g -Wall -Wextra -fno-tree-loop-distrib
000-ute-patterns"
000-
000-"Running Make include in psu_cortexa53_0/libsrc/gpio_v4_9/src"
000-
000-make -C psu_cortexa53_0/libsrc/gpio_v4_9/src -s include  "SHELL=CMD" "COMPILER=aarch64-none-elf-gcc" "ASSEMBLER=aarch64-none-el
000-f-as" "ARCHIVER=aarch64-none-elf-ar" "COMPILER_FLAGS=  -O2 -c" "EXTRA_COMPILER_FLAGS=-g -Wall -Wextra -fno-tree-loop-distribute
000--patterns"
000-
000-"Running Make include in psu_cortexa53_0/libsrc/iicps_v3_17/src"
000-
000-make -C psu_cortexa53_0/libsrc/iicps_v3_17/src -s include  "SHELL=CMD" "COMPILER=aarch64-none-elf-gcc" "ASSEMBLER=aarch64-none-
000-elf-as" "ARCHIVER=aarch64-none-elf-ar" "COMPILER_FLAGS=  -O2 -c" "EXTRA_COMPILER_FLAGS=-g -Wall -Wextra -fno-tree-loop-distribu
000-te-patterns"
000-
000-"Running Make include in psu_cortexa53_0/libsrc/iic_v3_9/src"
000-
000-make -C psu_cortexa53_0/libsrc/iic_v3_9/src -s include  "SHELL=CMD" "COMPILER=aarch64-none-elf-gcc" "ASSEMBLER=aarch64-none-elf
000--as" "ARCHIVER=aarch64-none-elf-ar" "COMPILER_FLAGS=  -O2 -c" "EXTRA_COMPILER_FLAGS=-g -Wall -Wextra -fno-tree-loop-distribute-
000-patterns"
000-
000-"Running Make include in psu_cortexa53_0/libsrc/ipipsu_v2_13/src"
000-
000-make -C psu_cortexa53_0/libsrc/ipipsu_v2_13/src -s include  "SHELL=CMD" "COMPILER=aarch64-none-elf-gcc" "ASSEMBLER=aarch64-none
000--elf-as" "ARCHIVER=aarch64-none-elf-ar" "COMPILER_FLAGS=  -O2 -c" "EXTRA_COMPILER_FLAGS=-g -Wall -Wextra -fno-tree-loop-distrib
000-ute-patterns"
000-
000-"Running Make include in psu_cortexa53_0/libsrc/qspipsu_v1_17/src"
000-
000-make -C psu_cortexa53_0/libsrc/qspipsu_v1_17/src -s include  "SHELL=CMD" "COMPILER=aarch64-none-elf-gcc" "ASSEMBLER=aarch64-non
000-e-elf-as" "ARCHIVER=aarch64-none-elf-ar" "COMPILER_FLAGS=  -O2 -c" "EXTRA_COMPILER_FLAGS=-g -Wall -Wextra -fno-tree-loop-distri
000-bute-patterns"
000-
000-"Running Make include in psu_cortexa53_0/libsrc/resetps_v1_5/src"
000-
000-make -C psu_cortexa53_0/libsrc/resetps_v1_5/src -s include  "SHELL=CMD" "COMPILER=aarch64-none-elf-gcc" "ASSEMBLER=aarch64-none
000--elf-as" "ARCHIVER=aarch64-none-elf-ar" "COMPILER_FLAGS=  -O2 -c" "EXTRA_COMPILER_FLAGS=-g -Wall -Wextra -fno-tree-loop-distrib
000-ute-patterns"
000-
000-"Running Make include in psu_cortexa53_0/libsrc/rtcpsu_v1_12/src"
000-
000-make -C psu_cortexa53_0/libsrc/rtcpsu_v1_12/src -s include  "SHELL=CMD" "COMPILER=aarch64-none-elf-gcc" "ASSEMBLER=aarch64-none
000--elf-as" "ARCHIVER=aarch64-none-elf-ar" "COMPILER_FLAGS=  -O2 -c" "EXTRA_COMPILER_FLAGS=-g -Wall -Wextra -fno-tree-loop-distrib
000-ute-patterns"
000-
000-"Running Make include in psu_cortexa53_0/libsrc/scugic_v5_1/src"
000-
000-make -C psu_cortexa53_0/libsrc/scugic_v5_1/src -s include  "SHELL=CMD" "COMPILER=aarch64-none-elf-gcc" "ASSEMBLER=aarch64-none-
000-elf-as" "ARCHIVER=aarch64-none-elf-ar" "COMPILER_FLAGS=  -O2 -c" "EXTRA_COMPILER_FLAGS=-g -Wall -Wextra -fno-tree-loop-distribu
000-te-patterns"
000-
000-"Running Make include in psu_cortexa53_0/libsrc/sdps_v4_1/src"
000-
000-make -C psu_cortexa53_0/libsrc/sdps_v4_1/src -s include  "SHELL=CMD" "COMPILER=aarch64-none-elf-gcc" "ASSEMBLER=aarch64-none-el
000-f-as" "ARCHIVER=aarch64-none-elf-ar" "COMPILER_FLAGS=  -O2 -c" "EXTRA_COMPILER_FLAGS=-g -Wall -Wextra -fno-tree-loop-distribute
000--patterns"
000-
000-"Running Make include in psu_cortexa53_0/libsrc/spi_v4_10/src"
000-
000-make -C psu_cortexa53_0/libsrc/spi_v4_10/src -s include  "SHELL=CMD" "COMPILER=aarch64-none-elf-gcc" "ASSEMBLER=aarch64-none-el
000-f-as" "ARCHIVER=aarch64-none-elf-ar" "COMPILER_FLAGS=  -O2 -c" "EXTRA_COMPILER_FLAGS=-g -Wall -Wextra -fno-tree-loop-distribute
000--patterns"
000-
000-"Running Make include in psu_cortexa53_0/libsrc/standalone_v8_1/src"
000-
000-make -C psu_cortexa53_0/libsrc/standalone_v8_1/src -s include  "SHELL=CMD" "COMPILER=aarch64-none-elf-gcc" "ASSEMBLER=aarch64-n
000-one-elf-as" "ARCHIVER=aarch64-none-elf-ar" "COMPILER_FLAGS=  -O2 -c" "EXTRA_COMPILER_FLAGS=-g -Wall -Wextra -fno-tree-loop-dist
000-ribute-patterns"
000-
000-"Running Make include in psu_cortexa53_0/libsrc/sysmonpsu_v2_8/src"
000-
000-make -C psu_cortexa53_0/libsrc/sysmonpsu_v2_8/src -s include  "SHELL=CMD" "COMPILER=aarch64-none-elf-gcc" "ASSEMBLER=aarch64-no
000-ne-elf-as" "ARCHIVER=aarch64-none-elf-ar" "COMPILER_FLAGS=  -O2 -c" "EXTRA_COMPILER_FLAGS=-g -Wall -Wextra -fno-tree-loop-distr
000-ibute-patterns"
000-
000-"Running Make include in psu_cortexa53_0/libsrc/ttcps_v3_17/src"
000-
000-make -C psu_cortexa53_0/libsrc/ttcps_v3_17/src -s include  "SHELL=CMD" "COMPILER=aarch64-none-elf-gcc" "ASSEMBLER=aarch64-none-
000-elf-as" "ARCHIVER=aarch64-none-elf-ar" "COMPILER_FLAGS=  -O2 -c" "EXTRA_COMPILER_FLAGS=-g -Wall -Wextra -fno-tree-loop-distribu
000-te-patterns"
000-
000-"Running Make include in psu_cortexa53_0/libsrc/uartps_v3_12/src"
000-
000-make -C psu_cortexa53_0/libsrc/uartps_v3_12/src -s include  "SHELL=CMD" "COMPILER=aarch64-none-elf-gcc" "ASSEMBLER=aarch64-none
000--elf-as" "ARCHIVER=aarch64-none-elf-ar" "COMPILER_FLAGS=  -O2 -c" "EXTRA_COMPILER_FLAGS=-g -Wall -Wextra -fno-tree-loop-distrib
000-ute-patterns"
000-
000-"Running Make include in psu_cortexa53_0/libsrc/wdtps_v3_5/src"
000-
000-make -C psu_cortexa53_0/libsrc/wdtps_v3_5/src -s include  "SHELL=CMD" "COMPILER=aarch64-none-elf-gcc" "ASSEMBLER=aarch64-none-e
000-lf-as" "ARCHIVER=aarch64-none-elf-ar" "COMPILER_FLAGS=  -O2 -c" "EXTRA_COMPILER_FLAGS=-g -Wall -Wextra -fno-tree-loop-distribut
000-e-patterns"
000-
000-"Running Make include in psu_cortexa53_0/libsrc/zdma_v1_16/src"
000-
000-make -C psu_cortexa53_0/libsrc/zdma_v1_16/src -s include  "SHELL=CMD" "COMPILER=aarch64-none-elf-gcc" "ASSEMBLER=aarch64-none-e
000-lf-as" "ARCHIVER=aarch64-none-elf-ar" "COMPILER_FLAGS=  -O2 -c" "EXTRA_COMPILER_FLAGS=-g -Wall -Wextra -fno-tree-loop-distribut
000-e-patterns"
000-
000-"Running Make libs in psu_cortexa53_0/libsrc/axipmon_v6_9/src"
000-
000-make -C psu_cortexa53_0/libsrc/axipmon_v6_9/src -s libs  "SHELL=CMD" "COMPILER=aarch64-none-elf-gcc" "ASSEMBLER=aarch64-none-el
000-f-as" "ARCHIVER=aarch64-none-elf-ar" "COMPILER_FLAGS=  -O2 -c" "EXTRA_COMPILER_FLAGS=-g -Wall -Wextra -fno-tree-loop-distribute
000--patterns"
000-
000-"Running Make libs in psu_cortexa53_0/libsrc/clockps_v1_4/src"
000-
000-make -C psu_cortexa53_0/libsrc/clockps_v1_4/src -s libs  "SHELL=CMD" "COMPILER=aarch64-none-elf-gcc" "ASSEMBLER=aarch64-none-el
000-f-as" "ARCHIVER=aarch64-none-elf-ar" "COMPILER_FLAGS=  -O2 -c" "EXTRA_COMPILER_FLAGS=-g -Wall -Wextra -fno-tree-loop-distribute
000--patterns"
000-
000-"Running Make libs in psu_cortexa53_0/libsrc/coresightps_dcc_v1_8/src"
000-
000-make -C psu_cortexa53_0/libsrc/coresightps_dcc_v1_8/src -s libs  "SHELL=CMD" "COMPILER=aarch64-none-elf-gcc" "ASSEMBLER=aarch64
000--none-elf-as" "ARCHIVER=aarch64-none-elf-ar" "COMPILER_FLAGS=  -O2 -c" "EXTRA_COMPILER_FLAGS=-g -Wall -Wextra -fno-tree-loop-di
000-stribute-patterns"
000-
000-"Running Make libs in psu_cortexa53_0/libsrc/cpu_cortexa53_v2_0/src"
000-
000-make -C psu_cortexa53_0/libsrc/cpu_cortexa53_v2_0/src -s libs  "SHELL=CMD" "COMPILER=aarch64-none-elf-gcc" "ASSEMBLER=aarch64-n
000-one-elf-as" "ARCHIVER=aarch64-none-elf-ar" "COMPILER_FLAGS=  -O2 -c" "EXTRA_COMPILER_FLAGS=-g -Wall -Wextra -fno-tree-loop-dist
000-ribute-patterns"
000-
000-"Running Make libs in psu_cortexa53_0/libsrc/csudma_v1_13/src"
000-
000-make -C psu_cortexa53_0/libsrc/csudma_v1_13/src -s libs  "SHELL=CMD" "COMPILER=aarch64-none-elf-gcc" "ASSEMBLER=aarch64-none-el
000-f-as" "ARCHIVER=aarch64-none-elf-ar" "COMPILER_FLAGS=  -O2 -c" "EXTRA_COMPILER_FLAGS=-g -Wall -Wextra -fno-tree-loop-distribute
000--patterns"
000-
000-"Running Make libs in psu_cortexa53_0/libsrc/ddrcpsu_v1_4/src"
000-
000-make -C psu_cortexa53_0/libsrc/ddrcpsu_v1_4/src -s libs  "SHELL=CMD" "COMPILER=aarch64-none-elf-gcc" "ASSEMBLER=aarch64-none-el
000-f-as" "ARCHIVER=aarch64-none-elf-ar" "COMPILER_FLAGS=  -O2 -c" "EXTRA_COMPILER_FLAGS=-g -Wall -Wextra -fno-tree-loop-distribute
000--patterns"
000-
000-"Running Make libs in psu_cortexa53_0/libsrc/gpiops_v3_11/src"
000-
000-make -C psu_cortexa53_0/libsrc/gpiops_v3_11/src -s libs  "SHELL=CMD" "COMPILER=aarch64-none-elf-gcc" "ASSEMBLER=aarch64-none-el
000-f-as" "ARCHIVER=aarch64-none-elf-ar" "COMPILER_FLAGS=  -O2 -c" "EXTRA_COMPILER_FLAGS=-g -Wall -Wextra -fno-tree-loop-distribute
000--patterns"
000-
000-"Running Make libs in psu_cortexa53_0/libsrc/gpio_v4_9/src"
000-
000-make -C psu_cortexa53_0/libsrc/gpio_v4_9/src -s libs  "SHELL=CMD" "COMPILER=aarch64-none-elf-gcc" "ASSEMBLER=aarch64-none-elf-a
000-s" "ARCHIVER=aarch64-none-elf-ar" "COMPILER_FLAGS=  -O2 -c" "EXTRA_COMPILER_FLAGS=-g -Wall -Wextra -fno-tree-loop-distribute-pa
000-tterns"
000-
000-"Running Make libs in psu_cortexa53_0/libsrc/iicps_v3_17/src"
000-
000-make -C psu_cortexa53_0/libsrc/iicps_v3_17/src -s libs  "SHELL=CMD" "COMPILER=aarch64-none-elf-gcc" "ASSEMBLER=aarch64-none-elf
000--as" "ARCHIVER=aarch64-none-elf-ar" "COMPILER_FLAGS=  -O2 -c" "EXTRA_COMPILER_FLAGS=-g -Wall -Wextra -fno-tree-loop-distribute-
000-patterns"
000-
000-"Running Make libs in psu_cortexa53_0/libsrc/iic_v3_9/src"
000-
000-make -C psu_cortexa53_0/libsrc/iic_v3_9/src -s libs  "SHELL=CMD" "COMPILER=aarch64-none-elf-gcc" "ASSEMBLER=aarch64-none-elf-as
000-" "ARCHIVER=aarch64-none-elf-ar" "COMPILER_FLAGS=  -O2 -c" "EXTRA_COMPILER_FLAGS=-g -Wall -Wextra -fno-tree-loop-distribute-pat
000-terns"
000-
000-"Running Make libs in psu_cortexa53_0/libsrc/ipipsu_v2_13/src"
000-
000-make -C psu_cortexa53_0/libsrc/ipipsu_v2_13/src -s libs  "SHELL=CMD" "COMPILER=aarch64-none-elf-gcc" "ASSEMBLER=aarch64-none-el
000-f-as" "ARCHIVER=aarch64-none-elf-ar" "COMPILER_FLAGS=  -O2 -c" "EXTRA_COMPILER_FLAGS=-g -Wall -Wextra -fno-tree-loop-distribute
000--patterns"
000-
000-"Running Make libs in psu_cortexa53_0/libsrc/qspipsu_v1_17/src"
000-
000-make -C psu_cortexa53_0/libsrc/qspipsu_v1_17/src -s libs  "SHELL=CMD" "COMPILER=aarch64-none-elf-gcc" "ASSEMBLER=aarch64-none-e
000-lf-as" "ARCHIVER=aarch64-none-elf-ar" "COMPILER_FLAGS=  -O2 -c" "EXTRA_COMPILER_FLAGS=-g -Wall -Wextra -fno-tree-loop-distribut
000-e-patterns"
000-
000-"Running Make libs in psu_cortexa53_0/libsrc/resetps_v1_5/src"
000-
000-make -C psu_cortexa53_0/libsrc/resetps_v1_5/src -s libs  "SHELL=CMD" "COMPILER=aarch64-none-elf-gcc" "ASSEMBLER=aarch64-none-el
000-f-as" "ARCHIVER=aarch64-none-elf-ar" "COMPILER_FLAGS=  -O2 -c" "EXTRA_COMPILER_FLAGS=-g -Wall -Wextra -fno-tree-loop-distribute
000--patterns"
000-
000-"Running Make libs in psu_cortexa53_0/libsrc/rtcpsu_v1_12/src"
000-
000-make -C psu_cortexa53_0/libsrc/rtcpsu_v1_12/src -s libs  "SHELL=CMD" "COMPILER=aarch64-none-elf-gcc" "ASSEMBLER=aarch64-none-el
000-f-as" "ARCHIVER=aarch64-none-elf-ar" "COMPILER_FLAGS=  -O2 -c" "EXTRA_COMPILER_FLAGS=-g -Wall -Wextra -fno-tree-loop-distribute
000--patterns"
000-
000-"Running Make libs in psu_cortexa53_0/libsrc/scugic_v5_1/src"
000-
000-make -C psu_cortexa53_0/libsrc/scugic_v5_1/src -s libs  "SHELL=CMD" "COMPILER=aarch64-none-elf-gcc" "ASSEMBLER=aarch64-none-elf
000--as" "ARCHIVER=aarch64-none-elf-ar" "COMPILER_FLAGS=  -O2 -c" "EXTRA_COMPILER_FLAGS=-g -Wall -Wextra -fno-tree-loop-distribute-
000-patterns"
000-
000-"Running Make libs in psu_cortexa53_0/libsrc/sdps_v4_1/src"
000-
000-make -C psu_cortexa53_0/libsrc/sdps_v4_1/src -s libs  "SHELL=CMD" "COMPILER=aarch64-none-elf-gcc" "ASSEMBLER=aarch64-none-elf-a
000-s" "ARCHIVER=aarch64-none-elf-ar" "COMPILER_FLAGS=  -O2 -c" "EXTRA_COMPILER_FLAGS=-g -Wall -Wextra -fno-tree-loop-distribute-pa
000-tterns"
000-
000-"Running Make libs in psu_cortexa53_0/libsrc/spi_v4_10/src"
000-
000-make -C psu_cortexa53_0/libsrc/spi_v4_10/src -s libs  "SHELL=CMD" "COMPILER=aarch64-none-elf-gcc" "ASSEMBLER=aarch64-none-elf-a
000-s" "ARCHIVER=aarch64-none-elf-ar" "COMPILER_FLAGS=  -O2 -c" "EXTRA_COMPILER_FLAGS=-g -Wall -Wextra -fno-tree-loop-distribute-pa
000-tterns"
000-
000-"Running Make libs in psu_cortexa53_0/libsrc/standalone_v8_1/src"
000-
000-make -C psu_cortexa53_0/libsrc/standalone_v8_1/src -s libs  "SHELL=CMD" "COMPILER=aarch64-none-elf-gcc" "ASSEMBLER=aarch64-none
000--elf-as" "ARCHIVER=aarch64-none-elf-ar" "COMPILER_FLAGS=  -O2 -c" "EXTRA_COMPILER_FLAGS=-g -Wall -Wextra -fno-tree-loop-distrib
000-ute-patterns"
000-
000-"Running Make libs in psu_cortexa53_0/libsrc/sysmonpsu_v2_8/src"
000-
000-make -C psu_cortexa53_0/libsrc/sysmonpsu_v2_8/src -s libs  "SHELL=CMD" "COMPILER=aarch64-none-elf-gcc" "ASSEMBLER=aarch64-none-
000-elf-as" "ARCHIVER=aarch64-none-elf-ar" "COMPILER_FLAGS=  -O2 -c" "EXTRA_COMPILER_FLAGS=-g -Wall -Wextra -fno-tree-loop-distribu
000-te-patterns"
000-
000-"Running Make libs in psu_cortexa53_0/libsrc/ttcps_v3_17/src"
000-
000-make -C psu_cortexa53_0/libsrc/ttcps_v3_17/src -s libs  "SHELL=CMD" "COMPILER=aarch64-none-elf-gcc" "ASSEMBLER=aarch64-none-elf
000--as" "ARCHIVER=aarch64-none-elf-ar" "COMPILER_FLAGS=  -O2 -c" "EXTRA_COMPILER_FLAGS=-g -Wall -Wextra -fno-tree-loop-distribute-
000-patterns"
000-
000-"Running Make libs in psu_cortexa53_0/libsrc/uartps_v3_12/src"
000-
000-make -C psu_cortexa53_0/libsrc/uartps_v3_12/src -s libs  "SHELL=CMD" "COMPILER=aarch64-none-elf-gcc" "ASSEMBLER=aarch64-none-el
000-f-as" "ARCHIVER=aarch64-none-elf-ar" "COMPILER_FLAGS=  -O2 -c" "EXTRA_COMPILER_FLAGS=-g -Wall -Wextra -fno-tree-loop-distribute
000--patterns"
000-
000-"Running Make libs in psu_cortexa53_0/libsrc/wdtps_v3_5/src"
000-
000-make -C psu_cortexa53_0/libsrc/wdtps_v3_5/src -s libs  "SHELL=CMD" "COMPILER=aarch64-none-elf-gcc" "ASSEMBLER=aarch64-none-elf-
000-as" "ARCHIVER=aarch64-none-elf-ar" "COMPILER_FLAGS=  -O2 -c" "EXTRA_COMPILER_FLAGS=-g -Wall -Wextra -fno-tree-loop-distribute-p
000-atterns"
000-
000-"Running Make libs in psu_cortexa53_0/libsrc/zdma_v1_16/src"
000-
000-make -C psu_cortexa53_0/libsrc/zdma_v1_16/src -s libs  "SHELL=CMD" "COMPILER=aarch64-none-elf-gcc" "ASSEMBLER=aarch64-none-elf-
000-as" "ARCHIVER=aarch64-none-elf-ar" "COMPILER_FLAGS=  -O2 -c" "EXTRA_COMPILER_FLAGS=-g -Wall -Wextra -fno-tree-loop-distribute-p
000-atterns"
000-
000-'Finished building libraries parallelly.'
000-
000-make --no-print-directory archive
000-
000-aarch64-none-elf-ar -r  psu_cortexa53_0/lib/libxil.a psu_cortexa53_0/lib/_exit.o psu_cortexa53_0/lib/_open.o psu_cortexa53_0/li
000-b/_sbrk.o psu_cortexa53_0/lib/abort.o psu_cortexa53_0/lib/asm_vectors.o psu_cortexa53_0/lib/boot.o psu_cortexa53_0/lib/close.o 
000-psu_cortexa53_0/lib/cpputest_time.o psu_cortexa53_0/lib/errno.o psu_cortexa53_0/lib/fcntl.o psu_cortexa53_0/lib/fstat.o psu_cor
000-texa53_0/lib/getentropy.o psu_cortexa53_0/lib/getpid.o psu_cortexa53_0/lib/inbyte.o psu_cortexa53_0/lib/initialise_monitor_hand
000-les.o psu_cortexa53_0/lib/isatty.o psu_cortexa53_0/lib/kill.o psu_cortexa53_0/lib/lseek.o psu_cortexa53_0/lib/open.o psu_cortex
000-a53_0/lib/outbyte.o psu_cortexa53_0/lib/print.o psu_cortexa53_0/lib/putnum.o psu_cortexa53_0/lib/read.o psu_cortexa53_0/lib/sbr
000-k.o psu_cortexa53_0/lib/sleep.o psu_cortexa53_0/lib/time.o psu_cortexa53_0/lib/translation_table.o psu_cortexa53_0/lib/unlink.o
000- psu_cortexa53_0/lib/vectors.o psu_cortexa53_0/lib/write.o psu_cortexa53_0/lib/xaxipmon.o psu_cortexa53_0/lib/xaxipmon_g.o psu_
000-cortexa53_0/lib/xaxipmon_selftest.o psu_cortexa53_0/lib/xaxipmon_sinit.o psu_cortexa53_0/lib/xclockps.o psu_cortexa53_0/lib/xcl
000-ockps_divider.o psu_cortexa53_0/lib/xclockps_fixedfactor.o psu_cortexa53_0/lib/xclockps_g.o psu_cortexa53_0/lib/xclockps_gate.o
000- psu_cortexa53_0/lib/xclockps_mux.o psu_cortexa53_0/lib/xclockps_pll.o psu_cortexa53_0/lib/xclockps_sinit.o psu_cortexa53_0/lib
000-/xcoresightpsdcc.o psu_cortexa53_0/lib/xcsudma.o psu_cortexa53_0/lib/xcsudma_g.o psu_cortexa53_0/lib/xcsudma_intr.o psu_cortexa
000-53_0/lib/xcsudma_selftest.o psu_cortexa53_0/lib/xcsudma_sinit.o psu_cortexa53_0/lib/xgpio.o psu_cortexa53_0/lib/xgpio_extra.o p
000-su_cortexa53_0/lib/xgpio_g.o psu_cortexa53_0/lib/xgpio_intr.o psu_cortexa53_0/lib/xgpio_selftest.o psu_cortexa53_0/lib/xgpio_si
000-nit.o psu_cortexa53_0/lib/xgpiops.o psu_cortexa53_0/lib/xgpiops_g.o psu_cortexa53_0/lib/xgpiops_hw.o psu_cortexa53_0/lib/xgpiop
000-s_intr.o psu_cortexa53_0/lib/xgpiops_selftest.o psu_cortexa53_0/lib/xgpiops_sinit.o psu_cortexa53_0/lib/xiic.o psu_cortexa53_0/
000-lib/xiic_dyn_master.o psu_cortexa53_0/lib/xiic_g.o psu_cortexa53_0/lib/xiic_intr.o psu_cortexa53_0/lib/xiic_l.o psu_cortexa53_0
000-/lib/xiic_master.o psu_cortexa53_0/lib/xiic_multi_master.o psu_cortexa53_0/lib/xiic_options.o psu_cortexa53_0/lib/xiic_selftest
000-.o psu_cortexa53_0/lib/xiic_sinit.o psu_cortexa53_0/lib/xiic_slave.o psu_cortexa53_0/lib/xiic_stats.o psu_cortexa53_0/lib/xiicp
000-s.o psu_cortexa53_0/lib/xiicps_g.o psu_cortexa53_0/lib/xiicps_hw.o psu_cortexa53_0/lib/xiicps_intr.o psu_cortexa53_0/lib/xiicps
000-_master.o psu_cortexa53_0/lib/xiicps_options.o psu_cortexa53_0/lib/xiicps_selftest.o psu_cortexa53_0/lib/xiicps_sinit.o psu_cor
000-texa53_0/lib/xiicps_slave.o psu_cortexa53_0/lib/xiicps_xfer.o psu_cortexa53_0/lib/xil-crt0.o psu_cortexa53_0/lib/xil_assert.o p
000-su_cortexa53_0/lib/xil_cache.o psu_cortexa53_0/lib/xil_clocking.o psu_cortexa53_0/lib/xil_exception.o psu_cortexa53_0/lib/xil_m
000-em.o psu_cortexa53_0/lib/xil_mmu.o psu_cortexa53_0/lib/xil_printf.o psu_cortexa53_0/lib/xil_sleepcommon.o psu_cortexa53_0/lib/x
000-il_sleeptimer.o psu_cortexa53_0/lib/xil_smc.o psu_cortexa53_0/lib/xil_spinlock.o psu_cortexa53_0/lib/xil_testcache.o psu_cortex
000-a53_0/lib/xil_testio.o psu_cortexa53_0/lib/xil_testmem.o psu_cortexa53_0/lib/xil_util.o psu_cortexa53_0/lib/xinterrupt_wrap.o p
000-su_cortexa53_0/lib/xipipsu.o psu_cortexa53_0/lib/xipipsu_buf.o psu_cortexa53_0/lib/xipipsu_g.o psu_cortexa53_0/lib/xipipsu_sini
000-t.o psu_cortexa53_0/lib/xplatform_info.o psu_cortexa53_0/lib/xpm_counter.o psu_cortexa53_0/lib/xqspipsu.o psu_cortexa53_0/lib/x
000-qspipsu_control.o psu_cortexa53_0/lib/xqspipsu_g.o psu_cortexa53_0/lib/xqspipsu_hw.o psu_cortexa53_0/lib/xqspipsu_options.o psu
000-_cortexa53_0/lib/xqspipsu_sinit.o psu_cortexa53_0/lib/xresetps.o psu_cortexa53_0/lib/xresetps_g.o psu_cortexa53_0/lib/xresetps_
000-sinit.o psu_cortexa53_0/lib/xrtcpsu.o psu_cortexa53_0/lib/xrtcpsu_g.o psu_cortexa53_0/lib/xrtcpsu_intr.o psu_cortexa53_0/lib/xr
000-tcpsu_selftest.o psu_cortexa53_0/lib/xrtcpsu_sinit.o psu_cortexa53_0/lib/xscugic.o psu_cortexa53_0/lib/xscugic_g.o psu_cortexa5
000-3_0/lib/xscugic_hw.o psu_cortexa53_0/lib/xscugic_intr.o psu_cortexa53_0/lib/xscugic_selftest.o psu_cortexa53_0/lib/xscugic_sini
000-t.o psu_cortexa53_0/lib/xsdps.o psu_cortexa53_0/lib/xsdps_card.o psu_cortexa53_0/lib/xsdps_g.o psu_cortexa53_0/lib/xsdps_host.o
000- psu_cortexa53_0/lib/xsdps_options.o psu_cortexa53_0/lib/xsdps_sinit.o psu_cortexa53_0/lib/xspi.o psu_cortexa53_0/lib/xspi_g.o 
000-psu_cortexa53_0/lib/xspi_options.o psu_cortexa53_0/lib/xspi_selftest.o psu_cortexa53_0/lib/xspi_sinit.o psu_cortexa53_0/lib/xsp
000-i_stats.o psu_cortexa53_0/lib/xsysmonpsu.o psu_cortexa53_0/lib/xsysmonpsu_g.o psu_cortexa53_0/lib/xsysmonpsu_intr.o psu_cortexa
000-53_0/lib/xsysmonpsu_selftest.o psu_cortexa53_0/lib/xsysmonpsu_sinit.o psu_cortexa53_0/lib/xtime_l.o psu_cortexa53_0/lib/xttcps.
000-o psu_cortexa53_0/lib/xttcps_g.o psu_cortexa53_0/lib/xttcps_options.o psu_cortexa53_0/lib/xttcps_selftest.o psu_cortexa53_0/lib
000-/xttcps_sinit.o psu_cortexa53_0/lib/xuartps.o psu_cortexa53_0/lib/xuartps_g.o psu_cortexa53_0/lib/xuartps_hw.o psu_cortexa53_0/
000-lib/xuartps_intr.o psu_cortexa53_0/lib/xuartps_options.o psu_cortexa53_0/lib/xuartps_selftest.o psu_cortexa53_0/lib/xuartps_sin
000-it.o psu_cortexa53_0/lib/xwdtps.o psu_cortexa53_0/lib/xwdtps_g.o psu_cortexa53_0/lib/xwdtps_selftest.o psu_cortexa53_0/lib/xwdt
000-ps_sinit.o psu_cortexa53_0/lib/xzdma.o psu_cortexa53_0/lib/xzdma_g.o psu_cortexa53_0/lib/xzdma_intr.o psu_cortexa53_0/lib/xzdma
000-_selftest.o psu_cortexa53_0/lib/xzdma_sinit.o
000-
000-'Finished building libraries'
000-
00255-
20:14:02 Build Finished (took 1m:26s.247ms)

