TRACE::2025-03-23.19:49:55::SCWPlatform::Trying to open the hw design at C:/Xilinx/Projects/DRC_Rev2.0_Deliverables/Vitis2023.1/DRC_Rev2.0_SW/DRCPlatform/hw/DRC_Rev2.0_Deliverable.xsa
TRACE::2025-03-23.19:49:55::SCWPlatform::DSA given C:/Xilinx/Projects/DRC_Rev2.0_Deliverables/Vitis2023.1/DRC_Rev2.0_SW/DRCPlatform/hw/DRC_Rev2.0_Deliverable.xsa
TRACE::2025-03-23.19:49:55::SCWPlatform::DSA absoulate path C:/Xilinx/Projects/DRC_Rev2.0_Deliverables/Vitis2023.1/DRC_Rev2.0_SW/DRCPlatform/hw/DRC_Rev2.0_Deliverable.xsa
TRACE::2025-03-23.19:49:55::SCWPlatform::DSA directory C:/Xilinx/Projects/DRC_Rev2.0_Deliverables/Vitis2023.1/DRC_Rev2.0_SW/DRCPlatform/hw
TRACE::2025-03-23.19:49:55::SCWPlatform:: Platform Path C:/Xilinx/Projects/DRC_Rev2.0_Deliverables/Vitis2023.1/DRC_Rev2.0_SW/DRCPlatform/hw/DRC_Rev2.0_Deliverable.xsa
TRACE::2025-03-23.19:49:55::SCWPlatform:: Unique name xilinx:osdzu3eg1_2g_1v8_sip::0.0
TRACE::2025-03-23.19:49:55::SCWPlatform::Do not have an existing db opened. 
TRACE::2025-03-23.19:50:00::SCWPlatform::Opened new HwDB with name design_1_wrapper_0
TRACE::2025-03-23.19:50:00::SCWWriter::formatted JSON is {
	"platformName":	"DRCPlatform",
	"sprVersion":	"2.0",
	"mode":	"gui",
	"dsaType":	"Fixed",
	"platformDesc":	"DRCPlatform",
	"platHandOff":	"C:/Xilinx/Projects/DRC_Rev2.0_Deliverables/Vivado2023.1/DRC_Rev2.0_FW/DRC_Rev2.0_Deliverable.xsa",
	"platIntHandOff":	"<platformDir>/hw/DRC_Rev2.0_Deliverable.xsa",
	"deviceType":	"zynqMP",
	"platIsPrebuiltAutogen":	"false",
	"platIsNoBootBsp":	"false",
	"hasFsblMakeHasChanges":	"false",
	"hasPmufwMakeHasChanges":	"false",
	"platPreBuiltFlag":	false,
	"platformSamplesDir":	""
}
TRACE::2025-03-23.19:50:00::SCWWriter::formatted JSON is {
	"platformName":	"DRCPlatform",
	"sprVersion":	"2.0",
	"mode":	"gui",
	"dsaType":	"Fixed",
	"platformDesc":	"DRCPlatform",
	"platHandOff":	"C:/Xilinx/Projects/DRC_Rev2.0_Deliverables/Vivado2023.1/DRC_Rev2.0_FW/DRC_Rev2.0_Deliverable.xsa",
	"platIntHandOff":	"<platformDir>/hw/DRC_Rev2.0_Deliverable.xsa",
	"deviceType":	"zynqMP",
	"platIsPrebuiltAutogen":	"false",
	"platIsNoBootBsp":	"false",
	"hasFsblMakeHasChanges":	"false",
	"hasPmufwMakeHasChanges":	"false",
	"platPreBuiltFlag":	false,
	"platformSamplesDir":	"",
	"platActiveSys":	"DRCPlatform",
	"systems":	[{
			"systemName":	"DRCPlatform",
			"systemDesc":	"DRCPlatform",
			"sysIsBootAutoGen":	"true",
			"systemDispName":	"DRCPlatform"
		}]
}
TRACE::2025-03-23.19:50:00::SCWPlatform::Boot application domains not present, creating them
TRACE::2025-03-23.19:50:00::SCWDomain::checking for install qemu data   : 
TRACE::2025-03-23.19:50:00::SCWDomain:: Using the QEMU Data from install at  : C:/Xilinx/Vitis/2023.1/data/emulation/platforms/zynqmp/sw/a53_standalone/qemu/
TRACE::2025-03-23.19:50:00::SCWDomain:: Using the QEMU args  from install at  : C:/Xilinx/Vitis/2023.1/data/emulation/platforms/zynqmp/sw/a53_standalone/qemu/qemu_args.txt
TRACE::2025-03-23.19:50:00::SCWDomain:: Using the PMUQEMU args from install at  : C:/Xilinx/Vitis/2023.1/data/emulation/platforms/zynqmp/sw/a53_standalone/qemu/pmu_args.txt
TRACE::2025-03-23.19:50:00::SCWPlatform::Trying to open the hw design at C:/Xilinx/Projects/DRC_Rev2.0_Deliverables/Vitis2023.1/DRC_Rev2.0_SW/DRCPlatform/hw/DRC_Rev2.0_Deliverable.xsa
TRACE::2025-03-23.19:50:00::SCWPlatform::DSA given C:/Xilinx/Projects/DRC_Rev2.0_Deliverables/Vitis2023.1/DRC_Rev2.0_SW/DRCPlatform/hw/DRC_Rev2.0_Deliverable.xsa
TRACE::2025-03-23.19:50:00::SCWPlatform::DSA absoulate path C:/Xilinx/Projects/DRC_Rev2.0_Deliverables/Vitis2023.1/DRC_Rev2.0_SW/DRCPlatform/hw/DRC_Rev2.0_Deliverable.xsa
TRACE::2025-03-23.19:50:00::SCWPlatform::DSA directory C:/Xilinx/Projects/DRC_Rev2.0_Deliverables/Vitis2023.1/DRC_Rev2.0_SW/DRCPlatform/hw
TRACE::2025-03-23.19:50:00::SCWPlatform:: Platform Path C:/Xilinx/Projects/DRC_Rev2.0_Deliverables/Vitis2023.1/DRC_Rev2.0_SW/DRCPlatform/hw/DRC_Rev2.0_Deliverable.xsa
TRACE::2025-03-23.19:50:00::SCWPlatform:: Unique name xilinx:osdzu3eg1_2g_1v8_sip::0.0
TRACE::2025-03-23.19:50:00::SCWPlatform::Trying to set the existing hwdb with name design_1_wrapper_0
TRACE::2025-03-23.19:50:00::SCWPlatform::Opened existing hwdb design_1_wrapper_0
TRACE::2025-03-23.19:50:00::SCWPlatform::Found the Hw Db part of the input DSA
TRACE::2025-03-23.19:50:00::SCWPlatform::Trying to open the hw design at C:/Xilinx/Projects/DRC_Rev2.0_Deliverables/Vitis2023.1/DRC_Rev2.0_SW/DRCPlatform/hw/DRC_Rev2.0_Deliverable.xsa
TRACE::2025-03-23.19:50:00::SCWPlatform::DSA given C:/Xilinx/Projects/DRC_Rev2.0_Deliverables/Vitis2023.1/DRC_Rev2.0_SW/DRCPlatform/hw/DRC_Rev2.0_Deliverable.xsa
TRACE::2025-03-23.19:50:00::SCWPlatform::DSA absoulate path C:/Xilinx/Projects/DRC_Rev2.0_Deliverables/Vitis2023.1/DRC_Rev2.0_SW/DRCPlatform/hw/DRC_Rev2.0_Deliverable.xsa
TRACE::2025-03-23.19:50:00::SCWPlatform::DSA directory C:/Xilinx/Projects/DRC_Rev2.0_Deliverables/Vitis2023.1/DRC_Rev2.0_SW/DRCPlatform/hw
TRACE::2025-03-23.19:50:00::SCWPlatform:: Platform Path C:/Xilinx/Projects/DRC_Rev2.0_Deliverables/Vitis2023.1/DRC_Rev2.0_SW/DRCPlatform/hw/DRC_Rev2.0_Deliverable.xsa
TRACE::2025-03-23.19:50:00::SCWPlatform:: Unique name xilinx:osdzu3eg1_2g_1v8_sip::0.0
TRACE::2025-03-23.19:50:00::SCWPlatform::Trying to set the existing hwdb with name design_1_wrapper_0
TRACE::2025-03-23.19:50:00::SCWPlatform::Opened existing hwdb design_1_wrapper_0
TRACE::2025-03-23.19:50:00::SCWPlatform::Found the Hw Db part of the input DSA
TRACE::2025-03-23.19:50:00::SCWPlatform::Trying to open the hw design at C:/Xilinx/Projects/DRC_Rev2.0_Deliverables/Vitis2023.1/DRC_Rev2.0_SW/DRCPlatform/hw/DRC_Rev2.0_Deliverable.xsa
TRACE::2025-03-23.19:50:00::SCWPlatform::DSA given C:/Xilinx/Projects/DRC_Rev2.0_Deliverables/Vitis2023.1/DRC_Rev2.0_SW/DRCPlatform/hw/DRC_Rev2.0_Deliverable.xsa
TRACE::2025-03-23.19:50:00::SCWPlatform::DSA absoulate path C:/Xilinx/Projects/DRC_Rev2.0_Deliverables/Vitis2023.1/DRC_Rev2.0_SW/DRCPlatform/hw/DRC_Rev2.0_Deliverable.xsa
TRACE::2025-03-23.19:50:00::SCWPlatform::DSA directory C:/Xilinx/Projects/DRC_Rev2.0_Deliverables/Vitis2023.1/DRC_Rev2.0_SW/DRCPlatform/hw
TRACE::2025-03-23.19:50:00::SCWPlatform:: Platform Path C:/Xilinx/Projects/DRC_Rev2.0_Deliverables/Vitis2023.1/DRC_Rev2.0_SW/DRCPlatform/hw/DRC_Rev2.0_Deliverable.xsa
TRACE::2025-03-23.19:50:00::SCWPlatform:: Unique name xilinx:osdzu3eg1_2g_1v8_sip::0.0
TRACE::2025-03-23.19:50:00::SCWPlatform::Trying to set the existing hwdb with name design_1_wrapper_0
TRACE::2025-03-23.19:50:00::SCWPlatform::Opened existing hwdb design_1_wrapper_0
TRACE::2025-03-23.19:50:00::SCWPlatform::Found the Hw Db part of the input DSA
TRACE::2025-03-23.19:50:00::SCWPlatform::Boot application domain added for zynqmp_fsbl
TRACE::2025-03-23.19:50:00::SCWPlatform::Generating the sources  .
TRACE::2025-03-23.19:50:00::SCWBDomain::Generating boot domain sources.
TRACE::2025-03-23.19:50:00::SCWBDomain:: Generating the zynqmp_fsbl Application.
TRACE::2025-03-23.19:50:00::SCWPlatform::Trying to open the hw design at C:/Xilinx/Projects/DRC_Rev2.0_Deliverables/Vitis2023.1/DRC_Rev2.0_SW/DRCPlatform/hw/DRC_Rev2.0_Deliverable.xsa
TRACE::2025-03-23.19:50:00::SCWPlatform::DSA given C:/Xilinx/Projects/DRC_Rev2.0_Deliverables/Vitis2023.1/DRC_Rev2.0_SW/DRCPlatform/hw/DRC_Rev2.0_Deliverable.xsa
TRACE::2025-03-23.19:50:00::SCWPlatform::DSA absoulate path C:/Xilinx/Projects/DRC_Rev2.0_Deliverables/Vitis2023.1/DRC_Rev2.0_SW/DRCPlatform/hw/DRC_Rev2.0_Deliverable.xsa
TRACE::2025-03-23.19:50:00::SCWPlatform::DSA directory C:/Xilinx/Projects/DRC_Rev2.0_Deliverables/Vitis2023.1/DRC_Rev2.0_SW/DRCPlatform/hw
TRACE::2025-03-23.19:50:00::SCWPlatform:: Platform Path C:/Xilinx/Projects/DRC_Rev2.0_Deliverables/Vitis2023.1/DRC_Rev2.0_SW/DRCPlatform/hw/DRC_Rev2.0_Deliverable.xsa
TRACE::2025-03-23.19:50:00::SCWPlatform:: Unique name xilinx:osdzu3eg1_2g_1v8_sip::0.0
TRACE::2025-03-23.19:50:00::SCWPlatform::Trying to set the existing hwdb with name design_1_wrapper_0
TRACE::2025-03-23.19:50:00::SCWPlatform::Opened existing hwdb design_1_wrapper_0
TRACE::2025-03-23.19:50:00::SCWPlatform::Found the Hw Db part of the input DSA
TRACE::2025-03-23.19:50:00::SCWMssOS::Checking the sw design at  C:/Xilinx/Projects/DRC_Rev2.0_Deliverables/Vitis2023.1/DRC_Rev2.0_SW/DRCPlatform/zynqmp_fsbl/zynqmp_fsbl_bsp/system.mss
TRACE::2025-03-23.19:50:00::SCWMssOS::DEBUG:  swdes dump  
TRACE::2025-03-23.19:50:00::SCWMssOS::No sw design opened at  C:/Xilinx/Projects/DRC_Rev2.0_Deliverables/Vitis2023.1/DRC_Rev2.0_SW/DRCPlatform/zynqmp_fsbl/zynqmp_fsbl_bsp/system.mss
TRACE::2025-03-23.19:50:00::SCWMssOS::mss does not exists at C:/Xilinx/Projects/DRC_Rev2.0_Deliverables/Vitis2023.1/DRC_Rev2.0_SW/DRCPlatform/zynqmp_fsbl/zynqmp_fsbl_bsp/system.mss
TRACE::2025-03-23.19:50:00::SCWMssOS::Creating sw design at  C:/Xilinx/Projects/DRC_Rev2.0_Deliverables/Vitis2023.1/DRC_Rev2.0_SW/DRCPlatform/zynqmp_fsbl/zynqmp_fsbl_bsp/system.mss
TRACE::2025-03-23.19:50:00::SCWMssOS::Adding the swdes entry, created swdb C:/Xilinx/Projects/DRC_Rev2.0_Deliverables/Vitis2023.1/DRC_Rev2.0_SW/DRCPlatform/zynqmp_fsbl/zynqmp_fsbl_bsp/system.mss with des name C:/Xilinx/Projects/DRC_Rev2.0_Deliverables/Vitis2023.1/DRC_Rev2.0_SW/DRCPlatform/zynqmp_fsbl/zynqmp_fsbl_bsp/system.mss
TRACE::2025-03-23.19:50:00::SCWMssOS::updating the scw layer changes to swdes at   C:/Xilinx/Projects/DRC_Rev2.0_Deliverables/Vitis2023.1/DRC_Rev2.0_SW/DRCPlatform/zynqmp_fsbl/zynqmp_fsbl_bsp/system.mss
TRACE::2025-03-23.19:50:00::SCWMssOS::Writing mss at C:/Xilinx/Projects/DRC_Rev2.0_Deliverables/Vitis2023.1/DRC_Rev2.0_SW/DRCPlatform/zynqmp_fsbl/zynqmp_fsbl_bsp/system.mss
TRACE::2025-03-23.19:50:00::SCWMssOS::Completed writing the mss file at C:/Xilinx/Projects/DRC_Rev2.0_Deliverables/Vitis2023.1/DRC_Rev2.0_SW/DRCPlatform/zynqmp_fsbl/zynqmp_fsbl_bsp
TRACE::2025-03-23.19:50:00::SCWMssOS::Picking up changes from newly written mss file into SCW Layer. 
TRACE::2025-03-23.19:50:00::SCWMssOS::Updated the changes from newly written mss file into SCW Layer. 
TRACE::2025-03-23.19:50:00::SCWBDomain::Completed writing the mss file at C:/Xilinx/Projects/DRC_Rev2.0_Deliverables/Vitis2023.1/DRC_Rev2.0_SW/DRCPlatform/zynqmp_fsbl/zynqmp_fsbl_bsp
TRACE::2025-03-23.19:50:01::SCWPlatform::Generating sources Done.
TRACE::2025-03-23.19:50:01::SCWDomain::checking for install qemu data   : 
TRACE::2025-03-23.19:50:01::SCWDomain:: Using the QEMU Data from install at  : C:/Xilinx/Vitis/2023.1/data/emulation/platforms/zynqmp/sw/a53_standalone/qemu/
TRACE::2025-03-23.19:50:01::SCWDomain:: Using the QEMU args  from install at  : C:/Xilinx/Vitis/2023.1/data/emulation/platforms/zynqmp/sw/a53_standalone/qemu/qemu_args.txt
TRACE::2025-03-23.19:50:01::SCWDomain:: Using the PMUQEMU args from install at  : C:/Xilinx/Vitis/2023.1/data/emulation/platforms/zynqmp/sw/a53_standalone/qemu/pmu_args.txt
TRACE::2025-03-23.19:50:01::SCWPlatform::Trying to open the hw design at C:/Xilinx/Projects/DRC_Rev2.0_Deliverables/Vitis2023.1/DRC_Rev2.0_SW/DRCPlatform/hw/DRC_Rev2.0_Deliverable.xsa
TRACE::2025-03-23.19:50:01::SCWPlatform::DSA given C:/Xilinx/Projects/DRC_Rev2.0_Deliverables/Vitis2023.1/DRC_Rev2.0_SW/DRCPlatform/hw/DRC_Rev2.0_Deliverable.xsa
TRACE::2025-03-23.19:50:01::SCWPlatform::DSA absoulate path C:/Xilinx/Projects/DRC_Rev2.0_Deliverables/Vitis2023.1/DRC_Rev2.0_SW/DRCPlatform/hw/DRC_Rev2.0_Deliverable.xsa
TRACE::2025-03-23.19:50:01::SCWPlatform::DSA directory C:/Xilinx/Projects/DRC_Rev2.0_Deliverables/Vitis2023.1/DRC_Rev2.0_SW/DRCPlatform/hw
TRACE::2025-03-23.19:50:01::SCWPlatform:: Platform Path C:/Xilinx/Projects/DRC_Rev2.0_Deliverables/Vitis2023.1/DRC_Rev2.0_SW/DRCPlatform/hw/DRC_Rev2.0_Deliverable.xsa
TRACE::2025-03-23.19:50:01::SCWPlatform:: Unique name xilinx:osdzu3eg1_2g_1v8_sip::0.0
TRACE::2025-03-23.19:50:01::SCWPlatform::Trying to set the existing hwdb with name design_1_wrapper_0
TRACE::2025-03-23.19:50:01::SCWPlatform::Opened existing hwdb design_1_wrapper_0
TRACE::2025-03-23.19:50:01::SCWPlatform::Found the Hw Db part of the input DSA
TRACE::2025-03-23.19:50:01::SCWPlatform::Boot application domain added for zynqmp_pmufw
TRACE::2025-03-23.19:50:01::SCWPlatform::Generating the sources  .
TRACE::2025-03-23.19:50:01::SCWBDomain::Generating boot domain sources.
TRACE::2025-03-23.19:50:01::SCWBDomain:: Generating the zynqmp_pmufw Application.
TRACE::2025-03-23.19:50:01::SCWPlatform::Trying to open the hw design at C:/Xilinx/Projects/DRC_Rev2.0_Deliverables/Vitis2023.1/DRC_Rev2.0_SW/DRCPlatform/hw/DRC_Rev2.0_Deliverable.xsa
TRACE::2025-03-23.19:50:01::SCWPlatform::DSA given C:/Xilinx/Projects/DRC_Rev2.0_Deliverables/Vitis2023.1/DRC_Rev2.0_SW/DRCPlatform/hw/DRC_Rev2.0_Deliverable.xsa
TRACE::2025-03-23.19:50:01::SCWPlatform::DSA absoulate path C:/Xilinx/Projects/DRC_Rev2.0_Deliverables/Vitis2023.1/DRC_Rev2.0_SW/DRCPlatform/hw/DRC_Rev2.0_Deliverable.xsa
TRACE::2025-03-23.19:50:01::SCWPlatform::DSA directory C:/Xilinx/Projects/DRC_Rev2.0_Deliverables/Vitis2023.1/DRC_Rev2.0_SW/DRCPlatform/hw
TRACE::2025-03-23.19:50:01::SCWPlatform:: Platform Path C:/Xilinx/Projects/DRC_Rev2.0_Deliverables/Vitis2023.1/DRC_Rev2.0_SW/DRCPlatform/hw/DRC_Rev2.0_Deliverable.xsa
TRACE::2025-03-23.19:50:01::SCWPlatform:: Unique name xilinx:osdzu3eg1_2g_1v8_sip::0.0
TRACE::2025-03-23.19:50:01::SCWPlatform::Trying to set the existing hwdb with name design_1_wrapper_0
TRACE::2025-03-23.19:50:01::SCWPlatform::Opened existing hwdb design_1_wrapper_0
TRACE::2025-03-23.19:50:01::SCWPlatform::Found the Hw Db part of the input DSA
TRACE::2025-03-23.19:50:01::SCWMssOS::Checking the sw design at  C:/Xilinx/Projects/DRC_Rev2.0_Deliverables/Vitis2023.1/DRC_Rev2.0_SW/DRCPlatform/zynqmp_pmufw/zynqmp_pmufw_bsp/system.mss
TRACE::2025-03-23.19:50:01::SCWMssOS::DEBUG:  swdes dump  
TRACE::2025-03-23.19:50:01::SCWMssOS::No sw design opened at  C:/Xilinx/Projects/DRC_Rev2.0_Deliverables/Vitis2023.1/DRC_Rev2.0_SW/DRCPlatform/zynqmp_pmufw/zynqmp_pmufw_bsp/system.mss
TRACE::2025-03-23.19:50:01::SCWMssOS::mss does not exists at C:/Xilinx/Projects/DRC_Rev2.0_Deliverables/Vitis2023.1/DRC_Rev2.0_SW/DRCPlatform/zynqmp_pmufw/zynqmp_pmufw_bsp/system.mss
TRACE::2025-03-23.19:50:01::SCWMssOS::Creating sw design at  C:/Xilinx/Projects/DRC_Rev2.0_Deliverables/Vitis2023.1/DRC_Rev2.0_SW/DRCPlatform/zynqmp_pmufw/zynqmp_pmufw_bsp/system.mss
TRACE::2025-03-23.19:50:01::SCWMssOS::Adding the swdes entry, created swdb C:/Xilinx/Projects/DRC_Rev2.0_Deliverables/Vitis2023.1/DRC_Rev2.0_SW/DRCPlatform/zynqmp_pmufw/zynqmp_pmufw_bsp/system.mss with des name C:/Xilinx/Projects/DRC_Rev2.0_Deliverables/Vitis2023.1/DRC_Rev2.0_SW/DRCPlatform/zynqmp_pmufw/zynqmp_pmufw_bsp/system.mss
TRACE::2025-03-23.19:50:01::SCWMssOS::updating the scw layer changes to swdes at   C:/Xilinx/Projects/DRC_Rev2.0_Deliverables/Vitis2023.1/DRC_Rev2.0_SW/DRCPlatform/zynqmp_pmufw/zynqmp_pmufw_bsp/system.mss
TRACE::2025-03-23.19:50:01::SCWMssOS::Writing mss at C:/Xilinx/Projects/DRC_Rev2.0_Deliverables/Vitis2023.1/DRC_Rev2.0_SW/DRCPlatform/zynqmp_pmufw/zynqmp_pmufw_bsp/system.mss
TRACE::2025-03-23.19:50:01::SCWMssOS::Completed writing the mss file at C:/Xilinx/Projects/DRC_Rev2.0_Deliverables/Vitis2023.1/DRC_Rev2.0_SW/DRCPlatform/zynqmp_pmufw/zynqmp_pmufw_bsp
TRACE::2025-03-23.19:50:01::SCWMssOS::Picking up changes from newly written mss file into SCW Layer. 
TRACE::2025-03-23.19:50:01::SCWMssOS::Updated the changes from newly written mss file into SCW Layer. 
TRACE::2025-03-23.19:50:01::SCWBDomain::Completed writing the mss file at C:/Xilinx/Projects/DRC_Rev2.0_Deliverables/Vitis2023.1/DRC_Rev2.0_SW/DRCPlatform/zynqmp_pmufw/zynqmp_pmufw_bsp
TRACE::2025-03-23.19:50:02::SCWPlatform::Generating sources Done.
TRACE::2025-03-23.19:50:02::SCWPlatform::Trying to open the hw design at C:/Xilinx/Projects/DRC_Rev2.0_Deliverables/Vitis2023.1/DRC_Rev2.0_SW/DRCPlatform/hw/DRC_Rev2.0_Deliverable.xsa
TRACE::2025-03-23.19:50:02::SCWPlatform::DSA given C:/Xilinx/Projects/DRC_Rev2.0_Deliverables/Vitis2023.1/DRC_Rev2.0_SW/DRCPlatform/hw/DRC_Rev2.0_Deliverable.xsa
TRACE::2025-03-23.19:50:02::SCWPlatform::DSA absoulate path C:/Xilinx/Projects/DRC_Rev2.0_Deliverables/Vitis2023.1/DRC_Rev2.0_SW/DRCPlatform/hw/DRC_Rev2.0_Deliverable.xsa
TRACE::2025-03-23.19:50:02::SCWPlatform::DSA directory C:/Xilinx/Projects/DRC_Rev2.0_Deliverables/Vitis2023.1/DRC_Rev2.0_SW/DRCPlatform/hw
TRACE::2025-03-23.19:50:02::SCWPlatform:: Platform Path C:/Xilinx/Projects/DRC_Rev2.0_Deliverables/Vitis2023.1/DRC_Rev2.0_SW/DRCPlatform/hw/DRC_Rev2.0_Deliverable.xsa
TRACE::2025-03-23.19:50:02::SCWPlatform:: Unique name xilinx:osdzu3eg1_2g_1v8_sip::0.0
TRACE::2025-03-23.19:50:02::SCWPlatform::Trying to set the existing hwdb with name design_1_wrapper_0
TRACE::2025-03-23.19:50:02::SCWPlatform::Opened existing hwdb design_1_wrapper_0
TRACE::2025-03-23.19:50:02::SCWPlatform::Found the Hw Db part of the input DSA
TRACE::2025-03-23.19:50:02::SCWMssOS::Checking the sw design at  C:/Xilinx/Projects/DRC_Rev2.0_Deliverables/Vitis2023.1/DRC_Rev2.0_SW/DRCPlatform/zynqmp_fsbl/zynqmp_fsbl_bsp/system.mss
TRACE::2025-03-23.19:50:02::SCWMssOS::DEBUG:  swdes dump  
TRACE::2025-03-23.19:50:02::SCWMssOS::No sw design opened at  C:/Xilinx/Projects/DRC_Rev2.0_Deliverables/Vitis2023.1/DRC_Rev2.0_SW/DRCPlatform/zynqmp_fsbl/zynqmp_fsbl_bsp/system.mss
TRACE::2025-03-23.19:50:02::SCWMssOS::mss exists loading the mss file  C:/Xilinx/Projects/DRC_Rev2.0_Deliverables/Vitis2023.1/DRC_Rev2.0_SW/DRCPlatform/zynqmp_fsbl/zynqmp_fsbl_bsp/system.mss
TRACE::2025-03-23.19:50:02::SCWMssOS::Opened the sw design from mss  C:/Xilinx/Projects/DRC_Rev2.0_Deliverables/Vitis2023.1/DRC_Rev2.0_SW/DRCPlatform/zynqmp_fsbl/zynqmp_fsbl_bsp/system.mss
TRACE::2025-03-23.19:50:02::SCWMssOS::Adding the swdes entry C:/Xilinx/Projects/DRC_Rev2.0_Deliverables/Vitis2023.1/DRC_Rev2.0_SW/DRCPlatform/zynqmp_fsbl/zynqmp_fsbl_bsp/system.mss with des name system
TRACE::2025-03-23.19:50:02::SCWMssOS::updating the scw layer about changes
TRACE::2025-03-23.19:50:02::SCWMssOS::Opened the sw design.  C:/Xilinx/Projects/DRC_Rev2.0_Deliverables/Vitis2023.1/DRC_Rev2.0_SW/DRCPlatform/zynqmp_fsbl/zynqmp_fsbl_bsp/system.mss
TRACE::2025-03-23.19:50:02::SCWPlatform::Trying to open the hw design at C:/Xilinx/Projects/DRC_Rev2.0_Deliverables/Vitis2023.1/DRC_Rev2.0_SW/DRCPlatform/hw/DRC_Rev2.0_Deliverable.xsa
TRACE::2025-03-23.19:50:02::SCWPlatform::DSA given C:/Xilinx/Projects/DRC_Rev2.0_Deliverables/Vitis2023.1/DRC_Rev2.0_SW/DRCPlatform/hw/DRC_Rev2.0_Deliverable.xsa
TRACE::2025-03-23.19:50:02::SCWPlatform::DSA absoulate path C:/Xilinx/Projects/DRC_Rev2.0_Deliverables/Vitis2023.1/DRC_Rev2.0_SW/DRCPlatform/hw/DRC_Rev2.0_Deliverable.xsa
TRACE::2025-03-23.19:50:02::SCWPlatform::DSA directory C:/Xilinx/Projects/DRC_Rev2.0_Deliverables/Vitis2023.1/DRC_Rev2.0_SW/DRCPlatform/hw
TRACE::2025-03-23.19:50:02::SCWPlatform:: Platform Path C:/Xilinx/Projects/DRC_Rev2.0_Deliverables/Vitis2023.1/DRC_Rev2.0_SW/DRCPlatform/hw/DRC_Rev2.0_Deliverable.xsa
TRACE::2025-03-23.19:50:02::SCWPlatform:: Unique name xilinx:osdzu3eg1_2g_1v8_sip::0.0
TRACE::2025-03-23.19:50:02::SCWPlatform::Trying to set the existing hwdb with name design_1_wrapper_0
TRACE::2025-03-23.19:50:02::SCWPlatform::Opened existing hwdb design_1_wrapper_0
TRACE::2025-03-23.19:50:02::SCWPlatform::Found the Hw Db part of the input DSA
TRACE::2025-03-23.19:50:02::SCWMssOS::Checking the sw design at  C:/Xilinx/Projects/DRC_Rev2.0_Deliverables/Vitis2023.1/DRC_Rev2.0_SW/DRCPlatform/zynqmp_pmufw/zynqmp_pmufw_bsp/system.mss
TRACE::2025-03-23.19:50:02::SCWMssOS::DEBUG:  swdes dump  C:/Xilinx/Projects/DRC_Rev2.0_Deliverables/Vitis2023.1/DRC_Rev2.0_SW/DRCPlatform/zynqmp_fsbl/zynqmp_fsbl_bsp/system.mss|system||

TRACE::2025-03-23.19:50:02::SCWMssOS::No sw design opened at  C:/Xilinx/Projects/DRC_Rev2.0_Deliverables/Vitis2023.1/DRC_Rev2.0_SW/DRCPlatform/zynqmp_pmufw/zynqmp_pmufw_bsp/system.mss
TRACE::2025-03-23.19:50:02::SCWMssOS::mss exists loading the mss file  C:/Xilinx/Projects/DRC_Rev2.0_Deliverables/Vitis2023.1/DRC_Rev2.0_SW/DRCPlatform/zynqmp_pmufw/zynqmp_pmufw_bsp/system.mss
TRACE::2025-03-23.19:50:02::SCWMssOS::Opened the sw design from mss  C:/Xilinx/Projects/DRC_Rev2.0_Deliverables/Vitis2023.1/DRC_Rev2.0_SW/DRCPlatform/zynqmp_pmufw/zynqmp_pmufw_bsp/system.mss
TRACE::2025-03-23.19:50:02::SCWMssOS::Adding the swdes entry C:/Xilinx/Projects/DRC_Rev2.0_Deliverables/Vitis2023.1/DRC_Rev2.0_SW/DRCPlatform/zynqmp_pmufw/zynqmp_pmufw_bsp/system.mss with des name system_0
TRACE::2025-03-23.19:50:02::SCWMssOS::updating the scw layer about changes
TRACE::2025-03-23.19:50:02::SCWMssOS::Opened the sw design.  C:/Xilinx/Projects/DRC_Rev2.0_Deliverables/Vitis2023.1/DRC_Rev2.0_SW/DRCPlatform/zynqmp_pmufw/zynqmp_pmufw_bsp/system.mss
TRACE::2025-03-23.19:50:02::SCWMssOS::Saving the mss changes C:/Xilinx/Projects/DRC_Rev2.0_Deliverables/Vitis2023.1/DRC_Rev2.0_SW/DRCPlatform/zynqmp_fsbl/zynqmp_fsbl_bsp/system.mss
TRACE::2025-03-23.19:50:02::SCWMssOS::Found a swdesign opened with the mssfile.
TRACE::2025-03-23.19:50:02::SCWMssOS::Completed writemss as part of save.
TRACE::2025-03-23.19:50:02::SCWMssOS::Commit changes completed.
TRACE::2025-03-23.19:50:02::SCWMssOS::Saving the mss changes C:/Xilinx/Projects/DRC_Rev2.0_Deliverables/Vitis2023.1/DRC_Rev2.0_SW/DRCPlatform/zynqmp_pmufw/zynqmp_pmufw_bsp/system.mss
TRACE::2025-03-23.19:50:02::SCWMssOS::Found a swdesign opened with the mssfile.
TRACE::2025-03-23.19:50:02::SCWMssOS::Completed writemss as part of save.
TRACE::2025-03-23.19:50:02::SCWMssOS::Commit changes completed.
TRACE::2025-03-23.19:50:02::SCWPlatform::Trying to open the hw design at C:/Xilinx/Projects/DRC_Rev2.0_Deliverables/Vitis2023.1/DRC_Rev2.0_SW/DRCPlatform/hw/DRC_Rev2.0_Deliverable.xsa
TRACE::2025-03-23.19:50:02::SCWPlatform::DSA given C:/Xilinx/Projects/DRC_Rev2.0_Deliverables/Vitis2023.1/DRC_Rev2.0_SW/DRCPlatform/hw/DRC_Rev2.0_Deliverable.xsa
TRACE::2025-03-23.19:50:02::SCWPlatform::DSA absoulate path C:/Xilinx/Projects/DRC_Rev2.0_Deliverables/Vitis2023.1/DRC_Rev2.0_SW/DRCPlatform/hw/DRC_Rev2.0_Deliverable.xsa
TRACE::2025-03-23.19:50:02::SCWPlatform::DSA directory C:/Xilinx/Projects/DRC_Rev2.0_Deliverables/Vitis2023.1/DRC_Rev2.0_SW/DRCPlatform/hw
TRACE::2025-03-23.19:50:02::SCWPlatform:: Platform Path C:/Xilinx/Projects/DRC_Rev2.0_Deliverables/Vitis2023.1/DRC_Rev2.0_SW/DRCPlatform/hw/DRC_Rev2.0_Deliverable.xsa
TRACE::2025-03-23.19:50:02::SCWPlatform:: Unique name xilinx:osdzu3eg1_2g_1v8_sip::0.0
TRACE::2025-03-23.19:50:02::SCWPlatform::Trying to set the existing hwdb with name design_1_wrapper_0
TRACE::2025-03-23.19:50:02::SCWPlatform::Opened existing hwdb design_1_wrapper_0
TRACE::2025-03-23.19:50:02::SCWPlatform::Found the Hw Db part of the input DSA
TRACE::2025-03-23.19:50:02::SCWMssOS::Checking the sw design at  C:/Xilinx/Projects/DRC_Rev2.0_Deliverables/Vitis2023.1/DRC_Rev2.0_SW/DRCPlatform/zynqmp_fsbl/zynqmp_fsbl_bsp/system.mss
TRACE::2025-03-23.19:50:02::SCWMssOS::DEBUG:  swdes dump  C:/Xilinx/Projects/DRC_Rev2.0_Deliverables/Vitis2023.1/DRC_Rev2.0_SW/DRCPlatform/zynqmp_fsbl/zynqmp_fsbl_bsp/system.mss|system||
C:/Xilinx/Projects/DRC_Rev2.0_Deliverables/Vitis2023.1/DRC_Rev2.0_SW/DRCPlatform/zynqmp_pmufw/zynqmp_pmufw_bsp/system.mss|system_0||

TRACE::2025-03-23.19:50:02::SCWMssOS::Sw design exists and opened at  C:/Xilinx/Projects/DRC_Rev2.0_Deliverables/Vitis2023.1/DRC_Rev2.0_SW/DRCPlatform/zynqmp_fsbl/zynqmp_fsbl_bsp/system.mss
TRACE::2025-03-23.19:50:02::SCWPlatform::Trying to open the hw design at C:/Xilinx/Projects/DRC_Rev2.0_Deliverables/Vitis2023.1/DRC_Rev2.0_SW/DRCPlatform/hw/DRC_Rev2.0_Deliverable.xsa
TRACE::2025-03-23.19:50:02::SCWPlatform::DSA given C:/Xilinx/Projects/DRC_Rev2.0_Deliverables/Vitis2023.1/DRC_Rev2.0_SW/DRCPlatform/hw/DRC_Rev2.0_Deliverable.xsa
TRACE::2025-03-23.19:50:02::SCWPlatform::DSA absoulate path C:/Xilinx/Projects/DRC_Rev2.0_Deliverables/Vitis2023.1/DRC_Rev2.0_SW/DRCPlatform/hw/DRC_Rev2.0_Deliverable.xsa
TRACE::2025-03-23.19:50:02::SCWPlatform::DSA directory C:/Xilinx/Projects/DRC_Rev2.0_Deliverables/Vitis2023.1/DRC_Rev2.0_SW/DRCPlatform/hw
TRACE::2025-03-23.19:50:02::SCWPlatform:: Platform Path C:/Xilinx/Projects/DRC_Rev2.0_Deliverables/Vitis2023.1/DRC_Rev2.0_SW/DRCPlatform/hw/DRC_Rev2.0_Deliverable.xsa
TRACE::2025-03-23.19:50:02::SCWPlatform:: Unique name xilinx:osdzu3eg1_2g_1v8_sip::0.0
TRACE::2025-03-23.19:50:02::SCWPlatform::Trying to set the existing hwdb with name design_1_wrapper_0
TRACE::2025-03-23.19:50:02::SCWPlatform::Opened existing hwdb design_1_wrapper_0
TRACE::2025-03-23.19:50:02::SCWPlatform::Found the Hw Db part of the input DSA
TRACE::2025-03-23.19:50:02::SCWMssOS::Checking the sw design at  C:/Xilinx/Projects/DRC_Rev2.0_Deliverables/Vitis2023.1/DRC_Rev2.0_SW/DRCPlatform/zynqmp_fsbl/zynqmp_fsbl_bsp/system.mss
TRACE::2025-03-23.19:50:02::SCWMssOS::DEBUG:  swdes dump  C:/Xilinx/Projects/DRC_Rev2.0_Deliverables/Vitis2023.1/DRC_Rev2.0_SW/DRCPlatform/zynqmp_fsbl/zynqmp_fsbl_bsp/system.mss|system||
C:/Xilinx/Projects/DRC_Rev2.0_Deliverables/Vitis2023.1/DRC_Rev2.0_SW/DRCPlatform/zynqmp_pmufw/zynqmp_pmufw_bsp/system.mss|system_0||

TRACE::2025-03-23.19:50:02::SCWMssOS::Sw design exists and opened at  C:/Xilinx/Projects/DRC_Rev2.0_Deliverables/Vitis2023.1/DRC_Rev2.0_SW/DRCPlatform/zynqmp_fsbl/zynqmp_fsbl_bsp/system.mss
TRACE::2025-03-23.19:50:02::SCWPlatform::Trying to open the hw design at C:/Xilinx/Projects/DRC_Rev2.0_Deliverables/Vitis2023.1/DRC_Rev2.0_SW/DRCPlatform/hw/DRC_Rev2.0_Deliverable.xsa
TRACE::2025-03-23.19:50:02::SCWPlatform::DSA given C:/Xilinx/Projects/DRC_Rev2.0_Deliverables/Vitis2023.1/DRC_Rev2.0_SW/DRCPlatform/hw/DRC_Rev2.0_Deliverable.xsa
TRACE::2025-03-23.19:50:02::SCWPlatform::DSA absoulate path C:/Xilinx/Projects/DRC_Rev2.0_Deliverables/Vitis2023.1/DRC_Rev2.0_SW/DRCPlatform/hw/DRC_Rev2.0_Deliverable.xsa
TRACE::2025-03-23.19:50:02::SCWPlatform::DSA directory C:/Xilinx/Projects/DRC_Rev2.0_Deliverables/Vitis2023.1/DRC_Rev2.0_SW/DRCPlatform/hw
TRACE::2025-03-23.19:50:02::SCWPlatform:: Platform Path C:/Xilinx/Projects/DRC_Rev2.0_Deliverables/Vitis2023.1/DRC_Rev2.0_SW/DRCPlatform/hw/DRC_Rev2.0_Deliverable.xsa
TRACE::2025-03-23.19:50:02::SCWPlatform:: Unique name xilinx:osdzu3eg1_2g_1v8_sip::0.0
TRACE::2025-03-23.19:50:02::SCWPlatform::Trying to set the existing hwdb with name design_1_wrapper_0
TRACE::2025-03-23.19:50:02::SCWPlatform::Opened existing hwdb design_1_wrapper_0
TRACE::2025-03-23.19:50:02::SCWPlatform::Found the Hw Db part of the input DSA
TRACE::2025-03-23.19:50:02::SCWMssOS::Checking the sw design at  C:/Xilinx/Projects/DRC_Rev2.0_Deliverables/Vitis2023.1/DRC_Rev2.0_SW/DRCPlatform/zynqmp_fsbl/zynqmp_fsbl_bsp/system.mss
TRACE::2025-03-23.19:50:02::SCWMssOS::DEBUG:  swdes dump  C:/Xilinx/Projects/DRC_Rev2.0_Deliverables/Vitis2023.1/DRC_Rev2.0_SW/DRCPlatform/zynqmp_fsbl/zynqmp_fsbl_bsp/system.mss|system||
C:/Xilinx/Projects/DRC_Rev2.0_Deliverables/Vitis2023.1/DRC_Rev2.0_SW/DRCPlatform/zynqmp_pmufw/zynqmp_pmufw_bsp/system.mss|system_0||

TRACE::2025-03-23.19:50:02::SCWMssOS::Sw design exists and opened at  C:/Xilinx/Projects/DRC_Rev2.0_Deliverables/Vitis2023.1/DRC_Rev2.0_SW/DRCPlatform/zynqmp_fsbl/zynqmp_fsbl_bsp/system.mss
TRACE::2025-03-23.19:50:02::SCWPlatform::Trying to open the hw design at C:/Xilinx/Projects/DRC_Rev2.0_Deliverables/Vitis2023.1/DRC_Rev2.0_SW/DRCPlatform/hw/DRC_Rev2.0_Deliverable.xsa
TRACE::2025-03-23.19:50:02::SCWPlatform::DSA given C:/Xilinx/Projects/DRC_Rev2.0_Deliverables/Vitis2023.1/DRC_Rev2.0_SW/DRCPlatform/hw/DRC_Rev2.0_Deliverable.xsa
TRACE::2025-03-23.19:50:02::SCWPlatform::DSA absoulate path C:/Xilinx/Projects/DRC_Rev2.0_Deliverables/Vitis2023.1/DRC_Rev2.0_SW/DRCPlatform/hw/DRC_Rev2.0_Deliverable.xsa
TRACE::2025-03-23.19:50:02::SCWPlatform::DSA directory C:/Xilinx/Projects/DRC_Rev2.0_Deliverables/Vitis2023.1/DRC_Rev2.0_SW/DRCPlatform/hw
TRACE::2025-03-23.19:50:02::SCWPlatform:: Platform Path C:/Xilinx/Projects/DRC_Rev2.0_Deliverables/Vitis2023.1/DRC_Rev2.0_SW/DRCPlatform/hw/DRC_Rev2.0_Deliverable.xsa
TRACE::2025-03-23.19:50:02::SCWPlatform:: Unique name xilinx:osdzu3eg1_2g_1v8_sip::0.0
TRACE::2025-03-23.19:50:02::SCWPlatform::Trying to set the existing hwdb with name design_1_wrapper_0
TRACE::2025-03-23.19:50:02::SCWPlatform::Opened existing hwdb design_1_wrapper_0
TRACE::2025-03-23.19:50:02::SCWPlatform::Found the Hw Db part of the input DSA
TRACE::2025-03-23.19:50:02::SCWMssOS::Checking the sw design at  C:/Xilinx/Projects/DRC_Rev2.0_Deliverables/Vitis2023.1/DRC_Rev2.0_SW/DRCPlatform/zynqmp_pmufw/zynqmp_pmufw_bsp/system.mss
TRACE::2025-03-23.19:50:02::SCWMssOS::DEBUG:  swdes dump  C:/Xilinx/Projects/DRC_Rev2.0_Deliverables/Vitis2023.1/DRC_Rev2.0_SW/DRCPlatform/zynqmp_fsbl/zynqmp_fsbl_bsp/system.mss|system||
C:/Xilinx/Projects/DRC_Rev2.0_Deliverables/Vitis2023.1/DRC_Rev2.0_SW/DRCPlatform/zynqmp_pmufw/zynqmp_pmufw_bsp/system.mss|system_0||

TRACE::2025-03-23.19:50:02::SCWMssOS::Sw design exists and opened at  C:/Xilinx/Projects/DRC_Rev2.0_Deliverables/Vitis2023.1/DRC_Rev2.0_SW/DRCPlatform/zynqmp_pmufw/zynqmp_pmufw_bsp/system.mss
TRACE::2025-03-23.19:50:02::SCWPlatform::Trying to open the hw design at C:/Xilinx/Projects/DRC_Rev2.0_Deliverables/Vitis2023.1/DRC_Rev2.0_SW/DRCPlatform/hw/DRC_Rev2.0_Deliverable.xsa
TRACE::2025-03-23.19:50:02::SCWPlatform::DSA given C:/Xilinx/Projects/DRC_Rev2.0_Deliverables/Vitis2023.1/DRC_Rev2.0_SW/DRCPlatform/hw/DRC_Rev2.0_Deliverable.xsa
TRACE::2025-03-23.19:50:02::SCWPlatform::DSA absoulate path C:/Xilinx/Projects/DRC_Rev2.0_Deliverables/Vitis2023.1/DRC_Rev2.0_SW/DRCPlatform/hw/DRC_Rev2.0_Deliverable.xsa
TRACE::2025-03-23.19:50:02::SCWPlatform::DSA directory C:/Xilinx/Projects/DRC_Rev2.0_Deliverables/Vitis2023.1/DRC_Rev2.0_SW/DRCPlatform/hw
TRACE::2025-03-23.19:50:02::SCWPlatform:: Platform Path C:/Xilinx/Projects/DRC_Rev2.0_Deliverables/Vitis2023.1/DRC_Rev2.0_SW/DRCPlatform/hw/DRC_Rev2.0_Deliverable.xsa
TRACE::2025-03-23.19:50:02::SCWPlatform:: Unique name xilinx:osdzu3eg1_2g_1v8_sip::0.0
TRACE::2025-03-23.19:50:02::SCWPlatform::Trying to set the existing hwdb with name design_1_wrapper_0
TRACE::2025-03-23.19:50:02::SCWPlatform::Opened existing hwdb design_1_wrapper_0
TRACE::2025-03-23.19:50:02::SCWPlatform::Found the Hw Db part of the input DSA
TRACE::2025-03-23.19:50:02::SCWMssOS::Checking the sw design at  C:/Xilinx/Projects/DRC_Rev2.0_Deliverables/Vitis2023.1/DRC_Rev2.0_SW/DRCPlatform/zynqmp_pmufw/zynqmp_pmufw_bsp/system.mss
TRACE::2025-03-23.19:50:02::SCWMssOS::DEBUG:  swdes dump  C:/Xilinx/Projects/DRC_Rev2.0_Deliverables/Vitis2023.1/DRC_Rev2.0_SW/DRCPlatform/zynqmp_fsbl/zynqmp_fsbl_bsp/system.mss|system||
C:/Xilinx/Projects/DRC_Rev2.0_Deliverables/Vitis2023.1/DRC_Rev2.0_SW/DRCPlatform/zynqmp_pmufw/zynqmp_pmufw_bsp/system.mss|system_0||

TRACE::2025-03-23.19:50:02::SCWMssOS::Sw design exists and opened at  C:/Xilinx/Projects/DRC_Rev2.0_Deliverables/Vitis2023.1/DRC_Rev2.0_SW/DRCPlatform/zynqmp_pmufw/zynqmp_pmufw_bsp/system.mss
TRACE::2025-03-23.19:50:02::SCWPlatform::Trying to open the hw design at C:/Xilinx/Projects/DRC_Rev2.0_Deliverables/Vitis2023.1/DRC_Rev2.0_SW/DRCPlatform/hw/DRC_Rev2.0_Deliverable.xsa
TRACE::2025-03-23.19:50:02::SCWPlatform::DSA given C:/Xilinx/Projects/DRC_Rev2.0_Deliverables/Vitis2023.1/DRC_Rev2.0_SW/DRCPlatform/hw/DRC_Rev2.0_Deliverable.xsa
TRACE::2025-03-23.19:50:02::SCWPlatform::DSA absoulate path C:/Xilinx/Projects/DRC_Rev2.0_Deliverables/Vitis2023.1/DRC_Rev2.0_SW/DRCPlatform/hw/DRC_Rev2.0_Deliverable.xsa
TRACE::2025-03-23.19:50:02::SCWPlatform::DSA directory C:/Xilinx/Projects/DRC_Rev2.0_Deliverables/Vitis2023.1/DRC_Rev2.0_SW/DRCPlatform/hw
TRACE::2025-03-23.19:50:03::SCWPlatform:: Platform Path C:/Xilinx/Projects/DRC_Rev2.0_Deliverables/Vitis2023.1/DRC_Rev2.0_SW/DRCPlatform/hw/DRC_Rev2.0_Deliverable.xsa
TRACE::2025-03-23.19:50:03::SCWPlatform:: Unique name xilinx:osdzu3eg1_2g_1v8_sip::0.0
TRACE::2025-03-23.19:50:03::SCWPlatform::Trying to set the existing hwdb with name design_1_wrapper_0
TRACE::2025-03-23.19:50:03::SCWPlatform::Opened existing hwdb design_1_wrapper_0
TRACE::2025-03-23.19:50:03::SCWPlatform::Found the Hw Db part of the input DSA
TRACE::2025-03-23.19:50:03::SCWMssOS::Checking the sw design at  C:/Xilinx/Projects/DRC_Rev2.0_Deliverables/Vitis2023.1/DRC_Rev2.0_SW/DRCPlatform/zynqmp_pmufw/zynqmp_pmufw_bsp/system.mss
TRACE::2025-03-23.19:50:03::SCWMssOS::DEBUG:  swdes dump  C:/Xilinx/Projects/DRC_Rev2.0_Deliverables/Vitis2023.1/DRC_Rev2.0_SW/DRCPlatform/zynqmp_fsbl/zynqmp_fsbl_bsp/system.mss|system||
C:/Xilinx/Projects/DRC_Rev2.0_Deliverables/Vitis2023.1/DRC_Rev2.0_SW/DRCPlatform/zynqmp_pmufw/zynqmp_pmufw_bsp/system.mss|system_0||

TRACE::2025-03-23.19:50:03::SCWMssOS::Sw design exists and opened at  C:/Xilinx/Projects/DRC_Rev2.0_Deliverables/Vitis2023.1/DRC_Rev2.0_SW/DRCPlatform/zynqmp_pmufw/zynqmp_pmufw_bsp/system.mss
TRACE::2025-03-23.19:50:03::SCWWriter::formatted JSON is {
	"platformName":	"DRCPlatform",
	"sprVersion":	"2.0",
	"mode":	"gui",
	"dsaType":	"Fixed",
	"platformDesc":	"DRCPlatform",
	"platHandOff":	"C:/Xilinx/Projects/DRC_Rev2.0_Deliverables/Vivado2023.1/DRC_Rev2.0_FW/DRC_Rev2.0_Deliverable.xsa",
	"platIntHandOff":	"<platformDir>/hw/DRC_Rev2.0_Deliverable.xsa",
	"deviceType":	"zynqMP",
	"platIsPrebuiltAutogen":	"false",
	"platIsNoBootBsp":	"false",
	"platFsblTarget":	"psu_cortexa53_0",
	"hasFsblMakeHasChanges":	"false",
	"hasPmufwMakeHasChanges":	"false",
	"fsblExtraCompilerFlags":	"-MMD -MP      -Wall -fmessage-length=0 -DARMA53_64 -Os -flto -ffat-lto-objects  ",
	"pmufwExtraCompilerFlags":	"-MMD -MP      -mlittle-endian -mxl-barrel-shift -mxl-pattern-compare -mcpu=v9.2 -mxl-soft-mul -Os -flto -ffat-lto-objects  ",
	"platPreBuiltFlag":	false,
	"platformSamplesDir":	"",
	"platActiveSys":	"DRCPlatform",
	"systems":	[{
			"systemName":	"DRCPlatform",
			"systemDesc":	"DRCPlatform",
			"sysIsBootAutoGen":	"true",
			"systemDispName":	"DRCPlatform",
			"sysActiveDom":	"zynqmp_pmufw",
			"sysDefaultDom":	"",
			"domains":	[{
					"domainName":	"zynqmp_fsbl",
					"domainDispName":	"zynqmp_fsbl",
					"domainDesc":	"FSBL Application BSP - Auto Generated.",
					"processors":	"psu_cortexa53_0",
					"os":	"standalone",
					"sdxOs":	"standalone",
					"debugEnable":	"",
					"domRuntimes":	["cpp"],
					"swRepo":	"",
					"mssOsVer":	"8.1",
					"mssFile":	"",
					"md5Digest":	"2c86846b79a29ca9cbb7aeab53461da4",
					"compatibleApp":	"zynqmp_fsbl",
					"domType":	"bootDomain",
					"arch":	"64-bit",
					"appSettings":	{
						"appCompilerFlags":	"",
						"appLinkerFlags":	""
					},
					"addedLibs":	["xilffs:5.0", "xilsecure:5.1", "xilpm:5.0"],
					"libOptions":	{
						"standalone":	{
							"zynqmp_fsbl_bsp":	"true",
							"libOptionNames":	["zynqmp_fsbl_bsp"]
						},
						"xilffs":	{
							"read_only":	"true",
							"use_mkfs":	"false",
							"libOptionNames":	["read_only", "use_mkfs"]
						},
						"xilsecure":	{
							"tpm_support":	"true",
							"libOptionNames":	["tpm_support"]
						},
						"libsContainingOptions":	["standalone", "xilffs", "xilsecure"]
					},
					"prebuiltLibs":	{
						"prebuiltIncPath":	[],
						"prebuiltLibPath":	[]
					},
					"isolation":	{
					}
				}, {
					"domainName":	"zynqmp_pmufw",
					"domainDispName":	"zynqmp_pmufw",
					"domainDesc":	"PMUFW Application BSP - Auto Generated.",
					"processors":	"psu_pmu_0",
					"os":	"standalone",
					"sdxOs":	"standalone",
					"debugEnable":	"",
					"domRuntimes":	["cpp"],
					"swRepo":	"",
					"mssOsVer":	"8.1",
					"mssFile":	"",
					"md5Digest":	"550fca1150fbaea7cb6d01f88f8defa0",
					"compatibleApp":	"zynqmp_pmufw",
					"domType":	"bootDomain",
					"arch":	"32-bit",
					"appSettings":	{
						"appCompilerFlags":	"",
						"appLinkerFlags":	""
					},
					"addedLibs":	["xilfpga:6.4", "xilsecure:5.1", "xilskey:7.4"],
					"libOptions":	{
						"psu_pmu_0":	{
							"extra_compiler_flags":	"-g -ffunction-sections -fdata-sections -Wall -Wextra -fno-tree-loop-distribute-patterns  -Os -flto -ffat-lto-objects",
							"libOptionNames":	["extra_compiler_flags"]
						},
						"libsContainingOptions":	["psu_pmu_0"]
					},
					"prebuiltLibs":	{
						"prebuiltIncPath":	[],
						"prebuiltLibPath":	[]
					},
					"isolation":	{
					}
				}]
		}]
}
TRACE::2025-03-23.19:50:03::SCWPlatform::Trying to open the hw design at C:/Xilinx/Projects/DRC_Rev2.0_Deliverables/Vitis2023.1/DRC_Rev2.0_SW/DRCPlatform/hw/DRC_Rev2.0_Deliverable.xsa
TRACE::2025-03-23.19:50:03::SCWPlatform::DSA given C:/Xilinx/Projects/DRC_Rev2.0_Deliverables/Vitis2023.1/DRC_Rev2.0_SW/DRCPlatform/hw/DRC_Rev2.0_Deliverable.xsa
TRACE::2025-03-23.19:50:03::SCWPlatform::DSA absoulate path C:/Xilinx/Projects/DRC_Rev2.0_Deliverables/Vitis2023.1/DRC_Rev2.0_SW/DRCPlatform/hw/DRC_Rev2.0_Deliverable.xsa
TRACE::2025-03-23.19:50:03::SCWPlatform::DSA directory C:/Xilinx/Projects/DRC_Rev2.0_Deliverables/Vitis2023.1/DRC_Rev2.0_SW/DRCPlatform/hw
TRACE::2025-03-23.19:50:03::SCWPlatform:: Platform Path C:/Xilinx/Projects/DRC_Rev2.0_Deliverables/Vitis2023.1/DRC_Rev2.0_SW/DRCPlatform/hw/DRC_Rev2.0_Deliverable.xsa
TRACE::2025-03-23.19:50:03::SCWPlatform:: Unique name xilinx:osdzu3eg1_2g_1v8_sip::0.0
TRACE::2025-03-23.19:50:03::SCWPlatform::Trying to set the existing hwdb with name design_1_wrapper_0
TRACE::2025-03-23.19:50:03::SCWPlatform::Opened existing hwdb design_1_wrapper_0
TRACE::2025-03-23.19:50:03::SCWPlatform::Found the Hw Db part of the input DSA
TRACE::2025-03-23.19:50:03::SCWPlatform::Trying to open the hw design at C:/Xilinx/Projects/DRC_Rev2.0_Deliverables/Vitis2023.1/DRC_Rev2.0_SW/DRCPlatform/hw/DRC_Rev2.0_Deliverable.xsa
TRACE::2025-03-23.19:50:03::SCWPlatform::DSA given C:/Xilinx/Projects/DRC_Rev2.0_Deliverables/Vitis2023.1/DRC_Rev2.0_SW/DRCPlatform/hw/DRC_Rev2.0_Deliverable.xsa
TRACE::2025-03-23.19:50:03::SCWPlatform::DSA absoulate path C:/Xilinx/Projects/DRC_Rev2.0_Deliverables/Vitis2023.1/DRC_Rev2.0_SW/DRCPlatform/hw/DRC_Rev2.0_Deliverable.xsa
TRACE::2025-03-23.19:50:03::SCWPlatform::DSA directory C:/Xilinx/Projects/DRC_Rev2.0_Deliverables/Vitis2023.1/DRC_Rev2.0_SW/DRCPlatform/hw
TRACE::2025-03-23.19:50:03::SCWPlatform:: Platform Path C:/Xilinx/Projects/DRC_Rev2.0_Deliverables/Vitis2023.1/DRC_Rev2.0_SW/DRCPlatform/hw/DRC_Rev2.0_Deliverable.xsa
TRACE::2025-03-23.19:50:03::SCWPlatform:: Unique name xilinx:osdzu3eg1_2g_1v8_sip::0.0
TRACE::2025-03-23.19:50:03::SCWPlatform::Trying to set the existing hwdb with name design_1_wrapper_0
TRACE::2025-03-23.19:50:03::SCWPlatform::Opened existing hwdb design_1_wrapper_0
TRACE::2025-03-23.19:50:03::SCWPlatform::Found the Hw Db part of the input DSA
TRACE::2025-03-23.19:50:03::SCWDomain::checking for install qemu data   : 
TRACE::2025-03-23.19:50:03::SCWDomain:: Using the QEMU Data from install at  : C:/Xilinx/Vitis/2023.1/data/emulation/platforms/zynqmp/sw/a53_standalone/qemu/
TRACE::2025-03-23.19:50:03::SCWDomain:: Using the QEMU args  from install at  : C:/Xilinx/Vitis/2023.1/data/emulation/platforms/zynqmp/sw/a53_standalone/qemu/qemu_args.txt
TRACE::2025-03-23.19:50:03::SCWDomain:: Using the PMUQEMU args from install at  : C:/Xilinx/Vitis/2023.1/data/emulation/platforms/zynqmp/sw/a53_standalone/qemu/pmu_args.txt
TRACE::2025-03-23.19:50:03::SCWPlatform::Trying to open the hw design at C:/Xilinx/Projects/DRC_Rev2.0_Deliverables/Vitis2023.1/DRC_Rev2.0_SW/DRCPlatform/hw/DRC_Rev2.0_Deliverable.xsa
TRACE::2025-03-23.19:50:03::SCWPlatform::DSA given C:/Xilinx/Projects/DRC_Rev2.0_Deliverables/Vitis2023.1/DRC_Rev2.0_SW/DRCPlatform/hw/DRC_Rev2.0_Deliverable.xsa
TRACE::2025-03-23.19:50:03::SCWPlatform::DSA absoulate path C:/Xilinx/Projects/DRC_Rev2.0_Deliverables/Vitis2023.1/DRC_Rev2.0_SW/DRCPlatform/hw/DRC_Rev2.0_Deliverable.xsa
TRACE::2025-03-23.19:50:03::SCWPlatform::DSA directory C:/Xilinx/Projects/DRC_Rev2.0_Deliverables/Vitis2023.1/DRC_Rev2.0_SW/DRCPlatform/hw
TRACE::2025-03-23.19:50:03::SCWPlatform:: Platform Path C:/Xilinx/Projects/DRC_Rev2.0_Deliverables/Vitis2023.1/DRC_Rev2.0_SW/DRCPlatform/hw/DRC_Rev2.0_Deliverable.xsa
TRACE::2025-03-23.19:50:03::SCWPlatform:: Unique name xilinx:osdzu3eg1_2g_1v8_sip::0.0
TRACE::2025-03-23.19:50:03::SCWPlatform::Trying to set the existing hwdb with name design_1_wrapper_0
TRACE::2025-03-23.19:50:03::SCWPlatform::Opened existing hwdb design_1_wrapper_0
TRACE::2025-03-23.19:50:03::SCWPlatform::Found the Hw Db part of the input DSA
TRACE::2025-03-23.19:50:03::SCWPlatform::Trying to open the hw design at C:/Xilinx/Projects/DRC_Rev2.0_Deliverables/Vitis2023.1/DRC_Rev2.0_SW/DRCPlatform/hw/DRC_Rev2.0_Deliverable.xsa
TRACE::2025-03-23.19:50:03::SCWPlatform::DSA given C:/Xilinx/Projects/DRC_Rev2.0_Deliverables/Vitis2023.1/DRC_Rev2.0_SW/DRCPlatform/hw/DRC_Rev2.0_Deliverable.xsa
TRACE::2025-03-23.19:50:03::SCWPlatform::DSA absoulate path C:/Xilinx/Projects/DRC_Rev2.0_Deliverables/Vitis2023.1/DRC_Rev2.0_SW/DRCPlatform/hw/DRC_Rev2.0_Deliverable.xsa
TRACE::2025-03-23.19:50:03::SCWPlatform::DSA directory C:/Xilinx/Projects/DRC_Rev2.0_Deliverables/Vitis2023.1/DRC_Rev2.0_SW/DRCPlatform/hw
TRACE::2025-03-23.19:50:03::SCWPlatform:: Platform Path C:/Xilinx/Projects/DRC_Rev2.0_Deliverables/Vitis2023.1/DRC_Rev2.0_SW/DRCPlatform/hw/DRC_Rev2.0_Deliverable.xsa
TRACE::2025-03-23.19:50:03::SCWPlatform:: Unique name xilinx:osdzu3eg1_2g_1v8_sip::0.0
TRACE::2025-03-23.19:50:03::SCWPlatform::Trying to set the existing hwdb with name design_1_wrapper_0
TRACE::2025-03-23.19:50:03::SCWPlatform::Opened existing hwdb design_1_wrapper_0
TRACE::2025-03-23.19:50:03::SCWPlatform::Found the Hw Db part of the input DSA
TRACE::2025-03-23.19:50:03::SCWDomain::Qemu Directory name is changed from "" to "qemu"
TRACE::2025-03-23.19:50:03::SCWPlatform::Trying to open the hw design at C:/Xilinx/Projects/DRC_Rev2.0_Deliverables/Vitis2023.1/DRC_Rev2.0_SW/DRCPlatform/hw/DRC_Rev2.0_Deliverable.xsa
TRACE::2025-03-23.19:50:03::SCWPlatform::DSA given C:/Xilinx/Projects/DRC_Rev2.0_Deliverables/Vitis2023.1/DRC_Rev2.0_SW/DRCPlatform/hw/DRC_Rev2.0_Deliverable.xsa
TRACE::2025-03-23.19:50:03::SCWPlatform::DSA absoulate path C:/Xilinx/Projects/DRC_Rev2.0_Deliverables/Vitis2023.1/DRC_Rev2.0_SW/DRCPlatform/hw/DRC_Rev2.0_Deliverable.xsa
TRACE::2025-03-23.19:50:03::SCWPlatform::DSA directory C:/Xilinx/Projects/DRC_Rev2.0_Deliverables/Vitis2023.1/DRC_Rev2.0_SW/DRCPlatform/hw
TRACE::2025-03-23.19:50:03::SCWPlatform:: Platform Path C:/Xilinx/Projects/DRC_Rev2.0_Deliverables/Vitis2023.1/DRC_Rev2.0_SW/DRCPlatform/hw/DRC_Rev2.0_Deliverable.xsa
TRACE::2025-03-23.19:50:03::SCWPlatform:: Unique name xilinx:osdzu3eg1_2g_1v8_sip::0.0
TRACE::2025-03-23.19:50:03::SCWPlatform::Trying to set the existing hwdb with name design_1_wrapper_0
TRACE::2025-03-23.19:50:03::SCWPlatform::Opened existing hwdb design_1_wrapper_0
TRACE::2025-03-23.19:50:03::SCWPlatform::Found the Hw Db part of the input DSA
TRACE::2025-03-23.19:50:03::SCWMssOS::Checking the sw design at  C:/Xilinx/Projects/DRC_Rev2.0_Deliverables/Vitis2023.1/DRC_Rev2.0_SW/DRCPlatform/psu_cortexa53_0/standalone_domain/bsp/system.mss
TRACE::2025-03-23.19:50:03::SCWMssOS::DEBUG:  swdes dump  C:/Xilinx/Projects/DRC_Rev2.0_Deliverables/Vitis2023.1/DRC_Rev2.0_SW/DRCPlatform/zynqmp_fsbl/zynqmp_fsbl_bsp/system.mss|system||
C:/Xilinx/Projects/DRC_Rev2.0_Deliverables/Vitis2023.1/DRC_Rev2.0_SW/DRCPlatform/zynqmp_pmufw/zynqmp_pmufw_bsp/system.mss|system_0||

TRACE::2025-03-23.19:50:03::SCWMssOS::No sw design opened at  C:/Xilinx/Projects/DRC_Rev2.0_Deliverables/Vitis2023.1/DRC_Rev2.0_SW/DRCPlatform/psu_cortexa53_0/standalone_domain/bsp/system.mss
TRACE::2025-03-23.19:50:03::SCWMssOS::mss does not exists at C:/Xilinx/Projects/DRC_Rev2.0_Deliverables/Vitis2023.1/DRC_Rev2.0_SW/DRCPlatform/psu_cortexa53_0/standalone_domain/bsp/system.mss
TRACE::2025-03-23.19:50:03::SCWMssOS::Creating sw design at  C:/Xilinx/Projects/DRC_Rev2.0_Deliverables/Vitis2023.1/DRC_Rev2.0_SW/DRCPlatform/psu_cortexa53_0/standalone_domain/bsp/system.mss
TRACE::2025-03-23.19:50:03::SCWMssOS::Adding the swdes entry, created swdb C:/Xilinx/Projects/DRC_Rev2.0_Deliverables/Vitis2023.1/DRC_Rev2.0_SW/DRCPlatform/psu_cortexa53_0/standalone_domain/bsp/system.mss with des name C:/Xilinx/Projects/DRC_Rev2.0_Deliverables/Vitis2023.1/DRC_Rev2.0_SW/DRCPlatform/psu_cortexa53_0/standalone_domain/bsp/system.mss
TRACE::2025-03-23.19:50:03::SCWMssOS::updating the scw layer changes to swdes at   C:/Xilinx/Projects/DRC_Rev2.0_Deliverables/Vitis2023.1/DRC_Rev2.0_SW/DRCPlatform/psu_cortexa53_0/standalone_domain/bsp/system.mss
TRACE::2025-03-23.19:50:03::SCWMssOS::Writing mss at C:/Xilinx/Projects/DRC_Rev2.0_Deliverables/Vitis2023.1/DRC_Rev2.0_SW/DRCPlatform/psu_cortexa53_0/standalone_domain/bsp/system.mss
TRACE::2025-03-23.19:50:03::SCWMssOS::Completed writing the mss file at C:/Xilinx/Projects/DRC_Rev2.0_Deliverables/Vitis2023.1/DRC_Rev2.0_SW/DRCPlatform/psu_cortexa53_0/standalone_domain/bsp
TRACE::2025-03-23.19:50:03::SCWMssOS::Picking up changes from newly written mss file into SCW Layer. 
TRACE::2025-03-23.19:50:03::SCWMssOS::Updated the changes from newly written mss file into SCW Layer. 
TRACE::2025-03-23.19:50:03::SCWMssOS::Completed writing the mss file at C:/Xilinx/Projects/DRC_Rev2.0_Deliverables/Vitis2023.1/DRC_Rev2.0_SW/DRCPlatform/psu_cortexa53_0/standalone_domain/bsp
TRACE::2025-03-23.19:50:03::SCWMssOS::Forcing BSP Sources regeneration.
TRACE::2025-03-23.19:50:04::SCWMssOS::Saving the mss changes C:/Xilinx/Projects/DRC_Rev2.0_Deliverables/Vitis2023.1/DRC_Rev2.0_SW/DRCPlatform/zynqmp_fsbl/zynqmp_fsbl_bsp/system.mss
TRACE::2025-03-23.19:50:04::SCWMssOS::Found a swdesign opened with the mssfile.
TRACE::2025-03-23.19:50:04::SCWMssOS::Completed writemss as part of save.
TRACE::2025-03-23.19:50:04::SCWMssOS::Commit changes completed.
TRACE::2025-03-23.19:50:04::SCWMssOS::Saving the mss changes C:/Xilinx/Projects/DRC_Rev2.0_Deliverables/Vitis2023.1/DRC_Rev2.0_SW/DRCPlatform/zynqmp_pmufw/zynqmp_pmufw_bsp/system.mss
TRACE::2025-03-23.19:50:04::SCWMssOS::Found a swdesign opened with the mssfile.
TRACE::2025-03-23.19:50:04::SCWMssOS::Completed writemss as part of save.
TRACE::2025-03-23.19:50:04::SCWMssOS::Commit changes completed.
TRACE::2025-03-23.19:50:04::SCWMssOS::Saving the mss changes C:/Xilinx/Projects/DRC_Rev2.0_Deliverables/Vitis2023.1/DRC_Rev2.0_SW/DRCPlatform/psu_cortexa53_0/standalone_domain/bsp/system.mss
TRACE::2025-03-23.19:50:04::SCWMssOS::Adding the swdes entry, mss present, able to open swdb C:/Xilinx/Projects/DRC_Rev2.0_Deliverables/Vitis2023.1/DRC_Rev2.0_SW/DRCPlatform/psu_cortexa53_0/standalone_domain/bsp/system.mss with des name system_1
TRACE::2025-03-23.19:50:04::SCWMssOS::Writing the mss file completed C:/Xilinx/Projects/DRC_Rev2.0_Deliverables/Vitis2023.1/DRC_Rev2.0_SW/DRCPlatform/psu_cortexa53_0/standalone_domain/bsp/system.mss
TRACE::2025-03-23.19:50:04::SCWMssOS::Commit changes completed.
TRACE::2025-03-23.19:50:04::SCWPlatform::Trying to open the hw design at C:/Xilinx/Projects/DRC_Rev2.0_Deliverables/Vitis2023.1/DRC_Rev2.0_SW/DRCPlatform/hw/DRC_Rev2.0_Deliverable.xsa
TRACE::2025-03-23.19:50:04::SCWPlatform::DSA given C:/Xilinx/Projects/DRC_Rev2.0_Deliverables/Vitis2023.1/DRC_Rev2.0_SW/DRCPlatform/hw/DRC_Rev2.0_Deliverable.xsa
TRACE::2025-03-23.19:50:04::SCWPlatform::DSA absoulate path C:/Xilinx/Projects/DRC_Rev2.0_Deliverables/Vitis2023.1/DRC_Rev2.0_SW/DRCPlatform/hw/DRC_Rev2.0_Deliverable.xsa
TRACE::2025-03-23.19:50:04::SCWPlatform::DSA directory C:/Xilinx/Projects/DRC_Rev2.0_Deliverables/Vitis2023.1/DRC_Rev2.0_SW/DRCPlatform/hw
TRACE::2025-03-23.19:50:04::SCWPlatform:: Platform Path C:/Xilinx/Projects/DRC_Rev2.0_Deliverables/Vitis2023.1/DRC_Rev2.0_SW/DRCPlatform/hw/DRC_Rev2.0_Deliverable.xsa
TRACE::2025-03-23.19:50:04::SCWPlatform:: Unique name xilinx:osdzu3eg1_2g_1v8_sip::0.0
TRACE::2025-03-23.19:50:04::SCWPlatform::Trying to set the existing hwdb with name design_1_wrapper_0
TRACE::2025-03-23.19:50:04::SCWPlatform::Opened existing hwdb design_1_wrapper_0
TRACE::2025-03-23.19:50:04::SCWPlatform::Found the Hw Db part of the input DSA
TRACE::2025-03-23.19:50:04::SCWMssOS::Checking the sw design at  C:/Xilinx/Projects/DRC_Rev2.0_Deliverables/Vitis2023.1/DRC_Rev2.0_SW/DRCPlatform/zynqmp_fsbl/zynqmp_fsbl_bsp/system.mss
TRACE::2025-03-23.19:50:04::SCWMssOS::DEBUG:  swdes dump  C:/Xilinx/Projects/DRC_Rev2.0_Deliverables/Vitis2023.1/DRC_Rev2.0_SW/DRCPlatform/psu_cortexa53_0/standalone_domain/bsp/system.mss|system_1||
C:/Xilinx/Projects/DRC_Rev2.0_Deliverables/Vitis2023.1/DRC_Rev2.0_SW/DRCPlatform/zynqmp_fsbl/zynqmp_fsbl_bsp/system.mss|system||
C:/Xilinx/Projects/DRC_Rev2.0_Deliverables/Vitis2023.1/DRC_Rev2.0_SW/DRCPlatform/zynqmp_pmufw/zynqmp_pmufw_bsp/system.mss|system_0||

TRACE::2025-03-23.19:50:04::SCWMssOS::Sw design exists and opened at  C:/Xilinx/Projects/DRC_Rev2.0_Deliverables/Vitis2023.1/DRC_Rev2.0_SW/DRCPlatform/zynqmp_fsbl/zynqmp_fsbl_bsp/system.mss
TRACE::2025-03-23.19:50:04::SCWPlatform::Trying to open the hw design at C:/Xilinx/Projects/DRC_Rev2.0_Deliverables/Vitis2023.1/DRC_Rev2.0_SW/DRCPlatform/hw/DRC_Rev2.0_Deliverable.xsa
TRACE::2025-03-23.19:50:04::SCWPlatform::DSA given C:/Xilinx/Projects/DRC_Rev2.0_Deliverables/Vitis2023.1/DRC_Rev2.0_SW/DRCPlatform/hw/DRC_Rev2.0_Deliverable.xsa
TRACE::2025-03-23.19:50:04::SCWPlatform::DSA absoulate path C:/Xilinx/Projects/DRC_Rev2.0_Deliverables/Vitis2023.1/DRC_Rev2.0_SW/DRCPlatform/hw/DRC_Rev2.0_Deliverable.xsa
TRACE::2025-03-23.19:50:04::SCWPlatform::DSA directory C:/Xilinx/Projects/DRC_Rev2.0_Deliverables/Vitis2023.1/DRC_Rev2.0_SW/DRCPlatform/hw
TRACE::2025-03-23.19:50:04::SCWPlatform:: Platform Path C:/Xilinx/Projects/DRC_Rev2.0_Deliverables/Vitis2023.1/DRC_Rev2.0_SW/DRCPlatform/hw/DRC_Rev2.0_Deliverable.xsa
TRACE::2025-03-23.19:50:04::SCWPlatform:: Unique name xilinx:osdzu3eg1_2g_1v8_sip::0.0
TRACE::2025-03-23.19:50:04::SCWPlatform::Trying to set the existing hwdb with name design_1_wrapper_0
TRACE::2025-03-23.19:50:04::SCWPlatform::Opened existing hwdb design_1_wrapper_0
TRACE::2025-03-23.19:50:04::SCWPlatform::Found the Hw Db part of the input DSA
TRACE::2025-03-23.19:50:04::SCWMssOS::Checking the sw design at  C:/Xilinx/Projects/DRC_Rev2.0_Deliverables/Vitis2023.1/DRC_Rev2.0_SW/DRCPlatform/zynqmp_fsbl/zynqmp_fsbl_bsp/system.mss
TRACE::2025-03-23.19:50:04::SCWMssOS::DEBUG:  swdes dump  C:/Xilinx/Projects/DRC_Rev2.0_Deliverables/Vitis2023.1/DRC_Rev2.0_SW/DRCPlatform/psu_cortexa53_0/standalone_domain/bsp/system.mss|system_1||
C:/Xilinx/Projects/DRC_Rev2.0_Deliverables/Vitis2023.1/DRC_Rev2.0_SW/DRCPlatform/zynqmp_fsbl/zynqmp_fsbl_bsp/system.mss|system||
C:/Xilinx/Projects/DRC_Rev2.0_Deliverables/Vitis2023.1/DRC_Rev2.0_SW/DRCPlatform/zynqmp_pmufw/zynqmp_pmufw_bsp/system.mss|system_0||

TRACE::2025-03-23.19:50:04::SCWMssOS::Sw design exists and opened at  C:/Xilinx/Projects/DRC_Rev2.0_Deliverables/Vitis2023.1/DRC_Rev2.0_SW/DRCPlatform/zynqmp_fsbl/zynqmp_fsbl_bsp/system.mss
TRACE::2025-03-23.19:50:04::SCWPlatform::Trying to open the hw design at C:/Xilinx/Projects/DRC_Rev2.0_Deliverables/Vitis2023.1/DRC_Rev2.0_SW/DRCPlatform/hw/DRC_Rev2.0_Deliverable.xsa
TRACE::2025-03-23.19:50:04::SCWPlatform::DSA given C:/Xilinx/Projects/DRC_Rev2.0_Deliverables/Vitis2023.1/DRC_Rev2.0_SW/DRCPlatform/hw/DRC_Rev2.0_Deliverable.xsa
TRACE::2025-03-23.19:50:04::SCWPlatform::DSA absoulate path C:/Xilinx/Projects/DRC_Rev2.0_Deliverables/Vitis2023.1/DRC_Rev2.0_SW/DRCPlatform/hw/DRC_Rev2.0_Deliverable.xsa
TRACE::2025-03-23.19:50:04::SCWPlatform::DSA directory C:/Xilinx/Projects/DRC_Rev2.0_Deliverables/Vitis2023.1/DRC_Rev2.0_SW/DRCPlatform/hw
TRACE::2025-03-23.19:50:04::SCWPlatform:: Platform Path C:/Xilinx/Projects/DRC_Rev2.0_Deliverables/Vitis2023.1/DRC_Rev2.0_SW/DRCPlatform/hw/DRC_Rev2.0_Deliverable.xsa
TRACE::2025-03-23.19:50:04::SCWPlatform:: Unique name xilinx:osdzu3eg1_2g_1v8_sip::0.0
TRACE::2025-03-23.19:50:04::SCWPlatform::Trying to set the existing hwdb with name design_1_wrapper_0
TRACE::2025-03-23.19:50:04::SCWPlatform::Opened existing hwdb design_1_wrapper_0
TRACE::2025-03-23.19:50:04::SCWPlatform::Found the Hw Db part of the input DSA
TRACE::2025-03-23.19:50:04::SCWMssOS::Checking the sw design at  C:/Xilinx/Projects/DRC_Rev2.0_Deliverables/Vitis2023.1/DRC_Rev2.0_SW/DRCPlatform/zynqmp_fsbl/zynqmp_fsbl_bsp/system.mss
TRACE::2025-03-23.19:50:04::SCWMssOS::DEBUG:  swdes dump  C:/Xilinx/Projects/DRC_Rev2.0_Deliverables/Vitis2023.1/DRC_Rev2.0_SW/DRCPlatform/psu_cortexa53_0/standalone_domain/bsp/system.mss|system_1||
C:/Xilinx/Projects/DRC_Rev2.0_Deliverables/Vitis2023.1/DRC_Rev2.0_SW/DRCPlatform/zynqmp_fsbl/zynqmp_fsbl_bsp/system.mss|system||
C:/Xilinx/Projects/DRC_Rev2.0_Deliverables/Vitis2023.1/DRC_Rev2.0_SW/DRCPlatform/zynqmp_pmufw/zynqmp_pmufw_bsp/system.mss|system_0||

TRACE::2025-03-23.19:50:04::SCWMssOS::Sw design exists and opened at  C:/Xilinx/Projects/DRC_Rev2.0_Deliverables/Vitis2023.1/DRC_Rev2.0_SW/DRCPlatform/zynqmp_fsbl/zynqmp_fsbl_bsp/system.mss
TRACE::2025-03-23.19:50:04::SCWPlatform::Trying to open the hw design at C:/Xilinx/Projects/DRC_Rev2.0_Deliverables/Vitis2023.1/DRC_Rev2.0_SW/DRCPlatform/hw/DRC_Rev2.0_Deliverable.xsa
TRACE::2025-03-23.19:50:04::SCWPlatform::DSA given C:/Xilinx/Projects/DRC_Rev2.0_Deliverables/Vitis2023.1/DRC_Rev2.0_SW/DRCPlatform/hw/DRC_Rev2.0_Deliverable.xsa
TRACE::2025-03-23.19:50:04::SCWPlatform::DSA absoulate path C:/Xilinx/Projects/DRC_Rev2.0_Deliverables/Vitis2023.1/DRC_Rev2.0_SW/DRCPlatform/hw/DRC_Rev2.0_Deliverable.xsa
TRACE::2025-03-23.19:50:04::SCWPlatform::DSA directory C:/Xilinx/Projects/DRC_Rev2.0_Deliverables/Vitis2023.1/DRC_Rev2.0_SW/DRCPlatform/hw
TRACE::2025-03-23.19:50:04::SCWPlatform:: Platform Path C:/Xilinx/Projects/DRC_Rev2.0_Deliverables/Vitis2023.1/DRC_Rev2.0_SW/DRCPlatform/hw/DRC_Rev2.0_Deliverable.xsa
TRACE::2025-03-23.19:50:04::SCWPlatform:: Unique name xilinx:osdzu3eg1_2g_1v8_sip::0.0
TRACE::2025-03-23.19:50:04::SCWPlatform::Trying to set the existing hwdb with name design_1_wrapper_0
TRACE::2025-03-23.19:50:04::SCWPlatform::Opened existing hwdb design_1_wrapper_0
TRACE::2025-03-23.19:50:04::SCWPlatform::Found the Hw Db part of the input DSA
TRACE::2025-03-23.19:50:04::SCWMssOS::Checking the sw design at  C:/Xilinx/Projects/DRC_Rev2.0_Deliverables/Vitis2023.1/DRC_Rev2.0_SW/DRCPlatform/zynqmp_pmufw/zynqmp_pmufw_bsp/system.mss
TRACE::2025-03-23.19:50:04::SCWMssOS::DEBUG:  swdes dump  C:/Xilinx/Projects/DRC_Rev2.0_Deliverables/Vitis2023.1/DRC_Rev2.0_SW/DRCPlatform/psu_cortexa53_0/standalone_domain/bsp/system.mss|system_1||
C:/Xilinx/Projects/DRC_Rev2.0_Deliverables/Vitis2023.1/DRC_Rev2.0_SW/DRCPlatform/zynqmp_fsbl/zynqmp_fsbl_bsp/system.mss|system||
C:/Xilinx/Projects/DRC_Rev2.0_Deliverables/Vitis2023.1/DRC_Rev2.0_SW/DRCPlatform/zynqmp_pmufw/zynqmp_pmufw_bsp/system.mss|system_0||

TRACE::2025-03-23.19:50:04::SCWMssOS::Sw design exists and opened at  C:/Xilinx/Projects/DRC_Rev2.0_Deliverables/Vitis2023.1/DRC_Rev2.0_SW/DRCPlatform/zynqmp_pmufw/zynqmp_pmufw_bsp/system.mss
TRACE::2025-03-23.19:50:04::SCWPlatform::Trying to open the hw design at C:/Xilinx/Projects/DRC_Rev2.0_Deliverables/Vitis2023.1/DRC_Rev2.0_SW/DRCPlatform/hw/DRC_Rev2.0_Deliverable.xsa
TRACE::2025-03-23.19:50:04::SCWPlatform::DSA given C:/Xilinx/Projects/DRC_Rev2.0_Deliverables/Vitis2023.1/DRC_Rev2.0_SW/DRCPlatform/hw/DRC_Rev2.0_Deliverable.xsa
TRACE::2025-03-23.19:50:04::SCWPlatform::DSA absoulate path C:/Xilinx/Projects/DRC_Rev2.0_Deliverables/Vitis2023.1/DRC_Rev2.0_SW/DRCPlatform/hw/DRC_Rev2.0_Deliverable.xsa
TRACE::2025-03-23.19:50:04::SCWPlatform::DSA directory C:/Xilinx/Projects/DRC_Rev2.0_Deliverables/Vitis2023.1/DRC_Rev2.0_SW/DRCPlatform/hw
TRACE::2025-03-23.19:50:04::SCWPlatform:: Platform Path C:/Xilinx/Projects/DRC_Rev2.0_Deliverables/Vitis2023.1/DRC_Rev2.0_SW/DRCPlatform/hw/DRC_Rev2.0_Deliverable.xsa
TRACE::2025-03-23.19:50:04::SCWPlatform:: Unique name xilinx:osdzu3eg1_2g_1v8_sip::0.0
TRACE::2025-03-23.19:50:04::SCWPlatform::Trying to set the existing hwdb with name design_1_wrapper_0
TRACE::2025-03-23.19:50:04::SCWPlatform::Opened existing hwdb design_1_wrapper_0
TRACE::2025-03-23.19:50:04::SCWPlatform::Found the Hw Db part of the input DSA
TRACE::2025-03-23.19:50:04::SCWMssOS::Checking the sw design at  C:/Xilinx/Projects/DRC_Rev2.0_Deliverables/Vitis2023.1/DRC_Rev2.0_SW/DRCPlatform/zynqmp_pmufw/zynqmp_pmufw_bsp/system.mss
TRACE::2025-03-23.19:50:04::SCWMssOS::DEBUG:  swdes dump  C:/Xilinx/Projects/DRC_Rev2.0_Deliverables/Vitis2023.1/DRC_Rev2.0_SW/DRCPlatform/psu_cortexa53_0/standalone_domain/bsp/system.mss|system_1||
C:/Xilinx/Projects/DRC_Rev2.0_Deliverables/Vitis2023.1/DRC_Rev2.0_SW/DRCPlatform/zynqmp_fsbl/zynqmp_fsbl_bsp/system.mss|system||
C:/Xilinx/Projects/DRC_Rev2.0_Deliverables/Vitis2023.1/DRC_Rev2.0_SW/DRCPlatform/zynqmp_pmufw/zynqmp_pmufw_bsp/system.mss|system_0||

TRACE::2025-03-23.19:50:04::SCWMssOS::Sw design exists and opened at  C:/Xilinx/Projects/DRC_Rev2.0_Deliverables/Vitis2023.1/DRC_Rev2.0_SW/DRCPlatform/zynqmp_pmufw/zynqmp_pmufw_bsp/system.mss
TRACE::2025-03-23.19:50:04::SCWPlatform::Trying to open the hw design at C:/Xilinx/Projects/DRC_Rev2.0_Deliverables/Vitis2023.1/DRC_Rev2.0_SW/DRCPlatform/hw/DRC_Rev2.0_Deliverable.xsa
TRACE::2025-03-23.19:50:04::SCWPlatform::DSA given C:/Xilinx/Projects/DRC_Rev2.0_Deliverables/Vitis2023.1/DRC_Rev2.0_SW/DRCPlatform/hw/DRC_Rev2.0_Deliverable.xsa
TRACE::2025-03-23.19:50:04::SCWPlatform::DSA absoulate path C:/Xilinx/Projects/DRC_Rev2.0_Deliverables/Vitis2023.1/DRC_Rev2.0_SW/DRCPlatform/hw/DRC_Rev2.0_Deliverable.xsa
TRACE::2025-03-23.19:50:04::SCWPlatform::DSA directory C:/Xilinx/Projects/DRC_Rev2.0_Deliverables/Vitis2023.1/DRC_Rev2.0_SW/DRCPlatform/hw
TRACE::2025-03-23.19:50:04::SCWPlatform:: Platform Path C:/Xilinx/Projects/DRC_Rev2.0_Deliverables/Vitis2023.1/DRC_Rev2.0_SW/DRCPlatform/hw/DRC_Rev2.0_Deliverable.xsa
TRACE::2025-03-23.19:50:04::SCWPlatform:: Unique name xilinx:osdzu3eg1_2g_1v8_sip::0.0
TRACE::2025-03-23.19:50:04::SCWPlatform::Trying to set the existing hwdb with name design_1_wrapper_0
TRACE::2025-03-23.19:50:04::SCWPlatform::Opened existing hwdb design_1_wrapper_0
TRACE::2025-03-23.19:50:04::SCWPlatform::Found the Hw Db part of the input DSA
TRACE::2025-03-23.19:50:04::SCWMssOS::Checking the sw design at  C:/Xilinx/Projects/DRC_Rev2.0_Deliverables/Vitis2023.1/DRC_Rev2.0_SW/DRCPlatform/zynqmp_pmufw/zynqmp_pmufw_bsp/system.mss
TRACE::2025-03-23.19:50:04::SCWMssOS::DEBUG:  swdes dump  C:/Xilinx/Projects/DRC_Rev2.0_Deliverables/Vitis2023.1/DRC_Rev2.0_SW/DRCPlatform/psu_cortexa53_0/standalone_domain/bsp/system.mss|system_1||
C:/Xilinx/Projects/DRC_Rev2.0_Deliverables/Vitis2023.1/DRC_Rev2.0_SW/DRCPlatform/zynqmp_fsbl/zynqmp_fsbl_bsp/system.mss|system||
C:/Xilinx/Projects/DRC_Rev2.0_Deliverables/Vitis2023.1/DRC_Rev2.0_SW/DRCPlatform/zynqmp_pmufw/zynqmp_pmufw_bsp/system.mss|system_0||

TRACE::2025-03-23.19:50:04::SCWMssOS::Sw design exists and opened at  C:/Xilinx/Projects/DRC_Rev2.0_Deliverables/Vitis2023.1/DRC_Rev2.0_SW/DRCPlatform/zynqmp_pmufw/zynqmp_pmufw_bsp/system.mss
TRACE::2025-03-23.19:50:04::SCWPlatform::Trying to open the hw design at C:/Xilinx/Projects/DRC_Rev2.0_Deliverables/Vitis2023.1/DRC_Rev2.0_SW/DRCPlatform/hw/DRC_Rev2.0_Deliverable.xsa
TRACE::2025-03-23.19:50:04::SCWPlatform::DSA given C:/Xilinx/Projects/DRC_Rev2.0_Deliverables/Vitis2023.1/DRC_Rev2.0_SW/DRCPlatform/hw/DRC_Rev2.0_Deliverable.xsa
TRACE::2025-03-23.19:50:04::SCWPlatform::DSA absoulate path C:/Xilinx/Projects/DRC_Rev2.0_Deliverables/Vitis2023.1/DRC_Rev2.0_SW/DRCPlatform/hw/DRC_Rev2.0_Deliverable.xsa
TRACE::2025-03-23.19:50:04::SCWPlatform::DSA directory C:/Xilinx/Projects/DRC_Rev2.0_Deliverables/Vitis2023.1/DRC_Rev2.0_SW/DRCPlatform/hw
TRACE::2025-03-23.19:50:04::SCWPlatform:: Platform Path C:/Xilinx/Projects/DRC_Rev2.0_Deliverables/Vitis2023.1/DRC_Rev2.0_SW/DRCPlatform/hw/DRC_Rev2.0_Deliverable.xsa
TRACE::2025-03-23.19:50:04::SCWPlatform:: Unique name xilinx:osdzu3eg1_2g_1v8_sip::0.0
TRACE::2025-03-23.19:50:04::SCWPlatform::Trying to set the existing hwdb with name design_1_wrapper_0
TRACE::2025-03-23.19:50:04::SCWPlatform::Opened existing hwdb design_1_wrapper_0
TRACE::2025-03-23.19:50:04::SCWPlatform::Found the Hw Db part of the input DSA
TRACE::2025-03-23.19:50:04::SCWMssOS::Checking the sw design at  C:/Xilinx/Projects/DRC_Rev2.0_Deliverables/Vitis2023.1/DRC_Rev2.0_SW/DRCPlatform/psu_cortexa53_0/standalone_domain/bsp/system.mss
TRACE::2025-03-23.19:50:04::SCWMssOS::DEBUG:  swdes dump  C:/Xilinx/Projects/DRC_Rev2.0_Deliverables/Vitis2023.1/DRC_Rev2.0_SW/DRCPlatform/psu_cortexa53_0/standalone_domain/bsp/system.mss|system_1||
C:/Xilinx/Projects/DRC_Rev2.0_Deliverables/Vitis2023.1/DRC_Rev2.0_SW/DRCPlatform/zynqmp_fsbl/zynqmp_fsbl_bsp/system.mss|system||
C:/Xilinx/Projects/DRC_Rev2.0_Deliverables/Vitis2023.1/DRC_Rev2.0_SW/DRCPlatform/zynqmp_pmufw/zynqmp_pmufw_bsp/system.mss|system_0||

TRACE::2025-03-23.19:50:04::SCWMssOS::Sw design exists and opened at  C:/Xilinx/Projects/DRC_Rev2.0_Deliverables/Vitis2023.1/DRC_Rev2.0_SW/DRCPlatform/psu_cortexa53_0/standalone_domain/bsp/system.mss
TRACE::2025-03-23.19:50:04::SCWPlatform::Trying to open the hw design at C:/Xilinx/Projects/DRC_Rev2.0_Deliverables/Vitis2023.1/DRC_Rev2.0_SW/DRCPlatform/hw/DRC_Rev2.0_Deliverable.xsa
TRACE::2025-03-23.19:50:04::SCWPlatform::DSA given C:/Xilinx/Projects/DRC_Rev2.0_Deliverables/Vitis2023.1/DRC_Rev2.0_SW/DRCPlatform/hw/DRC_Rev2.0_Deliverable.xsa
TRACE::2025-03-23.19:50:04::SCWPlatform::DSA absoulate path C:/Xilinx/Projects/DRC_Rev2.0_Deliverables/Vitis2023.1/DRC_Rev2.0_SW/DRCPlatform/hw/DRC_Rev2.0_Deliverable.xsa
TRACE::2025-03-23.19:50:04::SCWPlatform::DSA directory C:/Xilinx/Projects/DRC_Rev2.0_Deliverables/Vitis2023.1/DRC_Rev2.0_SW/DRCPlatform/hw
TRACE::2025-03-23.19:50:04::SCWPlatform:: Platform Path C:/Xilinx/Projects/DRC_Rev2.0_Deliverables/Vitis2023.1/DRC_Rev2.0_SW/DRCPlatform/hw/DRC_Rev2.0_Deliverable.xsa
TRACE::2025-03-23.19:50:04::SCWPlatform:: Unique name xilinx:osdzu3eg1_2g_1v8_sip::0.0
TRACE::2025-03-23.19:50:04::SCWPlatform::Trying to set the existing hwdb with name design_1_wrapper_0
TRACE::2025-03-23.19:50:04::SCWPlatform::Opened existing hwdb design_1_wrapper_0
TRACE::2025-03-23.19:50:04::SCWPlatform::Found the Hw Db part of the input DSA
TRACE::2025-03-23.19:50:04::SCWMssOS::Checking the sw design at  C:/Xilinx/Projects/DRC_Rev2.0_Deliverables/Vitis2023.1/DRC_Rev2.0_SW/DRCPlatform/psu_cortexa53_0/standalone_domain/bsp/system.mss
TRACE::2025-03-23.19:50:04::SCWMssOS::DEBUG:  swdes dump  C:/Xilinx/Projects/DRC_Rev2.0_Deliverables/Vitis2023.1/DRC_Rev2.0_SW/DRCPlatform/psu_cortexa53_0/standalone_domain/bsp/system.mss|system_1||
C:/Xilinx/Projects/DRC_Rev2.0_Deliverables/Vitis2023.1/DRC_Rev2.0_SW/DRCPlatform/zynqmp_fsbl/zynqmp_fsbl_bsp/system.mss|system||
C:/Xilinx/Projects/DRC_Rev2.0_Deliverables/Vitis2023.1/DRC_Rev2.0_SW/DRCPlatform/zynqmp_pmufw/zynqmp_pmufw_bsp/system.mss|system_0||

TRACE::2025-03-23.19:50:04::SCWMssOS::Sw design exists and opened at  C:/Xilinx/Projects/DRC_Rev2.0_Deliverables/Vitis2023.1/DRC_Rev2.0_SW/DRCPlatform/psu_cortexa53_0/standalone_domain/bsp/system.mss
TRACE::2025-03-23.19:50:04::SCWPlatform::Trying to open the hw design at C:/Xilinx/Projects/DRC_Rev2.0_Deliverables/Vitis2023.1/DRC_Rev2.0_SW/DRCPlatform/hw/DRC_Rev2.0_Deliverable.xsa
TRACE::2025-03-23.19:50:04::SCWPlatform::DSA given C:/Xilinx/Projects/DRC_Rev2.0_Deliverables/Vitis2023.1/DRC_Rev2.0_SW/DRCPlatform/hw/DRC_Rev2.0_Deliverable.xsa
TRACE::2025-03-23.19:50:04::SCWPlatform::DSA absoulate path C:/Xilinx/Projects/DRC_Rev2.0_Deliverables/Vitis2023.1/DRC_Rev2.0_SW/DRCPlatform/hw/DRC_Rev2.0_Deliverable.xsa
TRACE::2025-03-23.19:50:04::SCWPlatform::DSA directory C:/Xilinx/Projects/DRC_Rev2.0_Deliverables/Vitis2023.1/DRC_Rev2.0_SW/DRCPlatform/hw
TRACE::2025-03-23.19:50:04::SCWPlatform:: Platform Path C:/Xilinx/Projects/DRC_Rev2.0_Deliverables/Vitis2023.1/DRC_Rev2.0_SW/DRCPlatform/hw/DRC_Rev2.0_Deliverable.xsa
TRACE::2025-03-23.19:50:04::SCWPlatform:: Unique name xilinx:osdzu3eg1_2g_1v8_sip::0.0
TRACE::2025-03-23.19:50:04::SCWPlatform::Trying to set the existing hwdb with name design_1_wrapper_0
TRACE::2025-03-23.19:50:04::SCWPlatform::Opened existing hwdb design_1_wrapper_0
TRACE::2025-03-23.19:50:04::SCWPlatform::Found the Hw Db part of the input DSA
TRACE::2025-03-23.19:50:04::SCWMssOS::Checking the sw design at  C:/Xilinx/Projects/DRC_Rev2.0_Deliverables/Vitis2023.1/DRC_Rev2.0_SW/DRCPlatform/psu_cortexa53_0/standalone_domain/bsp/system.mss
TRACE::2025-03-23.19:50:04::SCWMssOS::DEBUG:  swdes dump  C:/Xilinx/Projects/DRC_Rev2.0_Deliverables/Vitis2023.1/DRC_Rev2.0_SW/DRCPlatform/psu_cortexa53_0/standalone_domain/bsp/system.mss|system_1||
C:/Xilinx/Projects/DRC_Rev2.0_Deliverables/Vitis2023.1/DRC_Rev2.0_SW/DRCPlatform/zynqmp_fsbl/zynqmp_fsbl_bsp/system.mss|system||
C:/Xilinx/Projects/DRC_Rev2.0_Deliverables/Vitis2023.1/DRC_Rev2.0_SW/DRCPlatform/zynqmp_pmufw/zynqmp_pmufw_bsp/system.mss|system_0||

TRACE::2025-03-23.19:50:04::SCWMssOS::Sw design exists and opened at  C:/Xilinx/Projects/DRC_Rev2.0_Deliverables/Vitis2023.1/DRC_Rev2.0_SW/DRCPlatform/psu_cortexa53_0/standalone_domain/bsp/system.mss
TRACE::2025-03-23.19:50:04::SCWWriter::formatted JSON is {
	"platformName":	"DRCPlatform",
	"sprVersion":	"2.0",
	"mode":	"gui",
	"dsaType":	"Fixed",
	"platformDesc":	"DRCPlatform",
	"platHandOff":	"C:/Xilinx/Projects/DRC_Rev2.0_Deliverables/Vivado2023.1/DRC_Rev2.0_FW/DRC_Rev2.0_Deliverable.xsa",
	"platIntHandOff":	"<platformDir>/hw/DRC_Rev2.0_Deliverable.xsa",
	"deviceType":	"zynqMP",
	"platIsPrebuiltAutogen":	"false",
	"platIsNoBootBsp":	"false",
	"platFsblTarget":	"psu_cortexa53_0",
	"hasFsblMakeHasChanges":	"false",
	"hasPmufwMakeHasChanges":	"false",
	"fsblExtraCompilerFlags":	"-MMD -MP      -Wall -fmessage-length=0 -DARMA53_64 -Os -flto -ffat-lto-objects  ",
	"pmufwExtraCompilerFlags":	"-MMD -MP      -mlittle-endian -mxl-barrel-shift -mxl-pattern-compare -mcpu=v9.2 -mxl-soft-mul -Os -flto -ffat-lto-objects  ",
	"platPreBuiltFlag":	false,
	"platformSamplesDir":	"",
	"platActiveSys":	"DRCPlatform",
	"systems":	[{
			"systemName":	"DRCPlatform",
			"systemDesc":	"DRCPlatform",
			"sysIsBootAutoGen":	"true",
			"systemDispName":	"DRCPlatform",
			"sysActiveDom":	"standalone_domain",
			"sysDefaultDom":	"standalone_domain",
			"domains":	[{
					"domainName":	"zynqmp_fsbl",
					"domainDispName":	"zynqmp_fsbl",
					"domainDesc":	"FSBL Application BSP - Auto Generated.",
					"processors":	"psu_cortexa53_0",
					"os":	"standalone",
					"sdxOs":	"standalone",
					"debugEnable":	"",
					"domRuntimes":	["cpp"],
					"swRepo":	"",
					"mssOsVer":	"8.1",
					"mssFile":	"",
					"md5Digest":	"2c86846b79a29ca9cbb7aeab53461da4",
					"compatibleApp":	"zynqmp_fsbl",
					"domType":	"bootDomain",
					"arch":	"64-bit",
					"appSettings":	{
						"appCompilerFlags":	"",
						"appLinkerFlags":	""
					},
					"addedLibs":	["xilffs:5.0", "xilsecure:5.1", "xilpm:5.0"],
					"libOptions":	{
						"standalone":	{
							"zynqmp_fsbl_bsp":	"true",
							"libOptionNames":	["zynqmp_fsbl_bsp"]
						},
						"xilffs":	{
							"read_only":	"true",
							"use_mkfs":	"false",
							"libOptionNames":	["read_only", "use_mkfs"]
						},
						"xilsecure":	{
							"tpm_support":	"true",
							"libOptionNames":	["tpm_support"]
						},
						"libsContainingOptions":	["standalone", "xilffs", "xilsecure"]
					},
					"prebuiltLibs":	{
						"prebuiltIncPath":	[],
						"prebuiltLibPath":	[]
					},
					"isolation":	{
					}
				}, {
					"domainName":	"zynqmp_pmufw",
					"domainDispName":	"zynqmp_pmufw",
					"domainDesc":	"PMUFW Application BSP - Auto Generated.",
					"processors":	"psu_pmu_0",
					"os":	"standalone",
					"sdxOs":	"standalone",
					"debugEnable":	"",
					"domRuntimes":	["cpp"],
					"swRepo":	"",
					"mssOsVer":	"8.1",
					"mssFile":	"",
					"md5Digest":	"550fca1150fbaea7cb6d01f88f8defa0",
					"compatibleApp":	"zynqmp_pmufw",
					"domType":	"bootDomain",
					"arch":	"32-bit",
					"appSettings":	{
						"appCompilerFlags":	"",
						"appLinkerFlags":	""
					},
					"addedLibs":	["xilfpga:6.4", "xilsecure:5.1", "xilskey:7.4"],
					"libOptions":	{
						"psu_pmu_0":	{
							"extra_compiler_flags":	"-g -ffunction-sections -fdata-sections -Wall -Wextra -fno-tree-loop-distribute-patterns  -Os -flto -ffat-lto-objects",
							"libOptionNames":	["extra_compiler_flags"]
						},
						"libsContainingOptions":	["psu_pmu_0"]
					},
					"prebuiltLibs":	{
						"prebuiltIncPath":	[],
						"prebuiltLibPath":	[]
					},
					"isolation":	{
					}
				}, {
					"domainName":	"standalone_domain",
					"domainDispName":	"standalone_domain",
					"domainDesc":	"standalone_domain",
					"processors":	"psu_cortexa53_0",
					"os":	"standalone",
					"sdxOs":	"standalone",
					"qemuArgs":	"<platformDir>/resources/DRCPlatform/standalone_domain/qemu_args.txt",
					"qemuData":	"<platformDir>/resources/DRCPlatform/standalone_domain/qemu",
					"pmuQemuArgs":	"<platformDir>/resources/DRCPlatform/standalone_domain/pmu_args.txt",
					"debugEnable":	"False",
					"domRuntimes":	["cpp"],
					"swRepo":	"",
					"mssOsVer":	"8.1",
					"mssFile":	"",
					"md5Digest":	"fcd87a202073bed06c63c9c38fbd1014",
					"compatibleApp":	"",
					"domType":	"mssDomain",
					"arch":	"64-bit",
					"appSettings":	{
						"appCompilerFlags":	"",
						"appLinkerFlags":	""
					},
					"addedLibs":	[],
					"libOptions":	{
						"libsContainingOptions":	[]
					},
					"prebuiltLibs":	{
						"prebuiltIncPath":	[],
						"prebuiltLibPath":	[]
					},
					"isolation":	{
					}
				}]
		}]
}
LOG::2025-03-23.19:50:04::SCWPlatform::Started generating the artifacts platform DRCPlatform
TRACE::2025-03-23.19:50:04::SCWPlatform::Sanity checking of platform is completed
LOG::2025-03-23.19:50:04::SCWPlatform::Started generating the artifacts for system configuration DRCPlatform
LOG::2025-03-23.19:50:04::SCWSystem::Checking the domain zynqmp_fsbl
LOG::2025-03-23.19:50:04::SCWSystem::Doing application build for :  zynqmp_fsbl
TRACE::2025-03-23.19:50:04::SCWBDomain::Not a forced makefile updation, No changes are present. 
TRACE::2025-03-23.19:50:04::SCWDomain::Skipping the build for domain :  zynqmp_fsbl
LOG::2025-03-23.19:50:04::SCWSystem::Checking the domain zynqmp_pmufw
LOG::2025-03-23.19:50:04::SCWSystem::Doing application build for :  zynqmp_pmufw
TRACE::2025-03-23.19:50:04::SCWBDomain::Not a forced makefile updation, No changes are present. 
TRACE::2025-03-23.19:50:04::SCWDomain::Skipping the build for domain :  zynqmp_pmufw
LOG::2025-03-23.19:50:04::SCWSystem::Checking the domain standalone_domain
LOG::2025-03-23.19:50:04::SCWSystem::Not a boot domain 
LOG::2025-03-23.19:50:04::SCWSystem::Started Processing the domain standalone_domain
TRACE::2025-03-23.19:50:04::SCWDomain::Generating domain artifcats
TRACE::2025-03-23.19:50:04::SCWMssOS::Generating standalone artifcats
TRACE::2025-03-23.19:50:04::SCWMssOS::Copying the qemu file from  C:/Xilinx/Projects/DRC_Rev2.0_Deliverables/Vitis2023.1/DRC_Rev2.0_SW/DRCPlatform/resources/DRCPlatform/standalone_domain/qemu_args.txt To C:/Xilinx/Projects/DRC_Rev2.0_Deliverables/Vitis2023.1/DRC_Rev2.0_SW/DRCPlatform/export/DRCPlatform/sw/DRCPlatform/qemu/
TRACE::2025-03-23.19:50:04::SCWMssOS::Copying the qemu file from  C:/Xilinx/Projects/DRC_Rev2.0_Deliverables/Vitis2023.1/DRC_Rev2.0_SW/DRCPlatform/resources/DRCPlatform/standalone_domain/qemu_args.txt To C:/Xilinx/Projects/DRC_Rev2.0_Deliverables/Vitis2023.1/DRC_Rev2.0_SW/DRCPlatform/export/DRCPlatform/sw/DRCPlatform/qemu/
TRACE::2025-03-23.19:50:04::SCWMssOS::Copying the qemu file from  C:/Xilinx/Projects/DRC_Rev2.0_Deliverables/Vitis2023.1/DRC_Rev2.0_SW/DRCPlatform/resources/DRCPlatform/standalone_domain/qemu_args.txt To C:/Xilinx/Projects/DRC_Rev2.0_Deliverables/Vitis2023.1/DRC_Rev2.0_SW/DRCPlatform/export/DRCPlatform/sw/DRCPlatform/standalone_domain/qemu/
TRACE::2025-03-23.19:50:04::SCWMssOS::Copying the qemu file from  C:/Xilinx/Projects/DRC_Rev2.0_Deliverables/Vitis2023.1/DRC_Rev2.0_SW/DRCPlatform/resources/DRCPlatform/standalone_domain/qemu_args.txt To C:/Xilinx/Projects/DRC_Rev2.0_Deliverables/Vitis2023.1/DRC_Rev2.0_SW/DRCPlatform/export/DRCPlatform/sw/DRCPlatform/standalone_domain/qemu/
TRACE::2025-03-23.19:50:04::SCWMssOS:: Copying the user libraries. 
TRACE::2025-03-23.19:50:04::SCWPlatform::Trying to open the hw design at C:/Xilinx/Projects/DRC_Rev2.0_Deliverables/Vitis2023.1/DRC_Rev2.0_SW/DRCPlatform/hw/DRC_Rev2.0_Deliverable.xsa
TRACE::2025-03-23.19:50:04::SCWPlatform::DSA given C:/Xilinx/Projects/DRC_Rev2.0_Deliverables/Vitis2023.1/DRC_Rev2.0_SW/DRCPlatform/hw/DRC_Rev2.0_Deliverable.xsa
TRACE::2025-03-23.19:50:04::SCWPlatform::DSA absoulate path C:/Xilinx/Projects/DRC_Rev2.0_Deliverables/Vitis2023.1/DRC_Rev2.0_SW/DRCPlatform/hw/DRC_Rev2.0_Deliverable.xsa
TRACE::2025-03-23.19:50:04::SCWPlatform::DSA directory C:/Xilinx/Projects/DRC_Rev2.0_Deliverables/Vitis2023.1/DRC_Rev2.0_SW/DRCPlatform/hw
TRACE::2025-03-23.19:50:04::SCWPlatform:: Platform Path C:/Xilinx/Projects/DRC_Rev2.0_Deliverables/Vitis2023.1/DRC_Rev2.0_SW/DRCPlatform/hw/DRC_Rev2.0_Deliverable.xsa
TRACE::2025-03-23.19:50:04::SCWPlatform:: Unique name xilinx:osdzu3eg1_2g_1v8_sip::0.0
TRACE::2025-03-23.19:50:04::SCWPlatform::Trying to set the existing hwdb with name design_1_wrapper_0
TRACE::2025-03-23.19:50:04::SCWPlatform::Opened existing hwdb design_1_wrapper_0
TRACE::2025-03-23.19:50:04::SCWPlatform::Found the Hw Db part of the input DSA
TRACE::2025-03-23.19:50:04::SCWMssOS::Checking the sw design at  C:/Xilinx/Projects/DRC_Rev2.0_Deliverables/Vitis2023.1/DRC_Rev2.0_SW/DRCPlatform/psu_cortexa53_0/standalone_domain/bsp/system.mss
TRACE::2025-03-23.19:50:04::SCWMssOS::DEBUG:  swdes dump  C:/Xilinx/Projects/DRC_Rev2.0_Deliverables/Vitis2023.1/DRC_Rev2.0_SW/DRCPlatform/psu_cortexa53_0/standalone_domain/bsp/system.mss|system_1||
C:/Xilinx/Projects/DRC_Rev2.0_Deliverables/Vitis2023.1/DRC_Rev2.0_SW/DRCPlatform/zynqmp_fsbl/zynqmp_fsbl_bsp/system.mss|system||
C:/Xilinx/Projects/DRC_Rev2.0_Deliverables/Vitis2023.1/DRC_Rev2.0_SW/DRCPlatform/zynqmp_pmufw/zynqmp_pmufw_bsp/system.mss|system_0||

TRACE::2025-03-23.19:50:04::SCWMssOS::Sw design exists and opened at  C:/Xilinx/Projects/DRC_Rev2.0_Deliverables/Vitis2023.1/DRC_Rev2.0_SW/DRCPlatform/psu_cortexa53_0/standalone_domain/bsp/system.mss
TRACE::2025-03-23.19:50:04::SCWMssOS::Completed writing the mss file at C:/Xilinx/Projects/DRC_Rev2.0_Deliverables/Vitis2023.1/DRC_Rev2.0_SW/DRCPlatform/psu_cortexa53_0/standalone_domain/bsp
TRACE::2025-03-23.19:50:04::SCWMssOS::Mss edits present, copying mssfile into export location C:/Xilinx/Projects/DRC_Rev2.0_Deliverables/Vitis2023.1/DRC_Rev2.0_SW/DRCPlatform/psu_cortexa53_0/standalone_domain/bsp/system.mss
TRACE::2025-03-23.19:50:04::SCWMssOS::bsp generated is upto date with the mss file. Skipping bsp generation.
TRACE::2025-03-23.19:50:04::SCWMssOS::BSP is already built. skipping the bsp build ... 
TRACE::2025-03-23.19:50:04::SCWDomain::Skipping the build for domain :  standalone_domain
TRACE::2025-03-23.19:50:04::SCWMssOS::skipping the bsp build ... 
TRACE::2025-03-23.19:50:04::SCWMssOS::Copying to export directory.
TRACE::2025-03-23.19:50:04::SCWMssOS:: Checking if to create the Supporting Applications
TRACE::2025-03-23.19:50:04::SCWMssOS:: No Linux domain exists, trying to generate FSBL 
TRACE::2025-03-23.19:50:04::SCWMssOS:: Completed Standalone Artifacts creation 
LOG::2025-03-23.19:50:04::SCWSystem::Completed Processing the domain standalone_domain
LOG::2025-03-23.19:50:04::SCWSystem::Completed Processing the sysconfig DRCPlatform
LOG::2025-03-23.19:50:04::SCWPlatform::Completed generating the artifacts for system configuration DRCPlatform
TRACE::2025-03-23.19:50:04::SCWPlatform::Started preparing the platform 
TRACE::2025-03-23.19:50:04::SCWSystem::Writing the bif file for system config DRCPlatform
TRACE::2025-03-23.19:50:04::SCWSystem::dir created 
TRACE::2025-03-23.19:50:04::SCWSystem::Writing the bif 
TRACE::2025-03-23.19:50:04::SCWPlatform::Started writing the spfm file 
TRACE::2025-03-23.19:50:04::SCWPlatform::Started writing the xpfm file 
TRACE::2025-03-23.19:50:04::SCWPlatform::Completed generating the platform
TRACE::2025-03-23.19:50:04::SCWMssOS::Saving the mss changes C:/Xilinx/Projects/DRC_Rev2.0_Deliverables/Vitis2023.1/DRC_Rev2.0_SW/DRCPlatform/zynqmp_fsbl/zynqmp_fsbl_bsp/system.mss
TRACE::2025-03-23.19:50:04::SCWMssOS::Found a swdesign opened with the mssfile.
TRACE::2025-03-23.19:50:04::SCWMssOS::Completed writemss as part of save.
TRACE::2025-03-23.19:50:04::SCWMssOS::Commit changes completed.
TRACE::2025-03-23.19:50:04::SCWMssOS::Saving the mss changes C:/Xilinx/Projects/DRC_Rev2.0_Deliverables/Vitis2023.1/DRC_Rev2.0_SW/DRCPlatform/zynqmp_pmufw/zynqmp_pmufw_bsp/system.mss
TRACE::2025-03-23.19:50:04::SCWMssOS::Found a swdesign opened with the mssfile.
TRACE::2025-03-23.19:50:04::SCWMssOS::Completed writemss as part of save.
TRACE::2025-03-23.19:50:04::SCWMssOS::Commit changes completed.
TRACE::2025-03-23.19:50:04::SCWMssOS::Saving the mss changes C:/Xilinx/Projects/DRC_Rev2.0_Deliverables/Vitis2023.1/DRC_Rev2.0_SW/DRCPlatform/psu_cortexa53_0/standalone_domain/bsp/system.mss
TRACE::2025-03-23.19:50:04::SCWMssOS::Found a swdesign opened with the mssfile.
TRACE::2025-03-23.19:50:04::SCWMssOS::Completed writemss as part of save.
TRACE::2025-03-23.19:50:04::SCWMssOS::Commit changes completed.
TRACE::2025-03-23.19:50:04::SCWPlatform::Trying to open the hw design at C:/Xilinx/Projects/DRC_Rev2.0_Deliverables/Vitis2023.1/DRC_Rev2.0_SW/DRCPlatform/hw/DRC_Rev2.0_Deliverable.xsa
TRACE::2025-03-23.19:50:04::SCWPlatform::DSA given C:/Xilinx/Projects/DRC_Rev2.0_Deliverables/Vitis2023.1/DRC_Rev2.0_SW/DRCPlatform/hw/DRC_Rev2.0_Deliverable.xsa
TRACE::2025-03-23.19:50:04::SCWPlatform::DSA absoulate path C:/Xilinx/Projects/DRC_Rev2.0_Deliverables/Vitis2023.1/DRC_Rev2.0_SW/DRCPlatform/hw/DRC_Rev2.0_Deliverable.xsa
TRACE::2025-03-23.19:50:04::SCWPlatform::DSA directory C:/Xilinx/Projects/DRC_Rev2.0_Deliverables/Vitis2023.1/DRC_Rev2.0_SW/DRCPlatform/hw
TRACE::2025-03-23.19:50:04::SCWPlatform:: Platform Path C:/Xilinx/Projects/DRC_Rev2.0_Deliverables/Vitis2023.1/DRC_Rev2.0_SW/DRCPlatform/hw/DRC_Rev2.0_Deliverable.xsa
TRACE::2025-03-23.19:50:04::SCWPlatform:: Unique name xilinx:osdzu3eg1_2g_1v8_sip::0.0
TRACE::2025-03-23.19:50:04::SCWPlatform::Trying to set the existing hwdb with name design_1_wrapper_0
TRACE::2025-03-23.19:50:04::SCWPlatform::Opened existing hwdb design_1_wrapper_0
TRACE::2025-03-23.19:50:04::SCWPlatform::Found the Hw Db part of the input DSA
TRACE::2025-03-23.19:50:04::SCWMssOS::Checking the sw design at  C:/Xilinx/Projects/DRC_Rev2.0_Deliverables/Vitis2023.1/DRC_Rev2.0_SW/DRCPlatform/zynqmp_fsbl/zynqmp_fsbl_bsp/system.mss
TRACE::2025-03-23.19:50:04::SCWMssOS::DEBUG:  swdes dump  C:/Xilinx/Projects/DRC_Rev2.0_Deliverables/Vitis2023.1/DRC_Rev2.0_SW/DRCPlatform/psu_cortexa53_0/standalone_domain/bsp/system.mss|system_1||
C:/Xilinx/Projects/DRC_Rev2.0_Deliverables/Vitis2023.1/DRC_Rev2.0_SW/DRCPlatform/zynqmp_fsbl/zynqmp_fsbl_bsp/system.mss|system||
C:/Xilinx/Projects/DRC_Rev2.0_Deliverables/Vitis2023.1/DRC_Rev2.0_SW/DRCPlatform/zynqmp_pmufw/zynqmp_pmufw_bsp/system.mss|system_0||

TRACE::2025-03-23.19:50:04::SCWMssOS::Sw design exists and opened at  C:/Xilinx/Projects/DRC_Rev2.0_Deliverables/Vitis2023.1/DRC_Rev2.0_SW/DRCPlatform/zynqmp_fsbl/zynqmp_fsbl_bsp/system.mss
TRACE::2025-03-23.19:50:04::SCWPlatform::Trying to open the hw design at C:/Xilinx/Projects/DRC_Rev2.0_Deliverables/Vitis2023.1/DRC_Rev2.0_SW/DRCPlatform/hw/DRC_Rev2.0_Deliverable.xsa
TRACE::2025-03-23.19:50:04::SCWPlatform::DSA given C:/Xilinx/Projects/DRC_Rev2.0_Deliverables/Vitis2023.1/DRC_Rev2.0_SW/DRCPlatform/hw/DRC_Rev2.0_Deliverable.xsa
TRACE::2025-03-23.19:50:04::SCWPlatform::DSA absoulate path C:/Xilinx/Projects/DRC_Rev2.0_Deliverables/Vitis2023.1/DRC_Rev2.0_SW/DRCPlatform/hw/DRC_Rev2.0_Deliverable.xsa
TRACE::2025-03-23.19:50:04::SCWPlatform::DSA directory C:/Xilinx/Projects/DRC_Rev2.0_Deliverables/Vitis2023.1/DRC_Rev2.0_SW/DRCPlatform/hw
TRACE::2025-03-23.19:50:04::SCWPlatform:: Platform Path C:/Xilinx/Projects/DRC_Rev2.0_Deliverables/Vitis2023.1/DRC_Rev2.0_SW/DRCPlatform/hw/DRC_Rev2.0_Deliverable.xsa
TRACE::2025-03-23.19:50:04::SCWPlatform:: Unique name xilinx:osdzu3eg1_2g_1v8_sip::0.0
TRACE::2025-03-23.19:50:04::SCWPlatform::Trying to set the existing hwdb with name design_1_wrapper_0
TRACE::2025-03-23.19:50:04::SCWPlatform::Opened existing hwdb design_1_wrapper_0
TRACE::2025-03-23.19:50:04::SCWPlatform::Found the Hw Db part of the input DSA
TRACE::2025-03-23.19:50:04::SCWMssOS::Checking the sw design at  C:/Xilinx/Projects/DRC_Rev2.0_Deliverables/Vitis2023.1/DRC_Rev2.0_SW/DRCPlatform/zynqmp_fsbl/zynqmp_fsbl_bsp/system.mss
TRACE::2025-03-23.19:50:04::SCWMssOS::DEBUG:  swdes dump  C:/Xilinx/Projects/DRC_Rev2.0_Deliverables/Vitis2023.1/DRC_Rev2.0_SW/DRCPlatform/psu_cortexa53_0/standalone_domain/bsp/system.mss|system_1||
C:/Xilinx/Projects/DRC_Rev2.0_Deliverables/Vitis2023.1/DRC_Rev2.0_SW/DRCPlatform/zynqmp_fsbl/zynqmp_fsbl_bsp/system.mss|system||
C:/Xilinx/Projects/DRC_Rev2.0_Deliverables/Vitis2023.1/DRC_Rev2.0_SW/DRCPlatform/zynqmp_pmufw/zynqmp_pmufw_bsp/system.mss|system_0||

TRACE::2025-03-23.19:50:04::SCWMssOS::Sw design exists and opened at  C:/Xilinx/Projects/DRC_Rev2.0_Deliverables/Vitis2023.1/DRC_Rev2.0_SW/DRCPlatform/zynqmp_fsbl/zynqmp_fsbl_bsp/system.mss
TRACE::2025-03-23.19:50:04::SCWPlatform::Trying to open the hw design at C:/Xilinx/Projects/DRC_Rev2.0_Deliverables/Vitis2023.1/DRC_Rev2.0_SW/DRCPlatform/hw/DRC_Rev2.0_Deliverable.xsa
TRACE::2025-03-23.19:50:04::SCWPlatform::DSA given C:/Xilinx/Projects/DRC_Rev2.0_Deliverables/Vitis2023.1/DRC_Rev2.0_SW/DRCPlatform/hw/DRC_Rev2.0_Deliverable.xsa
TRACE::2025-03-23.19:50:04::SCWPlatform::DSA absoulate path C:/Xilinx/Projects/DRC_Rev2.0_Deliverables/Vitis2023.1/DRC_Rev2.0_SW/DRCPlatform/hw/DRC_Rev2.0_Deliverable.xsa
TRACE::2025-03-23.19:50:04::SCWPlatform::DSA directory C:/Xilinx/Projects/DRC_Rev2.0_Deliverables/Vitis2023.1/DRC_Rev2.0_SW/DRCPlatform/hw
TRACE::2025-03-23.19:50:04::SCWPlatform:: Platform Path C:/Xilinx/Projects/DRC_Rev2.0_Deliverables/Vitis2023.1/DRC_Rev2.0_SW/DRCPlatform/hw/DRC_Rev2.0_Deliverable.xsa
TRACE::2025-03-23.19:50:04::SCWPlatform:: Unique name xilinx:osdzu3eg1_2g_1v8_sip::0.0
TRACE::2025-03-23.19:50:04::SCWPlatform::Trying to set the existing hwdb with name design_1_wrapper_0
TRACE::2025-03-23.19:50:04::SCWPlatform::Opened existing hwdb design_1_wrapper_0
TRACE::2025-03-23.19:50:04::SCWPlatform::Found the Hw Db part of the input DSA
TRACE::2025-03-23.19:50:04::SCWMssOS::Checking the sw design at  C:/Xilinx/Projects/DRC_Rev2.0_Deliverables/Vitis2023.1/DRC_Rev2.0_SW/DRCPlatform/zynqmp_fsbl/zynqmp_fsbl_bsp/system.mss
TRACE::2025-03-23.19:50:04::SCWMssOS::DEBUG:  swdes dump  C:/Xilinx/Projects/DRC_Rev2.0_Deliverables/Vitis2023.1/DRC_Rev2.0_SW/DRCPlatform/psu_cortexa53_0/standalone_domain/bsp/system.mss|system_1||
C:/Xilinx/Projects/DRC_Rev2.0_Deliverables/Vitis2023.1/DRC_Rev2.0_SW/DRCPlatform/zynqmp_fsbl/zynqmp_fsbl_bsp/system.mss|system||
C:/Xilinx/Projects/DRC_Rev2.0_Deliverables/Vitis2023.1/DRC_Rev2.0_SW/DRCPlatform/zynqmp_pmufw/zynqmp_pmufw_bsp/system.mss|system_0||

TRACE::2025-03-23.19:50:04::SCWMssOS::Sw design exists and opened at  C:/Xilinx/Projects/DRC_Rev2.0_Deliverables/Vitis2023.1/DRC_Rev2.0_SW/DRCPlatform/zynqmp_fsbl/zynqmp_fsbl_bsp/system.mss
TRACE::2025-03-23.19:50:04::SCWPlatform::Trying to open the hw design at C:/Xilinx/Projects/DRC_Rev2.0_Deliverables/Vitis2023.1/DRC_Rev2.0_SW/DRCPlatform/hw/DRC_Rev2.0_Deliverable.xsa
TRACE::2025-03-23.19:50:04::SCWPlatform::DSA given C:/Xilinx/Projects/DRC_Rev2.0_Deliverables/Vitis2023.1/DRC_Rev2.0_SW/DRCPlatform/hw/DRC_Rev2.0_Deliverable.xsa
TRACE::2025-03-23.19:50:04::SCWPlatform::DSA absoulate path C:/Xilinx/Projects/DRC_Rev2.0_Deliverables/Vitis2023.1/DRC_Rev2.0_SW/DRCPlatform/hw/DRC_Rev2.0_Deliverable.xsa
TRACE::2025-03-23.19:50:04::SCWPlatform::DSA directory C:/Xilinx/Projects/DRC_Rev2.0_Deliverables/Vitis2023.1/DRC_Rev2.0_SW/DRCPlatform/hw
TRACE::2025-03-23.19:50:04::SCWPlatform:: Platform Path C:/Xilinx/Projects/DRC_Rev2.0_Deliverables/Vitis2023.1/DRC_Rev2.0_SW/DRCPlatform/hw/DRC_Rev2.0_Deliverable.xsa
TRACE::2025-03-23.19:50:04::SCWPlatform:: Unique name xilinx:osdzu3eg1_2g_1v8_sip::0.0
TRACE::2025-03-23.19:50:04::SCWPlatform::Trying to set the existing hwdb with name design_1_wrapper_0
TRACE::2025-03-23.19:50:04::SCWPlatform::Opened existing hwdb design_1_wrapper_0
TRACE::2025-03-23.19:50:04::SCWPlatform::Found the Hw Db part of the input DSA
TRACE::2025-03-23.19:50:04::SCWMssOS::Checking the sw design at  C:/Xilinx/Projects/DRC_Rev2.0_Deliverables/Vitis2023.1/DRC_Rev2.0_SW/DRCPlatform/zynqmp_pmufw/zynqmp_pmufw_bsp/system.mss
TRACE::2025-03-23.19:50:04::SCWMssOS::DEBUG:  swdes dump  C:/Xilinx/Projects/DRC_Rev2.0_Deliverables/Vitis2023.1/DRC_Rev2.0_SW/DRCPlatform/psu_cortexa53_0/standalone_domain/bsp/system.mss|system_1||
C:/Xilinx/Projects/DRC_Rev2.0_Deliverables/Vitis2023.1/DRC_Rev2.0_SW/DRCPlatform/zynqmp_fsbl/zynqmp_fsbl_bsp/system.mss|system||
C:/Xilinx/Projects/DRC_Rev2.0_Deliverables/Vitis2023.1/DRC_Rev2.0_SW/DRCPlatform/zynqmp_pmufw/zynqmp_pmufw_bsp/system.mss|system_0||

TRACE::2025-03-23.19:50:04::SCWMssOS::Sw design exists and opened at  C:/Xilinx/Projects/DRC_Rev2.0_Deliverables/Vitis2023.1/DRC_Rev2.0_SW/DRCPlatform/zynqmp_pmufw/zynqmp_pmufw_bsp/system.mss
TRACE::2025-03-23.19:50:04::SCWPlatform::Trying to open the hw design at C:/Xilinx/Projects/DRC_Rev2.0_Deliverables/Vitis2023.1/DRC_Rev2.0_SW/DRCPlatform/hw/DRC_Rev2.0_Deliverable.xsa
TRACE::2025-03-23.19:50:04::SCWPlatform::DSA given C:/Xilinx/Projects/DRC_Rev2.0_Deliverables/Vitis2023.1/DRC_Rev2.0_SW/DRCPlatform/hw/DRC_Rev2.0_Deliverable.xsa
TRACE::2025-03-23.19:50:04::SCWPlatform::DSA absoulate path C:/Xilinx/Projects/DRC_Rev2.0_Deliverables/Vitis2023.1/DRC_Rev2.0_SW/DRCPlatform/hw/DRC_Rev2.0_Deliverable.xsa
TRACE::2025-03-23.19:50:04::SCWPlatform::DSA directory C:/Xilinx/Projects/DRC_Rev2.0_Deliverables/Vitis2023.1/DRC_Rev2.0_SW/DRCPlatform/hw
TRACE::2025-03-23.19:50:04::SCWPlatform:: Platform Path C:/Xilinx/Projects/DRC_Rev2.0_Deliverables/Vitis2023.1/DRC_Rev2.0_SW/DRCPlatform/hw/DRC_Rev2.0_Deliverable.xsa
TRACE::2025-03-23.19:50:04::SCWPlatform:: Unique name xilinx:osdzu3eg1_2g_1v8_sip::0.0
TRACE::2025-03-23.19:50:04::SCWPlatform::Trying to set the existing hwdb with name design_1_wrapper_0
TRACE::2025-03-23.19:50:04::SCWPlatform::Opened existing hwdb design_1_wrapper_0
TRACE::2025-03-23.19:50:04::SCWPlatform::Found the Hw Db part of the input DSA
TRACE::2025-03-23.19:50:04::SCWMssOS::Checking the sw design at  C:/Xilinx/Projects/DRC_Rev2.0_Deliverables/Vitis2023.1/DRC_Rev2.0_SW/DRCPlatform/zynqmp_pmufw/zynqmp_pmufw_bsp/system.mss
TRACE::2025-03-23.19:50:04::SCWMssOS::DEBUG:  swdes dump  C:/Xilinx/Projects/DRC_Rev2.0_Deliverables/Vitis2023.1/DRC_Rev2.0_SW/DRCPlatform/psu_cortexa53_0/standalone_domain/bsp/system.mss|system_1||
C:/Xilinx/Projects/DRC_Rev2.0_Deliverables/Vitis2023.1/DRC_Rev2.0_SW/DRCPlatform/zynqmp_fsbl/zynqmp_fsbl_bsp/system.mss|system||
C:/Xilinx/Projects/DRC_Rev2.0_Deliverables/Vitis2023.1/DRC_Rev2.0_SW/DRCPlatform/zynqmp_pmufw/zynqmp_pmufw_bsp/system.mss|system_0||

TRACE::2025-03-23.19:50:04::SCWMssOS::Sw design exists and opened at  C:/Xilinx/Projects/DRC_Rev2.0_Deliverables/Vitis2023.1/DRC_Rev2.0_SW/DRCPlatform/zynqmp_pmufw/zynqmp_pmufw_bsp/system.mss
TRACE::2025-03-23.19:50:04::SCWPlatform::Trying to open the hw design at C:/Xilinx/Projects/DRC_Rev2.0_Deliverables/Vitis2023.1/DRC_Rev2.0_SW/DRCPlatform/hw/DRC_Rev2.0_Deliverable.xsa
TRACE::2025-03-23.19:50:04::SCWPlatform::DSA given C:/Xilinx/Projects/DRC_Rev2.0_Deliverables/Vitis2023.1/DRC_Rev2.0_SW/DRCPlatform/hw/DRC_Rev2.0_Deliverable.xsa
TRACE::2025-03-23.19:50:04::SCWPlatform::DSA absoulate path C:/Xilinx/Projects/DRC_Rev2.0_Deliverables/Vitis2023.1/DRC_Rev2.0_SW/DRCPlatform/hw/DRC_Rev2.0_Deliverable.xsa
TRACE::2025-03-23.19:50:04::SCWPlatform::DSA directory C:/Xilinx/Projects/DRC_Rev2.0_Deliverables/Vitis2023.1/DRC_Rev2.0_SW/DRCPlatform/hw
TRACE::2025-03-23.19:50:04::SCWPlatform:: Platform Path C:/Xilinx/Projects/DRC_Rev2.0_Deliverables/Vitis2023.1/DRC_Rev2.0_SW/DRCPlatform/hw/DRC_Rev2.0_Deliverable.xsa
TRACE::2025-03-23.19:50:04::SCWPlatform:: Unique name xilinx:osdzu3eg1_2g_1v8_sip::0.0
TRACE::2025-03-23.19:50:04::SCWPlatform::Trying to set the existing hwdb with name design_1_wrapper_0
TRACE::2025-03-23.19:50:04::SCWPlatform::Opened existing hwdb design_1_wrapper_0
TRACE::2025-03-23.19:50:04::SCWPlatform::Found the Hw Db part of the input DSA
TRACE::2025-03-23.19:50:04::SCWMssOS::Checking the sw design at  C:/Xilinx/Projects/DRC_Rev2.0_Deliverables/Vitis2023.1/DRC_Rev2.0_SW/DRCPlatform/zynqmp_pmufw/zynqmp_pmufw_bsp/system.mss
TRACE::2025-03-23.19:50:04::SCWMssOS::DEBUG:  swdes dump  C:/Xilinx/Projects/DRC_Rev2.0_Deliverables/Vitis2023.1/DRC_Rev2.0_SW/DRCPlatform/psu_cortexa53_0/standalone_domain/bsp/system.mss|system_1||
C:/Xilinx/Projects/DRC_Rev2.0_Deliverables/Vitis2023.1/DRC_Rev2.0_SW/DRCPlatform/zynqmp_fsbl/zynqmp_fsbl_bsp/system.mss|system||
C:/Xilinx/Projects/DRC_Rev2.0_Deliverables/Vitis2023.1/DRC_Rev2.0_SW/DRCPlatform/zynqmp_pmufw/zynqmp_pmufw_bsp/system.mss|system_0||

TRACE::2025-03-23.19:50:04::SCWMssOS::Sw design exists and opened at  C:/Xilinx/Projects/DRC_Rev2.0_Deliverables/Vitis2023.1/DRC_Rev2.0_SW/DRCPlatform/zynqmp_pmufw/zynqmp_pmufw_bsp/system.mss
TRACE::2025-03-23.19:50:04::SCWPlatform::Trying to open the hw design at C:/Xilinx/Projects/DRC_Rev2.0_Deliverables/Vitis2023.1/DRC_Rev2.0_SW/DRCPlatform/hw/DRC_Rev2.0_Deliverable.xsa
TRACE::2025-03-23.19:50:04::SCWPlatform::DSA given C:/Xilinx/Projects/DRC_Rev2.0_Deliverables/Vitis2023.1/DRC_Rev2.0_SW/DRCPlatform/hw/DRC_Rev2.0_Deliverable.xsa
TRACE::2025-03-23.19:50:04::SCWPlatform::DSA absoulate path C:/Xilinx/Projects/DRC_Rev2.0_Deliverables/Vitis2023.1/DRC_Rev2.0_SW/DRCPlatform/hw/DRC_Rev2.0_Deliverable.xsa
TRACE::2025-03-23.19:50:04::SCWPlatform::DSA directory C:/Xilinx/Projects/DRC_Rev2.0_Deliverables/Vitis2023.1/DRC_Rev2.0_SW/DRCPlatform/hw
TRACE::2025-03-23.19:50:04::SCWPlatform:: Platform Path C:/Xilinx/Projects/DRC_Rev2.0_Deliverables/Vitis2023.1/DRC_Rev2.0_SW/DRCPlatform/hw/DRC_Rev2.0_Deliverable.xsa
TRACE::2025-03-23.19:50:04::SCWPlatform:: Unique name xilinx:osdzu3eg1_2g_1v8_sip::0.0
TRACE::2025-03-23.19:50:04::SCWPlatform::Trying to set the existing hwdb with name design_1_wrapper_0
TRACE::2025-03-23.19:50:04::SCWPlatform::Opened existing hwdb design_1_wrapper_0
TRACE::2025-03-23.19:50:04::SCWPlatform::Found the Hw Db part of the input DSA
TRACE::2025-03-23.19:50:04::SCWMssOS::Checking the sw design at  C:/Xilinx/Projects/DRC_Rev2.0_Deliverables/Vitis2023.1/DRC_Rev2.0_SW/DRCPlatform/psu_cortexa53_0/standalone_domain/bsp/system.mss
TRACE::2025-03-23.19:50:04::SCWMssOS::DEBUG:  swdes dump  C:/Xilinx/Projects/DRC_Rev2.0_Deliverables/Vitis2023.1/DRC_Rev2.0_SW/DRCPlatform/psu_cortexa53_0/standalone_domain/bsp/system.mss|system_1||
C:/Xilinx/Projects/DRC_Rev2.0_Deliverables/Vitis2023.1/DRC_Rev2.0_SW/DRCPlatform/zynqmp_fsbl/zynqmp_fsbl_bsp/system.mss|system||
C:/Xilinx/Projects/DRC_Rev2.0_Deliverables/Vitis2023.1/DRC_Rev2.0_SW/DRCPlatform/zynqmp_pmufw/zynqmp_pmufw_bsp/system.mss|system_0||

TRACE::2025-03-23.19:50:04::SCWMssOS::Sw design exists and opened at  C:/Xilinx/Projects/DRC_Rev2.0_Deliverables/Vitis2023.1/DRC_Rev2.0_SW/DRCPlatform/psu_cortexa53_0/standalone_domain/bsp/system.mss
TRACE::2025-03-23.19:50:04::SCWPlatform::Trying to open the hw design at C:/Xilinx/Projects/DRC_Rev2.0_Deliverables/Vitis2023.1/DRC_Rev2.0_SW/DRCPlatform/hw/DRC_Rev2.0_Deliverable.xsa
TRACE::2025-03-23.19:50:04::SCWPlatform::DSA given C:/Xilinx/Projects/DRC_Rev2.0_Deliverables/Vitis2023.1/DRC_Rev2.0_SW/DRCPlatform/hw/DRC_Rev2.0_Deliverable.xsa
TRACE::2025-03-23.19:50:04::SCWPlatform::DSA absoulate path C:/Xilinx/Projects/DRC_Rev2.0_Deliverables/Vitis2023.1/DRC_Rev2.0_SW/DRCPlatform/hw/DRC_Rev2.0_Deliverable.xsa
TRACE::2025-03-23.19:50:04::SCWPlatform::DSA directory C:/Xilinx/Projects/DRC_Rev2.0_Deliverables/Vitis2023.1/DRC_Rev2.0_SW/DRCPlatform/hw
TRACE::2025-03-23.19:50:04::SCWPlatform:: Platform Path C:/Xilinx/Projects/DRC_Rev2.0_Deliverables/Vitis2023.1/DRC_Rev2.0_SW/DRCPlatform/hw/DRC_Rev2.0_Deliverable.xsa
TRACE::2025-03-23.19:50:04::SCWPlatform:: Unique name xilinx:osdzu3eg1_2g_1v8_sip::0.0
TRACE::2025-03-23.19:50:04::SCWPlatform::Trying to set the existing hwdb with name design_1_wrapper_0
TRACE::2025-03-23.19:50:04::SCWPlatform::Opened existing hwdb design_1_wrapper_0
TRACE::2025-03-23.19:50:04::SCWPlatform::Found the Hw Db part of the input DSA
TRACE::2025-03-23.19:50:04::SCWMssOS::Checking the sw design at  C:/Xilinx/Projects/DRC_Rev2.0_Deliverables/Vitis2023.1/DRC_Rev2.0_SW/DRCPlatform/psu_cortexa53_0/standalone_domain/bsp/system.mss
TRACE::2025-03-23.19:50:04::SCWMssOS::DEBUG:  swdes dump  C:/Xilinx/Projects/DRC_Rev2.0_Deliverables/Vitis2023.1/DRC_Rev2.0_SW/DRCPlatform/psu_cortexa53_0/standalone_domain/bsp/system.mss|system_1||
C:/Xilinx/Projects/DRC_Rev2.0_Deliverables/Vitis2023.1/DRC_Rev2.0_SW/DRCPlatform/zynqmp_fsbl/zynqmp_fsbl_bsp/system.mss|system||
C:/Xilinx/Projects/DRC_Rev2.0_Deliverables/Vitis2023.1/DRC_Rev2.0_SW/DRCPlatform/zynqmp_pmufw/zynqmp_pmufw_bsp/system.mss|system_0||

TRACE::2025-03-23.19:50:04::SCWMssOS::Sw design exists and opened at  C:/Xilinx/Projects/DRC_Rev2.0_Deliverables/Vitis2023.1/DRC_Rev2.0_SW/DRCPlatform/psu_cortexa53_0/standalone_domain/bsp/system.mss
TRACE::2025-03-23.19:50:04::SCWPlatform::Trying to open the hw design at C:/Xilinx/Projects/DRC_Rev2.0_Deliverables/Vitis2023.1/DRC_Rev2.0_SW/DRCPlatform/hw/DRC_Rev2.0_Deliverable.xsa
TRACE::2025-03-23.19:50:04::SCWPlatform::DSA given C:/Xilinx/Projects/DRC_Rev2.0_Deliverables/Vitis2023.1/DRC_Rev2.0_SW/DRCPlatform/hw/DRC_Rev2.0_Deliverable.xsa
TRACE::2025-03-23.19:50:04::SCWPlatform::DSA absoulate path C:/Xilinx/Projects/DRC_Rev2.0_Deliverables/Vitis2023.1/DRC_Rev2.0_SW/DRCPlatform/hw/DRC_Rev2.0_Deliverable.xsa
TRACE::2025-03-23.19:50:04::SCWPlatform::DSA directory C:/Xilinx/Projects/DRC_Rev2.0_Deliverables/Vitis2023.1/DRC_Rev2.0_SW/DRCPlatform/hw
TRACE::2025-03-23.19:50:04::SCWPlatform:: Platform Path C:/Xilinx/Projects/DRC_Rev2.0_Deliverables/Vitis2023.1/DRC_Rev2.0_SW/DRCPlatform/hw/DRC_Rev2.0_Deliverable.xsa
TRACE::2025-03-23.19:50:04::SCWPlatform:: Unique name xilinx:osdzu3eg1_2g_1v8_sip::0.0
TRACE::2025-03-23.19:50:04::SCWPlatform::Trying to set the existing hwdb with name design_1_wrapper_0
TRACE::2025-03-23.19:50:04::SCWPlatform::Opened existing hwdb design_1_wrapper_0
TRACE::2025-03-23.19:50:04::SCWPlatform::Found the Hw Db part of the input DSA
TRACE::2025-03-23.19:50:04::SCWMssOS::Checking the sw design at  C:/Xilinx/Projects/DRC_Rev2.0_Deliverables/Vitis2023.1/DRC_Rev2.0_SW/DRCPlatform/psu_cortexa53_0/standalone_domain/bsp/system.mss
TRACE::2025-03-23.19:50:04::SCWMssOS::DEBUG:  swdes dump  C:/Xilinx/Projects/DRC_Rev2.0_Deliverables/Vitis2023.1/DRC_Rev2.0_SW/DRCPlatform/psu_cortexa53_0/standalone_domain/bsp/system.mss|system_1||
C:/Xilinx/Projects/DRC_Rev2.0_Deliverables/Vitis2023.1/DRC_Rev2.0_SW/DRCPlatform/zynqmp_fsbl/zynqmp_fsbl_bsp/system.mss|system||
C:/Xilinx/Projects/DRC_Rev2.0_Deliverables/Vitis2023.1/DRC_Rev2.0_SW/DRCPlatform/zynqmp_pmufw/zynqmp_pmufw_bsp/system.mss|system_0||

TRACE::2025-03-23.19:50:04::SCWMssOS::Sw design exists and opened at  C:/Xilinx/Projects/DRC_Rev2.0_Deliverables/Vitis2023.1/DRC_Rev2.0_SW/DRCPlatform/psu_cortexa53_0/standalone_domain/bsp/system.mss
TRACE::2025-03-23.19:50:04::SCWWriter::formatted JSON is {
	"platformName":	"DRCPlatform",
	"sprVersion":	"2.0",
	"mode":	"gui",
	"dsaType":	"Fixed",
	"platformDesc":	"DRCPlatform",
	"platHandOff":	"C:/Xilinx/Projects/DRC_Rev2.0_Deliverables/Vivado2023.1/DRC_Rev2.0_FW/DRC_Rev2.0_Deliverable.xsa",
	"platIntHandOff":	"<platformDir>/hw/DRC_Rev2.0_Deliverable.xsa",
	"deviceType":	"zynqMP",
	"platIsPrebuiltAutogen":	"false",
	"platIsNoBootBsp":	"false",
	"platFsblTarget":	"psu_cortexa53_0",
	"hasFsblMakeHasChanges":	"false",
	"hasPmufwMakeHasChanges":	"false",
	"fsblExtraCompilerFlags":	"-MMD -MP      -Wall -fmessage-length=0 -DARMA53_64 -Os -flto -ffat-lto-objects  ",
	"pmufwExtraCompilerFlags":	"-MMD -MP      -mlittle-endian -mxl-barrel-shift -mxl-pattern-compare -mcpu=v9.2 -mxl-soft-mul -Os -flto -ffat-lto-objects  ",
	"platPreBuiltFlag":	false,
	"platformSamplesDir":	"",
	"platActiveSys":	"DRCPlatform",
	"systems":	[{
			"systemName":	"DRCPlatform",
			"systemDesc":	"DRCPlatform",
			"sysIsBootAutoGen":	"true",
			"systemDispName":	"DRCPlatform",
			"sysActiveDom":	"standalone_domain",
			"sysDefaultDom":	"standalone_domain",
			"domains":	[{
					"domainName":	"zynqmp_fsbl",
					"domainDispName":	"zynqmp_fsbl",
					"domainDesc":	"FSBL Application BSP - Auto Generated.",
					"processors":	"psu_cortexa53_0",
					"os":	"standalone",
					"sdxOs":	"standalone",
					"debugEnable":	"",
					"domRuntimes":	["cpp"],
					"swRepo":	"",
					"mssOsVer":	"8.1",
					"mssFile":	"",
					"md5Digest":	"2c86846b79a29ca9cbb7aeab53461da4",
					"compatibleApp":	"zynqmp_fsbl",
					"domType":	"bootDomain",
					"arch":	"64-bit",
					"appSettings":	{
						"appCompilerFlags":	"",
						"appLinkerFlags":	""
					},
					"addedLibs":	["xilffs:5.0", "xilsecure:5.1", "xilpm:5.0"],
					"libOptions":	{
						"standalone":	{
							"zynqmp_fsbl_bsp":	"true",
							"libOptionNames":	["zynqmp_fsbl_bsp"]
						},
						"xilffs":	{
							"read_only":	"true",
							"use_mkfs":	"false",
							"libOptionNames":	["read_only", "use_mkfs"]
						},
						"xilsecure":	{
							"tpm_support":	"true",
							"libOptionNames":	["tpm_support"]
						},
						"libsContainingOptions":	["standalone", "xilffs", "xilsecure"]
					},
					"prebuiltLibs":	{
						"prebuiltIncPath":	[],
						"prebuiltLibPath":	[]
					},
					"isolation":	{
					}
				}, {
					"domainName":	"zynqmp_pmufw",
					"domainDispName":	"zynqmp_pmufw",
					"domainDesc":	"PMUFW Application BSP - Auto Generated.",
					"processors":	"psu_pmu_0",
					"os":	"standalone",
					"sdxOs":	"standalone",
					"debugEnable":	"",
					"domRuntimes":	["cpp"],
					"swRepo":	"",
					"mssOsVer":	"8.1",
					"mssFile":	"",
					"md5Digest":	"550fca1150fbaea7cb6d01f88f8defa0",
					"compatibleApp":	"zynqmp_pmufw",
					"domType":	"bootDomain",
					"arch":	"32-bit",
					"appSettings":	{
						"appCompilerFlags":	"",
						"appLinkerFlags":	""
					},
					"addedLibs":	["xilfpga:6.4", "xilsecure:5.1", "xilskey:7.4"],
					"libOptions":	{
						"psu_pmu_0":	{
							"extra_compiler_flags":	"-g -ffunction-sections -fdata-sections -Wall -Wextra -fno-tree-loop-distribute-patterns  -Os -flto -ffat-lto-objects",
							"libOptionNames":	["extra_compiler_flags"]
						},
						"libsContainingOptions":	["psu_pmu_0"]
					},
					"prebuiltLibs":	{
						"prebuiltIncPath":	[],
						"prebuiltLibPath":	[]
					},
					"isolation":	{
					}
				}, {
					"domainName":	"standalone_domain",
					"domainDispName":	"standalone_domain",
					"domainDesc":	"standalone_domain",
					"processors":	"psu_cortexa53_0",
					"os":	"standalone",
					"sdxOs":	"standalone",
					"qemuArgs":	"<platformDir>/resources/DRCPlatform/standalone_domain/qemu_args.txt",
					"qemuData":	"<platformDir>/resources/DRCPlatform/standalone_domain/qemu",
					"pmuQemuArgs":	"<platformDir>/resources/DRCPlatform/standalone_domain/pmu_args.txt",
					"debugEnable":	"False",
					"domRuntimes":	["cpp"],
					"swRepo":	"",
					"mssOsVer":	"8.1",
					"mssFile":	"",
					"md5Digest":	"fcd87a202073bed06c63c9c38fbd1014",
					"compatibleApp":	"",
					"domType":	"mssDomain",
					"arch":	"64-bit",
					"appSettings":	{
						"appCompilerFlags":	"",
						"appLinkerFlags":	""
					},
					"addedLibs":	[],
					"libOptions":	{
						"libsContainingOptions":	[]
					},
					"prebuiltLibs":	{
						"prebuiltIncPath":	[],
						"prebuiltLibPath":	[]
					},
					"isolation":	{
					}
				}]
		}]
}
KEYINFO::2025-03-23.19:50:04::SCWPlatform::updated the xpfm file.
TRACE::2025-03-23.19:50:04::SCWPlatform::Trying to open the hw design at C:/Xilinx/Projects/DRC_Rev2.0_Deliverables/Vitis2023.1/DRC_Rev2.0_SW/DRCPlatform/hw/DRC_Rev2.0_Deliverable.xsa
TRACE::2025-03-23.19:50:04::SCWPlatform::DSA given C:/Xilinx/Projects/DRC_Rev2.0_Deliverables/Vitis2023.1/DRC_Rev2.0_SW/DRCPlatform/hw/DRC_Rev2.0_Deliverable.xsa
TRACE::2025-03-23.19:50:04::SCWPlatform::DSA absoulate path C:/Xilinx/Projects/DRC_Rev2.0_Deliverables/Vitis2023.1/DRC_Rev2.0_SW/DRCPlatform/hw/DRC_Rev2.0_Deliverable.xsa
TRACE::2025-03-23.19:50:04::SCWPlatform::DSA directory C:/Xilinx/Projects/DRC_Rev2.0_Deliverables/Vitis2023.1/DRC_Rev2.0_SW/DRCPlatform/hw
TRACE::2025-03-23.19:50:04::SCWPlatform:: Platform Path C:/Xilinx/Projects/DRC_Rev2.0_Deliverables/Vitis2023.1/DRC_Rev2.0_SW/DRCPlatform/hw/DRC_Rev2.0_Deliverable.xsa
TRACE::2025-03-23.19:50:04::SCWPlatform:: Unique name xilinx:osdzu3eg1_2g_1v8_sip::0.0
TRACE::2025-03-23.19:50:04::SCWPlatform::Trying to set the existing hwdb with name design_1_wrapper_0
TRACE::2025-03-23.19:50:04::SCWPlatform::Opened existing hwdb design_1_wrapper_0
TRACE::2025-03-23.19:50:04::SCWPlatform::Found the Hw Db part of the input DSA
TRACE::2025-03-23.19:50:04::SCWMssOS::Checking the sw design at  C:/Xilinx/Projects/DRC_Rev2.0_Deliverables/Vitis2023.1/DRC_Rev2.0_SW/DRCPlatform/psu_cortexa53_0/standalone_domain/bsp/system.mss
TRACE::2025-03-23.19:50:04::SCWMssOS::DEBUG:  swdes dump  C:/Xilinx/Projects/DRC_Rev2.0_Deliverables/Vitis2023.1/DRC_Rev2.0_SW/DRCPlatform/psu_cortexa53_0/standalone_domain/bsp/system.mss|system_1||
C:/Xilinx/Projects/DRC_Rev2.0_Deliverables/Vitis2023.1/DRC_Rev2.0_SW/DRCPlatform/zynqmp_fsbl/zynqmp_fsbl_bsp/system.mss|system||
C:/Xilinx/Projects/DRC_Rev2.0_Deliverables/Vitis2023.1/DRC_Rev2.0_SW/DRCPlatform/zynqmp_pmufw/zynqmp_pmufw_bsp/system.mss|system_0||

TRACE::2025-03-23.19:50:04::SCWMssOS::Sw design exists and opened at  C:/Xilinx/Projects/DRC_Rev2.0_Deliverables/Vitis2023.1/DRC_Rev2.0_SW/DRCPlatform/psu_cortexa53_0/standalone_domain/bsp/system.mss
TRACE::2025-03-23.19:50:04::SCWMssOS::Saving the mss changes C:/Xilinx/Projects/DRC_Rev2.0_Deliverables/Vitis2023.1/DRC_Rev2.0_SW/DRCPlatform/zynqmp_fsbl/zynqmp_fsbl_bsp/system.mss
TRACE::2025-03-23.19:50:04::SCWMssOS::Found a swdesign opened with the mssfile.
TRACE::2025-03-23.19:50:04::SCWMssOS::Completed writemss as part of save.
TRACE::2025-03-23.19:50:04::SCWMssOS::Commit changes completed.
TRACE::2025-03-23.19:50:04::SCWMssOS::Saving the mss changes C:/Xilinx/Projects/DRC_Rev2.0_Deliverables/Vitis2023.1/DRC_Rev2.0_SW/DRCPlatform/zynqmp_pmufw/zynqmp_pmufw_bsp/system.mss
TRACE::2025-03-23.19:50:04::SCWMssOS::Found a swdesign opened with the mssfile.
TRACE::2025-03-23.19:50:04::SCWMssOS::Completed writemss as part of save.
TRACE::2025-03-23.19:50:04::SCWMssOS::Commit changes completed.
TRACE::2025-03-23.19:50:04::SCWMssOS::Saving the mss changes C:/Xilinx/Projects/DRC_Rev2.0_Deliverables/Vitis2023.1/DRC_Rev2.0_SW/DRCPlatform/psu_cortexa53_0/standalone_domain/bsp/system.mss
TRACE::2025-03-23.19:50:04::SCWMssOS::Found a swdesign opened with the mssfile.
TRACE::2025-03-23.19:50:04::SCWMssOS::Completed writemss as part of save.
TRACE::2025-03-23.19:50:04::SCWMssOS::Commit changes completed.
TRACE::2025-03-23.19:50:04::SCWPlatform::Trying to open the hw design at C:/Xilinx/Projects/DRC_Rev2.0_Deliverables/Vitis2023.1/DRC_Rev2.0_SW/DRCPlatform/hw/DRC_Rev2.0_Deliverable.xsa
TRACE::2025-03-23.19:50:04::SCWPlatform::DSA given C:/Xilinx/Projects/DRC_Rev2.0_Deliverables/Vitis2023.1/DRC_Rev2.0_SW/DRCPlatform/hw/DRC_Rev2.0_Deliverable.xsa
TRACE::2025-03-23.19:50:04::SCWPlatform::DSA absoulate path C:/Xilinx/Projects/DRC_Rev2.0_Deliverables/Vitis2023.1/DRC_Rev2.0_SW/DRCPlatform/hw/DRC_Rev2.0_Deliverable.xsa
TRACE::2025-03-23.19:50:04::SCWPlatform::DSA directory C:/Xilinx/Projects/DRC_Rev2.0_Deliverables/Vitis2023.1/DRC_Rev2.0_SW/DRCPlatform/hw
TRACE::2025-03-23.19:50:04::SCWPlatform:: Platform Path C:/Xilinx/Projects/DRC_Rev2.0_Deliverables/Vitis2023.1/DRC_Rev2.0_SW/DRCPlatform/hw/DRC_Rev2.0_Deliverable.xsa
TRACE::2025-03-23.19:50:04::SCWPlatform:: Unique name xilinx:osdzu3eg1_2g_1v8_sip::0.0
TRACE::2025-03-23.19:50:04::SCWPlatform::Trying to set the existing hwdb with name design_1_wrapper_0
TRACE::2025-03-23.19:50:04::SCWPlatform::Opened existing hwdb design_1_wrapper_0
TRACE::2025-03-23.19:50:04::SCWPlatform::Found the Hw Db part of the input DSA
TRACE::2025-03-23.19:50:04::SCWMssOS::Checking the sw design at  C:/Xilinx/Projects/DRC_Rev2.0_Deliverables/Vitis2023.1/DRC_Rev2.0_SW/DRCPlatform/zynqmp_fsbl/zynqmp_fsbl_bsp/system.mss
TRACE::2025-03-23.19:50:04::SCWMssOS::DEBUG:  swdes dump  C:/Xilinx/Projects/DRC_Rev2.0_Deliverables/Vitis2023.1/DRC_Rev2.0_SW/DRCPlatform/psu_cortexa53_0/standalone_domain/bsp/system.mss|system_1||
C:/Xilinx/Projects/DRC_Rev2.0_Deliverables/Vitis2023.1/DRC_Rev2.0_SW/DRCPlatform/zynqmp_fsbl/zynqmp_fsbl_bsp/system.mss|system||
C:/Xilinx/Projects/DRC_Rev2.0_Deliverables/Vitis2023.1/DRC_Rev2.0_SW/DRCPlatform/zynqmp_pmufw/zynqmp_pmufw_bsp/system.mss|system_0||

TRACE::2025-03-23.19:50:04::SCWMssOS::Sw design exists and opened at  C:/Xilinx/Projects/DRC_Rev2.0_Deliverables/Vitis2023.1/DRC_Rev2.0_SW/DRCPlatform/zynqmp_fsbl/zynqmp_fsbl_bsp/system.mss
TRACE::2025-03-23.19:50:04::SCWPlatform::Trying to open the hw design at C:/Xilinx/Projects/DRC_Rev2.0_Deliverables/Vitis2023.1/DRC_Rev2.0_SW/DRCPlatform/hw/DRC_Rev2.0_Deliverable.xsa
TRACE::2025-03-23.19:50:04::SCWPlatform::DSA given C:/Xilinx/Projects/DRC_Rev2.0_Deliverables/Vitis2023.1/DRC_Rev2.0_SW/DRCPlatform/hw/DRC_Rev2.0_Deliverable.xsa
TRACE::2025-03-23.19:50:04::SCWPlatform::DSA absoulate path C:/Xilinx/Projects/DRC_Rev2.0_Deliverables/Vitis2023.1/DRC_Rev2.0_SW/DRCPlatform/hw/DRC_Rev2.0_Deliverable.xsa
TRACE::2025-03-23.19:50:04::SCWPlatform::DSA directory C:/Xilinx/Projects/DRC_Rev2.0_Deliverables/Vitis2023.1/DRC_Rev2.0_SW/DRCPlatform/hw
TRACE::2025-03-23.19:50:04::SCWPlatform:: Platform Path C:/Xilinx/Projects/DRC_Rev2.0_Deliverables/Vitis2023.1/DRC_Rev2.0_SW/DRCPlatform/hw/DRC_Rev2.0_Deliverable.xsa
TRACE::2025-03-23.19:50:04::SCWPlatform:: Unique name xilinx:osdzu3eg1_2g_1v8_sip::0.0
TRACE::2025-03-23.19:50:04::SCWPlatform::Trying to set the existing hwdb with name design_1_wrapper_0
TRACE::2025-03-23.19:50:04::SCWPlatform::Opened existing hwdb design_1_wrapper_0
TRACE::2025-03-23.19:50:04::SCWPlatform::Found the Hw Db part of the input DSA
TRACE::2025-03-23.19:50:04::SCWMssOS::Checking the sw design at  C:/Xilinx/Projects/DRC_Rev2.0_Deliverables/Vitis2023.1/DRC_Rev2.0_SW/DRCPlatform/zynqmp_fsbl/zynqmp_fsbl_bsp/system.mss
TRACE::2025-03-23.19:50:04::SCWMssOS::DEBUG:  swdes dump  C:/Xilinx/Projects/DRC_Rev2.0_Deliverables/Vitis2023.1/DRC_Rev2.0_SW/DRCPlatform/psu_cortexa53_0/standalone_domain/bsp/system.mss|system_1||
C:/Xilinx/Projects/DRC_Rev2.0_Deliverables/Vitis2023.1/DRC_Rev2.0_SW/DRCPlatform/zynqmp_fsbl/zynqmp_fsbl_bsp/system.mss|system||
C:/Xilinx/Projects/DRC_Rev2.0_Deliverables/Vitis2023.1/DRC_Rev2.0_SW/DRCPlatform/zynqmp_pmufw/zynqmp_pmufw_bsp/system.mss|system_0||

TRACE::2025-03-23.19:50:04::SCWMssOS::Sw design exists and opened at  C:/Xilinx/Projects/DRC_Rev2.0_Deliverables/Vitis2023.1/DRC_Rev2.0_SW/DRCPlatform/zynqmp_fsbl/zynqmp_fsbl_bsp/system.mss
TRACE::2025-03-23.19:50:04::SCWPlatform::Trying to open the hw design at C:/Xilinx/Projects/DRC_Rev2.0_Deliverables/Vitis2023.1/DRC_Rev2.0_SW/DRCPlatform/hw/DRC_Rev2.0_Deliverable.xsa
TRACE::2025-03-23.19:50:04::SCWPlatform::DSA given C:/Xilinx/Projects/DRC_Rev2.0_Deliverables/Vitis2023.1/DRC_Rev2.0_SW/DRCPlatform/hw/DRC_Rev2.0_Deliverable.xsa
TRACE::2025-03-23.19:50:04::SCWPlatform::DSA absoulate path C:/Xilinx/Projects/DRC_Rev2.0_Deliverables/Vitis2023.1/DRC_Rev2.0_SW/DRCPlatform/hw/DRC_Rev2.0_Deliverable.xsa
TRACE::2025-03-23.19:50:04::SCWPlatform::DSA directory C:/Xilinx/Projects/DRC_Rev2.0_Deliverables/Vitis2023.1/DRC_Rev2.0_SW/DRCPlatform/hw
TRACE::2025-03-23.19:50:04::SCWPlatform:: Platform Path C:/Xilinx/Projects/DRC_Rev2.0_Deliverables/Vitis2023.1/DRC_Rev2.0_SW/DRCPlatform/hw/DRC_Rev2.0_Deliverable.xsa
TRACE::2025-03-23.19:50:04::SCWPlatform:: Unique name xilinx:osdzu3eg1_2g_1v8_sip::0.0
TRACE::2025-03-23.19:50:04::SCWPlatform::Trying to set the existing hwdb with name design_1_wrapper_0
TRACE::2025-03-23.19:50:04::SCWPlatform::Opened existing hwdb design_1_wrapper_0
TRACE::2025-03-23.19:50:04::SCWPlatform::Found the Hw Db part of the input DSA
TRACE::2025-03-23.19:50:04::SCWMssOS::Checking the sw design at  C:/Xilinx/Projects/DRC_Rev2.0_Deliverables/Vitis2023.1/DRC_Rev2.0_SW/DRCPlatform/zynqmp_fsbl/zynqmp_fsbl_bsp/system.mss
TRACE::2025-03-23.19:50:04::SCWMssOS::DEBUG:  swdes dump  C:/Xilinx/Projects/DRC_Rev2.0_Deliverables/Vitis2023.1/DRC_Rev2.0_SW/DRCPlatform/psu_cortexa53_0/standalone_domain/bsp/system.mss|system_1||
C:/Xilinx/Projects/DRC_Rev2.0_Deliverables/Vitis2023.1/DRC_Rev2.0_SW/DRCPlatform/zynqmp_fsbl/zynqmp_fsbl_bsp/system.mss|system||
C:/Xilinx/Projects/DRC_Rev2.0_Deliverables/Vitis2023.1/DRC_Rev2.0_SW/DRCPlatform/zynqmp_pmufw/zynqmp_pmufw_bsp/system.mss|system_0||

TRACE::2025-03-23.19:50:04::SCWMssOS::Sw design exists and opened at  C:/Xilinx/Projects/DRC_Rev2.0_Deliverables/Vitis2023.1/DRC_Rev2.0_SW/DRCPlatform/zynqmp_fsbl/zynqmp_fsbl_bsp/system.mss
TRACE::2025-03-23.19:50:04::SCWPlatform::Trying to open the hw design at C:/Xilinx/Projects/DRC_Rev2.0_Deliverables/Vitis2023.1/DRC_Rev2.0_SW/DRCPlatform/hw/DRC_Rev2.0_Deliverable.xsa
TRACE::2025-03-23.19:50:04::SCWPlatform::DSA given C:/Xilinx/Projects/DRC_Rev2.0_Deliverables/Vitis2023.1/DRC_Rev2.0_SW/DRCPlatform/hw/DRC_Rev2.0_Deliverable.xsa
TRACE::2025-03-23.19:50:04::SCWPlatform::DSA absoulate path C:/Xilinx/Projects/DRC_Rev2.0_Deliverables/Vitis2023.1/DRC_Rev2.0_SW/DRCPlatform/hw/DRC_Rev2.0_Deliverable.xsa
TRACE::2025-03-23.19:50:04::SCWPlatform::DSA directory C:/Xilinx/Projects/DRC_Rev2.0_Deliverables/Vitis2023.1/DRC_Rev2.0_SW/DRCPlatform/hw
TRACE::2025-03-23.19:50:04::SCWPlatform:: Platform Path C:/Xilinx/Projects/DRC_Rev2.0_Deliverables/Vitis2023.1/DRC_Rev2.0_SW/DRCPlatform/hw/DRC_Rev2.0_Deliverable.xsa
TRACE::2025-03-23.19:50:04::SCWPlatform:: Unique name xilinx:osdzu3eg1_2g_1v8_sip::0.0
TRACE::2025-03-23.19:50:04::SCWPlatform::Trying to set the existing hwdb with name design_1_wrapper_0
TRACE::2025-03-23.19:50:04::SCWPlatform::Opened existing hwdb design_1_wrapper_0
TRACE::2025-03-23.19:50:04::SCWPlatform::Found the Hw Db part of the input DSA
TRACE::2025-03-23.19:50:04::SCWMssOS::Checking the sw design at  C:/Xilinx/Projects/DRC_Rev2.0_Deliverables/Vitis2023.1/DRC_Rev2.0_SW/DRCPlatform/zynqmp_pmufw/zynqmp_pmufw_bsp/system.mss
TRACE::2025-03-23.19:50:04::SCWMssOS::DEBUG:  swdes dump  C:/Xilinx/Projects/DRC_Rev2.0_Deliverables/Vitis2023.1/DRC_Rev2.0_SW/DRCPlatform/psu_cortexa53_0/standalone_domain/bsp/system.mss|system_1||
C:/Xilinx/Projects/DRC_Rev2.0_Deliverables/Vitis2023.1/DRC_Rev2.0_SW/DRCPlatform/zynqmp_fsbl/zynqmp_fsbl_bsp/system.mss|system||
C:/Xilinx/Projects/DRC_Rev2.0_Deliverables/Vitis2023.1/DRC_Rev2.0_SW/DRCPlatform/zynqmp_pmufw/zynqmp_pmufw_bsp/system.mss|system_0||

TRACE::2025-03-23.19:50:04::SCWMssOS::Sw design exists and opened at  C:/Xilinx/Projects/DRC_Rev2.0_Deliverables/Vitis2023.1/DRC_Rev2.0_SW/DRCPlatform/zynqmp_pmufw/zynqmp_pmufw_bsp/system.mss
TRACE::2025-03-23.19:50:04::SCWPlatform::Trying to open the hw design at C:/Xilinx/Projects/DRC_Rev2.0_Deliverables/Vitis2023.1/DRC_Rev2.0_SW/DRCPlatform/hw/DRC_Rev2.0_Deliverable.xsa
TRACE::2025-03-23.19:50:04::SCWPlatform::DSA given C:/Xilinx/Projects/DRC_Rev2.0_Deliverables/Vitis2023.1/DRC_Rev2.0_SW/DRCPlatform/hw/DRC_Rev2.0_Deliverable.xsa
TRACE::2025-03-23.19:50:04::SCWPlatform::DSA absoulate path C:/Xilinx/Projects/DRC_Rev2.0_Deliverables/Vitis2023.1/DRC_Rev2.0_SW/DRCPlatform/hw/DRC_Rev2.0_Deliverable.xsa
TRACE::2025-03-23.19:50:04::SCWPlatform::DSA directory C:/Xilinx/Projects/DRC_Rev2.0_Deliverables/Vitis2023.1/DRC_Rev2.0_SW/DRCPlatform/hw
TRACE::2025-03-23.19:50:04::SCWPlatform:: Platform Path C:/Xilinx/Projects/DRC_Rev2.0_Deliverables/Vitis2023.1/DRC_Rev2.0_SW/DRCPlatform/hw/DRC_Rev2.0_Deliverable.xsa
TRACE::2025-03-23.19:50:04::SCWPlatform:: Unique name xilinx:osdzu3eg1_2g_1v8_sip::0.0
TRACE::2025-03-23.19:50:04::SCWPlatform::Trying to set the existing hwdb with name design_1_wrapper_0
TRACE::2025-03-23.19:50:04::SCWPlatform::Opened existing hwdb design_1_wrapper_0
TRACE::2025-03-23.19:50:04::SCWPlatform::Found the Hw Db part of the input DSA
TRACE::2025-03-23.19:50:04::SCWMssOS::Checking the sw design at  C:/Xilinx/Projects/DRC_Rev2.0_Deliverables/Vitis2023.1/DRC_Rev2.0_SW/DRCPlatform/zynqmp_pmufw/zynqmp_pmufw_bsp/system.mss
TRACE::2025-03-23.19:50:04::SCWMssOS::DEBUG:  swdes dump  C:/Xilinx/Projects/DRC_Rev2.0_Deliverables/Vitis2023.1/DRC_Rev2.0_SW/DRCPlatform/psu_cortexa53_0/standalone_domain/bsp/system.mss|system_1||
C:/Xilinx/Projects/DRC_Rev2.0_Deliverables/Vitis2023.1/DRC_Rev2.0_SW/DRCPlatform/zynqmp_fsbl/zynqmp_fsbl_bsp/system.mss|system||
C:/Xilinx/Projects/DRC_Rev2.0_Deliverables/Vitis2023.1/DRC_Rev2.0_SW/DRCPlatform/zynqmp_pmufw/zynqmp_pmufw_bsp/system.mss|system_0||

TRACE::2025-03-23.19:50:04::SCWMssOS::Sw design exists and opened at  C:/Xilinx/Projects/DRC_Rev2.0_Deliverables/Vitis2023.1/DRC_Rev2.0_SW/DRCPlatform/zynqmp_pmufw/zynqmp_pmufw_bsp/system.mss
TRACE::2025-03-23.19:50:04::SCWPlatform::Trying to open the hw design at C:/Xilinx/Projects/DRC_Rev2.0_Deliverables/Vitis2023.1/DRC_Rev2.0_SW/DRCPlatform/hw/DRC_Rev2.0_Deliverable.xsa
TRACE::2025-03-23.19:50:04::SCWPlatform::DSA given C:/Xilinx/Projects/DRC_Rev2.0_Deliverables/Vitis2023.1/DRC_Rev2.0_SW/DRCPlatform/hw/DRC_Rev2.0_Deliverable.xsa
TRACE::2025-03-23.19:50:04::SCWPlatform::DSA absoulate path C:/Xilinx/Projects/DRC_Rev2.0_Deliverables/Vitis2023.1/DRC_Rev2.0_SW/DRCPlatform/hw/DRC_Rev2.0_Deliverable.xsa
TRACE::2025-03-23.19:50:04::SCWPlatform::DSA directory C:/Xilinx/Projects/DRC_Rev2.0_Deliverables/Vitis2023.1/DRC_Rev2.0_SW/DRCPlatform/hw
TRACE::2025-03-23.19:50:04::SCWPlatform:: Platform Path C:/Xilinx/Projects/DRC_Rev2.0_Deliverables/Vitis2023.1/DRC_Rev2.0_SW/DRCPlatform/hw/DRC_Rev2.0_Deliverable.xsa
TRACE::2025-03-23.19:50:04::SCWPlatform:: Unique name xilinx:osdzu3eg1_2g_1v8_sip::0.0
TRACE::2025-03-23.19:50:04::SCWPlatform::Trying to set the existing hwdb with name design_1_wrapper_0
TRACE::2025-03-23.19:50:04::SCWPlatform::Opened existing hwdb design_1_wrapper_0
TRACE::2025-03-23.19:50:04::SCWPlatform::Found the Hw Db part of the input DSA
TRACE::2025-03-23.19:50:04::SCWMssOS::Checking the sw design at  C:/Xilinx/Projects/DRC_Rev2.0_Deliverables/Vitis2023.1/DRC_Rev2.0_SW/DRCPlatform/zynqmp_pmufw/zynqmp_pmufw_bsp/system.mss
TRACE::2025-03-23.19:50:04::SCWMssOS::DEBUG:  swdes dump  C:/Xilinx/Projects/DRC_Rev2.0_Deliverables/Vitis2023.1/DRC_Rev2.0_SW/DRCPlatform/psu_cortexa53_0/standalone_domain/bsp/system.mss|system_1||
C:/Xilinx/Projects/DRC_Rev2.0_Deliverables/Vitis2023.1/DRC_Rev2.0_SW/DRCPlatform/zynqmp_fsbl/zynqmp_fsbl_bsp/system.mss|system||
C:/Xilinx/Projects/DRC_Rev2.0_Deliverables/Vitis2023.1/DRC_Rev2.0_SW/DRCPlatform/zynqmp_pmufw/zynqmp_pmufw_bsp/system.mss|system_0||

TRACE::2025-03-23.19:50:04::SCWMssOS::Sw design exists and opened at  C:/Xilinx/Projects/DRC_Rev2.0_Deliverables/Vitis2023.1/DRC_Rev2.0_SW/DRCPlatform/zynqmp_pmufw/zynqmp_pmufw_bsp/system.mss
TRACE::2025-03-23.19:50:04::SCWPlatform::Trying to open the hw design at C:/Xilinx/Projects/DRC_Rev2.0_Deliverables/Vitis2023.1/DRC_Rev2.0_SW/DRCPlatform/hw/DRC_Rev2.0_Deliverable.xsa
TRACE::2025-03-23.19:50:04::SCWPlatform::DSA given C:/Xilinx/Projects/DRC_Rev2.0_Deliverables/Vitis2023.1/DRC_Rev2.0_SW/DRCPlatform/hw/DRC_Rev2.0_Deliverable.xsa
TRACE::2025-03-23.19:50:04::SCWPlatform::DSA absoulate path C:/Xilinx/Projects/DRC_Rev2.0_Deliverables/Vitis2023.1/DRC_Rev2.0_SW/DRCPlatform/hw/DRC_Rev2.0_Deliverable.xsa
TRACE::2025-03-23.19:50:04::SCWPlatform::DSA directory C:/Xilinx/Projects/DRC_Rev2.0_Deliverables/Vitis2023.1/DRC_Rev2.0_SW/DRCPlatform/hw
TRACE::2025-03-23.19:50:04::SCWPlatform:: Platform Path C:/Xilinx/Projects/DRC_Rev2.0_Deliverables/Vitis2023.1/DRC_Rev2.0_SW/DRCPlatform/hw/DRC_Rev2.0_Deliverable.xsa
TRACE::2025-03-23.19:50:04::SCWPlatform:: Unique name xilinx:osdzu3eg1_2g_1v8_sip::0.0
TRACE::2025-03-23.19:50:04::SCWPlatform::Trying to set the existing hwdb with name design_1_wrapper_0
TRACE::2025-03-23.19:50:04::SCWPlatform::Opened existing hwdb design_1_wrapper_0
TRACE::2025-03-23.19:50:04::SCWPlatform::Found the Hw Db part of the input DSA
TRACE::2025-03-23.19:50:04::SCWMssOS::Checking the sw design at  C:/Xilinx/Projects/DRC_Rev2.0_Deliverables/Vitis2023.1/DRC_Rev2.0_SW/DRCPlatform/psu_cortexa53_0/standalone_domain/bsp/system.mss
TRACE::2025-03-23.19:50:04::SCWMssOS::DEBUG:  swdes dump  C:/Xilinx/Projects/DRC_Rev2.0_Deliverables/Vitis2023.1/DRC_Rev2.0_SW/DRCPlatform/psu_cortexa53_0/standalone_domain/bsp/system.mss|system_1||
C:/Xilinx/Projects/DRC_Rev2.0_Deliverables/Vitis2023.1/DRC_Rev2.0_SW/DRCPlatform/zynqmp_fsbl/zynqmp_fsbl_bsp/system.mss|system||
C:/Xilinx/Projects/DRC_Rev2.0_Deliverables/Vitis2023.1/DRC_Rev2.0_SW/DRCPlatform/zynqmp_pmufw/zynqmp_pmufw_bsp/system.mss|system_0||

TRACE::2025-03-23.19:50:04::SCWMssOS::Sw design exists and opened at  C:/Xilinx/Projects/DRC_Rev2.0_Deliverables/Vitis2023.1/DRC_Rev2.0_SW/DRCPlatform/psu_cortexa53_0/standalone_domain/bsp/system.mss
TRACE::2025-03-23.19:50:04::SCWPlatform::Trying to open the hw design at C:/Xilinx/Projects/DRC_Rev2.0_Deliverables/Vitis2023.1/DRC_Rev2.0_SW/DRCPlatform/hw/DRC_Rev2.0_Deliverable.xsa
TRACE::2025-03-23.19:50:04::SCWPlatform::DSA given C:/Xilinx/Projects/DRC_Rev2.0_Deliverables/Vitis2023.1/DRC_Rev2.0_SW/DRCPlatform/hw/DRC_Rev2.0_Deliverable.xsa
TRACE::2025-03-23.19:50:04::SCWPlatform::DSA absoulate path C:/Xilinx/Projects/DRC_Rev2.0_Deliverables/Vitis2023.1/DRC_Rev2.0_SW/DRCPlatform/hw/DRC_Rev2.0_Deliverable.xsa
TRACE::2025-03-23.19:50:04::SCWPlatform::DSA directory C:/Xilinx/Projects/DRC_Rev2.0_Deliverables/Vitis2023.1/DRC_Rev2.0_SW/DRCPlatform/hw
TRACE::2025-03-23.19:50:04::SCWPlatform:: Platform Path C:/Xilinx/Projects/DRC_Rev2.0_Deliverables/Vitis2023.1/DRC_Rev2.0_SW/DRCPlatform/hw/DRC_Rev2.0_Deliverable.xsa
TRACE::2025-03-23.19:50:04::SCWPlatform:: Unique name xilinx:osdzu3eg1_2g_1v8_sip::0.0
TRACE::2025-03-23.19:50:04::SCWPlatform::Trying to set the existing hwdb with name design_1_wrapper_0
TRACE::2025-03-23.19:50:04::SCWPlatform::Opened existing hwdb design_1_wrapper_0
TRACE::2025-03-23.19:50:04::SCWPlatform::Found the Hw Db part of the input DSA
TRACE::2025-03-23.19:50:04::SCWMssOS::Checking the sw design at  C:/Xilinx/Projects/DRC_Rev2.0_Deliverables/Vitis2023.1/DRC_Rev2.0_SW/DRCPlatform/psu_cortexa53_0/standalone_domain/bsp/system.mss
TRACE::2025-03-23.19:50:04::SCWMssOS::DEBUG:  swdes dump  C:/Xilinx/Projects/DRC_Rev2.0_Deliverables/Vitis2023.1/DRC_Rev2.0_SW/DRCPlatform/psu_cortexa53_0/standalone_domain/bsp/system.mss|system_1||
C:/Xilinx/Projects/DRC_Rev2.0_Deliverables/Vitis2023.1/DRC_Rev2.0_SW/DRCPlatform/zynqmp_fsbl/zynqmp_fsbl_bsp/system.mss|system||
C:/Xilinx/Projects/DRC_Rev2.0_Deliverables/Vitis2023.1/DRC_Rev2.0_SW/DRCPlatform/zynqmp_pmufw/zynqmp_pmufw_bsp/system.mss|system_0||

TRACE::2025-03-23.19:50:04::SCWMssOS::Sw design exists and opened at  C:/Xilinx/Projects/DRC_Rev2.0_Deliverables/Vitis2023.1/DRC_Rev2.0_SW/DRCPlatform/psu_cortexa53_0/standalone_domain/bsp/system.mss
TRACE::2025-03-23.19:50:04::SCWPlatform::Trying to open the hw design at C:/Xilinx/Projects/DRC_Rev2.0_Deliverables/Vitis2023.1/DRC_Rev2.0_SW/DRCPlatform/hw/DRC_Rev2.0_Deliverable.xsa
TRACE::2025-03-23.19:50:04::SCWPlatform::DSA given C:/Xilinx/Projects/DRC_Rev2.0_Deliverables/Vitis2023.1/DRC_Rev2.0_SW/DRCPlatform/hw/DRC_Rev2.0_Deliverable.xsa
TRACE::2025-03-23.19:50:04::SCWPlatform::DSA absoulate path C:/Xilinx/Projects/DRC_Rev2.0_Deliverables/Vitis2023.1/DRC_Rev2.0_SW/DRCPlatform/hw/DRC_Rev2.0_Deliverable.xsa
TRACE::2025-03-23.19:50:04::SCWPlatform::DSA directory C:/Xilinx/Projects/DRC_Rev2.0_Deliverables/Vitis2023.1/DRC_Rev2.0_SW/DRCPlatform/hw
TRACE::2025-03-23.19:50:04::SCWPlatform:: Platform Path C:/Xilinx/Projects/DRC_Rev2.0_Deliverables/Vitis2023.1/DRC_Rev2.0_SW/DRCPlatform/hw/DRC_Rev2.0_Deliverable.xsa
TRACE::2025-03-23.19:50:04::SCWPlatform:: Unique name xilinx:osdzu3eg1_2g_1v8_sip::0.0
TRACE::2025-03-23.19:50:04::SCWPlatform::Trying to set the existing hwdb with name design_1_wrapper_0
TRACE::2025-03-23.19:50:04::SCWPlatform::Opened existing hwdb design_1_wrapper_0
TRACE::2025-03-23.19:50:04::SCWPlatform::Found the Hw Db part of the input DSA
TRACE::2025-03-23.19:50:04::SCWMssOS::Checking the sw design at  C:/Xilinx/Projects/DRC_Rev2.0_Deliverables/Vitis2023.1/DRC_Rev2.0_SW/DRCPlatform/psu_cortexa53_0/standalone_domain/bsp/system.mss
TRACE::2025-03-23.19:50:04::SCWMssOS::DEBUG:  swdes dump  C:/Xilinx/Projects/DRC_Rev2.0_Deliverables/Vitis2023.1/DRC_Rev2.0_SW/DRCPlatform/psu_cortexa53_0/standalone_domain/bsp/system.mss|system_1||
C:/Xilinx/Projects/DRC_Rev2.0_Deliverables/Vitis2023.1/DRC_Rev2.0_SW/DRCPlatform/zynqmp_fsbl/zynqmp_fsbl_bsp/system.mss|system||
C:/Xilinx/Projects/DRC_Rev2.0_Deliverables/Vitis2023.1/DRC_Rev2.0_SW/DRCPlatform/zynqmp_pmufw/zynqmp_pmufw_bsp/system.mss|system_0||

TRACE::2025-03-23.19:50:04::SCWMssOS::Sw design exists and opened at  C:/Xilinx/Projects/DRC_Rev2.0_Deliverables/Vitis2023.1/DRC_Rev2.0_SW/DRCPlatform/psu_cortexa53_0/standalone_domain/bsp/system.mss
TRACE::2025-03-23.19:50:04::SCWWriter::formatted JSON is {
	"platformName":	"DRCPlatform",
	"sprVersion":	"2.0",
	"mode":	"gui",
	"dsaType":	"Fixed",
	"platformDesc":	"DRCPlatform",
	"platHandOff":	"C:/Xilinx/Projects/DRC_Rev2.0_Deliverables/Vivado2023.1/DRC_Rev2.0_FW/DRC_Rev2.0_Deliverable.xsa",
	"platIntHandOff":	"<platformDir>/hw/DRC_Rev2.0_Deliverable.xsa",
	"deviceType":	"zynqMP",
	"platIsPrebuiltAutogen":	"false",
	"platIsNoBootBsp":	"false",
	"platFsblTarget":	"psu_cortexa53_0",
	"hasFsblMakeHasChanges":	"false",
	"hasPmufwMakeHasChanges":	"false",
	"fsblExtraCompilerFlags":	"-MMD -MP      -Wall -fmessage-length=0 -DARMA53_64 -Os -flto -ffat-lto-objects  ",
	"pmufwExtraCompilerFlags":	"-MMD -MP      -mlittle-endian -mxl-barrel-shift -mxl-pattern-compare -mcpu=v9.2 -mxl-soft-mul -Os -flto -ffat-lto-objects  ",
	"platPreBuiltFlag":	false,
	"platformSamplesDir":	"",
	"platActiveSys":	"DRCPlatform",
	"systems":	[{
			"systemName":	"DRCPlatform",
			"systemDesc":	"DRCPlatform",
			"sysIsBootAutoGen":	"true",
			"systemDispName":	"DRCPlatform",
			"sysActiveDom":	"standalone_domain",
			"sysDefaultDom":	"standalone_domain",
			"domains":	[{
					"domainName":	"zynqmp_fsbl",
					"domainDispName":	"zynqmp_fsbl",
					"domainDesc":	"FSBL Application BSP - Auto Generated.",
					"processors":	"psu_cortexa53_0",
					"os":	"standalone",
					"sdxOs":	"standalone",
					"debugEnable":	"",
					"domRuntimes":	["cpp"],
					"swRepo":	"",
					"mssOsVer":	"8.1",
					"mssFile":	"",
					"md5Digest":	"2c86846b79a29ca9cbb7aeab53461da4",
					"compatibleApp":	"zynqmp_fsbl",
					"domType":	"bootDomain",
					"arch":	"64-bit",
					"appSettings":	{
						"appCompilerFlags":	"",
						"appLinkerFlags":	""
					},
					"addedLibs":	["xilffs:5.0", "xilsecure:5.1", "xilpm:5.0"],
					"libOptions":	{
						"standalone":	{
							"zynqmp_fsbl_bsp":	"true",
							"libOptionNames":	["zynqmp_fsbl_bsp"]
						},
						"xilffs":	{
							"read_only":	"true",
							"use_mkfs":	"false",
							"libOptionNames":	["read_only", "use_mkfs"]
						},
						"xilsecure":	{
							"tpm_support":	"true",
							"libOptionNames":	["tpm_support"]
						},
						"libsContainingOptions":	["standalone", "xilffs", "xilsecure"]
					},
					"prebuiltLibs":	{
						"prebuiltIncPath":	[],
						"prebuiltLibPath":	[]
					},
					"isolation":	{
					}
				}, {
					"domainName":	"zynqmp_pmufw",
					"domainDispName":	"zynqmp_pmufw",
					"domainDesc":	"PMUFW Application BSP - Auto Generated.",
					"processors":	"psu_pmu_0",
					"os":	"standalone",
					"sdxOs":	"standalone",
					"debugEnable":	"",
					"domRuntimes":	["cpp"],
					"swRepo":	"",
					"mssOsVer":	"8.1",
					"mssFile":	"",
					"md5Digest":	"550fca1150fbaea7cb6d01f88f8defa0",
					"compatibleApp":	"zynqmp_pmufw",
					"domType":	"bootDomain",
					"arch":	"32-bit",
					"appSettings":	{
						"appCompilerFlags":	"",
						"appLinkerFlags":	""
					},
					"addedLibs":	["xilfpga:6.4", "xilsecure:5.1", "xilskey:7.4"],
					"libOptions":	{
						"psu_pmu_0":	{
							"extra_compiler_flags":	"-g -ffunction-sections -fdata-sections -Wall -Wextra -fno-tree-loop-distribute-patterns  -Os -flto -ffat-lto-objects",
							"libOptionNames":	["extra_compiler_flags"]
						},
						"libsContainingOptions":	["psu_pmu_0"]
					},
					"prebuiltLibs":	{
						"prebuiltIncPath":	[],
						"prebuiltLibPath":	[]
					},
					"isolation":	{
					}
				}, {
					"domainName":	"standalone_domain",
					"domainDispName":	"standalone_domain",
					"domainDesc":	"standalone_domain",
					"processors":	"psu_cortexa53_0",
					"os":	"standalone",
					"sdxOs":	"standalone",
					"qemuArgs":	"<platformDir>/resources/DRCPlatform/standalone_domain/qemu_args.txt",
					"qemuData":	"<platformDir>/resources/DRCPlatform/standalone_domain/qemu",
					"pmuQemuArgs":	"<platformDir>/resources/DRCPlatform/standalone_domain/pmu_args.txt",
					"debugEnable":	"False",
					"domRuntimes":	["cpp"],
					"swRepo":	"",
					"mssOsVer":	"8.1",
					"mssFile":	"",
					"md5Digest":	"fcd87a202073bed06c63c9c38fbd1014",
					"compatibleApp":	"",
					"domType":	"mssDomain",
					"arch":	"64-bit",
					"appSettings":	{
						"appCompilerFlags":	"",
						"appLinkerFlags":	""
					},
					"addedLibs":	[],
					"libOptions":	{
						"libsContainingOptions":	[]
					},
					"prebuiltLibs":	{
						"prebuiltIncPath":	[],
						"prebuiltLibPath":	[]
					},
					"isolation":	{
					}
				}]
		}]
}
TRACE::2025-03-23.19:50:04::SCWPlatform::Trying to open the hw design at C:/Xilinx/Projects/DRC_Rev2.0_Deliverables/Vitis2023.1/DRC_Rev2.0_SW/DRCPlatform/hw/DRC_Rev2.0_Deliverable.xsa
TRACE::2025-03-23.19:50:04::SCWPlatform::DSA given C:/Xilinx/Projects/DRC_Rev2.0_Deliverables/Vitis2023.1/DRC_Rev2.0_SW/DRCPlatform/hw/DRC_Rev2.0_Deliverable.xsa
TRACE::2025-03-23.19:50:04::SCWPlatform::DSA absoulate path C:/Xilinx/Projects/DRC_Rev2.0_Deliverables/Vitis2023.1/DRC_Rev2.0_SW/DRCPlatform/hw/DRC_Rev2.0_Deliverable.xsa
TRACE::2025-03-23.19:50:04::SCWPlatform::DSA directory C:/Xilinx/Projects/DRC_Rev2.0_Deliverables/Vitis2023.1/DRC_Rev2.0_SW/DRCPlatform/hw
TRACE::2025-03-23.19:50:04::SCWPlatform:: Platform Path C:/Xilinx/Projects/DRC_Rev2.0_Deliverables/Vitis2023.1/DRC_Rev2.0_SW/DRCPlatform/hw/DRC_Rev2.0_Deliverable.xsa
TRACE::2025-03-23.19:50:04::SCWPlatform:: Unique name xilinx:osdzu3eg1_2g_1v8_sip::0.0
TRACE::2025-03-23.19:50:04::SCWPlatform::Trying to set the existing hwdb with name design_1_wrapper_0
TRACE::2025-03-23.19:50:04::SCWPlatform::Opened existing hwdb design_1_wrapper_0
TRACE::2025-03-23.19:50:04::SCWPlatform::Found the Hw Db part of the input DSA
TRACE::2025-03-23.19:50:04::SCWMssOS::Checking the sw design at  C:/Xilinx/Projects/DRC_Rev2.0_Deliverables/Vitis2023.1/DRC_Rev2.0_SW/DRCPlatform/psu_cortexa53_0/standalone_domain/bsp/system.mss
TRACE::2025-03-23.19:50:04::SCWMssOS::DEBUG:  swdes dump  C:/Xilinx/Projects/DRC_Rev2.0_Deliverables/Vitis2023.1/DRC_Rev2.0_SW/DRCPlatform/psu_cortexa53_0/standalone_domain/bsp/system.mss|system_1||
C:/Xilinx/Projects/DRC_Rev2.0_Deliverables/Vitis2023.1/DRC_Rev2.0_SW/DRCPlatform/zynqmp_fsbl/zynqmp_fsbl_bsp/system.mss|system||
C:/Xilinx/Projects/DRC_Rev2.0_Deliverables/Vitis2023.1/DRC_Rev2.0_SW/DRCPlatform/zynqmp_pmufw/zynqmp_pmufw_bsp/system.mss|system_0||

TRACE::2025-03-23.19:50:04::SCWMssOS::Sw design exists and opened at  C:/Xilinx/Projects/DRC_Rev2.0_Deliverables/Vitis2023.1/DRC_Rev2.0_SW/DRCPlatform/psu_cortexa53_0/standalone_domain/bsp/system.mss
TRACE::2025-03-23.19:50:04::SCWPlatform::Trying to open the hw design at C:/Xilinx/Projects/DRC_Rev2.0_Deliverables/Vitis2023.1/DRC_Rev2.0_SW/DRCPlatform/hw/DRC_Rev2.0_Deliverable.xsa
TRACE::2025-03-23.19:50:04::SCWPlatform::DSA given C:/Xilinx/Projects/DRC_Rev2.0_Deliverables/Vitis2023.1/DRC_Rev2.0_SW/DRCPlatform/hw/DRC_Rev2.0_Deliverable.xsa
TRACE::2025-03-23.19:50:04::SCWPlatform::DSA absoulate path C:/Xilinx/Projects/DRC_Rev2.0_Deliverables/Vitis2023.1/DRC_Rev2.0_SW/DRCPlatform/hw/DRC_Rev2.0_Deliverable.xsa
TRACE::2025-03-23.19:50:04::SCWPlatform::DSA directory C:/Xilinx/Projects/DRC_Rev2.0_Deliverables/Vitis2023.1/DRC_Rev2.0_SW/DRCPlatform/hw
TRACE::2025-03-23.19:50:04::SCWPlatform:: Platform Path C:/Xilinx/Projects/DRC_Rev2.0_Deliverables/Vitis2023.1/DRC_Rev2.0_SW/DRCPlatform/hw/DRC_Rev2.0_Deliverable.xsa
TRACE::2025-03-23.19:50:04::SCWPlatform:: Unique name xilinx:osdzu3eg1_2g_1v8_sip::0.0
TRACE::2025-03-23.19:50:04::SCWPlatform::Trying to set the existing hwdb with name design_1_wrapper_0
TRACE::2025-03-23.19:50:04::SCWPlatform::Opened existing hwdb design_1_wrapper_0
TRACE::2025-03-23.19:50:04::SCWPlatform::Found the Hw Db part of the input DSA
TRACE::2025-03-23.19:50:04::SCWMssOS::Checking the sw design at  C:/Xilinx/Projects/DRC_Rev2.0_Deliverables/Vitis2023.1/DRC_Rev2.0_SW/DRCPlatform/psu_cortexa53_0/standalone_domain/bsp/system.mss
TRACE::2025-03-23.19:50:04::SCWMssOS::DEBUG:  swdes dump  C:/Xilinx/Projects/DRC_Rev2.0_Deliverables/Vitis2023.1/DRC_Rev2.0_SW/DRCPlatform/psu_cortexa53_0/standalone_domain/bsp/system.mss|system_1||
C:/Xilinx/Projects/DRC_Rev2.0_Deliverables/Vitis2023.1/DRC_Rev2.0_SW/DRCPlatform/zynqmp_fsbl/zynqmp_fsbl_bsp/system.mss|system||
C:/Xilinx/Projects/DRC_Rev2.0_Deliverables/Vitis2023.1/DRC_Rev2.0_SW/DRCPlatform/zynqmp_pmufw/zynqmp_pmufw_bsp/system.mss|system_0||

TRACE::2025-03-23.19:50:04::SCWMssOS::Sw design exists and opened at  C:/Xilinx/Projects/DRC_Rev2.0_Deliverables/Vitis2023.1/DRC_Rev2.0_SW/DRCPlatform/psu_cortexa53_0/standalone_domain/bsp/system.mss
TRACE::2025-03-23.19:50:04::SCWPlatform::Trying to open the hw design at C:/Xilinx/Projects/DRC_Rev2.0_Deliverables/Vitis2023.1/DRC_Rev2.0_SW/DRCPlatform/hw/DRC_Rev2.0_Deliverable.xsa
TRACE::2025-03-23.19:50:04::SCWPlatform::DSA given C:/Xilinx/Projects/DRC_Rev2.0_Deliverables/Vitis2023.1/DRC_Rev2.0_SW/DRCPlatform/hw/DRC_Rev2.0_Deliverable.xsa
TRACE::2025-03-23.19:50:04::SCWPlatform::DSA absoulate path C:/Xilinx/Projects/DRC_Rev2.0_Deliverables/Vitis2023.1/DRC_Rev2.0_SW/DRCPlatform/hw/DRC_Rev2.0_Deliverable.xsa
TRACE::2025-03-23.19:50:04::SCWPlatform::DSA directory C:/Xilinx/Projects/DRC_Rev2.0_Deliverables/Vitis2023.1/DRC_Rev2.0_SW/DRCPlatform/hw
TRACE::2025-03-23.19:50:04::SCWPlatform:: Platform Path C:/Xilinx/Projects/DRC_Rev2.0_Deliverables/Vitis2023.1/DRC_Rev2.0_SW/DRCPlatform/hw/DRC_Rev2.0_Deliverable.xsa
TRACE::2025-03-23.19:50:04::SCWPlatform:: Unique name xilinx:osdzu3eg1_2g_1v8_sip::0.0
TRACE::2025-03-23.19:50:04::SCWPlatform::Trying to set the existing hwdb with name design_1_wrapper_0
TRACE::2025-03-23.19:50:04::SCWPlatform::Opened existing hwdb design_1_wrapper_0
TRACE::2025-03-23.19:50:04::SCWPlatform::Found the Hw Db part of the input DSA
TRACE::2025-03-23.19:50:04::SCWMssOS::Checking the sw design at  C:/Xilinx/Projects/DRC_Rev2.0_Deliverables/Vitis2023.1/DRC_Rev2.0_SW/DRCPlatform/psu_cortexa53_0/standalone_domain/bsp/system.mss
TRACE::2025-03-23.19:50:04::SCWMssOS::DEBUG:  swdes dump  C:/Xilinx/Projects/DRC_Rev2.0_Deliverables/Vitis2023.1/DRC_Rev2.0_SW/DRCPlatform/psu_cortexa53_0/standalone_domain/bsp/system.mss|system_1||
C:/Xilinx/Projects/DRC_Rev2.0_Deliverables/Vitis2023.1/DRC_Rev2.0_SW/DRCPlatform/zynqmp_fsbl/zynqmp_fsbl_bsp/system.mss|system||
C:/Xilinx/Projects/DRC_Rev2.0_Deliverables/Vitis2023.1/DRC_Rev2.0_SW/DRCPlatform/zynqmp_pmufw/zynqmp_pmufw_bsp/system.mss|system_0||

TRACE::2025-03-23.19:50:04::SCWMssOS::Sw design exists and opened at  C:/Xilinx/Projects/DRC_Rev2.0_Deliverables/Vitis2023.1/DRC_Rev2.0_SW/DRCPlatform/psu_cortexa53_0/standalone_domain/bsp/system.mss
TRACE::2025-03-23.19:50:04::SCWMssOS::Saving the mss changes C:/Xilinx/Projects/DRC_Rev2.0_Deliverables/Vitis2023.1/DRC_Rev2.0_SW/DRCPlatform/zynqmp_fsbl/zynqmp_fsbl_bsp/system.mss
TRACE::2025-03-23.19:50:04::SCWMssOS::Found a swdesign opened with the mssfile.
TRACE::2025-03-23.19:50:04::SCWMssOS::Completed writemss as part of save.
TRACE::2025-03-23.19:50:04::SCWMssOS::Commit changes completed.
TRACE::2025-03-23.19:50:04::SCWMssOS::Saving the mss changes C:/Xilinx/Projects/DRC_Rev2.0_Deliverables/Vitis2023.1/DRC_Rev2.0_SW/DRCPlatform/zynqmp_pmufw/zynqmp_pmufw_bsp/system.mss
TRACE::2025-03-23.19:50:04::SCWMssOS::Found a swdesign opened with the mssfile.
TRACE::2025-03-23.19:50:04::SCWMssOS::Completed writemss as part of save.
TRACE::2025-03-23.19:50:04::SCWMssOS::Commit changes completed.
TRACE::2025-03-23.19:50:04::SCWMssOS::Saving the mss changes C:/Xilinx/Projects/DRC_Rev2.0_Deliverables/Vitis2023.1/DRC_Rev2.0_SW/DRCPlatform/psu_cortexa53_0/standalone_domain/bsp/system.mss
TRACE::2025-03-23.19:50:04::SCWMssOS::Found a swdesign opened with the mssfile.
TRACE::2025-03-23.19:50:04::SCWMssOS::Completed writemss as part of save.
TRACE::2025-03-23.19:50:04::SCWMssOS::Commit changes completed.
TRACE::2025-03-23.19:50:04::SCWPlatform::Trying to open the hw design at C:/Xilinx/Projects/DRC_Rev2.0_Deliverables/Vitis2023.1/DRC_Rev2.0_SW/DRCPlatform/hw/DRC_Rev2.0_Deliverable.xsa
TRACE::2025-03-23.19:50:04::SCWPlatform::DSA given C:/Xilinx/Projects/DRC_Rev2.0_Deliverables/Vitis2023.1/DRC_Rev2.0_SW/DRCPlatform/hw/DRC_Rev2.0_Deliverable.xsa
TRACE::2025-03-23.19:50:04::SCWPlatform::DSA absoulate path C:/Xilinx/Projects/DRC_Rev2.0_Deliverables/Vitis2023.1/DRC_Rev2.0_SW/DRCPlatform/hw/DRC_Rev2.0_Deliverable.xsa
TRACE::2025-03-23.19:50:04::SCWPlatform::DSA directory C:/Xilinx/Projects/DRC_Rev2.0_Deliverables/Vitis2023.1/DRC_Rev2.0_SW/DRCPlatform/hw
TRACE::2025-03-23.19:50:04::SCWPlatform:: Platform Path C:/Xilinx/Projects/DRC_Rev2.0_Deliverables/Vitis2023.1/DRC_Rev2.0_SW/DRCPlatform/hw/DRC_Rev2.0_Deliverable.xsa
TRACE::2025-03-23.19:50:04::SCWPlatform:: Unique name xilinx:osdzu3eg1_2g_1v8_sip::0.0
TRACE::2025-03-23.19:50:04::SCWPlatform::Trying to set the existing hwdb with name design_1_wrapper_0
TRACE::2025-03-23.19:50:04::SCWPlatform::Opened existing hwdb design_1_wrapper_0
TRACE::2025-03-23.19:50:04::SCWPlatform::Found the Hw Db part of the input DSA
TRACE::2025-03-23.19:50:04::SCWMssOS::Checking the sw design at  C:/Xilinx/Projects/DRC_Rev2.0_Deliverables/Vitis2023.1/DRC_Rev2.0_SW/DRCPlatform/zynqmp_fsbl/zynqmp_fsbl_bsp/system.mss
TRACE::2025-03-23.19:50:04::SCWMssOS::DEBUG:  swdes dump  C:/Xilinx/Projects/DRC_Rev2.0_Deliverables/Vitis2023.1/DRC_Rev2.0_SW/DRCPlatform/psu_cortexa53_0/standalone_domain/bsp/system.mss|system_1||
C:/Xilinx/Projects/DRC_Rev2.0_Deliverables/Vitis2023.1/DRC_Rev2.0_SW/DRCPlatform/zynqmp_fsbl/zynqmp_fsbl_bsp/system.mss|system||
C:/Xilinx/Projects/DRC_Rev2.0_Deliverables/Vitis2023.1/DRC_Rev2.0_SW/DRCPlatform/zynqmp_pmufw/zynqmp_pmufw_bsp/system.mss|system_0||

TRACE::2025-03-23.19:50:04::SCWMssOS::Sw design exists and opened at  C:/Xilinx/Projects/DRC_Rev2.0_Deliverables/Vitis2023.1/DRC_Rev2.0_SW/DRCPlatform/zynqmp_fsbl/zynqmp_fsbl_bsp/system.mss
TRACE::2025-03-23.19:50:04::SCWPlatform::Trying to open the hw design at C:/Xilinx/Projects/DRC_Rev2.0_Deliverables/Vitis2023.1/DRC_Rev2.0_SW/DRCPlatform/hw/DRC_Rev2.0_Deliverable.xsa
TRACE::2025-03-23.19:50:04::SCWPlatform::DSA given C:/Xilinx/Projects/DRC_Rev2.0_Deliverables/Vitis2023.1/DRC_Rev2.0_SW/DRCPlatform/hw/DRC_Rev2.0_Deliverable.xsa
TRACE::2025-03-23.19:50:04::SCWPlatform::DSA absoulate path C:/Xilinx/Projects/DRC_Rev2.0_Deliverables/Vitis2023.1/DRC_Rev2.0_SW/DRCPlatform/hw/DRC_Rev2.0_Deliverable.xsa
TRACE::2025-03-23.19:50:04::SCWPlatform::DSA directory C:/Xilinx/Projects/DRC_Rev2.0_Deliverables/Vitis2023.1/DRC_Rev2.0_SW/DRCPlatform/hw
TRACE::2025-03-23.19:50:04::SCWPlatform:: Platform Path C:/Xilinx/Projects/DRC_Rev2.0_Deliverables/Vitis2023.1/DRC_Rev2.0_SW/DRCPlatform/hw/DRC_Rev2.0_Deliverable.xsa
TRACE::2025-03-23.19:50:04::SCWPlatform:: Unique name xilinx:osdzu3eg1_2g_1v8_sip::0.0
TRACE::2025-03-23.19:50:04::SCWPlatform::Trying to set the existing hwdb with name design_1_wrapper_0
TRACE::2025-03-23.19:50:04::SCWPlatform::Opened existing hwdb design_1_wrapper_0
TRACE::2025-03-23.19:50:04::SCWPlatform::Found the Hw Db part of the input DSA
TRACE::2025-03-23.19:50:04::SCWMssOS::Checking the sw design at  C:/Xilinx/Projects/DRC_Rev2.0_Deliverables/Vitis2023.1/DRC_Rev2.0_SW/DRCPlatform/zynqmp_fsbl/zynqmp_fsbl_bsp/system.mss
TRACE::2025-03-23.19:50:04::SCWMssOS::DEBUG:  swdes dump  C:/Xilinx/Projects/DRC_Rev2.0_Deliverables/Vitis2023.1/DRC_Rev2.0_SW/DRCPlatform/psu_cortexa53_0/standalone_domain/bsp/system.mss|system_1||
C:/Xilinx/Projects/DRC_Rev2.0_Deliverables/Vitis2023.1/DRC_Rev2.0_SW/DRCPlatform/zynqmp_fsbl/zynqmp_fsbl_bsp/system.mss|system||
C:/Xilinx/Projects/DRC_Rev2.0_Deliverables/Vitis2023.1/DRC_Rev2.0_SW/DRCPlatform/zynqmp_pmufw/zynqmp_pmufw_bsp/system.mss|system_0||

TRACE::2025-03-23.19:50:04::SCWMssOS::Sw design exists and opened at  C:/Xilinx/Projects/DRC_Rev2.0_Deliverables/Vitis2023.1/DRC_Rev2.0_SW/DRCPlatform/zynqmp_fsbl/zynqmp_fsbl_bsp/system.mss
TRACE::2025-03-23.19:50:04::SCWPlatform::Trying to open the hw design at C:/Xilinx/Projects/DRC_Rev2.0_Deliverables/Vitis2023.1/DRC_Rev2.0_SW/DRCPlatform/hw/DRC_Rev2.0_Deliverable.xsa
TRACE::2025-03-23.19:50:04::SCWPlatform::DSA given C:/Xilinx/Projects/DRC_Rev2.0_Deliverables/Vitis2023.1/DRC_Rev2.0_SW/DRCPlatform/hw/DRC_Rev2.0_Deliverable.xsa
TRACE::2025-03-23.19:50:04::SCWPlatform::DSA absoulate path C:/Xilinx/Projects/DRC_Rev2.0_Deliverables/Vitis2023.1/DRC_Rev2.0_SW/DRCPlatform/hw/DRC_Rev2.0_Deliverable.xsa
TRACE::2025-03-23.19:50:04::SCWPlatform::DSA directory C:/Xilinx/Projects/DRC_Rev2.0_Deliverables/Vitis2023.1/DRC_Rev2.0_SW/DRCPlatform/hw
TRACE::2025-03-23.19:50:04::SCWPlatform:: Platform Path C:/Xilinx/Projects/DRC_Rev2.0_Deliverables/Vitis2023.1/DRC_Rev2.0_SW/DRCPlatform/hw/DRC_Rev2.0_Deliverable.xsa
TRACE::2025-03-23.19:50:04::SCWPlatform:: Unique name xilinx:osdzu3eg1_2g_1v8_sip::0.0
TRACE::2025-03-23.19:50:04::SCWPlatform::Trying to set the existing hwdb with name design_1_wrapper_0
TRACE::2025-03-23.19:50:04::SCWPlatform::Opened existing hwdb design_1_wrapper_0
TRACE::2025-03-23.19:50:04::SCWPlatform::Found the Hw Db part of the input DSA
TRACE::2025-03-23.19:50:04::SCWMssOS::Checking the sw design at  C:/Xilinx/Projects/DRC_Rev2.0_Deliverables/Vitis2023.1/DRC_Rev2.0_SW/DRCPlatform/zynqmp_fsbl/zynqmp_fsbl_bsp/system.mss
TRACE::2025-03-23.19:50:04::SCWMssOS::DEBUG:  swdes dump  C:/Xilinx/Projects/DRC_Rev2.0_Deliverables/Vitis2023.1/DRC_Rev2.0_SW/DRCPlatform/psu_cortexa53_0/standalone_domain/bsp/system.mss|system_1||
C:/Xilinx/Projects/DRC_Rev2.0_Deliverables/Vitis2023.1/DRC_Rev2.0_SW/DRCPlatform/zynqmp_fsbl/zynqmp_fsbl_bsp/system.mss|system||
C:/Xilinx/Projects/DRC_Rev2.0_Deliverables/Vitis2023.1/DRC_Rev2.0_SW/DRCPlatform/zynqmp_pmufw/zynqmp_pmufw_bsp/system.mss|system_0||

TRACE::2025-03-23.19:50:04::SCWMssOS::Sw design exists and opened at  C:/Xilinx/Projects/DRC_Rev2.0_Deliverables/Vitis2023.1/DRC_Rev2.0_SW/DRCPlatform/zynqmp_fsbl/zynqmp_fsbl_bsp/system.mss
TRACE::2025-03-23.19:50:04::SCWPlatform::Trying to open the hw design at C:/Xilinx/Projects/DRC_Rev2.0_Deliverables/Vitis2023.1/DRC_Rev2.0_SW/DRCPlatform/hw/DRC_Rev2.0_Deliverable.xsa
TRACE::2025-03-23.19:50:04::SCWPlatform::DSA given C:/Xilinx/Projects/DRC_Rev2.0_Deliverables/Vitis2023.1/DRC_Rev2.0_SW/DRCPlatform/hw/DRC_Rev2.0_Deliverable.xsa
TRACE::2025-03-23.19:50:04::SCWPlatform::DSA absoulate path C:/Xilinx/Projects/DRC_Rev2.0_Deliverables/Vitis2023.1/DRC_Rev2.0_SW/DRCPlatform/hw/DRC_Rev2.0_Deliverable.xsa
TRACE::2025-03-23.19:50:04::SCWPlatform::DSA directory C:/Xilinx/Projects/DRC_Rev2.0_Deliverables/Vitis2023.1/DRC_Rev2.0_SW/DRCPlatform/hw
TRACE::2025-03-23.19:50:04::SCWPlatform:: Platform Path C:/Xilinx/Projects/DRC_Rev2.0_Deliverables/Vitis2023.1/DRC_Rev2.0_SW/DRCPlatform/hw/DRC_Rev2.0_Deliverable.xsa
TRACE::2025-03-23.19:50:04::SCWPlatform:: Unique name xilinx:osdzu3eg1_2g_1v8_sip::0.0
TRACE::2025-03-23.19:50:04::SCWPlatform::Trying to set the existing hwdb with name design_1_wrapper_0
TRACE::2025-03-23.19:50:04::SCWPlatform::Opened existing hwdb design_1_wrapper_0
TRACE::2025-03-23.19:50:04::SCWPlatform::Found the Hw Db part of the input DSA
TRACE::2025-03-23.19:50:04::SCWMssOS::Checking the sw design at  C:/Xilinx/Projects/DRC_Rev2.0_Deliverables/Vitis2023.1/DRC_Rev2.0_SW/DRCPlatform/zynqmp_pmufw/zynqmp_pmufw_bsp/system.mss
TRACE::2025-03-23.19:50:04::SCWMssOS::DEBUG:  swdes dump  C:/Xilinx/Projects/DRC_Rev2.0_Deliverables/Vitis2023.1/DRC_Rev2.0_SW/DRCPlatform/psu_cortexa53_0/standalone_domain/bsp/system.mss|system_1||
C:/Xilinx/Projects/DRC_Rev2.0_Deliverables/Vitis2023.1/DRC_Rev2.0_SW/DRCPlatform/zynqmp_fsbl/zynqmp_fsbl_bsp/system.mss|system||
C:/Xilinx/Projects/DRC_Rev2.0_Deliverables/Vitis2023.1/DRC_Rev2.0_SW/DRCPlatform/zynqmp_pmufw/zynqmp_pmufw_bsp/system.mss|system_0||

TRACE::2025-03-23.19:50:04::SCWMssOS::Sw design exists and opened at  C:/Xilinx/Projects/DRC_Rev2.0_Deliverables/Vitis2023.1/DRC_Rev2.0_SW/DRCPlatform/zynqmp_pmufw/zynqmp_pmufw_bsp/system.mss
TRACE::2025-03-23.19:50:04::SCWPlatform::Trying to open the hw design at C:/Xilinx/Projects/DRC_Rev2.0_Deliverables/Vitis2023.1/DRC_Rev2.0_SW/DRCPlatform/hw/DRC_Rev2.0_Deliverable.xsa
TRACE::2025-03-23.19:50:04::SCWPlatform::DSA given C:/Xilinx/Projects/DRC_Rev2.0_Deliverables/Vitis2023.1/DRC_Rev2.0_SW/DRCPlatform/hw/DRC_Rev2.0_Deliverable.xsa
TRACE::2025-03-23.19:50:04::SCWPlatform::DSA absoulate path C:/Xilinx/Projects/DRC_Rev2.0_Deliverables/Vitis2023.1/DRC_Rev2.0_SW/DRCPlatform/hw/DRC_Rev2.0_Deliverable.xsa
TRACE::2025-03-23.19:50:04::SCWPlatform::DSA directory C:/Xilinx/Projects/DRC_Rev2.0_Deliverables/Vitis2023.1/DRC_Rev2.0_SW/DRCPlatform/hw
TRACE::2025-03-23.19:50:04::SCWPlatform:: Platform Path C:/Xilinx/Projects/DRC_Rev2.0_Deliverables/Vitis2023.1/DRC_Rev2.0_SW/DRCPlatform/hw/DRC_Rev2.0_Deliverable.xsa
TRACE::2025-03-23.19:50:04::SCWPlatform:: Unique name xilinx:osdzu3eg1_2g_1v8_sip::0.0
TRACE::2025-03-23.19:50:04::SCWPlatform::Trying to set the existing hwdb with name design_1_wrapper_0
TRACE::2025-03-23.19:50:04::SCWPlatform::Opened existing hwdb design_1_wrapper_0
TRACE::2025-03-23.19:50:04::SCWPlatform::Found the Hw Db part of the input DSA
TRACE::2025-03-23.19:50:04::SCWMssOS::Checking the sw design at  C:/Xilinx/Projects/DRC_Rev2.0_Deliverables/Vitis2023.1/DRC_Rev2.0_SW/DRCPlatform/zynqmp_pmufw/zynqmp_pmufw_bsp/system.mss
TRACE::2025-03-23.19:50:04::SCWMssOS::DEBUG:  swdes dump  C:/Xilinx/Projects/DRC_Rev2.0_Deliverables/Vitis2023.1/DRC_Rev2.0_SW/DRCPlatform/psu_cortexa53_0/standalone_domain/bsp/system.mss|system_1||
C:/Xilinx/Projects/DRC_Rev2.0_Deliverables/Vitis2023.1/DRC_Rev2.0_SW/DRCPlatform/zynqmp_fsbl/zynqmp_fsbl_bsp/system.mss|system||
C:/Xilinx/Projects/DRC_Rev2.0_Deliverables/Vitis2023.1/DRC_Rev2.0_SW/DRCPlatform/zynqmp_pmufw/zynqmp_pmufw_bsp/system.mss|system_0||

TRACE::2025-03-23.19:50:04::SCWMssOS::Sw design exists and opened at  C:/Xilinx/Projects/DRC_Rev2.0_Deliverables/Vitis2023.1/DRC_Rev2.0_SW/DRCPlatform/zynqmp_pmufw/zynqmp_pmufw_bsp/system.mss
TRACE::2025-03-23.19:50:04::SCWPlatform::Trying to open the hw design at C:/Xilinx/Projects/DRC_Rev2.0_Deliverables/Vitis2023.1/DRC_Rev2.0_SW/DRCPlatform/hw/DRC_Rev2.0_Deliverable.xsa
TRACE::2025-03-23.19:50:04::SCWPlatform::DSA given C:/Xilinx/Projects/DRC_Rev2.0_Deliverables/Vitis2023.1/DRC_Rev2.0_SW/DRCPlatform/hw/DRC_Rev2.0_Deliverable.xsa
TRACE::2025-03-23.19:50:04::SCWPlatform::DSA absoulate path C:/Xilinx/Projects/DRC_Rev2.0_Deliverables/Vitis2023.1/DRC_Rev2.0_SW/DRCPlatform/hw/DRC_Rev2.0_Deliverable.xsa
TRACE::2025-03-23.19:50:04::SCWPlatform::DSA directory C:/Xilinx/Projects/DRC_Rev2.0_Deliverables/Vitis2023.1/DRC_Rev2.0_SW/DRCPlatform/hw
TRACE::2025-03-23.19:50:04::SCWPlatform:: Platform Path C:/Xilinx/Projects/DRC_Rev2.0_Deliverables/Vitis2023.1/DRC_Rev2.0_SW/DRCPlatform/hw/DRC_Rev2.0_Deliverable.xsa
TRACE::2025-03-23.19:50:04::SCWPlatform:: Unique name xilinx:osdzu3eg1_2g_1v8_sip::0.0
TRACE::2025-03-23.19:50:04::SCWPlatform::Trying to set the existing hwdb with name design_1_wrapper_0
TRACE::2025-03-23.19:50:04::SCWPlatform::Opened existing hwdb design_1_wrapper_0
TRACE::2025-03-23.19:50:04::SCWPlatform::Found the Hw Db part of the input DSA
TRACE::2025-03-23.19:50:04::SCWMssOS::Checking the sw design at  C:/Xilinx/Projects/DRC_Rev2.0_Deliverables/Vitis2023.1/DRC_Rev2.0_SW/DRCPlatform/zynqmp_pmufw/zynqmp_pmufw_bsp/system.mss
TRACE::2025-03-23.19:50:04::SCWMssOS::DEBUG:  swdes dump  C:/Xilinx/Projects/DRC_Rev2.0_Deliverables/Vitis2023.1/DRC_Rev2.0_SW/DRCPlatform/psu_cortexa53_0/standalone_domain/bsp/system.mss|system_1||
C:/Xilinx/Projects/DRC_Rev2.0_Deliverables/Vitis2023.1/DRC_Rev2.0_SW/DRCPlatform/zynqmp_fsbl/zynqmp_fsbl_bsp/system.mss|system||
C:/Xilinx/Projects/DRC_Rev2.0_Deliverables/Vitis2023.1/DRC_Rev2.0_SW/DRCPlatform/zynqmp_pmufw/zynqmp_pmufw_bsp/system.mss|system_0||

TRACE::2025-03-23.19:50:04::SCWMssOS::Sw design exists and opened at  C:/Xilinx/Projects/DRC_Rev2.0_Deliverables/Vitis2023.1/DRC_Rev2.0_SW/DRCPlatform/zynqmp_pmufw/zynqmp_pmufw_bsp/system.mss
TRACE::2025-03-23.19:50:04::SCWPlatform::Trying to open the hw design at C:/Xilinx/Projects/DRC_Rev2.0_Deliverables/Vitis2023.1/DRC_Rev2.0_SW/DRCPlatform/hw/DRC_Rev2.0_Deliverable.xsa
TRACE::2025-03-23.19:50:04::SCWPlatform::DSA given C:/Xilinx/Projects/DRC_Rev2.0_Deliverables/Vitis2023.1/DRC_Rev2.0_SW/DRCPlatform/hw/DRC_Rev2.0_Deliverable.xsa
TRACE::2025-03-23.19:50:04::SCWPlatform::DSA absoulate path C:/Xilinx/Projects/DRC_Rev2.0_Deliverables/Vitis2023.1/DRC_Rev2.0_SW/DRCPlatform/hw/DRC_Rev2.0_Deliverable.xsa
TRACE::2025-03-23.19:50:04::SCWPlatform::DSA directory C:/Xilinx/Projects/DRC_Rev2.0_Deliverables/Vitis2023.1/DRC_Rev2.0_SW/DRCPlatform/hw
TRACE::2025-03-23.19:50:04::SCWPlatform:: Platform Path C:/Xilinx/Projects/DRC_Rev2.0_Deliverables/Vitis2023.1/DRC_Rev2.0_SW/DRCPlatform/hw/DRC_Rev2.0_Deliverable.xsa
TRACE::2025-03-23.19:50:04::SCWPlatform:: Unique name xilinx:osdzu3eg1_2g_1v8_sip::0.0
TRACE::2025-03-23.19:50:04::SCWPlatform::Trying to set the existing hwdb with name design_1_wrapper_0
TRACE::2025-03-23.19:50:04::SCWPlatform::Opened existing hwdb design_1_wrapper_0
TRACE::2025-03-23.19:50:04::SCWPlatform::Found the Hw Db part of the input DSA
TRACE::2025-03-23.19:50:04::SCWMssOS::Checking the sw design at  C:/Xilinx/Projects/DRC_Rev2.0_Deliverables/Vitis2023.1/DRC_Rev2.0_SW/DRCPlatform/psu_cortexa53_0/standalone_domain/bsp/system.mss
TRACE::2025-03-23.19:50:04::SCWMssOS::DEBUG:  swdes dump  C:/Xilinx/Projects/DRC_Rev2.0_Deliverables/Vitis2023.1/DRC_Rev2.0_SW/DRCPlatform/psu_cortexa53_0/standalone_domain/bsp/system.mss|system_1||
C:/Xilinx/Projects/DRC_Rev2.0_Deliverables/Vitis2023.1/DRC_Rev2.0_SW/DRCPlatform/zynqmp_fsbl/zynqmp_fsbl_bsp/system.mss|system||
C:/Xilinx/Projects/DRC_Rev2.0_Deliverables/Vitis2023.1/DRC_Rev2.0_SW/DRCPlatform/zynqmp_pmufw/zynqmp_pmufw_bsp/system.mss|system_0||

TRACE::2025-03-23.19:50:04::SCWMssOS::Sw design exists and opened at  C:/Xilinx/Projects/DRC_Rev2.0_Deliverables/Vitis2023.1/DRC_Rev2.0_SW/DRCPlatform/psu_cortexa53_0/standalone_domain/bsp/system.mss
TRACE::2025-03-23.19:50:04::SCWPlatform::Trying to open the hw design at C:/Xilinx/Projects/DRC_Rev2.0_Deliverables/Vitis2023.1/DRC_Rev2.0_SW/DRCPlatform/hw/DRC_Rev2.0_Deliverable.xsa
TRACE::2025-03-23.19:50:04::SCWPlatform::DSA given C:/Xilinx/Projects/DRC_Rev2.0_Deliverables/Vitis2023.1/DRC_Rev2.0_SW/DRCPlatform/hw/DRC_Rev2.0_Deliverable.xsa
TRACE::2025-03-23.19:50:04::SCWPlatform::DSA absoulate path C:/Xilinx/Projects/DRC_Rev2.0_Deliverables/Vitis2023.1/DRC_Rev2.0_SW/DRCPlatform/hw/DRC_Rev2.0_Deliverable.xsa
TRACE::2025-03-23.19:50:04::SCWPlatform::DSA directory C:/Xilinx/Projects/DRC_Rev2.0_Deliverables/Vitis2023.1/DRC_Rev2.0_SW/DRCPlatform/hw
TRACE::2025-03-23.19:50:04::SCWPlatform:: Platform Path C:/Xilinx/Projects/DRC_Rev2.0_Deliverables/Vitis2023.1/DRC_Rev2.0_SW/DRCPlatform/hw/DRC_Rev2.0_Deliverable.xsa
TRACE::2025-03-23.19:50:04::SCWPlatform:: Unique name xilinx:osdzu3eg1_2g_1v8_sip::0.0
TRACE::2025-03-23.19:50:04::SCWPlatform::Trying to set the existing hwdb with name design_1_wrapper_0
TRACE::2025-03-23.19:50:04::SCWPlatform::Opened existing hwdb design_1_wrapper_0
TRACE::2025-03-23.19:50:04::SCWPlatform::Found the Hw Db part of the input DSA
TRACE::2025-03-23.19:50:04::SCWMssOS::Checking the sw design at  C:/Xilinx/Projects/DRC_Rev2.0_Deliverables/Vitis2023.1/DRC_Rev2.0_SW/DRCPlatform/psu_cortexa53_0/standalone_domain/bsp/system.mss
TRACE::2025-03-23.19:50:04::SCWMssOS::DEBUG:  swdes dump  C:/Xilinx/Projects/DRC_Rev2.0_Deliverables/Vitis2023.1/DRC_Rev2.0_SW/DRCPlatform/psu_cortexa53_0/standalone_domain/bsp/system.mss|system_1||
C:/Xilinx/Projects/DRC_Rev2.0_Deliverables/Vitis2023.1/DRC_Rev2.0_SW/DRCPlatform/zynqmp_fsbl/zynqmp_fsbl_bsp/system.mss|system||
C:/Xilinx/Projects/DRC_Rev2.0_Deliverables/Vitis2023.1/DRC_Rev2.0_SW/DRCPlatform/zynqmp_pmufw/zynqmp_pmufw_bsp/system.mss|system_0||

TRACE::2025-03-23.19:50:04::SCWMssOS::Sw design exists and opened at  C:/Xilinx/Projects/DRC_Rev2.0_Deliverables/Vitis2023.1/DRC_Rev2.0_SW/DRCPlatform/psu_cortexa53_0/standalone_domain/bsp/system.mss
TRACE::2025-03-23.19:50:04::SCWPlatform::Trying to open the hw design at C:/Xilinx/Projects/DRC_Rev2.0_Deliverables/Vitis2023.1/DRC_Rev2.0_SW/DRCPlatform/hw/DRC_Rev2.0_Deliverable.xsa
TRACE::2025-03-23.19:50:04::SCWPlatform::DSA given C:/Xilinx/Projects/DRC_Rev2.0_Deliverables/Vitis2023.1/DRC_Rev2.0_SW/DRCPlatform/hw/DRC_Rev2.0_Deliverable.xsa
TRACE::2025-03-23.19:50:04::SCWPlatform::DSA absoulate path C:/Xilinx/Projects/DRC_Rev2.0_Deliverables/Vitis2023.1/DRC_Rev2.0_SW/DRCPlatform/hw/DRC_Rev2.0_Deliverable.xsa
TRACE::2025-03-23.19:50:04::SCWPlatform::DSA directory C:/Xilinx/Projects/DRC_Rev2.0_Deliverables/Vitis2023.1/DRC_Rev2.0_SW/DRCPlatform/hw
TRACE::2025-03-23.19:50:04::SCWPlatform:: Platform Path C:/Xilinx/Projects/DRC_Rev2.0_Deliverables/Vitis2023.1/DRC_Rev2.0_SW/DRCPlatform/hw/DRC_Rev2.0_Deliverable.xsa
TRACE::2025-03-23.19:50:04::SCWPlatform:: Unique name xilinx:osdzu3eg1_2g_1v8_sip::0.0
TRACE::2025-03-23.19:50:04::SCWPlatform::Trying to set the existing hwdb with name design_1_wrapper_0
TRACE::2025-03-23.19:50:04::SCWPlatform::Opened existing hwdb design_1_wrapper_0
TRACE::2025-03-23.19:50:04::SCWPlatform::Found the Hw Db part of the input DSA
TRACE::2025-03-23.19:50:04::SCWMssOS::Checking the sw design at  C:/Xilinx/Projects/DRC_Rev2.0_Deliverables/Vitis2023.1/DRC_Rev2.0_SW/DRCPlatform/psu_cortexa53_0/standalone_domain/bsp/system.mss
TRACE::2025-03-23.19:50:04::SCWMssOS::DEBUG:  swdes dump  C:/Xilinx/Projects/DRC_Rev2.0_Deliverables/Vitis2023.1/DRC_Rev2.0_SW/DRCPlatform/psu_cortexa53_0/standalone_domain/bsp/system.mss|system_1||
C:/Xilinx/Projects/DRC_Rev2.0_Deliverables/Vitis2023.1/DRC_Rev2.0_SW/DRCPlatform/zynqmp_fsbl/zynqmp_fsbl_bsp/system.mss|system||
C:/Xilinx/Projects/DRC_Rev2.0_Deliverables/Vitis2023.1/DRC_Rev2.0_SW/DRCPlatform/zynqmp_pmufw/zynqmp_pmufw_bsp/system.mss|system_0||

TRACE::2025-03-23.19:50:04::SCWMssOS::Sw design exists and opened at  C:/Xilinx/Projects/DRC_Rev2.0_Deliverables/Vitis2023.1/DRC_Rev2.0_SW/DRCPlatform/psu_cortexa53_0/standalone_domain/bsp/system.mss
TRACE::2025-03-23.19:50:04::SCWWriter::formatted JSON is {
	"platformName":	"DRCPlatform",
	"sprVersion":	"2.0",
	"mode":	"gui",
	"dsaType":	"Fixed",
	"platformDesc":	"DRCPlatform",
	"platHandOff":	"C:/Xilinx/Projects/DRC_Rev2.0_Deliverables/Vivado2023.1/DRC_Rev2.0_FW/DRC_Rev2.0_Deliverable.xsa",
	"platIntHandOff":	"<platformDir>/hw/DRC_Rev2.0_Deliverable.xsa",
	"deviceType":	"zynqMP",
	"platIsPrebuiltAutogen":	"false",
	"platIsNoBootBsp":	"false",
	"platFsblTarget":	"psu_cortexa53_0",
	"hasFsblMakeHasChanges":	"false",
	"hasPmufwMakeHasChanges":	"false",
	"fsblExtraCompilerFlags":	"-MMD -MP      -Wall -fmessage-length=0 -DARMA53_64 -Os -flto -ffat-lto-objects  ",
	"pmufwExtraCompilerFlags":	"-MMD -MP      -mlittle-endian -mxl-barrel-shift -mxl-pattern-compare -mcpu=v9.2 -mxl-soft-mul -Os -flto -ffat-lto-objects  ",
	"platPreBuiltFlag":	false,
	"platformSamplesDir":	"",
	"platActiveSys":	"DRCPlatform",
	"systems":	[{
			"systemName":	"DRCPlatform",
			"systemDesc":	"DRCPlatform",
			"sysIsBootAutoGen":	"true",
			"systemDispName":	"DRCPlatform",
			"sysActiveDom":	"standalone_domain",
			"sysDefaultDom":	"standalone_domain",
			"domains":	[{
					"domainName":	"zynqmp_fsbl",
					"domainDispName":	"zynqmp_fsbl",
					"domainDesc":	"FSBL Application BSP - Auto Generated.",
					"processors":	"psu_cortexa53_0",
					"os":	"standalone",
					"sdxOs":	"standalone",
					"debugEnable":	"",
					"domRuntimes":	["cpp"],
					"swRepo":	"",
					"mssOsVer":	"8.1",
					"mssFile":	"",
					"md5Digest":	"2c86846b79a29ca9cbb7aeab53461da4",
					"compatibleApp":	"zynqmp_fsbl",
					"domType":	"bootDomain",
					"arch":	"64-bit",
					"appSettings":	{
						"appCompilerFlags":	"",
						"appLinkerFlags":	""
					},
					"addedLibs":	["xilffs:5.0", "xilsecure:5.1", "xilpm:5.0"],
					"libOptions":	{
						"standalone":	{
							"zynqmp_fsbl_bsp":	"true",
							"libOptionNames":	["zynqmp_fsbl_bsp"]
						},
						"xilffs":	{
							"read_only":	"true",
							"use_mkfs":	"false",
							"libOptionNames":	["read_only", "use_mkfs"]
						},
						"xilsecure":	{
							"tpm_support":	"true",
							"libOptionNames":	["tpm_support"]
						},
						"libsContainingOptions":	["standalone", "xilffs", "xilsecure"]
					},
					"prebuiltLibs":	{
						"prebuiltIncPath":	[],
						"prebuiltLibPath":	[]
					},
					"isolation":	{
					}
				}, {
					"domainName":	"zynqmp_pmufw",
					"domainDispName":	"zynqmp_pmufw",
					"domainDesc":	"PMUFW Application BSP - Auto Generated.",
					"processors":	"psu_pmu_0",
					"os":	"standalone",
					"sdxOs":	"standalone",
					"debugEnable":	"",
					"domRuntimes":	["cpp"],
					"swRepo":	"",
					"mssOsVer":	"8.1",
					"mssFile":	"",
					"md5Digest":	"550fca1150fbaea7cb6d01f88f8defa0",
					"compatibleApp":	"zynqmp_pmufw",
					"domType":	"bootDomain",
					"arch":	"32-bit",
					"appSettings":	{
						"appCompilerFlags":	"",
						"appLinkerFlags":	""
					},
					"addedLibs":	["xilfpga:6.4", "xilsecure:5.1", "xilskey:7.4"],
					"libOptions":	{
						"psu_pmu_0":	{
							"extra_compiler_flags":	"-g -ffunction-sections -fdata-sections -Wall -Wextra -fno-tree-loop-distribute-patterns  -Os -flto -ffat-lto-objects",
							"libOptionNames":	["extra_compiler_flags"]
						},
						"libsContainingOptions":	["psu_pmu_0"]
					},
					"prebuiltLibs":	{
						"prebuiltIncPath":	[],
						"prebuiltLibPath":	[]
					},
					"isolation":	{
					}
				}, {
					"domainName":	"standalone_domain",
					"domainDispName":	"standalone on psu_cortexa53_0",
					"domainDesc":	"standalone_domain",
					"processors":	"psu_cortexa53_0",
					"os":	"standalone",
					"sdxOs":	"standalone",
					"qemuArgs":	"<platformDir>/resources/DRCPlatform/standalone_domain/qemu_args.txt",
					"qemuData":	"<platformDir>/resources/DRCPlatform/standalone_domain/qemu",
					"pmuQemuArgs":	"<platformDir>/resources/DRCPlatform/standalone_domain/pmu_args.txt",
					"debugEnable":	"False",
					"domRuntimes":	["cpp"],
					"swRepo":	"",
					"mssOsVer":	"8.1",
					"mssFile":	"",
					"md5Digest":	"fcd87a202073bed06c63c9c38fbd1014",
					"compatibleApp":	"",
					"domType":	"mssDomain",
					"arch":	"64-bit",
					"appSettings":	{
						"appCompilerFlags":	"",
						"appLinkerFlags":	""
					},
					"addedLibs":	[],
					"libOptions":	{
						"libsContainingOptions":	[]
					},
					"prebuiltLibs":	{
						"prebuiltIncPath":	[],
						"prebuiltLibPath":	[]
					},
					"isolation":	{
					}
				}]
		}]
}
TRACE::2025-03-23.19:50:04::SCWMssOS::Saving the mss changes C:/Xilinx/Projects/DRC_Rev2.0_Deliverables/Vitis2023.1/DRC_Rev2.0_SW/DRCPlatform/zynqmp_fsbl/zynqmp_fsbl_bsp/system.mss
TRACE::2025-03-23.19:50:04::SCWMssOS::Found a swdesign opened with the mssfile.
TRACE::2025-03-23.19:50:04::SCWMssOS::Completed writemss as part of save.
TRACE::2025-03-23.19:50:04::SCWMssOS::Commit changes completed.
TRACE::2025-03-23.19:50:04::SCWMssOS::Saving the mss changes C:/Xilinx/Projects/DRC_Rev2.0_Deliverables/Vitis2023.1/DRC_Rev2.0_SW/DRCPlatform/zynqmp_pmufw/zynqmp_pmufw_bsp/system.mss
TRACE::2025-03-23.19:50:04::SCWMssOS::Found a swdesign opened with the mssfile.
TRACE::2025-03-23.19:50:04::SCWMssOS::Completed writemss as part of save.
TRACE::2025-03-23.19:50:04::SCWMssOS::Commit changes completed.
TRACE::2025-03-23.19:50:04::SCWMssOS::Saving the mss changes C:/Xilinx/Projects/DRC_Rev2.0_Deliverables/Vitis2023.1/DRC_Rev2.0_SW/DRCPlatform/psu_cortexa53_0/standalone_domain/bsp/system.mss
TRACE::2025-03-23.19:50:04::SCWMssOS::Found a swdesign opened with the mssfile.
TRACE::2025-03-23.19:50:04::SCWMssOS::Completed writemss as part of save.
TRACE::2025-03-23.19:50:04::SCWMssOS::Commit changes completed.
TRACE::2025-03-23.19:50:04::SCWPlatform::Trying to open the hw design at C:/Xilinx/Projects/DRC_Rev2.0_Deliverables/Vitis2023.1/DRC_Rev2.0_SW/DRCPlatform/hw/DRC_Rev2.0_Deliverable.xsa
TRACE::2025-03-23.19:50:04::SCWPlatform::DSA given C:/Xilinx/Projects/DRC_Rev2.0_Deliverables/Vitis2023.1/DRC_Rev2.0_SW/DRCPlatform/hw/DRC_Rev2.0_Deliverable.xsa
TRACE::2025-03-23.19:50:04::SCWPlatform::DSA absoulate path C:/Xilinx/Projects/DRC_Rev2.0_Deliverables/Vitis2023.1/DRC_Rev2.0_SW/DRCPlatform/hw/DRC_Rev2.0_Deliverable.xsa
TRACE::2025-03-23.19:50:04::SCWPlatform::DSA directory C:/Xilinx/Projects/DRC_Rev2.0_Deliverables/Vitis2023.1/DRC_Rev2.0_SW/DRCPlatform/hw
TRACE::2025-03-23.19:50:04::SCWPlatform:: Platform Path C:/Xilinx/Projects/DRC_Rev2.0_Deliverables/Vitis2023.1/DRC_Rev2.0_SW/DRCPlatform/hw/DRC_Rev2.0_Deliverable.xsa
TRACE::2025-03-23.19:50:04::SCWPlatform:: Unique name xilinx:osdzu3eg1_2g_1v8_sip::0.0
TRACE::2025-03-23.19:50:04::SCWPlatform::Trying to set the existing hwdb with name design_1_wrapper_0
TRACE::2025-03-23.19:50:04::SCWPlatform::Opened existing hwdb design_1_wrapper_0
TRACE::2025-03-23.19:50:04::SCWPlatform::Found the Hw Db part of the input DSA
TRACE::2025-03-23.19:50:04::SCWMssOS::Checking the sw design at  C:/Xilinx/Projects/DRC_Rev2.0_Deliverables/Vitis2023.1/DRC_Rev2.0_SW/DRCPlatform/zynqmp_fsbl/zynqmp_fsbl_bsp/system.mss
TRACE::2025-03-23.19:50:04::SCWMssOS::DEBUG:  swdes dump  C:/Xilinx/Projects/DRC_Rev2.0_Deliverables/Vitis2023.1/DRC_Rev2.0_SW/DRCPlatform/psu_cortexa53_0/standalone_domain/bsp/system.mss|system_1||
C:/Xilinx/Projects/DRC_Rev2.0_Deliverables/Vitis2023.1/DRC_Rev2.0_SW/DRCPlatform/zynqmp_fsbl/zynqmp_fsbl_bsp/system.mss|system||
C:/Xilinx/Projects/DRC_Rev2.0_Deliverables/Vitis2023.1/DRC_Rev2.0_SW/DRCPlatform/zynqmp_pmufw/zynqmp_pmufw_bsp/system.mss|system_0||

TRACE::2025-03-23.19:50:04::SCWMssOS::Sw design exists and opened at  C:/Xilinx/Projects/DRC_Rev2.0_Deliverables/Vitis2023.1/DRC_Rev2.0_SW/DRCPlatform/zynqmp_fsbl/zynqmp_fsbl_bsp/system.mss
TRACE::2025-03-23.19:50:04::SCWPlatform::Trying to open the hw design at C:/Xilinx/Projects/DRC_Rev2.0_Deliverables/Vitis2023.1/DRC_Rev2.0_SW/DRCPlatform/hw/DRC_Rev2.0_Deliverable.xsa
TRACE::2025-03-23.19:50:04::SCWPlatform::DSA given C:/Xilinx/Projects/DRC_Rev2.0_Deliverables/Vitis2023.1/DRC_Rev2.0_SW/DRCPlatform/hw/DRC_Rev2.0_Deliverable.xsa
TRACE::2025-03-23.19:50:04::SCWPlatform::DSA absoulate path C:/Xilinx/Projects/DRC_Rev2.0_Deliverables/Vitis2023.1/DRC_Rev2.0_SW/DRCPlatform/hw/DRC_Rev2.0_Deliverable.xsa
TRACE::2025-03-23.19:50:04::SCWPlatform::DSA directory C:/Xilinx/Projects/DRC_Rev2.0_Deliverables/Vitis2023.1/DRC_Rev2.0_SW/DRCPlatform/hw
TRACE::2025-03-23.19:50:04::SCWPlatform:: Platform Path C:/Xilinx/Projects/DRC_Rev2.0_Deliverables/Vitis2023.1/DRC_Rev2.0_SW/DRCPlatform/hw/DRC_Rev2.0_Deliverable.xsa
TRACE::2025-03-23.19:50:04::SCWPlatform:: Unique name xilinx:osdzu3eg1_2g_1v8_sip::0.0
TRACE::2025-03-23.19:50:04::SCWPlatform::Trying to set the existing hwdb with name design_1_wrapper_0
TRACE::2025-03-23.19:50:04::SCWPlatform::Opened existing hwdb design_1_wrapper_0
TRACE::2025-03-23.19:50:04::SCWPlatform::Found the Hw Db part of the input DSA
TRACE::2025-03-23.19:50:04::SCWMssOS::Checking the sw design at  C:/Xilinx/Projects/DRC_Rev2.0_Deliverables/Vitis2023.1/DRC_Rev2.0_SW/DRCPlatform/zynqmp_fsbl/zynqmp_fsbl_bsp/system.mss
TRACE::2025-03-23.19:50:04::SCWMssOS::DEBUG:  swdes dump  C:/Xilinx/Projects/DRC_Rev2.0_Deliverables/Vitis2023.1/DRC_Rev2.0_SW/DRCPlatform/psu_cortexa53_0/standalone_domain/bsp/system.mss|system_1||
C:/Xilinx/Projects/DRC_Rev2.0_Deliverables/Vitis2023.1/DRC_Rev2.0_SW/DRCPlatform/zynqmp_fsbl/zynqmp_fsbl_bsp/system.mss|system||
C:/Xilinx/Projects/DRC_Rev2.0_Deliverables/Vitis2023.1/DRC_Rev2.0_SW/DRCPlatform/zynqmp_pmufw/zynqmp_pmufw_bsp/system.mss|system_0||

TRACE::2025-03-23.19:50:04::SCWMssOS::Sw design exists and opened at  C:/Xilinx/Projects/DRC_Rev2.0_Deliverables/Vitis2023.1/DRC_Rev2.0_SW/DRCPlatform/zynqmp_fsbl/zynqmp_fsbl_bsp/system.mss
TRACE::2025-03-23.19:50:04::SCWPlatform::Trying to open the hw design at C:/Xilinx/Projects/DRC_Rev2.0_Deliverables/Vitis2023.1/DRC_Rev2.0_SW/DRCPlatform/hw/DRC_Rev2.0_Deliverable.xsa
TRACE::2025-03-23.19:50:04::SCWPlatform::DSA given C:/Xilinx/Projects/DRC_Rev2.0_Deliverables/Vitis2023.1/DRC_Rev2.0_SW/DRCPlatform/hw/DRC_Rev2.0_Deliverable.xsa
TRACE::2025-03-23.19:50:04::SCWPlatform::DSA absoulate path C:/Xilinx/Projects/DRC_Rev2.0_Deliverables/Vitis2023.1/DRC_Rev2.0_SW/DRCPlatform/hw/DRC_Rev2.0_Deliverable.xsa
TRACE::2025-03-23.19:50:04::SCWPlatform::DSA directory C:/Xilinx/Projects/DRC_Rev2.0_Deliverables/Vitis2023.1/DRC_Rev2.0_SW/DRCPlatform/hw
TRACE::2025-03-23.19:50:04::SCWPlatform:: Platform Path C:/Xilinx/Projects/DRC_Rev2.0_Deliverables/Vitis2023.1/DRC_Rev2.0_SW/DRCPlatform/hw/DRC_Rev2.0_Deliverable.xsa
TRACE::2025-03-23.19:50:04::SCWPlatform:: Unique name xilinx:osdzu3eg1_2g_1v8_sip::0.0
TRACE::2025-03-23.19:50:04::SCWPlatform::Trying to set the existing hwdb with name design_1_wrapper_0
TRACE::2025-03-23.19:50:04::SCWPlatform::Opened existing hwdb design_1_wrapper_0
TRACE::2025-03-23.19:50:04::SCWPlatform::Found the Hw Db part of the input DSA
TRACE::2025-03-23.19:50:04::SCWMssOS::Checking the sw design at  C:/Xilinx/Projects/DRC_Rev2.0_Deliverables/Vitis2023.1/DRC_Rev2.0_SW/DRCPlatform/zynqmp_fsbl/zynqmp_fsbl_bsp/system.mss
TRACE::2025-03-23.19:50:04::SCWMssOS::DEBUG:  swdes dump  C:/Xilinx/Projects/DRC_Rev2.0_Deliverables/Vitis2023.1/DRC_Rev2.0_SW/DRCPlatform/psu_cortexa53_0/standalone_domain/bsp/system.mss|system_1||
C:/Xilinx/Projects/DRC_Rev2.0_Deliverables/Vitis2023.1/DRC_Rev2.0_SW/DRCPlatform/zynqmp_fsbl/zynqmp_fsbl_bsp/system.mss|system||
C:/Xilinx/Projects/DRC_Rev2.0_Deliverables/Vitis2023.1/DRC_Rev2.0_SW/DRCPlatform/zynqmp_pmufw/zynqmp_pmufw_bsp/system.mss|system_0||

TRACE::2025-03-23.19:50:04::SCWMssOS::Sw design exists and opened at  C:/Xilinx/Projects/DRC_Rev2.0_Deliverables/Vitis2023.1/DRC_Rev2.0_SW/DRCPlatform/zynqmp_fsbl/zynqmp_fsbl_bsp/system.mss
TRACE::2025-03-23.19:50:04::SCWPlatform::Trying to open the hw design at C:/Xilinx/Projects/DRC_Rev2.0_Deliverables/Vitis2023.1/DRC_Rev2.0_SW/DRCPlatform/hw/DRC_Rev2.0_Deliverable.xsa
TRACE::2025-03-23.19:50:04::SCWPlatform::DSA given C:/Xilinx/Projects/DRC_Rev2.0_Deliverables/Vitis2023.1/DRC_Rev2.0_SW/DRCPlatform/hw/DRC_Rev2.0_Deliverable.xsa
TRACE::2025-03-23.19:50:04::SCWPlatform::DSA absoulate path C:/Xilinx/Projects/DRC_Rev2.0_Deliverables/Vitis2023.1/DRC_Rev2.0_SW/DRCPlatform/hw/DRC_Rev2.0_Deliverable.xsa
TRACE::2025-03-23.19:50:04::SCWPlatform::DSA directory C:/Xilinx/Projects/DRC_Rev2.0_Deliverables/Vitis2023.1/DRC_Rev2.0_SW/DRCPlatform/hw
TRACE::2025-03-23.19:50:04::SCWPlatform:: Platform Path C:/Xilinx/Projects/DRC_Rev2.0_Deliverables/Vitis2023.1/DRC_Rev2.0_SW/DRCPlatform/hw/DRC_Rev2.0_Deliverable.xsa
TRACE::2025-03-23.19:50:04::SCWPlatform:: Unique name xilinx:osdzu3eg1_2g_1v8_sip::0.0
TRACE::2025-03-23.19:50:04::SCWPlatform::Trying to set the existing hwdb with name design_1_wrapper_0
TRACE::2025-03-23.19:50:04::SCWPlatform::Opened existing hwdb design_1_wrapper_0
TRACE::2025-03-23.19:50:04::SCWPlatform::Found the Hw Db part of the input DSA
TRACE::2025-03-23.19:50:04::SCWMssOS::Checking the sw design at  C:/Xilinx/Projects/DRC_Rev2.0_Deliverables/Vitis2023.1/DRC_Rev2.0_SW/DRCPlatform/zynqmp_pmufw/zynqmp_pmufw_bsp/system.mss
TRACE::2025-03-23.19:50:04::SCWMssOS::DEBUG:  swdes dump  C:/Xilinx/Projects/DRC_Rev2.0_Deliverables/Vitis2023.1/DRC_Rev2.0_SW/DRCPlatform/psu_cortexa53_0/standalone_domain/bsp/system.mss|system_1||
C:/Xilinx/Projects/DRC_Rev2.0_Deliverables/Vitis2023.1/DRC_Rev2.0_SW/DRCPlatform/zynqmp_fsbl/zynqmp_fsbl_bsp/system.mss|system||
C:/Xilinx/Projects/DRC_Rev2.0_Deliverables/Vitis2023.1/DRC_Rev2.0_SW/DRCPlatform/zynqmp_pmufw/zynqmp_pmufw_bsp/system.mss|system_0||

TRACE::2025-03-23.19:50:04::SCWMssOS::Sw design exists and opened at  C:/Xilinx/Projects/DRC_Rev2.0_Deliverables/Vitis2023.1/DRC_Rev2.0_SW/DRCPlatform/zynqmp_pmufw/zynqmp_pmufw_bsp/system.mss
TRACE::2025-03-23.19:50:04::SCWPlatform::Trying to open the hw design at C:/Xilinx/Projects/DRC_Rev2.0_Deliverables/Vitis2023.1/DRC_Rev2.0_SW/DRCPlatform/hw/DRC_Rev2.0_Deliverable.xsa
TRACE::2025-03-23.19:50:04::SCWPlatform::DSA given C:/Xilinx/Projects/DRC_Rev2.0_Deliverables/Vitis2023.1/DRC_Rev2.0_SW/DRCPlatform/hw/DRC_Rev2.0_Deliverable.xsa
TRACE::2025-03-23.19:50:04::SCWPlatform::DSA absoulate path C:/Xilinx/Projects/DRC_Rev2.0_Deliverables/Vitis2023.1/DRC_Rev2.0_SW/DRCPlatform/hw/DRC_Rev2.0_Deliverable.xsa
TRACE::2025-03-23.19:50:04::SCWPlatform::DSA directory C:/Xilinx/Projects/DRC_Rev2.0_Deliverables/Vitis2023.1/DRC_Rev2.0_SW/DRCPlatform/hw
TRACE::2025-03-23.19:50:04::SCWPlatform:: Platform Path C:/Xilinx/Projects/DRC_Rev2.0_Deliverables/Vitis2023.1/DRC_Rev2.0_SW/DRCPlatform/hw/DRC_Rev2.0_Deliverable.xsa
TRACE::2025-03-23.19:50:04::SCWPlatform:: Unique name xilinx:osdzu3eg1_2g_1v8_sip::0.0
TRACE::2025-03-23.19:50:04::SCWPlatform::Trying to set the existing hwdb with name design_1_wrapper_0
TRACE::2025-03-23.19:50:04::SCWPlatform::Opened existing hwdb design_1_wrapper_0
TRACE::2025-03-23.19:50:04::SCWPlatform::Found the Hw Db part of the input DSA
TRACE::2025-03-23.19:50:04::SCWMssOS::Checking the sw design at  C:/Xilinx/Projects/DRC_Rev2.0_Deliverables/Vitis2023.1/DRC_Rev2.0_SW/DRCPlatform/zynqmp_pmufw/zynqmp_pmufw_bsp/system.mss
TRACE::2025-03-23.19:50:04::SCWMssOS::DEBUG:  swdes dump  C:/Xilinx/Projects/DRC_Rev2.0_Deliverables/Vitis2023.1/DRC_Rev2.0_SW/DRCPlatform/psu_cortexa53_0/standalone_domain/bsp/system.mss|system_1||
C:/Xilinx/Projects/DRC_Rev2.0_Deliverables/Vitis2023.1/DRC_Rev2.0_SW/DRCPlatform/zynqmp_fsbl/zynqmp_fsbl_bsp/system.mss|system||
C:/Xilinx/Projects/DRC_Rev2.0_Deliverables/Vitis2023.1/DRC_Rev2.0_SW/DRCPlatform/zynqmp_pmufw/zynqmp_pmufw_bsp/system.mss|system_0||

TRACE::2025-03-23.19:50:04::SCWMssOS::Sw design exists and opened at  C:/Xilinx/Projects/DRC_Rev2.0_Deliverables/Vitis2023.1/DRC_Rev2.0_SW/DRCPlatform/zynqmp_pmufw/zynqmp_pmufw_bsp/system.mss
TRACE::2025-03-23.19:50:04::SCWPlatform::Trying to open the hw design at C:/Xilinx/Projects/DRC_Rev2.0_Deliverables/Vitis2023.1/DRC_Rev2.0_SW/DRCPlatform/hw/DRC_Rev2.0_Deliverable.xsa
TRACE::2025-03-23.19:50:04::SCWPlatform::DSA given C:/Xilinx/Projects/DRC_Rev2.0_Deliverables/Vitis2023.1/DRC_Rev2.0_SW/DRCPlatform/hw/DRC_Rev2.0_Deliverable.xsa
TRACE::2025-03-23.19:50:04::SCWPlatform::DSA absoulate path C:/Xilinx/Projects/DRC_Rev2.0_Deliverables/Vitis2023.1/DRC_Rev2.0_SW/DRCPlatform/hw/DRC_Rev2.0_Deliverable.xsa
TRACE::2025-03-23.19:50:04::SCWPlatform::DSA directory C:/Xilinx/Projects/DRC_Rev2.0_Deliverables/Vitis2023.1/DRC_Rev2.0_SW/DRCPlatform/hw
TRACE::2025-03-23.19:50:04::SCWPlatform:: Platform Path C:/Xilinx/Projects/DRC_Rev2.0_Deliverables/Vitis2023.1/DRC_Rev2.0_SW/DRCPlatform/hw/DRC_Rev2.0_Deliverable.xsa
TRACE::2025-03-23.19:50:04::SCWPlatform:: Unique name xilinx:osdzu3eg1_2g_1v8_sip::0.0
TRACE::2025-03-23.19:50:04::SCWPlatform::Trying to set the existing hwdb with name design_1_wrapper_0
TRACE::2025-03-23.19:50:04::SCWPlatform::Opened existing hwdb design_1_wrapper_0
TRACE::2025-03-23.19:50:04::SCWPlatform::Found the Hw Db part of the input DSA
TRACE::2025-03-23.19:50:04::SCWMssOS::Checking the sw design at  C:/Xilinx/Projects/DRC_Rev2.0_Deliverables/Vitis2023.1/DRC_Rev2.0_SW/DRCPlatform/zynqmp_pmufw/zynqmp_pmufw_bsp/system.mss
TRACE::2025-03-23.19:50:04::SCWMssOS::DEBUG:  swdes dump  C:/Xilinx/Projects/DRC_Rev2.0_Deliverables/Vitis2023.1/DRC_Rev2.0_SW/DRCPlatform/psu_cortexa53_0/standalone_domain/bsp/system.mss|system_1||
C:/Xilinx/Projects/DRC_Rev2.0_Deliverables/Vitis2023.1/DRC_Rev2.0_SW/DRCPlatform/zynqmp_fsbl/zynqmp_fsbl_bsp/system.mss|system||
C:/Xilinx/Projects/DRC_Rev2.0_Deliverables/Vitis2023.1/DRC_Rev2.0_SW/DRCPlatform/zynqmp_pmufw/zynqmp_pmufw_bsp/system.mss|system_0||

TRACE::2025-03-23.19:50:04::SCWMssOS::Sw design exists and opened at  C:/Xilinx/Projects/DRC_Rev2.0_Deliverables/Vitis2023.1/DRC_Rev2.0_SW/DRCPlatform/zynqmp_pmufw/zynqmp_pmufw_bsp/system.mss
TRACE::2025-03-23.19:50:04::SCWPlatform::Trying to open the hw design at C:/Xilinx/Projects/DRC_Rev2.0_Deliverables/Vitis2023.1/DRC_Rev2.0_SW/DRCPlatform/hw/DRC_Rev2.0_Deliverable.xsa
TRACE::2025-03-23.19:50:04::SCWPlatform::DSA given C:/Xilinx/Projects/DRC_Rev2.0_Deliverables/Vitis2023.1/DRC_Rev2.0_SW/DRCPlatform/hw/DRC_Rev2.0_Deliverable.xsa
TRACE::2025-03-23.19:50:04::SCWPlatform::DSA absoulate path C:/Xilinx/Projects/DRC_Rev2.0_Deliverables/Vitis2023.1/DRC_Rev2.0_SW/DRCPlatform/hw/DRC_Rev2.0_Deliverable.xsa
TRACE::2025-03-23.19:50:04::SCWPlatform::DSA directory C:/Xilinx/Projects/DRC_Rev2.0_Deliverables/Vitis2023.1/DRC_Rev2.0_SW/DRCPlatform/hw
TRACE::2025-03-23.19:50:04::SCWPlatform:: Platform Path C:/Xilinx/Projects/DRC_Rev2.0_Deliverables/Vitis2023.1/DRC_Rev2.0_SW/DRCPlatform/hw/DRC_Rev2.0_Deliverable.xsa
TRACE::2025-03-23.19:50:04::SCWPlatform:: Unique name xilinx:osdzu3eg1_2g_1v8_sip::0.0
TRACE::2025-03-23.19:50:04::SCWPlatform::Trying to set the existing hwdb with name design_1_wrapper_0
TRACE::2025-03-23.19:50:04::SCWPlatform::Opened existing hwdb design_1_wrapper_0
TRACE::2025-03-23.19:50:04::SCWPlatform::Found the Hw Db part of the input DSA
TRACE::2025-03-23.19:50:04::SCWMssOS::Checking the sw design at  C:/Xilinx/Projects/DRC_Rev2.0_Deliverables/Vitis2023.1/DRC_Rev2.0_SW/DRCPlatform/psu_cortexa53_0/standalone_domain/bsp/system.mss
TRACE::2025-03-23.19:50:04::SCWMssOS::DEBUG:  swdes dump  C:/Xilinx/Projects/DRC_Rev2.0_Deliverables/Vitis2023.1/DRC_Rev2.0_SW/DRCPlatform/psu_cortexa53_0/standalone_domain/bsp/system.mss|system_1||
C:/Xilinx/Projects/DRC_Rev2.0_Deliverables/Vitis2023.1/DRC_Rev2.0_SW/DRCPlatform/zynqmp_fsbl/zynqmp_fsbl_bsp/system.mss|system||
C:/Xilinx/Projects/DRC_Rev2.0_Deliverables/Vitis2023.1/DRC_Rev2.0_SW/DRCPlatform/zynqmp_pmufw/zynqmp_pmufw_bsp/system.mss|system_0||

TRACE::2025-03-23.19:50:04::SCWMssOS::Sw design exists and opened at  C:/Xilinx/Projects/DRC_Rev2.0_Deliverables/Vitis2023.1/DRC_Rev2.0_SW/DRCPlatform/psu_cortexa53_0/standalone_domain/bsp/system.mss
TRACE::2025-03-23.19:50:04::SCWPlatform::Trying to open the hw design at C:/Xilinx/Projects/DRC_Rev2.0_Deliverables/Vitis2023.1/DRC_Rev2.0_SW/DRCPlatform/hw/DRC_Rev2.0_Deliverable.xsa
TRACE::2025-03-23.19:50:04::SCWPlatform::DSA given C:/Xilinx/Projects/DRC_Rev2.0_Deliverables/Vitis2023.1/DRC_Rev2.0_SW/DRCPlatform/hw/DRC_Rev2.0_Deliverable.xsa
TRACE::2025-03-23.19:50:04::SCWPlatform::DSA absoulate path C:/Xilinx/Projects/DRC_Rev2.0_Deliverables/Vitis2023.1/DRC_Rev2.0_SW/DRCPlatform/hw/DRC_Rev2.0_Deliverable.xsa
TRACE::2025-03-23.19:50:04::SCWPlatform::DSA directory C:/Xilinx/Projects/DRC_Rev2.0_Deliverables/Vitis2023.1/DRC_Rev2.0_SW/DRCPlatform/hw
TRACE::2025-03-23.19:50:04::SCWPlatform:: Platform Path C:/Xilinx/Projects/DRC_Rev2.0_Deliverables/Vitis2023.1/DRC_Rev2.0_SW/DRCPlatform/hw/DRC_Rev2.0_Deliverable.xsa
TRACE::2025-03-23.19:50:04::SCWPlatform:: Unique name xilinx:osdzu3eg1_2g_1v8_sip::0.0
TRACE::2025-03-23.19:50:04::SCWPlatform::Trying to set the existing hwdb with name design_1_wrapper_0
TRACE::2025-03-23.19:50:04::SCWPlatform::Opened existing hwdb design_1_wrapper_0
TRACE::2025-03-23.19:50:04::SCWPlatform::Found the Hw Db part of the input DSA
TRACE::2025-03-23.19:50:04::SCWMssOS::Checking the sw design at  C:/Xilinx/Projects/DRC_Rev2.0_Deliverables/Vitis2023.1/DRC_Rev2.0_SW/DRCPlatform/psu_cortexa53_0/standalone_domain/bsp/system.mss
TRACE::2025-03-23.19:50:04::SCWMssOS::DEBUG:  swdes dump  C:/Xilinx/Projects/DRC_Rev2.0_Deliverables/Vitis2023.1/DRC_Rev2.0_SW/DRCPlatform/psu_cortexa53_0/standalone_domain/bsp/system.mss|system_1||
C:/Xilinx/Projects/DRC_Rev2.0_Deliverables/Vitis2023.1/DRC_Rev2.0_SW/DRCPlatform/zynqmp_fsbl/zynqmp_fsbl_bsp/system.mss|system||
C:/Xilinx/Projects/DRC_Rev2.0_Deliverables/Vitis2023.1/DRC_Rev2.0_SW/DRCPlatform/zynqmp_pmufw/zynqmp_pmufw_bsp/system.mss|system_0||

TRACE::2025-03-23.19:50:04::SCWMssOS::Sw design exists and opened at  C:/Xilinx/Projects/DRC_Rev2.0_Deliverables/Vitis2023.1/DRC_Rev2.0_SW/DRCPlatform/psu_cortexa53_0/standalone_domain/bsp/system.mss
TRACE::2025-03-23.19:50:04::SCWPlatform::Trying to open the hw design at C:/Xilinx/Projects/DRC_Rev2.0_Deliverables/Vitis2023.1/DRC_Rev2.0_SW/DRCPlatform/hw/DRC_Rev2.0_Deliverable.xsa
TRACE::2025-03-23.19:50:04::SCWPlatform::DSA given C:/Xilinx/Projects/DRC_Rev2.0_Deliverables/Vitis2023.1/DRC_Rev2.0_SW/DRCPlatform/hw/DRC_Rev2.0_Deliverable.xsa
TRACE::2025-03-23.19:50:04::SCWPlatform::DSA absoulate path C:/Xilinx/Projects/DRC_Rev2.0_Deliverables/Vitis2023.1/DRC_Rev2.0_SW/DRCPlatform/hw/DRC_Rev2.0_Deliverable.xsa
TRACE::2025-03-23.19:50:04::SCWPlatform::DSA directory C:/Xilinx/Projects/DRC_Rev2.0_Deliverables/Vitis2023.1/DRC_Rev2.0_SW/DRCPlatform/hw
TRACE::2025-03-23.19:50:04::SCWPlatform:: Platform Path C:/Xilinx/Projects/DRC_Rev2.0_Deliverables/Vitis2023.1/DRC_Rev2.0_SW/DRCPlatform/hw/DRC_Rev2.0_Deliverable.xsa
TRACE::2025-03-23.19:50:04::SCWPlatform:: Unique name xilinx:osdzu3eg1_2g_1v8_sip::0.0
TRACE::2025-03-23.19:50:04::SCWPlatform::Trying to set the existing hwdb with name design_1_wrapper_0
TRACE::2025-03-23.19:50:04::SCWPlatform::Opened existing hwdb design_1_wrapper_0
TRACE::2025-03-23.19:50:04::SCWPlatform::Found the Hw Db part of the input DSA
TRACE::2025-03-23.19:50:04::SCWMssOS::Checking the sw design at  C:/Xilinx/Projects/DRC_Rev2.0_Deliverables/Vitis2023.1/DRC_Rev2.0_SW/DRCPlatform/psu_cortexa53_0/standalone_domain/bsp/system.mss
TRACE::2025-03-23.19:50:04::SCWMssOS::DEBUG:  swdes dump  C:/Xilinx/Projects/DRC_Rev2.0_Deliverables/Vitis2023.1/DRC_Rev2.0_SW/DRCPlatform/psu_cortexa53_0/standalone_domain/bsp/system.mss|system_1||
C:/Xilinx/Projects/DRC_Rev2.0_Deliverables/Vitis2023.1/DRC_Rev2.0_SW/DRCPlatform/zynqmp_fsbl/zynqmp_fsbl_bsp/system.mss|system||
C:/Xilinx/Projects/DRC_Rev2.0_Deliverables/Vitis2023.1/DRC_Rev2.0_SW/DRCPlatform/zynqmp_pmufw/zynqmp_pmufw_bsp/system.mss|system_0||

TRACE::2025-03-23.19:50:04::SCWMssOS::Sw design exists and opened at  C:/Xilinx/Projects/DRC_Rev2.0_Deliverables/Vitis2023.1/DRC_Rev2.0_SW/DRCPlatform/psu_cortexa53_0/standalone_domain/bsp/system.mss
TRACE::2025-03-23.19:50:04::SCWWriter::formatted JSON is {
	"platformName":	"DRCPlatform",
	"sprVersion":	"2.0",
	"mode":	"gui",
	"dsaType":	"Fixed",
	"platformDesc":	"DRCPlatform",
	"platHandOff":	"C:/Xilinx/Projects/DRC_Rev2.0_Deliverables/Vivado2023.1/DRC_Rev2.0_FW/DRC_Rev2.0_Deliverable.xsa",
	"platIntHandOff":	"<platformDir>/hw/DRC_Rev2.0_Deliverable.xsa",
	"deviceType":	"zynqMP",
	"platIsPrebuiltAutogen":	"false",
	"platIsNoBootBsp":	"false",
	"platFsblTarget":	"psu_cortexa53_0",
	"hasFsblMakeHasChanges":	"false",
	"hasPmufwMakeHasChanges":	"false",
	"fsblExtraCompilerFlags":	"-MMD -MP      -Wall -fmessage-length=0 -DARMA53_64 -Os -flto -ffat-lto-objects  ",
	"pmufwExtraCompilerFlags":	"-MMD -MP      -mlittle-endian -mxl-barrel-shift -mxl-pattern-compare -mcpu=v9.2 -mxl-soft-mul -Os -flto -ffat-lto-objects  ",
	"platPreBuiltFlag":	false,
	"platformSamplesDir":	"",
	"platActiveSys":	"DRCPlatform",
	"systems":	[{
			"systemName":	"DRCPlatform",
			"systemDesc":	"DRCPlatform",
			"sysIsBootAutoGen":	"true",
			"systemDispName":	"DRCPlatform",
			"sysActiveDom":	"standalone_domain",
			"sysDefaultDom":	"standalone_domain",
			"domains":	[{
					"domainName":	"zynqmp_fsbl",
					"domainDispName":	"zynqmp_fsbl",
					"domainDesc":	"FSBL Application BSP - Auto Generated.",
					"processors":	"psu_cortexa53_0",
					"os":	"standalone",
					"sdxOs":	"standalone",
					"debugEnable":	"",
					"domRuntimes":	["cpp"],
					"swRepo":	"",
					"mssOsVer":	"8.1",
					"mssFile":	"",
					"md5Digest":	"2c86846b79a29ca9cbb7aeab53461da4",
					"compatibleApp":	"zynqmp_fsbl",
					"domType":	"bootDomain",
					"arch":	"64-bit",
					"appSettings":	{
						"appCompilerFlags":	"",
						"appLinkerFlags":	""
					},
					"addedLibs":	["xilffs:5.0", "xilsecure:5.1", "xilpm:5.0"],
					"libOptions":	{
						"standalone":	{
							"zynqmp_fsbl_bsp":	"true",
							"libOptionNames":	["zynqmp_fsbl_bsp"]
						},
						"xilffs":	{
							"read_only":	"true",
							"use_mkfs":	"false",
							"libOptionNames":	["read_only", "use_mkfs"]
						},
						"xilsecure":	{
							"tpm_support":	"true",
							"libOptionNames":	["tpm_support"]
						},
						"libsContainingOptions":	["standalone", "xilffs", "xilsecure"]
					},
					"prebuiltLibs":	{
						"prebuiltIncPath":	[],
						"prebuiltLibPath":	[]
					},
					"isolation":	{
					}
				}, {
					"domainName":	"zynqmp_pmufw",
					"domainDispName":	"zynqmp_pmufw",
					"domainDesc":	"PMUFW Application BSP - Auto Generated.",
					"processors":	"psu_pmu_0",
					"os":	"standalone",
					"sdxOs":	"standalone",
					"debugEnable":	"",
					"domRuntimes":	["cpp"],
					"swRepo":	"",
					"mssOsVer":	"8.1",
					"mssFile":	"",
					"md5Digest":	"550fca1150fbaea7cb6d01f88f8defa0",
					"compatibleApp":	"zynqmp_pmufw",
					"domType":	"bootDomain",
					"arch":	"32-bit",
					"appSettings":	{
						"appCompilerFlags":	"",
						"appLinkerFlags":	""
					},
					"addedLibs":	["xilfpga:6.4", "xilsecure:5.1", "xilskey:7.4"],
					"libOptions":	{
						"psu_pmu_0":	{
							"extra_compiler_flags":	"-g -ffunction-sections -fdata-sections -Wall -Wextra -fno-tree-loop-distribute-patterns  -Os -flto -ffat-lto-objects",
							"libOptionNames":	["extra_compiler_flags"]
						},
						"libsContainingOptions":	["psu_pmu_0"]
					},
					"prebuiltLibs":	{
						"prebuiltIncPath":	[],
						"prebuiltLibPath":	[]
					},
					"isolation":	{
					}
				}, {
					"domainName":	"standalone_domain",
					"domainDispName":	"standalone on psu_cortexa53_0",
					"domainDesc":	"standalone_domain",
					"processors":	"psu_cortexa53_0",
					"os":	"standalone",
					"sdxOs":	"standalone",
					"qemuArgs":	"<platformDir>/resources/DRCPlatform/standalone_domain/qemu_args.txt",
					"qemuData":	"<platformDir>/resources/DRCPlatform/standalone_domain/qemu",
					"pmuQemuArgs":	"<platformDir>/resources/DRCPlatform/standalone_domain/pmu_args.txt",
					"debugEnable":	"False",
					"domRuntimes":	["cpp"],
					"swRepo":	"",
					"mssOsVer":	"8.1",
					"mssFile":	"",
					"md5Digest":	"fcd87a202073bed06c63c9c38fbd1014",
					"compatibleApp":	"",
					"domType":	"mssDomain",
					"arch":	"64-bit",
					"appSettings":	{
						"appCompilerFlags":	"",
						"appLinkerFlags":	""
					},
					"addedLibs":	[],
					"libOptions":	{
						"libsContainingOptions":	[]
					},
					"prebuiltLibs":	{
						"prebuiltIncPath":	[],
						"prebuiltLibPath":	[]
					},
					"isolation":	{
					}
				}]
		}]
}
TRACE::2025-03-23.19:50:05::SCWPlatform::Clearing the existing platform
TRACE::2025-03-23.19:50:05::SCWSystem::Clearing the existing sysconfig
TRACE::2025-03-23.19:50:05::SCWBDomain::clearing the fsbl build
TRACE::2025-03-23.19:50:05::SCWMssOS::Removing the swdes entry for  C:/Xilinx/Projects/DRC_Rev2.0_Deliverables/Vitis2023.1/DRC_Rev2.0_SW/DRCPlatform/zynqmp_fsbl/zynqmp_fsbl_bsp/system.mss
TRACE::2025-03-23.19:50:05::SCWBDomain::clearing the pmufw build
TRACE::2025-03-23.19:50:05::SCWMssOS::Removing the swdes entry for  C:/Xilinx/Projects/DRC_Rev2.0_Deliverables/Vitis2023.1/DRC_Rev2.0_SW/DRCPlatform/zynqmp_pmufw/zynqmp_pmufw_bsp/system.mss
TRACE::2025-03-23.19:50:05::SCWMssOS::Removing the swdes entry for  C:/Xilinx/Projects/DRC_Rev2.0_Deliverables/Vitis2023.1/DRC_Rev2.0_SW/DRCPlatform/psu_cortexa53_0/standalone_domain/bsp/system.mss
TRACE::2025-03-23.19:50:05::SCWSystem::Clearing the domains completed.
TRACE::2025-03-23.19:50:05::SCWPlatform::Clearing the opened hw db.
TRACE::2025-03-23.19:50:05::SCWPlatform::DSA given C:/Xilinx/Projects/DRC_Rev2.0_Deliverables/Vitis2023.1/DRC_Rev2.0_SW/DRCPlatform/hw/DRC_Rev2.0_Deliverable.xsa
TRACE::2025-03-23.19:50:05::SCWPlatform::DSA absoulate path C:/Xilinx/Projects/DRC_Rev2.0_Deliverables/Vitis2023.1/DRC_Rev2.0_SW/DRCPlatform/hw/DRC_Rev2.0_Deliverable.xsa
TRACE::2025-03-23.19:50:05::SCWPlatform:: Platform location is C:/Xilinx/Projects/DRC_Rev2.0_Deliverables/Vitis2023.1/DRC_Rev2.0_SW/DRCPlatform/hw
TRACE::2025-03-23.19:50:05::SCWPlatform:: Platform Path C:/Xilinx/Projects/DRC_Rev2.0_Deliverables/Vitis2023.1/DRC_Rev2.0_SW/DRCPlatform/hw/DRC_Rev2.0_Deliverable.xsa
TRACE::2025-03-23.19:50:05::SCWPlatform:: Unique name xilinx:osdzu3eg1_2g_1v8_sip::0.0
TRACE::2025-03-23.19:50:05::SCWPlatform::Removing the HwDB with name C:/Xilinx/Projects/DRC_Rev2.0_Deliverables/Vitis2023.1/DRC_Rev2.0_SW/DRCPlatform/hw/DRC_Rev2.0_Deliverable.xsa
TRACE::2025-03-23.19:50:05::SCWPlatform::Trying to open the hw design at C:/Xilinx/Projects/DRC_Rev2.0_Deliverables/Vitis2023.1/DRC_Rev2.0_SW/DRCPlatform/hw/DRC_Rev2.0_Deliverable.xsa
TRACE::2025-03-23.19:50:05::SCWPlatform::DSA given C:/Xilinx/Projects/DRC_Rev2.0_Deliverables/Vitis2023.1/DRC_Rev2.0_SW/DRCPlatform/hw/DRC_Rev2.0_Deliverable.xsa
TRACE::2025-03-23.19:50:05::SCWPlatform::DSA absoulate path C:/Xilinx/Projects/DRC_Rev2.0_Deliverables/Vitis2023.1/DRC_Rev2.0_SW/DRCPlatform/hw/DRC_Rev2.0_Deliverable.xsa
TRACE::2025-03-23.19:50:05::SCWPlatform::DSA directory C:/Xilinx/Projects/DRC_Rev2.0_Deliverables/Vitis2023.1/DRC_Rev2.0_SW/DRCPlatform/hw
TRACE::2025-03-23.19:50:05::SCWPlatform:: Platform Path C:/Xilinx/Projects/DRC_Rev2.0_Deliverables/Vitis2023.1/DRC_Rev2.0_SW/DRCPlatform/hw/DRC_Rev2.0_Deliverable.xsa
TRACE::2025-03-23.19:50:05::SCWPlatform:: Unique name xilinx:osdzu3eg1_2g_1v8_sip::0.0
TRACE::2025-03-23.19:50:05::SCWPlatform::Do not have an existing db opened. 
TRACE::2025-03-23.19:50:10::SCWPlatform::Opened new HwDB with name design_1_wrapper_1
TRACE::2025-03-23.19:50:10::SCWReader::Active system found as  DRCPlatform
TRACE::2025-03-23.19:50:10::SCWReader::Handling sysconfig DRCPlatform
TRACE::2025-03-23.19:50:10::SCWDomain::checking for install qemu data   : 
TRACE::2025-03-23.19:50:10::SCWDomain:: Using the QEMU Data from install at  : C:/Xilinx/Vitis/2023.1/data/emulation/platforms/zynqmp/sw/a53_standalone/qemu/
TRACE::2025-03-23.19:50:10::SCWDomain:: Using the QEMU args  from install at  : C:/Xilinx/Vitis/2023.1/data/emulation/platforms/zynqmp/sw/a53_standalone/qemu/qemu_args.txt
TRACE::2025-03-23.19:50:10::SCWDomain:: Using the PMUQEMU args from install at  : C:/Xilinx/Vitis/2023.1/data/emulation/platforms/zynqmp/sw/a53_standalone/qemu/pmu_args.txt
TRACE::2025-03-23.19:50:10::SCWPlatform::Trying to open the hw design at C:/Xilinx/Projects/DRC_Rev2.0_Deliverables/Vitis2023.1/DRC_Rev2.0_SW/DRCPlatform/hw/DRC_Rev2.0_Deliverable.xsa
TRACE::2025-03-23.19:50:10::SCWPlatform::DSA given C:/Xilinx/Projects/DRC_Rev2.0_Deliverables/Vitis2023.1/DRC_Rev2.0_SW/DRCPlatform/hw/DRC_Rev2.0_Deliverable.xsa
TRACE::2025-03-23.19:50:10::SCWPlatform::DSA absoulate path C:/Xilinx/Projects/DRC_Rev2.0_Deliverables/Vitis2023.1/DRC_Rev2.0_SW/DRCPlatform/hw/DRC_Rev2.0_Deliverable.xsa
TRACE::2025-03-23.19:50:10::SCWPlatform::DSA directory C:/Xilinx/Projects/DRC_Rev2.0_Deliverables/Vitis2023.1/DRC_Rev2.0_SW/DRCPlatform/hw
TRACE::2025-03-23.19:50:10::SCWPlatform:: Platform Path C:/Xilinx/Projects/DRC_Rev2.0_Deliverables/Vitis2023.1/DRC_Rev2.0_SW/DRCPlatform/hw/DRC_Rev2.0_Deliverable.xsa
TRACE::2025-03-23.19:50:10::SCWPlatform:: Unique name xilinx:osdzu3eg1_2g_1v8_sip::0.0
TRACE::2025-03-23.19:50:10::SCWPlatform::Trying to set the existing hwdb with name design_1_wrapper_1
TRACE::2025-03-23.19:50:10::SCWPlatform::Opened existing hwdb design_1_wrapper_1
TRACE::2025-03-23.19:50:10::SCWPlatform::Found the Hw Db part of the input DSA
TRACE::2025-03-23.19:50:10::SCWPlatform::Trying to open the hw design at C:/Xilinx/Projects/DRC_Rev2.0_Deliverables/Vitis2023.1/DRC_Rev2.0_SW/DRCPlatform/hw/DRC_Rev2.0_Deliverable.xsa
TRACE::2025-03-23.19:50:10::SCWPlatform::DSA given C:/Xilinx/Projects/DRC_Rev2.0_Deliverables/Vitis2023.1/DRC_Rev2.0_SW/DRCPlatform/hw/DRC_Rev2.0_Deliverable.xsa
TRACE::2025-03-23.19:50:10::SCWPlatform::DSA absoulate path C:/Xilinx/Projects/DRC_Rev2.0_Deliverables/Vitis2023.1/DRC_Rev2.0_SW/DRCPlatform/hw/DRC_Rev2.0_Deliverable.xsa
TRACE::2025-03-23.19:50:10::SCWPlatform::DSA directory C:/Xilinx/Projects/DRC_Rev2.0_Deliverables/Vitis2023.1/DRC_Rev2.0_SW/DRCPlatform/hw
TRACE::2025-03-23.19:50:10::SCWPlatform:: Platform Path C:/Xilinx/Projects/DRC_Rev2.0_Deliverables/Vitis2023.1/DRC_Rev2.0_SW/DRCPlatform/hw/DRC_Rev2.0_Deliverable.xsa
TRACE::2025-03-23.19:50:10::SCWPlatform:: Unique name xilinx:osdzu3eg1_2g_1v8_sip::0.0
TRACE::2025-03-23.19:50:10::SCWPlatform::Trying to set the existing hwdb with name design_1_wrapper_1
TRACE::2025-03-23.19:50:10::SCWPlatform::Opened existing hwdb design_1_wrapper_1
TRACE::2025-03-23.19:50:10::SCWPlatform::Found the Hw Db part of the input DSA
TRACE::2025-03-23.19:50:10::SCWPlatform::Trying to open the hw design at C:/Xilinx/Projects/DRC_Rev2.0_Deliverables/Vitis2023.1/DRC_Rev2.0_SW/DRCPlatform/hw/DRC_Rev2.0_Deliverable.xsa
TRACE::2025-03-23.19:50:10::SCWPlatform::DSA given C:/Xilinx/Projects/DRC_Rev2.0_Deliverables/Vitis2023.1/DRC_Rev2.0_SW/DRCPlatform/hw/DRC_Rev2.0_Deliverable.xsa
TRACE::2025-03-23.19:50:10::SCWPlatform::DSA absoulate path C:/Xilinx/Projects/DRC_Rev2.0_Deliverables/Vitis2023.1/DRC_Rev2.0_SW/DRCPlatform/hw/DRC_Rev2.0_Deliverable.xsa
TRACE::2025-03-23.19:50:10::SCWPlatform::DSA directory C:/Xilinx/Projects/DRC_Rev2.0_Deliverables/Vitis2023.1/DRC_Rev2.0_SW/DRCPlatform/hw
TRACE::2025-03-23.19:50:10::SCWPlatform:: Platform Path C:/Xilinx/Projects/DRC_Rev2.0_Deliverables/Vitis2023.1/DRC_Rev2.0_SW/DRCPlatform/hw/DRC_Rev2.0_Deliverable.xsa
TRACE::2025-03-23.19:50:10::SCWPlatform:: Unique name xilinx:osdzu3eg1_2g_1v8_sip::0.0
TRACE::2025-03-23.19:50:10::SCWPlatform::Trying to set the existing hwdb with name design_1_wrapper_1
TRACE::2025-03-23.19:50:10::SCWPlatform::Opened existing hwdb design_1_wrapper_1
TRACE::2025-03-23.19:50:10::SCWPlatform::Found the Hw Db part of the input DSA
TRACE::2025-03-23.19:50:10::SCWReader::Boot application domain added for zynqmp_fsbl
TRACE::2025-03-23.19:50:10::SCWPlatform::Trying to open the hw design at C:/Xilinx/Projects/DRC_Rev2.0_Deliverables/Vitis2023.1/DRC_Rev2.0_SW/DRCPlatform/hw/DRC_Rev2.0_Deliverable.xsa
TRACE::2025-03-23.19:50:10::SCWPlatform::DSA given C:/Xilinx/Projects/DRC_Rev2.0_Deliverables/Vitis2023.1/DRC_Rev2.0_SW/DRCPlatform/hw/DRC_Rev2.0_Deliverable.xsa
TRACE::2025-03-23.19:50:10::SCWPlatform::DSA absoulate path C:/Xilinx/Projects/DRC_Rev2.0_Deliverables/Vitis2023.1/DRC_Rev2.0_SW/DRCPlatform/hw/DRC_Rev2.0_Deliverable.xsa
TRACE::2025-03-23.19:50:10::SCWPlatform::DSA directory C:/Xilinx/Projects/DRC_Rev2.0_Deliverables/Vitis2023.1/DRC_Rev2.0_SW/DRCPlatform/hw
TRACE::2025-03-23.19:50:10::SCWPlatform:: Platform Path C:/Xilinx/Projects/DRC_Rev2.0_Deliverables/Vitis2023.1/DRC_Rev2.0_SW/DRCPlatform/hw/DRC_Rev2.0_Deliverable.xsa
TRACE::2025-03-23.19:50:10::SCWPlatform:: Unique name xilinx:osdzu3eg1_2g_1v8_sip::0.0
TRACE::2025-03-23.19:50:10::SCWPlatform::Trying to set the existing hwdb with name design_1_wrapper_1
TRACE::2025-03-23.19:50:10::SCWPlatform::Opened existing hwdb design_1_wrapper_1
TRACE::2025-03-23.19:50:10::SCWPlatform::Found the Hw Db part of the input DSA
TRACE::2025-03-23.19:50:10::SCWMssOS::Checking the sw design at  C:/Xilinx/Projects/DRC_Rev2.0_Deliverables/Vitis2023.1/DRC_Rev2.0_SW/DRCPlatform/zynqmp_fsbl/zynqmp_fsbl_bsp/system.mss
TRACE::2025-03-23.19:50:10::SCWMssOS::DEBUG:  swdes dump  
TRACE::2025-03-23.19:50:10::SCWMssOS::No sw design opened at  C:/Xilinx/Projects/DRC_Rev2.0_Deliverables/Vitis2023.1/DRC_Rev2.0_SW/DRCPlatform/zynqmp_fsbl/zynqmp_fsbl_bsp/system.mss
TRACE::2025-03-23.19:50:10::SCWMssOS::mss exists loading the mss file  C:/Xilinx/Projects/DRC_Rev2.0_Deliverables/Vitis2023.1/DRC_Rev2.0_SW/DRCPlatform/zynqmp_fsbl/zynqmp_fsbl_bsp/system.mss
TRACE::2025-03-23.19:50:10::SCWMssOS::Opened the sw design from mss  C:/Xilinx/Projects/DRC_Rev2.0_Deliverables/Vitis2023.1/DRC_Rev2.0_SW/DRCPlatform/zynqmp_fsbl/zynqmp_fsbl_bsp/system.mss
TRACE::2025-03-23.19:50:10::SCWMssOS::Adding the swdes entry C:/Xilinx/Projects/DRC_Rev2.0_Deliverables/Vitis2023.1/DRC_Rev2.0_SW/DRCPlatform/zynqmp_fsbl/zynqmp_fsbl_bsp/system.mss with des name system
TRACE::2025-03-23.19:50:10::SCWMssOS::updating the scw layer about changes
TRACE::2025-03-23.19:50:10::SCWMssOS::Opened the sw design.  C:/Xilinx/Projects/DRC_Rev2.0_Deliverables/Vitis2023.1/DRC_Rev2.0_SW/DRCPlatform/zynqmp_fsbl/zynqmp_fsbl_bsp/system.mss
TRACE::2025-03-23.19:50:10::SCWPlatform::Trying to open the hw design at C:/Xilinx/Projects/DRC_Rev2.0_Deliverables/Vitis2023.1/DRC_Rev2.0_SW/DRCPlatform/hw/DRC_Rev2.0_Deliverable.xsa
TRACE::2025-03-23.19:50:10::SCWPlatform::DSA given C:/Xilinx/Projects/DRC_Rev2.0_Deliverables/Vitis2023.1/DRC_Rev2.0_SW/DRCPlatform/hw/DRC_Rev2.0_Deliverable.xsa
TRACE::2025-03-23.19:50:10::SCWPlatform::DSA absoulate path C:/Xilinx/Projects/DRC_Rev2.0_Deliverables/Vitis2023.1/DRC_Rev2.0_SW/DRCPlatform/hw/DRC_Rev2.0_Deliverable.xsa
TRACE::2025-03-23.19:50:10::SCWPlatform::DSA directory C:/Xilinx/Projects/DRC_Rev2.0_Deliverables/Vitis2023.1/DRC_Rev2.0_SW/DRCPlatform/hw
TRACE::2025-03-23.19:50:10::SCWPlatform:: Platform Path C:/Xilinx/Projects/DRC_Rev2.0_Deliverables/Vitis2023.1/DRC_Rev2.0_SW/DRCPlatform/hw/DRC_Rev2.0_Deliverable.xsa
TRACE::2025-03-23.19:50:10::SCWPlatform:: Unique name xilinx:osdzu3eg1_2g_1v8_sip::0.0
TRACE::2025-03-23.19:50:10::SCWPlatform::Trying to set the existing hwdb with name design_1_wrapper_1
TRACE::2025-03-23.19:50:10::SCWPlatform::Opened existing hwdb design_1_wrapper_1
TRACE::2025-03-23.19:50:10::SCWPlatform::Found the Hw Db part of the input DSA
TRACE::2025-03-23.19:50:10::SCWMssOS::Checking the sw design at  C:/Xilinx/Projects/DRC_Rev2.0_Deliverables/Vitis2023.1/DRC_Rev2.0_SW/DRCPlatform/zynqmp_fsbl/zynqmp_fsbl_bsp/system.mss
TRACE::2025-03-23.19:50:10::SCWMssOS::DEBUG:  swdes dump  C:/Xilinx/Projects/DRC_Rev2.0_Deliverables/Vitis2023.1/DRC_Rev2.0_SW/DRCPlatform/zynqmp_fsbl/zynqmp_fsbl_bsp/system.mss|system||

TRACE::2025-03-23.19:50:10::SCWMssOS::Sw design exists and opened at  C:/Xilinx/Projects/DRC_Rev2.0_Deliverables/Vitis2023.1/DRC_Rev2.0_SW/DRCPlatform/zynqmp_fsbl/zynqmp_fsbl_bsp/system.mss
TRACE::2025-03-23.19:50:10::SCWMssOS:: library already available in sw design:  xilffs:5.0
TRACE::2025-03-23.19:50:10::SCWPlatform::Trying to open the hw design at C:/Xilinx/Projects/DRC_Rev2.0_Deliverables/Vitis2023.1/DRC_Rev2.0_SW/DRCPlatform/hw/DRC_Rev2.0_Deliverable.xsa
TRACE::2025-03-23.19:50:10::SCWPlatform::DSA given C:/Xilinx/Projects/DRC_Rev2.0_Deliverables/Vitis2023.1/DRC_Rev2.0_SW/DRCPlatform/hw/DRC_Rev2.0_Deliverable.xsa
TRACE::2025-03-23.19:50:10::SCWPlatform::DSA absoulate path C:/Xilinx/Projects/DRC_Rev2.0_Deliverables/Vitis2023.1/DRC_Rev2.0_SW/DRCPlatform/hw/DRC_Rev2.0_Deliverable.xsa
TRACE::2025-03-23.19:50:10::SCWPlatform::DSA directory C:/Xilinx/Projects/DRC_Rev2.0_Deliverables/Vitis2023.1/DRC_Rev2.0_SW/DRCPlatform/hw
TRACE::2025-03-23.19:50:10::SCWPlatform:: Platform Path C:/Xilinx/Projects/DRC_Rev2.0_Deliverables/Vitis2023.1/DRC_Rev2.0_SW/DRCPlatform/hw/DRC_Rev2.0_Deliverable.xsa
TRACE::2025-03-23.19:50:10::SCWPlatform:: Unique name xilinx:osdzu3eg1_2g_1v8_sip::0.0
TRACE::2025-03-23.19:50:10::SCWPlatform::Trying to set the existing hwdb with name design_1_wrapper_1
TRACE::2025-03-23.19:50:10::SCWPlatform::Opened existing hwdb design_1_wrapper_1
TRACE::2025-03-23.19:50:10::SCWPlatform::Found the Hw Db part of the input DSA
TRACE::2025-03-23.19:50:10::SCWMssOS::Checking the sw design at  C:/Xilinx/Projects/DRC_Rev2.0_Deliverables/Vitis2023.1/DRC_Rev2.0_SW/DRCPlatform/zynqmp_fsbl/zynqmp_fsbl_bsp/system.mss
TRACE::2025-03-23.19:50:10::SCWMssOS::DEBUG:  swdes dump  C:/Xilinx/Projects/DRC_Rev2.0_Deliverables/Vitis2023.1/DRC_Rev2.0_SW/DRCPlatform/zynqmp_fsbl/zynqmp_fsbl_bsp/system.mss|system||

TRACE::2025-03-23.19:50:10::SCWMssOS::Sw design exists and opened at  C:/Xilinx/Projects/DRC_Rev2.0_Deliverables/Vitis2023.1/DRC_Rev2.0_SW/DRCPlatform/zynqmp_fsbl/zynqmp_fsbl_bsp/system.mss
TRACE::2025-03-23.19:50:10::SCWMssOS:: library already available in sw design:  xilsecure:5.1
TRACE::2025-03-23.19:50:10::SCWPlatform::Trying to open the hw design at C:/Xilinx/Projects/DRC_Rev2.0_Deliverables/Vitis2023.1/DRC_Rev2.0_SW/DRCPlatform/hw/DRC_Rev2.0_Deliverable.xsa
TRACE::2025-03-23.19:50:10::SCWPlatform::DSA given C:/Xilinx/Projects/DRC_Rev2.0_Deliverables/Vitis2023.1/DRC_Rev2.0_SW/DRCPlatform/hw/DRC_Rev2.0_Deliverable.xsa
TRACE::2025-03-23.19:50:10::SCWPlatform::DSA absoulate path C:/Xilinx/Projects/DRC_Rev2.0_Deliverables/Vitis2023.1/DRC_Rev2.0_SW/DRCPlatform/hw/DRC_Rev2.0_Deliverable.xsa
TRACE::2025-03-23.19:50:10::SCWPlatform::DSA directory C:/Xilinx/Projects/DRC_Rev2.0_Deliverables/Vitis2023.1/DRC_Rev2.0_SW/DRCPlatform/hw
TRACE::2025-03-23.19:50:10::SCWPlatform:: Platform Path C:/Xilinx/Projects/DRC_Rev2.0_Deliverables/Vitis2023.1/DRC_Rev2.0_SW/DRCPlatform/hw/DRC_Rev2.0_Deliverable.xsa
TRACE::2025-03-23.19:50:10::SCWPlatform:: Unique name xilinx:osdzu3eg1_2g_1v8_sip::0.0
TRACE::2025-03-23.19:50:10::SCWPlatform::Trying to set the existing hwdb with name design_1_wrapper_1
TRACE::2025-03-23.19:50:10::SCWPlatform::Opened existing hwdb design_1_wrapper_1
TRACE::2025-03-23.19:50:10::SCWPlatform::Found the Hw Db part of the input DSA
TRACE::2025-03-23.19:50:10::SCWMssOS::Checking the sw design at  C:/Xilinx/Projects/DRC_Rev2.0_Deliverables/Vitis2023.1/DRC_Rev2.0_SW/DRCPlatform/zynqmp_fsbl/zynqmp_fsbl_bsp/system.mss
TRACE::2025-03-23.19:50:10::SCWMssOS::DEBUG:  swdes dump  C:/Xilinx/Projects/DRC_Rev2.0_Deliverables/Vitis2023.1/DRC_Rev2.0_SW/DRCPlatform/zynqmp_fsbl/zynqmp_fsbl_bsp/system.mss|system||

TRACE::2025-03-23.19:50:10::SCWMssOS::Sw design exists and opened at  C:/Xilinx/Projects/DRC_Rev2.0_Deliverables/Vitis2023.1/DRC_Rev2.0_SW/DRCPlatform/zynqmp_fsbl/zynqmp_fsbl_bsp/system.mss
TRACE::2025-03-23.19:50:10::SCWMssOS:: library already available in sw design:  xilpm:5.0
TRACE::2025-03-23.19:50:10::SCWPlatform::Trying to open the hw design at C:/Xilinx/Projects/DRC_Rev2.0_Deliverables/Vitis2023.1/DRC_Rev2.0_SW/DRCPlatform/hw/DRC_Rev2.0_Deliverable.xsa
TRACE::2025-03-23.19:50:10::SCWPlatform::DSA given C:/Xilinx/Projects/DRC_Rev2.0_Deliverables/Vitis2023.1/DRC_Rev2.0_SW/DRCPlatform/hw/DRC_Rev2.0_Deliverable.xsa
TRACE::2025-03-23.19:50:10::SCWPlatform::DSA absoulate path C:/Xilinx/Projects/DRC_Rev2.0_Deliverables/Vitis2023.1/DRC_Rev2.0_SW/DRCPlatform/hw/DRC_Rev2.0_Deliverable.xsa
TRACE::2025-03-23.19:50:10::SCWPlatform::DSA directory C:/Xilinx/Projects/DRC_Rev2.0_Deliverables/Vitis2023.1/DRC_Rev2.0_SW/DRCPlatform/hw
TRACE::2025-03-23.19:50:10::SCWPlatform:: Platform Path C:/Xilinx/Projects/DRC_Rev2.0_Deliverables/Vitis2023.1/DRC_Rev2.0_SW/DRCPlatform/hw/DRC_Rev2.0_Deliverable.xsa
TRACE::2025-03-23.19:50:10::SCWPlatform:: Unique name xilinx:osdzu3eg1_2g_1v8_sip::0.0
TRACE::2025-03-23.19:50:10::SCWPlatform::Trying to set the existing hwdb with name design_1_wrapper_1
TRACE::2025-03-23.19:50:10::SCWPlatform::Opened existing hwdb design_1_wrapper_1
TRACE::2025-03-23.19:50:10::SCWPlatform::Found the Hw Db part of the input DSA
TRACE::2025-03-23.19:50:10::SCWMssOS::Checking the sw design at  C:/Xilinx/Projects/DRC_Rev2.0_Deliverables/Vitis2023.1/DRC_Rev2.0_SW/DRCPlatform/zynqmp_fsbl/zynqmp_fsbl_bsp/system.mss
TRACE::2025-03-23.19:50:10::SCWMssOS::DEBUG:  swdes dump  C:/Xilinx/Projects/DRC_Rev2.0_Deliverables/Vitis2023.1/DRC_Rev2.0_SW/DRCPlatform/zynqmp_fsbl/zynqmp_fsbl_bsp/system.mss|system||

TRACE::2025-03-23.19:50:10::SCWMssOS::Sw design exists and opened at  C:/Xilinx/Projects/DRC_Rev2.0_Deliverables/Vitis2023.1/DRC_Rev2.0_SW/DRCPlatform/zynqmp_fsbl/zynqmp_fsbl_bsp/system.mss
TRACE::2025-03-23.19:50:10::SCWPlatform::Trying to open the hw design at C:/Xilinx/Projects/DRC_Rev2.0_Deliverables/Vitis2023.1/DRC_Rev2.0_SW/DRCPlatform/hw/DRC_Rev2.0_Deliverable.xsa
TRACE::2025-03-23.19:50:10::SCWPlatform::DSA given C:/Xilinx/Projects/DRC_Rev2.0_Deliverables/Vitis2023.1/DRC_Rev2.0_SW/DRCPlatform/hw/DRC_Rev2.0_Deliverable.xsa
TRACE::2025-03-23.19:50:10::SCWPlatform::DSA absoulate path C:/Xilinx/Projects/DRC_Rev2.0_Deliverables/Vitis2023.1/DRC_Rev2.0_SW/DRCPlatform/hw/DRC_Rev2.0_Deliverable.xsa
TRACE::2025-03-23.19:50:10::SCWPlatform::DSA directory C:/Xilinx/Projects/DRC_Rev2.0_Deliverables/Vitis2023.1/DRC_Rev2.0_SW/DRCPlatform/hw
TRACE::2025-03-23.19:50:10::SCWPlatform:: Platform Path C:/Xilinx/Projects/DRC_Rev2.0_Deliverables/Vitis2023.1/DRC_Rev2.0_SW/DRCPlatform/hw/DRC_Rev2.0_Deliverable.xsa
TRACE::2025-03-23.19:50:10::SCWPlatform:: Unique name xilinx:osdzu3eg1_2g_1v8_sip::0.0
TRACE::2025-03-23.19:50:10::SCWPlatform::Trying to set the existing hwdb with name design_1_wrapper_1
TRACE::2025-03-23.19:50:10::SCWPlatform::Opened existing hwdb design_1_wrapper_1
TRACE::2025-03-23.19:50:10::SCWPlatform::Found the Hw Db part of the input DSA
TRACE::2025-03-23.19:50:10::SCWMssOS::Checking the sw design at  C:/Xilinx/Projects/DRC_Rev2.0_Deliverables/Vitis2023.1/DRC_Rev2.0_SW/DRCPlatform/zynqmp_fsbl/zynqmp_fsbl_bsp/system.mss
TRACE::2025-03-23.19:50:10::SCWMssOS::DEBUG:  swdes dump  C:/Xilinx/Projects/DRC_Rev2.0_Deliverables/Vitis2023.1/DRC_Rev2.0_SW/DRCPlatform/zynqmp_fsbl/zynqmp_fsbl_bsp/system.mss|system||

TRACE::2025-03-23.19:50:10::SCWMssOS::Sw design exists and opened at  C:/Xilinx/Projects/DRC_Rev2.0_Deliverables/Vitis2023.1/DRC_Rev2.0_SW/DRCPlatform/zynqmp_fsbl/zynqmp_fsbl_bsp/system.mss
TRACE::2025-03-23.19:50:10::SCWPlatform::Trying to open the hw design at C:/Xilinx/Projects/DRC_Rev2.0_Deliverables/Vitis2023.1/DRC_Rev2.0_SW/DRCPlatform/hw/DRC_Rev2.0_Deliverable.xsa
TRACE::2025-03-23.19:50:10::SCWPlatform::DSA given C:/Xilinx/Projects/DRC_Rev2.0_Deliverables/Vitis2023.1/DRC_Rev2.0_SW/DRCPlatform/hw/DRC_Rev2.0_Deliverable.xsa
TRACE::2025-03-23.19:50:10::SCWPlatform::DSA absoulate path C:/Xilinx/Projects/DRC_Rev2.0_Deliverables/Vitis2023.1/DRC_Rev2.0_SW/DRCPlatform/hw/DRC_Rev2.0_Deliverable.xsa
TRACE::2025-03-23.19:50:10::SCWPlatform::DSA directory C:/Xilinx/Projects/DRC_Rev2.0_Deliverables/Vitis2023.1/DRC_Rev2.0_SW/DRCPlatform/hw
TRACE::2025-03-23.19:50:10::SCWPlatform:: Platform Path C:/Xilinx/Projects/DRC_Rev2.0_Deliverables/Vitis2023.1/DRC_Rev2.0_SW/DRCPlatform/hw/DRC_Rev2.0_Deliverable.xsa
TRACE::2025-03-23.19:50:10::SCWPlatform:: Unique name xilinx:osdzu3eg1_2g_1v8_sip::0.0
TRACE::2025-03-23.19:50:10::SCWPlatform::Trying to set the existing hwdb with name design_1_wrapper_1
TRACE::2025-03-23.19:50:10::SCWPlatform::Opened existing hwdb design_1_wrapper_1
TRACE::2025-03-23.19:50:10::SCWPlatform::Found the Hw Db part of the input DSA
TRACE::2025-03-23.19:50:10::SCWMssOS::Checking the sw design at  C:/Xilinx/Projects/DRC_Rev2.0_Deliverables/Vitis2023.1/DRC_Rev2.0_SW/DRCPlatform/zynqmp_fsbl/zynqmp_fsbl_bsp/system.mss
TRACE::2025-03-23.19:50:10::SCWMssOS::DEBUG:  swdes dump  C:/Xilinx/Projects/DRC_Rev2.0_Deliverables/Vitis2023.1/DRC_Rev2.0_SW/DRCPlatform/zynqmp_fsbl/zynqmp_fsbl_bsp/system.mss|system||

TRACE::2025-03-23.19:50:10::SCWMssOS::Sw design exists and opened at  C:/Xilinx/Projects/DRC_Rev2.0_Deliverables/Vitis2023.1/DRC_Rev2.0_SW/DRCPlatform/zynqmp_fsbl/zynqmp_fsbl_bsp/system.mss
TRACE::2025-03-23.19:50:10::SCWPlatform::Trying to open the hw design at C:/Xilinx/Projects/DRC_Rev2.0_Deliverables/Vitis2023.1/DRC_Rev2.0_SW/DRCPlatform/hw/DRC_Rev2.0_Deliverable.xsa
TRACE::2025-03-23.19:50:10::SCWPlatform::DSA given C:/Xilinx/Projects/DRC_Rev2.0_Deliverables/Vitis2023.1/DRC_Rev2.0_SW/DRCPlatform/hw/DRC_Rev2.0_Deliverable.xsa
TRACE::2025-03-23.19:50:10::SCWPlatform::DSA absoulate path C:/Xilinx/Projects/DRC_Rev2.0_Deliverables/Vitis2023.1/DRC_Rev2.0_SW/DRCPlatform/hw/DRC_Rev2.0_Deliverable.xsa
TRACE::2025-03-23.19:50:10::SCWPlatform::DSA directory C:/Xilinx/Projects/DRC_Rev2.0_Deliverables/Vitis2023.1/DRC_Rev2.0_SW/DRCPlatform/hw
TRACE::2025-03-23.19:50:10::SCWPlatform:: Platform Path C:/Xilinx/Projects/DRC_Rev2.0_Deliverables/Vitis2023.1/DRC_Rev2.0_SW/DRCPlatform/hw/DRC_Rev2.0_Deliverable.xsa
TRACE::2025-03-23.19:50:10::SCWPlatform:: Unique name xilinx:osdzu3eg1_2g_1v8_sip::0.0
TRACE::2025-03-23.19:50:10::SCWPlatform::Trying to set the existing hwdb with name design_1_wrapper_1
TRACE::2025-03-23.19:50:10::SCWPlatform::Opened existing hwdb design_1_wrapper_1
TRACE::2025-03-23.19:50:10::SCWPlatform::Found the Hw Db part of the input DSA
TRACE::2025-03-23.19:50:10::SCWMssOS::Checking the sw design at  C:/Xilinx/Projects/DRC_Rev2.0_Deliverables/Vitis2023.1/DRC_Rev2.0_SW/DRCPlatform/zynqmp_fsbl/zynqmp_fsbl_bsp/system.mss
TRACE::2025-03-23.19:50:10::SCWMssOS::DEBUG:  swdes dump  C:/Xilinx/Projects/DRC_Rev2.0_Deliverables/Vitis2023.1/DRC_Rev2.0_SW/DRCPlatform/zynqmp_fsbl/zynqmp_fsbl_bsp/system.mss|system||

TRACE::2025-03-23.19:50:10::SCWMssOS::Sw design exists and opened at  C:/Xilinx/Projects/DRC_Rev2.0_Deliverables/Vitis2023.1/DRC_Rev2.0_SW/DRCPlatform/zynqmp_fsbl/zynqmp_fsbl_bsp/system.mss
TRACE::2025-03-23.19:50:10::SCWPlatform::Trying to open the hw design at C:/Xilinx/Projects/DRC_Rev2.0_Deliverables/Vitis2023.1/DRC_Rev2.0_SW/DRCPlatform/hw/DRC_Rev2.0_Deliverable.xsa
TRACE::2025-03-23.19:50:10::SCWPlatform::DSA given C:/Xilinx/Projects/DRC_Rev2.0_Deliverables/Vitis2023.1/DRC_Rev2.0_SW/DRCPlatform/hw/DRC_Rev2.0_Deliverable.xsa
TRACE::2025-03-23.19:50:10::SCWPlatform::DSA absoulate path C:/Xilinx/Projects/DRC_Rev2.0_Deliverables/Vitis2023.1/DRC_Rev2.0_SW/DRCPlatform/hw/DRC_Rev2.0_Deliverable.xsa
TRACE::2025-03-23.19:50:10::SCWPlatform::DSA directory C:/Xilinx/Projects/DRC_Rev2.0_Deliverables/Vitis2023.1/DRC_Rev2.0_SW/DRCPlatform/hw
TRACE::2025-03-23.19:50:10::SCWPlatform:: Platform Path C:/Xilinx/Projects/DRC_Rev2.0_Deliverables/Vitis2023.1/DRC_Rev2.0_SW/DRCPlatform/hw/DRC_Rev2.0_Deliverable.xsa
TRACE::2025-03-23.19:50:10::SCWPlatform:: Unique name xilinx:osdzu3eg1_2g_1v8_sip::0.0
TRACE::2025-03-23.19:50:10::SCWPlatform::Trying to set the existing hwdb with name design_1_wrapper_1
TRACE::2025-03-23.19:50:10::SCWPlatform::Opened existing hwdb design_1_wrapper_1
TRACE::2025-03-23.19:50:10::SCWPlatform::Found the Hw Db part of the input DSA
TRACE::2025-03-23.19:50:10::SCWMssOS::Checking the sw design at  C:/Xilinx/Projects/DRC_Rev2.0_Deliverables/Vitis2023.1/DRC_Rev2.0_SW/DRCPlatform/zynqmp_fsbl/zynqmp_fsbl_bsp/system.mss
TRACE::2025-03-23.19:50:10::SCWMssOS::DEBUG:  swdes dump  C:/Xilinx/Projects/DRC_Rev2.0_Deliverables/Vitis2023.1/DRC_Rev2.0_SW/DRCPlatform/zynqmp_fsbl/zynqmp_fsbl_bsp/system.mss|system||

TRACE::2025-03-23.19:50:10::SCWMssOS::Sw design exists and opened at  C:/Xilinx/Projects/DRC_Rev2.0_Deliverables/Vitis2023.1/DRC_Rev2.0_SW/DRCPlatform/zynqmp_fsbl/zynqmp_fsbl_bsp/system.mss
TRACE::2025-03-23.19:50:10::SCWPlatform::Trying to open the hw design at C:/Xilinx/Projects/DRC_Rev2.0_Deliverables/Vitis2023.1/DRC_Rev2.0_SW/DRCPlatform/hw/DRC_Rev2.0_Deliverable.xsa
TRACE::2025-03-23.19:50:10::SCWPlatform::DSA given C:/Xilinx/Projects/DRC_Rev2.0_Deliverables/Vitis2023.1/DRC_Rev2.0_SW/DRCPlatform/hw/DRC_Rev2.0_Deliverable.xsa
TRACE::2025-03-23.19:50:10::SCWPlatform::DSA absoulate path C:/Xilinx/Projects/DRC_Rev2.0_Deliverables/Vitis2023.1/DRC_Rev2.0_SW/DRCPlatform/hw/DRC_Rev2.0_Deliverable.xsa
TRACE::2025-03-23.19:50:10::SCWPlatform::DSA directory C:/Xilinx/Projects/DRC_Rev2.0_Deliverables/Vitis2023.1/DRC_Rev2.0_SW/DRCPlatform/hw
TRACE::2025-03-23.19:50:10::SCWPlatform:: Platform Path C:/Xilinx/Projects/DRC_Rev2.0_Deliverables/Vitis2023.1/DRC_Rev2.0_SW/DRCPlatform/hw/DRC_Rev2.0_Deliverable.xsa
TRACE::2025-03-23.19:50:10::SCWPlatform:: Unique name xilinx:osdzu3eg1_2g_1v8_sip::0.0
TRACE::2025-03-23.19:50:10::SCWPlatform::Trying to set the existing hwdb with name design_1_wrapper_1
TRACE::2025-03-23.19:50:10::SCWPlatform::Opened existing hwdb design_1_wrapper_1
TRACE::2025-03-23.19:50:10::SCWPlatform::Found the Hw Db part of the input DSA
TRACE::2025-03-23.19:50:10::SCWMssOS::Checking the sw design at  C:/Xilinx/Projects/DRC_Rev2.0_Deliverables/Vitis2023.1/DRC_Rev2.0_SW/DRCPlatform/zynqmp_fsbl/zynqmp_fsbl_bsp/system.mss
TRACE::2025-03-23.19:50:10::SCWMssOS::DEBUG:  swdes dump  C:/Xilinx/Projects/DRC_Rev2.0_Deliverables/Vitis2023.1/DRC_Rev2.0_SW/DRCPlatform/zynqmp_fsbl/zynqmp_fsbl_bsp/system.mss|system||

TRACE::2025-03-23.19:50:10::SCWMssOS::Sw design exists and opened at  C:/Xilinx/Projects/DRC_Rev2.0_Deliverables/Vitis2023.1/DRC_Rev2.0_SW/DRCPlatform/zynqmp_fsbl/zynqmp_fsbl_bsp/system.mss
TRACE::2025-03-23.19:50:10::SCWPlatform::Trying to open the hw design at C:/Xilinx/Projects/DRC_Rev2.0_Deliverables/Vitis2023.1/DRC_Rev2.0_SW/DRCPlatform/hw/DRC_Rev2.0_Deliverable.xsa
TRACE::2025-03-23.19:50:10::SCWPlatform::DSA given C:/Xilinx/Projects/DRC_Rev2.0_Deliverables/Vitis2023.1/DRC_Rev2.0_SW/DRCPlatform/hw/DRC_Rev2.0_Deliverable.xsa
TRACE::2025-03-23.19:50:10::SCWPlatform::DSA absoulate path C:/Xilinx/Projects/DRC_Rev2.0_Deliverables/Vitis2023.1/DRC_Rev2.0_SW/DRCPlatform/hw/DRC_Rev2.0_Deliverable.xsa
TRACE::2025-03-23.19:50:10::SCWPlatform::DSA directory C:/Xilinx/Projects/DRC_Rev2.0_Deliverables/Vitis2023.1/DRC_Rev2.0_SW/DRCPlatform/hw
TRACE::2025-03-23.19:50:10::SCWPlatform:: Platform Path C:/Xilinx/Projects/DRC_Rev2.0_Deliverables/Vitis2023.1/DRC_Rev2.0_SW/DRCPlatform/hw/DRC_Rev2.0_Deliverable.xsa
TRACE::2025-03-23.19:50:10::SCWPlatform:: Unique name xilinx:osdzu3eg1_2g_1v8_sip::0.0
TRACE::2025-03-23.19:50:10::SCWPlatform::Trying to set the existing hwdb with name design_1_wrapper_1
TRACE::2025-03-23.19:50:10::SCWPlatform::Opened existing hwdb design_1_wrapper_1
TRACE::2025-03-23.19:50:10::SCWPlatform::Found the Hw Db part of the input DSA
TRACE::2025-03-23.19:50:10::SCWMssOS::Checking the sw design at  C:/Xilinx/Projects/DRC_Rev2.0_Deliverables/Vitis2023.1/DRC_Rev2.0_SW/DRCPlatform/zynqmp_fsbl/zynqmp_fsbl_bsp/system.mss
TRACE::2025-03-23.19:50:10::SCWMssOS::DEBUG:  swdes dump  C:/Xilinx/Projects/DRC_Rev2.0_Deliverables/Vitis2023.1/DRC_Rev2.0_SW/DRCPlatform/zynqmp_fsbl/zynqmp_fsbl_bsp/system.mss|system||

TRACE::2025-03-23.19:50:10::SCWMssOS::Sw design exists and opened at  C:/Xilinx/Projects/DRC_Rev2.0_Deliverables/Vitis2023.1/DRC_Rev2.0_SW/DRCPlatform/zynqmp_fsbl/zynqmp_fsbl_bsp/system.mss
TRACE::2025-03-23.19:50:10::SCWPlatform::Trying to open the hw design at C:/Xilinx/Projects/DRC_Rev2.0_Deliverables/Vitis2023.1/DRC_Rev2.0_SW/DRCPlatform/hw/DRC_Rev2.0_Deliverable.xsa
TRACE::2025-03-23.19:50:10::SCWPlatform::DSA given C:/Xilinx/Projects/DRC_Rev2.0_Deliverables/Vitis2023.1/DRC_Rev2.0_SW/DRCPlatform/hw/DRC_Rev2.0_Deliverable.xsa
TRACE::2025-03-23.19:50:10::SCWPlatform::DSA absoulate path C:/Xilinx/Projects/DRC_Rev2.0_Deliverables/Vitis2023.1/DRC_Rev2.0_SW/DRCPlatform/hw/DRC_Rev2.0_Deliverable.xsa
TRACE::2025-03-23.19:50:10::SCWPlatform::DSA directory C:/Xilinx/Projects/DRC_Rev2.0_Deliverables/Vitis2023.1/DRC_Rev2.0_SW/DRCPlatform/hw
TRACE::2025-03-23.19:50:10::SCWPlatform:: Platform Path C:/Xilinx/Projects/DRC_Rev2.0_Deliverables/Vitis2023.1/DRC_Rev2.0_SW/DRCPlatform/hw/DRC_Rev2.0_Deliverable.xsa
TRACE::2025-03-23.19:50:10::SCWPlatform:: Unique name xilinx:osdzu3eg1_2g_1v8_sip::0.0
TRACE::2025-03-23.19:50:10::SCWPlatform::Trying to set the existing hwdb with name design_1_wrapper_1
TRACE::2025-03-23.19:50:10::SCWPlatform::Opened existing hwdb design_1_wrapper_1
TRACE::2025-03-23.19:50:10::SCWPlatform::Found the Hw Db part of the input DSA
TRACE::2025-03-23.19:50:10::SCWMssOS::Checking the sw design at  C:/Xilinx/Projects/DRC_Rev2.0_Deliverables/Vitis2023.1/DRC_Rev2.0_SW/DRCPlatform/zynqmp_fsbl/zynqmp_fsbl_bsp/system.mss
TRACE::2025-03-23.19:50:10::SCWMssOS::DEBUG:  swdes dump  C:/Xilinx/Projects/DRC_Rev2.0_Deliverables/Vitis2023.1/DRC_Rev2.0_SW/DRCPlatform/zynqmp_fsbl/zynqmp_fsbl_bsp/system.mss|system||

TRACE::2025-03-23.19:50:10::SCWMssOS::Sw design exists and opened at  C:/Xilinx/Projects/DRC_Rev2.0_Deliverables/Vitis2023.1/DRC_Rev2.0_SW/DRCPlatform/zynqmp_fsbl/zynqmp_fsbl_bsp/system.mss
TRACE::2025-03-23.19:50:10::SCWMssOS::Saving the mss changes C:/Xilinx/Projects/DRC_Rev2.0_Deliverables/Vitis2023.1/DRC_Rev2.0_SW/DRCPlatform/zynqmp_fsbl/zynqmp_fsbl_bsp/system.mss
TRACE::2025-03-23.19:50:10::SCWMssOS::Found a swdesign opened with the mssfile.
TRACE::2025-03-23.19:50:10::SCWMssOS::Completed writemss as part of save.
TRACE::2025-03-23.19:50:10::SCWMssOS::Commit changes completed.
TRACE::2025-03-23.19:50:10::SCWReader::Adding prebuilt librarypaths as   
TRACE::2025-03-23.19:50:10::SCWReader::Adding prebuilt incpaths  as   
TRACE::2025-03-23.19:50:10::SCWPlatform::Trying to open the hw design at C:/Xilinx/Projects/DRC_Rev2.0_Deliverables/Vitis2023.1/DRC_Rev2.0_SW/DRCPlatform/hw/DRC_Rev2.0_Deliverable.xsa
TRACE::2025-03-23.19:50:10::SCWPlatform::DSA given C:/Xilinx/Projects/DRC_Rev2.0_Deliverables/Vitis2023.1/DRC_Rev2.0_SW/DRCPlatform/hw/DRC_Rev2.0_Deliverable.xsa
TRACE::2025-03-23.19:50:10::SCWPlatform::DSA absoulate path C:/Xilinx/Projects/DRC_Rev2.0_Deliverables/Vitis2023.1/DRC_Rev2.0_SW/DRCPlatform/hw/DRC_Rev2.0_Deliverable.xsa
TRACE::2025-03-23.19:50:10::SCWPlatform::DSA directory C:/Xilinx/Projects/DRC_Rev2.0_Deliverables/Vitis2023.1/DRC_Rev2.0_SW/DRCPlatform/hw
TRACE::2025-03-23.19:50:10::SCWPlatform:: Platform Path C:/Xilinx/Projects/DRC_Rev2.0_Deliverables/Vitis2023.1/DRC_Rev2.0_SW/DRCPlatform/hw/DRC_Rev2.0_Deliverable.xsa
TRACE::2025-03-23.19:50:10::SCWPlatform:: Unique name xilinx:osdzu3eg1_2g_1v8_sip::0.0
TRACE::2025-03-23.19:50:10::SCWPlatform::Trying to set the existing hwdb with name design_1_wrapper_1
TRACE::2025-03-23.19:50:10::SCWPlatform::Opened existing hwdb design_1_wrapper_1
TRACE::2025-03-23.19:50:10::SCWPlatform::Found the Hw Db part of the input DSA
TRACE::2025-03-23.19:50:10::SCWMssOS::Checking the sw design at  C:/Xilinx/Projects/DRC_Rev2.0_Deliverables/Vitis2023.1/DRC_Rev2.0_SW/DRCPlatform/zynqmp_fsbl/zynqmp_fsbl_bsp/system.mss
TRACE::2025-03-23.19:50:10::SCWMssOS::DEBUG:  swdes dump  C:/Xilinx/Projects/DRC_Rev2.0_Deliverables/Vitis2023.1/DRC_Rev2.0_SW/DRCPlatform/zynqmp_fsbl/zynqmp_fsbl_bsp/system.mss|system||

TRACE::2025-03-23.19:50:10::SCWMssOS::Sw design exists and opened at  C:/Xilinx/Projects/DRC_Rev2.0_Deliverables/Vitis2023.1/DRC_Rev2.0_SW/DRCPlatform/zynqmp_fsbl/zynqmp_fsbl_bsp/system.mss
TRACE::2025-03-23.19:50:10::SCWReader::No isolation master present  
TRACE::2025-03-23.19:50:10::SCWDomain::checking for install qemu data   : 
TRACE::2025-03-23.19:50:10::SCWDomain:: Using the QEMU Data from install at  : C:/Xilinx/Vitis/2023.1/data/emulation/platforms/zynqmp/sw/a53_standalone/qemu/
TRACE::2025-03-23.19:50:10::SCWDomain:: Using the QEMU args  from install at  : C:/Xilinx/Vitis/2023.1/data/emulation/platforms/zynqmp/sw/a53_standalone/qemu/qemu_args.txt
TRACE::2025-03-23.19:50:10::SCWDomain:: Using the PMUQEMU args from install at  : C:/Xilinx/Vitis/2023.1/data/emulation/platforms/zynqmp/sw/a53_standalone/qemu/pmu_args.txt
TRACE::2025-03-23.19:50:10::SCWPlatform::Trying to open the hw design at C:/Xilinx/Projects/DRC_Rev2.0_Deliverables/Vitis2023.1/DRC_Rev2.0_SW/DRCPlatform/hw/DRC_Rev2.0_Deliverable.xsa
TRACE::2025-03-23.19:50:10::SCWPlatform::DSA given C:/Xilinx/Projects/DRC_Rev2.0_Deliverables/Vitis2023.1/DRC_Rev2.0_SW/DRCPlatform/hw/DRC_Rev2.0_Deliverable.xsa
TRACE::2025-03-23.19:50:10::SCWPlatform::DSA absoulate path C:/Xilinx/Projects/DRC_Rev2.0_Deliverables/Vitis2023.1/DRC_Rev2.0_SW/DRCPlatform/hw/DRC_Rev2.0_Deliverable.xsa
TRACE::2025-03-23.19:50:10::SCWPlatform::DSA directory C:/Xilinx/Projects/DRC_Rev2.0_Deliverables/Vitis2023.1/DRC_Rev2.0_SW/DRCPlatform/hw
TRACE::2025-03-23.19:50:10::SCWPlatform:: Platform Path C:/Xilinx/Projects/DRC_Rev2.0_Deliverables/Vitis2023.1/DRC_Rev2.0_SW/DRCPlatform/hw/DRC_Rev2.0_Deliverable.xsa
TRACE::2025-03-23.19:50:10::SCWPlatform:: Unique name xilinx:osdzu3eg1_2g_1v8_sip::0.0
TRACE::2025-03-23.19:50:10::SCWPlatform::Trying to set the existing hwdb with name design_1_wrapper_1
TRACE::2025-03-23.19:50:10::SCWPlatform::Opened existing hwdb design_1_wrapper_1
TRACE::2025-03-23.19:50:10::SCWPlatform::Found the Hw Db part of the input DSA
TRACE::2025-03-23.19:50:10::SCWReader::Boot application domain added for zynqmp_pmufw
TRACE::2025-03-23.19:50:10::SCWPlatform::Trying to open the hw design at C:/Xilinx/Projects/DRC_Rev2.0_Deliverables/Vitis2023.1/DRC_Rev2.0_SW/DRCPlatform/hw/DRC_Rev2.0_Deliverable.xsa
TRACE::2025-03-23.19:50:10::SCWPlatform::DSA given C:/Xilinx/Projects/DRC_Rev2.0_Deliverables/Vitis2023.1/DRC_Rev2.0_SW/DRCPlatform/hw/DRC_Rev2.0_Deliverable.xsa
TRACE::2025-03-23.19:50:10::SCWPlatform::DSA absoulate path C:/Xilinx/Projects/DRC_Rev2.0_Deliverables/Vitis2023.1/DRC_Rev2.0_SW/DRCPlatform/hw/DRC_Rev2.0_Deliverable.xsa
TRACE::2025-03-23.19:50:10::SCWPlatform::DSA directory C:/Xilinx/Projects/DRC_Rev2.0_Deliverables/Vitis2023.1/DRC_Rev2.0_SW/DRCPlatform/hw
TRACE::2025-03-23.19:50:10::SCWPlatform:: Platform Path C:/Xilinx/Projects/DRC_Rev2.0_Deliverables/Vitis2023.1/DRC_Rev2.0_SW/DRCPlatform/hw/DRC_Rev2.0_Deliverable.xsa
TRACE::2025-03-23.19:50:10::SCWPlatform:: Unique name xilinx:osdzu3eg1_2g_1v8_sip::0.0
TRACE::2025-03-23.19:50:10::SCWPlatform::Trying to set the existing hwdb with name design_1_wrapper_1
TRACE::2025-03-23.19:50:10::SCWPlatform::Opened existing hwdb design_1_wrapper_1
TRACE::2025-03-23.19:50:10::SCWPlatform::Found the Hw Db part of the input DSA
TRACE::2025-03-23.19:50:10::SCWMssOS::Checking the sw design at  C:/Xilinx/Projects/DRC_Rev2.0_Deliverables/Vitis2023.1/DRC_Rev2.0_SW/DRCPlatform/zynqmp_pmufw/zynqmp_pmufw_bsp/system.mss
TRACE::2025-03-23.19:50:10::SCWMssOS::DEBUG:  swdes dump  C:/Xilinx/Projects/DRC_Rev2.0_Deliverables/Vitis2023.1/DRC_Rev2.0_SW/DRCPlatform/zynqmp_fsbl/zynqmp_fsbl_bsp/system.mss|system||

TRACE::2025-03-23.19:50:10::SCWMssOS::No sw design opened at  C:/Xilinx/Projects/DRC_Rev2.0_Deliverables/Vitis2023.1/DRC_Rev2.0_SW/DRCPlatform/zynqmp_pmufw/zynqmp_pmufw_bsp/system.mss
TRACE::2025-03-23.19:50:10::SCWMssOS::mss exists loading the mss file  C:/Xilinx/Projects/DRC_Rev2.0_Deliverables/Vitis2023.1/DRC_Rev2.0_SW/DRCPlatform/zynqmp_pmufw/zynqmp_pmufw_bsp/system.mss
TRACE::2025-03-23.19:50:10::SCWMssOS::Opened the sw design from mss  C:/Xilinx/Projects/DRC_Rev2.0_Deliverables/Vitis2023.1/DRC_Rev2.0_SW/DRCPlatform/zynqmp_pmufw/zynqmp_pmufw_bsp/system.mss
TRACE::2025-03-23.19:50:10::SCWMssOS::Adding the swdes entry C:/Xilinx/Projects/DRC_Rev2.0_Deliverables/Vitis2023.1/DRC_Rev2.0_SW/DRCPlatform/zynqmp_pmufw/zynqmp_pmufw_bsp/system.mss with des name system_0
TRACE::2025-03-23.19:50:10::SCWMssOS::updating the scw layer about changes
TRACE::2025-03-23.19:50:10::SCWMssOS::Opened the sw design.  C:/Xilinx/Projects/DRC_Rev2.0_Deliverables/Vitis2023.1/DRC_Rev2.0_SW/DRCPlatform/zynqmp_pmufw/zynqmp_pmufw_bsp/system.mss
TRACE::2025-03-23.19:50:10::SCWPlatform::Trying to open the hw design at C:/Xilinx/Projects/DRC_Rev2.0_Deliverables/Vitis2023.1/DRC_Rev2.0_SW/DRCPlatform/hw/DRC_Rev2.0_Deliverable.xsa
TRACE::2025-03-23.19:50:10::SCWPlatform::DSA given C:/Xilinx/Projects/DRC_Rev2.0_Deliverables/Vitis2023.1/DRC_Rev2.0_SW/DRCPlatform/hw/DRC_Rev2.0_Deliverable.xsa
TRACE::2025-03-23.19:50:10::SCWPlatform::DSA absoulate path C:/Xilinx/Projects/DRC_Rev2.0_Deliverables/Vitis2023.1/DRC_Rev2.0_SW/DRCPlatform/hw/DRC_Rev2.0_Deliverable.xsa
TRACE::2025-03-23.19:50:10::SCWPlatform::DSA directory C:/Xilinx/Projects/DRC_Rev2.0_Deliverables/Vitis2023.1/DRC_Rev2.0_SW/DRCPlatform/hw
TRACE::2025-03-23.19:50:10::SCWPlatform:: Platform Path C:/Xilinx/Projects/DRC_Rev2.0_Deliverables/Vitis2023.1/DRC_Rev2.0_SW/DRCPlatform/hw/DRC_Rev2.0_Deliverable.xsa
TRACE::2025-03-23.19:50:10::SCWPlatform:: Unique name xilinx:osdzu3eg1_2g_1v8_sip::0.0
TRACE::2025-03-23.19:50:10::SCWPlatform::Trying to set the existing hwdb with name design_1_wrapper_1
TRACE::2025-03-23.19:50:10::SCWPlatform::Opened existing hwdb design_1_wrapper_1
TRACE::2025-03-23.19:50:10::SCWPlatform::Found the Hw Db part of the input DSA
TRACE::2025-03-23.19:50:10::SCWMssOS::Checking the sw design at  C:/Xilinx/Projects/DRC_Rev2.0_Deliverables/Vitis2023.1/DRC_Rev2.0_SW/DRCPlatform/zynqmp_pmufw/zynqmp_pmufw_bsp/system.mss
TRACE::2025-03-23.19:50:10::SCWMssOS::DEBUG:  swdes dump  C:/Xilinx/Projects/DRC_Rev2.0_Deliverables/Vitis2023.1/DRC_Rev2.0_SW/DRCPlatform/zynqmp_fsbl/zynqmp_fsbl_bsp/system.mss|system||
C:/Xilinx/Projects/DRC_Rev2.0_Deliverables/Vitis2023.1/DRC_Rev2.0_SW/DRCPlatform/zynqmp_pmufw/zynqmp_pmufw_bsp/system.mss|system_0||

TRACE::2025-03-23.19:50:10::SCWMssOS::Sw design exists and opened at  C:/Xilinx/Projects/DRC_Rev2.0_Deliverables/Vitis2023.1/DRC_Rev2.0_SW/DRCPlatform/zynqmp_pmufw/zynqmp_pmufw_bsp/system.mss
TRACE::2025-03-23.19:50:10::SCWMssOS:: library already available in sw design:  xilfpga:6.4
TRACE::2025-03-23.19:50:10::SCWPlatform::Trying to open the hw design at C:/Xilinx/Projects/DRC_Rev2.0_Deliverables/Vitis2023.1/DRC_Rev2.0_SW/DRCPlatform/hw/DRC_Rev2.0_Deliverable.xsa
TRACE::2025-03-23.19:50:10::SCWPlatform::DSA given C:/Xilinx/Projects/DRC_Rev2.0_Deliverables/Vitis2023.1/DRC_Rev2.0_SW/DRCPlatform/hw/DRC_Rev2.0_Deliverable.xsa
TRACE::2025-03-23.19:50:10::SCWPlatform::DSA absoulate path C:/Xilinx/Projects/DRC_Rev2.0_Deliverables/Vitis2023.1/DRC_Rev2.0_SW/DRCPlatform/hw/DRC_Rev2.0_Deliverable.xsa
TRACE::2025-03-23.19:50:10::SCWPlatform::DSA directory C:/Xilinx/Projects/DRC_Rev2.0_Deliverables/Vitis2023.1/DRC_Rev2.0_SW/DRCPlatform/hw
TRACE::2025-03-23.19:50:10::SCWPlatform:: Platform Path C:/Xilinx/Projects/DRC_Rev2.0_Deliverables/Vitis2023.1/DRC_Rev2.0_SW/DRCPlatform/hw/DRC_Rev2.0_Deliverable.xsa
TRACE::2025-03-23.19:50:10::SCWPlatform:: Unique name xilinx:osdzu3eg1_2g_1v8_sip::0.0
TRACE::2025-03-23.19:50:10::SCWPlatform::Trying to set the existing hwdb with name design_1_wrapper_1
TRACE::2025-03-23.19:50:10::SCWPlatform::Opened existing hwdb design_1_wrapper_1
TRACE::2025-03-23.19:50:10::SCWPlatform::Found the Hw Db part of the input DSA
TRACE::2025-03-23.19:50:10::SCWMssOS::Checking the sw design at  C:/Xilinx/Projects/DRC_Rev2.0_Deliverables/Vitis2023.1/DRC_Rev2.0_SW/DRCPlatform/zynqmp_pmufw/zynqmp_pmufw_bsp/system.mss
TRACE::2025-03-23.19:50:10::SCWMssOS::DEBUG:  swdes dump  C:/Xilinx/Projects/DRC_Rev2.0_Deliverables/Vitis2023.1/DRC_Rev2.0_SW/DRCPlatform/zynqmp_fsbl/zynqmp_fsbl_bsp/system.mss|system||
C:/Xilinx/Projects/DRC_Rev2.0_Deliverables/Vitis2023.1/DRC_Rev2.0_SW/DRCPlatform/zynqmp_pmufw/zynqmp_pmufw_bsp/system.mss|system_0||

TRACE::2025-03-23.19:50:10::SCWMssOS::Sw design exists and opened at  C:/Xilinx/Projects/DRC_Rev2.0_Deliverables/Vitis2023.1/DRC_Rev2.0_SW/DRCPlatform/zynqmp_pmufw/zynqmp_pmufw_bsp/system.mss
TRACE::2025-03-23.19:50:10::SCWMssOS:: library already available in sw design:  xilsecure:5.1
TRACE::2025-03-23.19:50:10::SCWPlatform::Trying to open the hw design at C:/Xilinx/Projects/DRC_Rev2.0_Deliverables/Vitis2023.1/DRC_Rev2.0_SW/DRCPlatform/hw/DRC_Rev2.0_Deliverable.xsa
TRACE::2025-03-23.19:50:10::SCWPlatform::DSA given C:/Xilinx/Projects/DRC_Rev2.0_Deliverables/Vitis2023.1/DRC_Rev2.0_SW/DRCPlatform/hw/DRC_Rev2.0_Deliverable.xsa
TRACE::2025-03-23.19:50:10::SCWPlatform::DSA absoulate path C:/Xilinx/Projects/DRC_Rev2.0_Deliverables/Vitis2023.1/DRC_Rev2.0_SW/DRCPlatform/hw/DRC_Rev2.0_Deliverable.xsa
TRACE::2025-03-23.19:50:10::SCWPlatform::DSA directory C:/Xilinx/Projects/DRC_Rev2.0_Deliverables/Vitis2023.1/DRC_Rev2.0_SW/DRCPlatform/hw
TRACE::2025-03-23.19:50:10::SCWPlatform:: Platform Path C:/Xilinx/Projects/DRC_Rev2.0_Deliverables/Vitis2023.1/DRC_Rev2.0_SW/DRCPlatform/hw/DRC_Rev2.0_Deliverable.xsa
TRACE::2025-03-23.19:50:10::SCWPlatform:: Unique name xilinx:osdzu3eg1_2g_1v8_sip::0.0
TRACE::2025-03-23.19:50:10::SCWPlatform::Trying to set the existing hwdb with name design_1_wrapper_1
TRACE::2025-03-23.19:50:10::SCWPlatform::Opened existing hwdb design_1_wrapper_1
TRACE::2025-03-23.19:50:10::SCWPlatform::Found the Hw Db part of the input DSA
TRACE::2025-03-23.19:50:10::SCWMssOS::Checking the sw design at  C:/Xilinx/Projects/DRC_Rev2.0_Deliverables/Vitis2023.1/DRC_Rev2.0_SW/DRCPlatform/zynqmp_pmufw/zynqmp_pmufw_bsp/system.mss
TRACE::2025-03-23.19:50:10::SCWMssOS::DEBUG:  swdes dump  C:/Xilinx/Projects/DRC_Rev2.0_Deliverables/Vitis2023.1/DRC_Rev2.0_SW/DRCPlatform/zynqmp_fsbl/zynqmp_fsbl_bsp/system.mss|system||
C:/Xilinx/Projects/DRC_Rev2.0_Deliverables/Vitis2023.1/DRC_Rev2.0_SW/DRCPlatform/zynqmp_pmufw/zynqmp_pmufw_bsp/system.mss|system_0||

TRACE::2025-03-23.19:50:10::SCWMssOS::Sw design exists and opened at  C:/Xilinx/Projects/DRC_Rev2.0_Deliverables/Vitis2023.1/DRC_Rev2.0_SW/DRCPlatform/zynqmp_pmufw/zynqmp_pmufw_bsp/system.mss
TRACE::2025-03-23.19:50:10::SCWMssOS:: library already available in sw design:  xilskey:7.4
TRACE::2025-03-23.19:50:10::SCWPlatform::Trying to open the hw design at C:/Xilinx/Projects/DRC_Rev2.0_Deliverables/Vitis2023.1/DRC_Rev2.0_SW/DRCPlatform/hw/DRC_Rev2.0_Deliverable.xsa
TRACE::2025-03-23.19:50:10::SCWPlatform::DSA given C:/Xilinx/Projects/DRC_Rev2.0_Deliverables/Vitis2023.1/DRC_Rev2.0_SW/DRCPlatform/hw/DRC_Rev2.0_Deliverable.xsa
TRACE::2025-03-23.19:50:10::SCWPlatform::DSA absoulate path C:/Xilinx/Projects/DRC_Rev2.0_Deliverables/Vitis2023.1/DRC_Rev2.0_SW/DRCPlatform/hw/DRC_Rev2.0_Deliverable.xsa
TRACE::2025-03-23.19:50:10::SCWPlatform::DSA directory C:/Xilinx/Projects/DRC_Rev2.0_Deliverables/Vitis2023.1/DRC_Rev2.0_SW/DRCPlatform/hw
TRACE::2025-03-23.19:50:10::SCWPlatform:: Platform Path C:/Xilinx/Projects/DRC_Rev2.0_Deliverables/Vitis2023.1/DRC_Rev2.0_SW/DRCPlatform/hw/DRC_Rev2.0_Deliverable.xsa
TRACE::2025-03-23.19:50:10::SCWPlatform:: Unique name xilinx:osdzu3eg1_2g_1v8_sip::0.0
TRACE::2025-03-23.19:50:10::SCWPlatform::Trying to set the existing hwdb with name design_1_wrapper_1
TRACE::2025-03-23.19:50:10::SCWPlatform::Opened existing hwdb design_1_wrapper_1
TRACE::2025-03-23.19:50:10::SCWPlatform::Found the Hw Db part of the input DSA
TRACE::2025-03-23.19:50:10::SCWMssOS::Checking the sw design at  C:/Xilinx/Projects/DRC_Rev2.0_Deliverables/Vitis2023.1/DRC_Rev2.0_SW/DRCPlatform/zynqmp_pmufw/zynqmp_pmufw_bsp/system.mss
TRACE::2025-03-23.19:50:10::SCWMssOS::DEBUG:  swdes dump  C:/Xilinx/Projects/DRC_Rev2.0_Deliverables/Vitis2023.1/DRC_Rev2.0_SW/DRCPlatform/zynqmp_fsbl/zynqmp_fsbl_bsp/system.mss|system||
C:/Xilinx/Projects/DRC_Rev2.0_Deliverables/Vitis2023.1/DRC_Rev2.0_SW/DRCPlatform/zynqmp_pmufw/zynqmp_pmufw_bsp/system.mss|system_0||

TRACE::2025-03-23.19:50:10::SCWMssOS::Sw design exists and opened at  C:/Xilinx/Projects/DRC_Rev2.0_Deliverables/Vitis2023.1/DRC_Rev2.0_SW/DRCPlatform/zynqmp_pmufw/zynqmp_pmufw_bsp/system.mss
TRACE::2025-03-23.19:50:10::SCWPlatform::Trying to open the hw design at C:/Xilinx/Projects/DRC_Rev2.0_Deliverables/Vitis2023.1/DRC_Rev2.0_SW/DRCPlatform/hw/DRC_Rev2.0_Deliverable.xsa
TRACE::2025-03-23.19:50:10::SCWPlatform::DSA given C:/Xilinx/Projects/DRC_Rev2.0_Deliverables/Vitis2023.1/DRC_Rev2.0_SW/DRCPlatform/hw/DRC_Rev2.0_Deliverable.xsa
TRACE::2025-03-23.19:50:10::SCWPlatform::DSA absoulate path C:/Xilinx/Projects/DRC_Rev2.0_Deliverables/Vitis2023.1/DRC_Rev2.0_SW/DRCPlatform/hw/DRC_Rev2.0_Deliverable.xsa
TRACE::2025-03-23.19:50:10::SCWPlatform::DSA directory C:/Xilinx/Projects/DRC_Rev2.0_Deliverables/Vitis2023.1/DRC_Rev2.0_SW/DRCPlatform/hw
TRACE::2025-03-23.19:50:10::SCWPlatform:: Platform Path C:/Xilinx/Projects/DRC_Rev2.0_Deliverables/Vitis2023.1/DRC_Rev2.0_SW/DRCPlatform/hw/DRC_Rev2.0_Deliverable.xsa
TRACE::2025-03-23.19:50:10::SCWPlatform:: Unique name xilinx:osdzu3eg1_2g_1v8_sip::0.0
TRACE::2025-03-23.19:50:10::SCWPlatform::Trying to set the existing hwdb with name design_1_wrapper_1
TRACE::2025-03-23.19:50:10::SCWPlatform::Opened existing hwdb design_1_wrapper_1
TRACE::2025-03-23.19:50:10::SCWPlatform::Found the Hw Db part of the input DSA
TRACE::2025-03-23.19:50:10::SCWMssOS::Checking the sw design at  C:/Xilinx/Projects/DRC_Rev2.0_Deliverables/Vitis2023.1/DRC_Rev2.0_SW/DRCPlatform/zynqmp_pmufw/zynqmp_pmufw_bsp/system.mss
TRACE::2025-03-23.19:50:10::SCWMssOS::DEBUG:  swdes dump  C:/Xilinx/Projects/DRC_Rev2.0_Deliverables/Vitis2023.1/DRC_Rev2.0_SW/DRCPlatform/zynqmp_fsbl/zynqmp_fsbl_bsp/system.mss|system||
C:/Xilinx/Projects/DRC_Rev2.0_Deliverables/Vitis2023.1/DRC_Rev2.0_SW/DRCPlatform/zynqmp_pmufw/zynqmp_pmufw_bsp/system.mss|system_0||

TRACE::2025-03-23.19:50:10::SCWMssOS::Sw design exists and opened at  C:/Xilinx/Projects/DRC_Rev2.0_Deliverables/Vitis2023.1/DRC_Rev2.0_SW/DRCPlatform/zynqmp_pmufw/zynqmp_pmufw_bsp/system.mss
TRACE::2025-03-23.19:50:10::SCWMssOS::Saving the mss changes C:/Xilinx/Projects/DRC_Rev2.0_Deliverables/Vitis2023.1/DRC_Rev2.0_SW/DRCPlatform/zynqmp_pmufw/zynqmp_pmufw_bsp/system.mss
TRACE::2025-03-23.19:50:10::SCWMssOS::Found a swdesign opened with the mssfile.
TRACE::2025-03-23.19:50:10::SCWMssOS::Completed writemss as part of save.
TRACE::2025-03-23.19:50:10::SCWMssOS::Commit changes completed.
TRACE::2025-03-23.19:50:10::SCWReader::Adding prebuilt librarypaths as   
TRACE::2025-03-23.19:50:10::SCWReader::Adding prebuilt incpaths  as   
TRACE::2025-03-23.19:50:10::SCWPlatform::Trying to open the hw design at C:/Xilinx/Projects/DRC_Rev2.0_Deliverables/Vitis2023.1/DRC_Rev2.0_SW/DRCPlatform/hw/DRC_Rev2.0_Deliverable.xsa
TRACE::2025-03-23.19:50:10::SCWPlatform::DSA given C:/Xilinx/Projects/DRC_Rev2.0_Deliverables/Vitis2023.1/DRC_Rev2.0_SW/DRCPlatform/hw/DRC_Rev2.0_Deliverable.xsa
TRACE::2025-03-23.19:50:10::SCWPlatform::DSA absoulate path C:/Xilinx/Projects/DRC_Rev2.0_Deliverables/Vitis2023.1/DRC_Rev2.0_SW/DRCPlatform/hw/DRC_Rev2.0_Deliverable.xsa
TRACE::2025-03-23.19:50:10::SCWPlatform::DSA directory C:/Xilinx/Projects/DRC_Rev2.0_Deliverables/Vitis2023.1/DRC_Rev2.0_SW/DRCPlatform/hw
TRACE::2025-03-23.19:50:10::SCWPlatform:: Platform Path C:/Xilinx/Projects/DRC_Rev2.0_Deliverables/Vitis2023.1/DRC_Rev2.0_SW/DRCPlatform/hw/DRC_Rev2.0_Deliverable.xsa
TRACE::2025-03-23.19:50:10::SCWPlatform:: Unique name xilinx:osdzu3eg1_2g_1v8_sip::0.0
TRACE::2025-03-23.19:50:10::SCWPlatform::Trying to set the existing hwdb with name design_1_wrapper_1
TRACE::2025-03-23.19:50:10::SCWPlatform::Opened existing hwdb design_1_wrapper_1
TRACE::2025-03-23.19:50:10::SCWPlatform::Found the Hw Db part of the input DSA
TRACE::2025-03-23.19:50:10::SCWMssOS::Checking the sw design at  C:/Xilinx/Projects/DRC_Rev2.0_Deliverables/Vitis2023.1/DRC_Rev2.0_SW/DRCPlatform/zynqmp_pmufw/zynqmp_pmufw_bsp/system.mss
TRACE::2025-03-23.19:50:10::SCWMssOS::DEBUG:  swdes dump  C:/Xilinx/Projects/DRC_Rev2.0_Deliverables/Vitis2023.1/DRC_Rev2.0_SW/DRCPlatform/zynqmp_fsbl/zynqmp_fsbl_bsp/system.mss|system||
C:/Xilinx/Projects/DRC_Rev2.0_Deliverables/Vitis2023.1/DRC_Rev2.0_SW/DRCPlatform/zynqmp_pmufw/zynqmp_pmufw_bsp/system.mss|system_0||

TRACE::2025-03-23.19:50:10::SCWMssOS::Sw design exists and opened at  C:/Xilinx/Projects/DRC_Rev2.0_Deliverables/Vitis2023.1/DRC_Rev2.0_SW/DRCPlatform/zynqmp_pmufw/zynqmp_pmufw_bsp/system.mss
TRACE::2025-03-23.19:50:10::SCWReader::No isolation master present  
TRACE::2025-03-23.19:50:10::SCWDomain::checking for install qemu data   : 
TRACE::2025-03-23.19:50:10::SCWDomain:: Using the QEMU Data from install at  : C:/Xilinx/Vitis/2023.1/data/emulation/platforms/zynqmp/sw/a53_standalone/qemu/
TRACE::2025-03-23.19:50:10::SCWDomain:: Using the QEMU args  from install at  : C:/Xilinx/Vitis/2023.1/data/emulation/platforms/zynqmp/sw/a53_standalone/qemu/qemu_args.txt
TRACE::2025-03-23.19:50:10::SCWDomain:: Using the PMUQEMU args from install at  : C:/Xilinx/Vitis/2023.1/data/emulation/platforms/zynqmp/sw/a53_standalone/qemu/pmu_args.txt
TRACE::2025-03-23.19:50:10::SCWPlatform::Trying to open the hw design at C:/Xilinx/Projects/DRC_Rev2.0_Deliverables/Vitis2023.1/DRC_Rev2.0_SW/DRCPlatform/hw/DRC_Rev2.0_Deliverable.xsa
TRACE::2025-03-23.19:50:10::SCWPlatform::DSA given C:/Xilinx/Projects/DRC_Rev2.0_Deliverables/Vitis2023.1/DRC_Rev2.0_SW/DRCPlatform/hw/DRC_Rev2.0_Deliverable.xsa
TRACE::2025-03-23.19:50:10::SCWPlatform::DSA absoulate path C:/Xilinx/Projects/DRC_Rev2.0_Deliverables/Vitis2023.1/DRC_Rev2.0_SW/DRCPlatform/hw/DRC_Rev2.0_Deliverable.xsa
TRACE::2025-03-23.19:50:10::SCWPlatform::DSA directory C:/Xilinx/Projects/DRC_Rev2.0_Deliverables/Vitis2023.1/DRC_Rev2.0_SW/DRCPlatform/hw
TRACE::2025-03-23.19:50:10::SCWPlatform:: Platform Path C:/Xilinx/Projects/DRC_Rev2.0_Deliverables/Vitis2023.1/DRC_Rev2.0_SW/DRCPlatform/hw/DRC_Rev2.0_Deliverable.xsa
TRACE::2025-03-23.19:50:10::SCWPlatform:: Unique name xilinx:osdzu3eg1_2g_1v8_sip::0.0
TRACE::2025-03-23.19:50:10::SCWPlatform::Trying to set the existing hwdb with name design_1_wrapper_1
TRACE::2025-03-23.19:50:10::SCWPlatform::Opened existing hwdb design_1_wrapper_1
TRACE::2025-03-23.19:50:10::SCWPlatform::Found the Hw Db part of the input DSA
TRACE::2025-03-23.19:50:10::SCWPlatform::Trying to open the hw design at C:/Xilinx/Projects/DRC_Rev2.0_Deliverables/Vitis2023.1/DRC_Rev2.0_SW/DRCPlatform/hw/DRC_Rev2.0_Deliverable.xsa
TRACE::2025-03-23.19:50:10::SCWPlatform::DSA given C:/Xilinx/Projects/DRC_Rev2.0_Deliverables/Vitis2023.1/DRC_Rev2.0_SW/DRCPlatform/hw/DRC_Rev2.0_Deliverable.xsa
TRACE::2025-03-23.19:50:10::SCWPlatform::DSA absoulate path C:/Xilinx/Projects/DRC_Rev2.0_Deliverables/Vitis2023.1/DRC_Rev2.0_SW/DRCPlatform/hw/DRC_Rev2.0_Deliverable.xsa
TRACE::2025-03-23.19:50:10::SCWPlatform::DSA directory C:/Xilinx/Projects/DRC_Rev2.0_Deliverables/Vitis2023.1/DRC_Rev2.0_SW/DRCPlatform/hw
TRACE::2025-03-23.19:50:10::SCWPlatform:: Platform Path C:/Xilinx/Projects/DRC_Rev2.0_Deliverables/Vitis2023.1/DRC_Rev2.0_SW/DRCPlatform/hw/DRC_Rev2.0_Deliverable.xsa
TRACE::2025-03-23.19:50:10::SCWPlatform:: Unique name xilinx:osdzu3eg1_2g_1v8_sip::0.0
TRACE::2025-03-23.19:50:10::SCWPlatform::Trying to set the existing hwdb with name design_1_wrapper_1
TRACE::2025-03-23.19:50:10::SCWPlatform::Opened existing hwdb design_1_wrapper_1
TRACE::2025-03-23.19:50:10::SCWPlatform::Found the Hw Db part of the input DSA
TRACE::2025-03-23.19:50:10::SCWPlatform::Trying to open the hw design at C:/Xilinx/Projects/DRC_Rev2.0_Deliverables/Vitis2023.1/DRC_Rev2.0_SW/DRCPlatform/hw/DRC_Rev2.0_Deliverable.xsa
TRACE::2025-03-23.19:50:10::SCWPlatform::DSA given C:/Xilinx/Projects/DRC_Rev2.0_Deliverables/Vitis2023.1/DRC_Rev2.0_SW/DRCPlatform/hw/DRC_Rev2.0_Deliverable.xsa
TRACE::2025-03-23.19:50:10::SCWPlatform::DSA absoulate path C:/Xilinx/Projects/DRC_Rev2.0_Deliverables/Vitis2023.1/DRC_Rev2.0_SW/DRCPlatform/hw/DRC_Rev2.0_Deliverable.xsa
TRACE::2025-03-23.19:50:10::SCWPlatform::DSA directory C:/Xilinx/Projects/DRC_Rev2.0_Deliverables/Vitis2023.1/DRC_Rev2.0_SW/DRCPlatform/hw
TRACE::2025-03-23.19:50:10::SCWPlatform:: Platform Path C:/Xilinx/Projects/DRC_Rev2.0_Deliverables/Vitis2023.1/DRC_Rev2.0_SW/DRCPlatform/hw/DRC_Rev2.0_Deliverable.xsa
TRACE::2025-03-23.19:50:10::SCWPlatform:: Unique name xilinx:osdzu3eg1_2g_1v8_sip::0.0
TRACE::2025-03-23.19:50:10::SCWPlatform::Trying to set the existing hwdb with name design_1_wrapper_1
TRACE::2025-03-23.19:50:10::SCWPlatform::Opened existing hwdb design_1_wrapper_1
TRACE::2025-03-23.19:50:10::SCWPlatform::Found the Hw Db part of the input DSA
TRACE::2025-03-23.19:50:10::SCWMssOS::Checking the sw design at  C:/Xilinx/Projects/DRC_Rev2.0_Deliverables/Vitis2023.1/DRC_Rev2.0_SW/DRCPlatform/psu_cortexa53_0/standalone_domain/bsp/system.mss
TRACE::2025-03-23.19:50:10::SCWMssOS::DEBUG:  swdes dump  C:/Xilinx/Projects/DRC_Rev2.0_Deliverables/Vitis2023.1/DRC_Rev2.0_SW/DRCPlatform/zynqmp_fsbl/zynqmp_fsbl_bsp/system.mss|system||
C:/Xilinx/Projects/DRC_Rev2.0_Deliverables/Vitis2023.1/DRC_Rev2.0_SW/DRCPlatform/zynqmp_pmufw/zynqmp_pmufw_bsp/system.mss|system_0||

TRACE::2025-03-23.19:50:10::SCWMssOS::No sw design opened at  C:/Xilinx/Projects/DRC_Rev2.0_Deliverables/Vitis2023.1/DRC_Rev2.0_SW/DRCPlatform/psu_cortexa53_0/standalone_domain/bsp/system.mss
TRACE::2025-03-23.19:50:10::SCWMssOS::mss exists loading the mss file  C:/Xilinx/Projects/DRC_Rev2.0_Deliverables/Vitis2023.1/DRC_Rev2.0_SW/DRCPlatform/psu_cortexa53_0/standalone_domain/bsp/system.mss
TRACE::2025-03-23.19:50:10::SCWMssOS::Opened the sw design from mss  C:/Xilinx/Projects/DRC_Rev2.0_Deliverables/Vitis2023.1/DRC_Rev2.0_SW/DRCPlatform/psu_cortexa53_0/standalone_domain/bsp/system.mss
TRACE::2025-03-23.19:50:10::SCWMssOS::Adding the swdes entry C:/Xilinx/Projects/DRC_Rev2.0_Deliverables/Vitis2023.1/DRC_Rev2.0_SW/DRCPlatform/psu_cortexa53_0/standalone_domain/bsp/system.mss with des name system_1
TRACE::2025-03-23.19:50:10::SCWMssOS::updating the scw layer about changes
TRACE::2025-03-23.19:50:10::SCWMssOS::Opened the sw design.  C:/Xilinx/Projects/DRC_Rev2.0_Deliverables/Vitis2023.1/DRC_Rev2.0_SW/DRCPlatform/psu_cortexa53_0/standalone_domain/bsp/system.mss
TRACE::2025-03-23.19:50:10::SCWMssOS::Saving the mss changes C:/Xilinx/Projects/DRC_Rev2.0_Deliverables/Vitis2023.1/DRC_Rev2.0_SW/DRCPlatform/psu_cortexa53_0/standalone_domain/bsp/system.mss
TRACE::2025-03-23.19:50:10::SCWMssOS::Found a swdesign opened with the mssfile.
TRACE::2025-03-23.19:50:10::SCWMssOS::Completed writemss as part of save.
TRACE::2025-03-23.19:50:10::SCWMssOS::Commit changes completed.
TRACE::2025-03-23.19:50:10::SCWReader::Adding prebuilt librarypaths as   
TRACE::2025-03-23.19:50:10::SCWReader::Adding prebuilt incpaths  as   
TRACE::2025-03-23.19:50:10::SCWPlatform::Trying to open the hw design at C:/Xilinx/Projects/DRC_Rev2.0_Deliverables/Vitis2023.1/DRC_Rev2.0_SW/DRCPlatform/hw/DRC_Rev2.0_Deliverable.xsa
TRACE::2025-03-23.19:50:10::SCWPlatform::DSA given C:/Xilinx/Projects/DRC_Rev2.0_Deliverables/Vitis2023.1/DRC_Rev2.0_SW/DRCPlatform/hw/DRC_Rev2.0_Deliverable.xsa
TRACE::2025-03-23.19:50:10::SCWPlatform::DSA absoulate path C:/Xilinx/Projects/DRC_Rev2.0_Deliverables/Vitis2023.1/DRC_Rev2.0_SW/DRCPlatform/hw/DRC_Rev2.0_Deliverable.xsa
TRACE::2025-03-23.19:50:10::SCWPlatform::DSA directory C:/Xilinx/Projects/DRC_Rev2.0_Deliverables/Vitis2023.1/DRC_Rev2.0_SW/DRCPlatform/hw
TRACE::2025-03-23.19:50:10::SCWPlatform:: Platform Path C:/Xilinx/Projects/DRC_Rev2.0_Deliverables/Vitis2023.1/DRC_Rev2.0_SW/DRCPlatform/hw/DRC_Rev2.0_Deliverable.xsa
TRACE::2025-03-23.19:50:10::SCWPlatform:: Unique name xilinx:osdzu3eg1_2g_1v8_sip::0.0
TRACE::2025-03-23.19:50:10::SCWPlatform::Trying to set the existing hwdb with name design_1_wrapper_1
TRACE::2025-03-23.19:50:10::SCWPlatform::Opened existing hwdb design_1_wrapper_1
TRACE::2025-03-23.19:50:10::SCWPlatform::Found the Hw Db part of the input DSA
TRACE::2025-03-23.19:50:10::SCWMssOS::Checking the sw design at  C:/Xilinx/Projects/DRC_Rev2.0_Deliverables/Vitis2023.1/DRC_Rev2.0_SW/DRCPlatform/psu_cortexa53_0/standalone_domain/bsp/system.mss
TRACE::2025-03-23.19:50:10::SCWMssOS::DEBUG:  swdes dump  C:/Xilinx/Projects/DRC_Rev2.0_Deliverables/Vitis2023.1/DRC_Rev2.0_SW/DRCPlatform/psu_cortexa53_0/standalone_domain/bsp/system.mss|system_1||
C:/Xilinx/Projects/DRC_Rev2.0_Deliverables/Vitis2023.1/DRC_Rev2.0_SW/DRCPlatform/zynqmp_fsbl/zynqmp_fsbl_bsp/system.mss|system||
C:/Xilinx/Projects/DRC_Rev2.0_Deliverables/Vitis2023.1/DRC_Rev2.0_SW/DRCPlatform/zynqmp_pmufw/zynqmp_pmufw_bsp/system.mss|system_0||

TRACE::2025-03-23.19:50:10::SCWMssOS::Sw design exists and opened at  C:/Xilinx/Projects/DRC_Rev2.0_Deliverables/Vitis2023.1/DRC_Rev2.0_SW/DRCPlatform/psu_cortexa53_0/standalone_domain/bsp/system.mss
TRACE::2025-03-23.19:50:10::SCWReader::No isolation master present  
LOG::2025-03-23.19:50:13::SCWPlatform::Started generating the artifacts platform DRCPlatform
TRACE::2025-03-23.19:50:13::SCWPlatform::Sanity checking of platform is completed
LOG::2025-03-23.19:50:13::SCWPlatform::Started generating the artifacts for system configuration DRCPlatform
LOG::2025-03-23.19:50:13::SCWSystem::Checking the domain zynqmp_fsbl
LOG::2025-03-23.19:50:13::SCWSystem::Doing application build for :  zynqmp_fsbl
TRACE::2025-03-23.19:50:13::SCWBDomain::Not a forced makefile updation, No changes are present. 
TRACE::2025-03-23.19:50:13::SCWDomain::Building the domain as part of full build :  zynqmp_fsbl
TRACE::2025-03-23.19:50:13::SCWPlatform::Trying to open the hw design at C:/Xilinx/Projects/DRC_Rev2.0_Deliverables/Vitis2023.1/DRC_Rev2.0_SW/DRCPlatform/hw/DRC_Rev2.0_Deliverable.xsa
TRACE::2025-03-23.19:50:13::SCWPlatform::DSA given C:/Xilinx/Projects/DRC_Rev2.0_Deliverables/Vitis2023.1/DRC_Rev2.0_SW/DRCPlatform/hw/DRC_Rev2.0_Deliverable.xsa
TRACE::2025-03-23.19:50:13::SCWPlatform::DSA absoulate path C:/Xilinx/Projects/DRC_Rev2.0_Deliverables/Vitis2023.1/DRC_Rev2.0_SW/DRCPlatform/hw/DRC_Rev2.0_Deliverable.xsa
TRACE::2025-03-23.19:50:13::SCWPlatform::DSA directory C:/Xilinx/Projects/DRC_Rev2.0_Deliverables/Vitis2023.1/DRC_Rev2.0_SW/DRCPlatform/hw
TRACE::2025-03-23.19:50:13::SCWPlatform:: Platform Path C:/Xilinx/Projects/DRC_Rev2.0_Deliverables/Vitis2023.1/DRC_Rev2.0_SW/DRCPlatform/hw/DRC_Rev2.0_Deliverable.xsa
TRACE::2025-03-23.19:50:13::SCWPlatform:: Unique name xilinx:osdzu3eg1_2g_1v8_sip::0.0
TRACE::2025-03-23.19:50:13::SCWPlatform::Trying to set the existing hwdb with name design_1_wrapper_1
TRACE::2025-03-23.19:50:13::SCWPlatform::Opened existing hwdb design_1_wrapper_1
TRACE::2025-03-23.19:50:13::SCWPlatform::Found the Hw Db part of the input DSA
TRACE::2025-03-23.19:50:13::SCWMssOS::Checking the sw design at  C:/Xilinx/Projects/DRC_Rev2.0_Deliverables/Vitis2023.1/DRC_Rev2.0_SW/DRCPlatform/zynqmp_fsbl/zynqmp_fsbl_bsp/system.mss
TRACE::2025-03-23.19:50:13::SCWMssOS::DEBUG:  swdes dump  C:/Xilinx/Projects/DRC_Rev2.0_Deliverables/Vitis2023.1/DRC_Rev2.0_SW/DRCPlatform/psu_cortexa53_0/standalone_domain/bsp/system.mss|system_1||
C:/Xilinx/Projects/DRC_Rev2.0_Deliverables/Vitis2023.1/DRC_Rev2.0_SW/DRCPlatform/zynqmp_fsbl/zynqmp_fsbl_bsp/system.mss|system||
C:/Xilinx/Projects/DRC_Rev2.0_Deliverables/Vitis2023.1/DRC_Rev2.0_SW/DRCPlatform/zynqmp_pmufw/zynqmp_pmufw_bsp/system.mss|system_0||

TRACE::2025-03-23.19:50:13::SCWMssOS::Sw design exists and opened at  C:/Xilinx/Projects/DRC_Rev2.0_Deliverables/Vitis2023.1/DRC_Rev2.0_SW/DRCPlatform/zynqmp_fsbl/zynqmp_fsbl_bsp/system.mss
TRACE::2025-03-23.19:50:13::SCWBDomain::Completed writing the mss file at C:/Xilinx/Projects/DRC_Rev2.0_Deliverables/Vitis2023.1/DRC_Rev2.0_SW/DRCPlatform/zynqmp_fsbl/zynqmp_fsbl_bsp
TRACE::2025-03-23.19:50:13::SCWBDomain::bsp generated is upto date with the mss file. Skipping bsp generation.
TRACE::2025-03-23.19:50:13::SCWBDomain::Not a forced makefile updation, No changes are present. 
TRACE::2025-03-23.19:50:13::SCWBDomain::System Command Ran  C:&  cd  C:/Xilinx/Projects/DRC_Rev2.0_Deliverables/Vitis2023.1/DRC_Rev2.0_SW/DRCPlatform/zynqmp_fsbl& make -C  zynqmp_fsbl_bsp & make 
TRACE::2025-03-23.19:50:13::SCWBDomain::make: Entering directory 'C:/Xilinx/Projects/DRC_Rev2.0_Deliverables/Vitis2023.1/DRC_Rev2.0_SW/DRCPlatform/zynqmp_fsbl/zynqmp_f
TRACE::2025-03-23.19:50:13::SCWBDomain::sbl_bsp'

TRACE::2025-03-23.19:50:13::SCWBDomain::make --no-print-directory seq_libs

TRACE::2025-03-23.19:50:13::SCWBDomain::"Running Make include in psu_cortexa53_0/libsrc/axipmon_v6_9/src"

TRACE::2025-03-23.19:50:13::SCWBDomain::make -C psu_cortexa53_0/libsrc/axipmon_v6_9/src -s include  "SHELL=CMD" "COMPILER=aarch64-none-elf-gcc" "ASSEMBLER=aarch64-none
TRACE::2025-03-23.19:50:13::SCWBDomain::-elf-as" "ARCHIVER=aarch64-none-elf-ar" "COMPILER_FLAGS=  -c" "EXTRA_COMPILER_FLAGS=-g -Wall -Wextra -fno-tree-loop-distribute-
TRACE::2025-03-23.19:50:13::SCWBDomain::patterns -Os -flto -ffat-lto-objects"

TRACE::2025-03-23.19:50:14::SCWBDomain::"Running Make include in psu_cortexa53_0/libsrc/clockps_v1_4/src"

TRACE::2025-03-23.19:50:14::SCWBDomain::make -C psu_cortexa53_0/libsrc/clockps_v1_4/src -s include  "SHELL=CMD" "COMPILER=aarch64-none-elf-gcc" "ASSEMBLER=aarch64-none
TRACE::2025-03-23.19:50:14::SCWBDomain::-elf-as" "ARCHIVER=aarch64-none-elf-ar" "COMPILER_FLAGS=  -c" "EXTRA_COMPILER_FLAGS=-g -Wall -Wextra -fno-tree-loop-distribute-
TRACE::2025-03-23.19:50:14::SCWBDomain::patterns -Os -flto -ffat-lto-objects"

TRACE::2025-03-23.19:50:14::SCWBDomain::"Running Make include in psu_cortexa53_0/libsrc/coresightps_dcc_v1_8/src"

TRACE::2025-03-23.19:50:14::SCWBDomain::make -C psu_cortexa53_0/libsrc/coresightps_dcc_v1_8/src -s include  "SHELL=CMD" "COMPILER=aarch64-none-elf-gcc" "ASSEMBLER=aarc
TRACE::2025-03-23.19:50:14::SCWBDomain::h64-none-elf-as" "ARCHIVER=aarch64-none-elf-ar" "COMPILER_FLAGS=  -c" "EXTRA_COMPILER_FLAGS=-g -Wall -Wextra -fno-tree-loop-dis
TRACE::2025-03-23.19:50:14::SCWBDomain::tribute-patterns -Os -flto -ffat-lto-objects"

TRACE::2025-03-23.19:50:14::SCWBDomain::"Running Make include in psu_cortexa53_0/libsrc/cpu_cortexa53_v2_0/src"

TRACE::2025-03-23.19:50:14::SCWBDomain::make -C psu_cortexa53_0/libsrc/cpu_cortexa53_v2_0/src -s include  "SHELL=CMD" "COMPILER=aarch64-none-elf-gcc" "ASSEMBLER=aarch6
TRACE::2025-03-23.19:50:14::SCWBDomain::4-none-elf-as" "ARCHIVER=aarch64-none-elf-ar" "COMPILER_FLAGS=  -c" "EXTRA_COMPILER_FLAGS=-g -Wall -Wextra -fno-tree-loop-distr
TRACE::2025-03-23.19:50:14::SCWBDomain::ibute-patterns -Os -flto -ffat-lto-objects"

TRACE::2025-03-23.19:50:14::SCWBDomain::"Running Make include in psu_cortexa53_0/libsrc/csudma_v1_13/src"

TRACE::2025-03-23.19:50:14::SCWBDomain::make -C psu_cortexa53_0/libsrc/csudma_v1_13/src -s include  "SHELL=CMD" "COMPILER=aarch64-none-elf-gcc" "ASSEMBLER=aarch64-none
TRACE::2025-03-23.19:50:14::SCWBDomain::-elf-as" "ARCHIVER=aarch64-none-elf-ar" "COMPILER_FLAGS=  -c" "EXTRA_COMPILER_FLAGS=-g -Wall -Wextra -fno-tree-loop-distribute-
TRACE::2025-03-23.19:50:14::SCWBDomain::patterns -Os -flto -ffat-lto-objects"

TRACE::2025-03-23.19:50:14::SCWBDomain::"Running Make include in psu_cortexa53_0/libsrc/ddrcpsu_v1_4/src"

TRACE::2025-03-23.19:50:14::SCWBDomain::make -C psu_cortexa53_0/libsrc/ddrcpsu_v1_4/src -s include  "SHELL=CMD" "COMPILER=aarch64-none-elf-gcc" "ASSEMBLER=aarch64-none
TRACE::2025-03-23.19:50:14::SCWBDomain::-elf-as" "ARCHIVER=aarch64-none-elf-ar" "COMPILER_FLAGS=  -c" "EXTRA_COMPILER_FLAGS=-g -Wall -Wextra -fno-tree-loop-distribute-
TRACE::2025-03-23.19:50:14::SCWBDomain::patterns -Os -flto -ffat-lto-objects"

TRACE::2025-03-23.19:50:14::SCWBDomain::"Running Make include in psu_cortexa53_0/libsrc/gpiops_v3_11/src"

TRACE::2025-03-23.19:50:14::SCWBDomain::make -C psu_cortexa53_0/libsrc/gpiops_v3_11/src -s include  "SHELL=CMD" "COMPILER=aarch64-none-elf-gcc" "ASSEMBLER=aarch64-none
TRACE::2025-03-23.19:50:14::SCWBDomain::-elf-as" "ARCHIVER=aarch64-none-elf-ar" "COMPILER_FLAGS=  -c" "EXTRA_COMPILER_FLAGS=-g -Wall -Wextra -fno-tree-loop-distribute-
TRACE::2025-03-23.19:50:14::SCWBDomain::patterns -Os -flto -ffat-lto-objects"

TRACE::2025-03-23.19:50:15::SCWBDomain::"Running Make include in psu_cortexa53_0/libsrc/gpio_v4_9/src"

TRACE::2025-03-23.19:50:15::SCWBDomain::make -C psu_cortexa53_0/libsrc/gpio_v4_9/src -s include  "SHELL=CMD" "COMPILER=aarch64-none-elf-gcc" "ASSEMBLER=aarch64-none-el
TRACE::2025-03-23.19:50:15::SCWBDomain::f-as" "ARCHIVER=aarch64-none-elf-ar" "COMPILER_FLAGS=  -c" "EXTRA_COMPILER_FLAGS=-g -Wall -Wextra -fno-tree-loop-distribute-pat
TRACE::2025-03-23.19:50:15::SCWBDomain::terns -Os -flto -ffat-lto-objects"

TRACE::2025-03-23.19:50:15::SCWBDomain::"Running Make include in psu_cortexa53_0/libsrc/iicps_v3_17/src"

TRACE::2025-03-23.19:50:15::SCWBDomain::make -C psu_cortexa53_0/libsrc/iicps_v3_17/src -s include  "SHELL=CMD" "COMPILER=aarch64-none-elf-gcc" "ASSEMBLER=aarch64-none-
TRACE::2025-03-23.19:50:15::SCWBDomain::elf-as" "ARCHIVER=aarch64-none-elf-ar" "COMPILER_FLAGS=  -c" "EXTRA_COMPILER_FLAGS=-g -Wall -Wextra -fno-tree-loop-distribute-p
TRACE::2025-03-23.19:50:15::SCWBDomain::atterns -Os -flto -ffat-lto-objects"

TRACE::2025-03-23.19:50:15::SCWBDomain::"Running Make include in psu_cortexa53_0/libsrc/iic_v3_9/src"

TRACE::2025-03-23.19:50:15::SCWBDomain::make -C psu_cortexa53_0/libsrc/iic_v3_9/src -s include  "SHELL=CMD" "COMPILER=aarch64-none-elf-gcc" "ASSEMBLER=aarch64-none-elf
TRACE::2025-03-23.19:50:15::SCWBDomain::-as" "ARCHIVER=aarch64-none-elf-ar" "COMPILER_FLAGS=  -c" "EXTRA_COMPILER_FLAGS=-g -Wall -Wextra -fno-tree-loop-distribute-patt
TRACE::2025-03-23.19:50:15::SCWBDomain::erns -Os -flto -ffat-lto-objects"

TRACE::2025-03-23.19:50:15::SCWBDomain::"Running Make include in psu_cortexa53_0/libsrc/ipipsu_v2_13/src"

TRACE::2025-03-23.19:50:15::SCWBDomain::make -C psu_cortexa53_0/libsrc/ipipsu_v2_13/src -s include  "SHELL=CMD" "COMPILER=aarch64-none-elf-gcc" "ASSEMBLER=aarch64-none
TRACE::2025-03-23.19:50:15::SCWBDomain::-elf-as" "ARCHIVER=aarch64-none-elf-ar" "COMPILER_FLAGS=  -c" "EXTRA_COMPILER_FLAGS=-g -Wall -Wextra -fno-tree-loop-distribute-
TRACE::2025-03-23.19:50:15::SCWBDomain::patterns -Os -flto -ffat-lto-objects"

TRACE::2025-03-23.19:50:16::SCWBDomain::"Running Make include in psu_cortexa53_0/libsrc/qspipsu_v1_17/src"

TRACE::2025-03-23.19:50:16::SCWBDomain::make -C psu_cortexa53_0/libsrc/qspipsu_v1_17/src -s include  "SHELL=CMD" "COMPILER=aarch64-none-elf-gcc" "ASSEMBLER=aarch64-non
TRACE::2025-03-23.19:50:16::SCWBDomain::e-elf-as" "ARCHIVER=aarch64-none-elf-ar" "COMPILER_FLAGS=  -c" "EXTRA_COMPILER_FLAGS=-g -Wall -Wextra -fno-tree-loop-distribute
TRACE::2025-03-23.19:50:16::SCWBDomain::-patterns -Os -flto -ffat-lto-objects"

TRACE::2025-03-23.19:50:16::SCWBDomain::"Running Make include in psu_cortexa53_0/libsrc/resetps_v1_5/src"

TRACE::2025-03-23.19:50:16::SCWBDomain::make -C psu_cortexa53_0/libsrc/resetps_v1_5/src -s include  "SHELL=CMD" "COMPILER=aarch64-none-elf-gcc" "ASSEMBLER=aarch64-none
TRACE::2025-03-23.19:50:16::SCWBDomain::-elf-as" "ARCHIVER=aarch64-none-elf-ar" "COMPILER_FLAGS=  -c" "EXTRA_COMPILER_FLAGS=-g -Wall -Wextra -fno-tree-loop-distribute-
TRACE::2025-03-23.19:50:16::SCWBDomain::patterns -Os -flto -ffat-lto-objects"

TRACE::2025-03-23.19:50:16::SCWBDomain::"Running Make include in psu_cortexa53_0/libsrc/rtcpsu_v1_12/src"

TRACE::2025-03-23.19:50:16::SCWBDomain::make -C psu_cortexa53_0/libsrc/rtcpsu_v1_12/src -s include  "SHELL=CMD" "COMPILER=aarch64-none-elf-gcc" "ASSEMBLER=aarch64-none
TRACE::2025-03-23.19:50:16::SCWBDomain::-elf-as" "ARCHIVER=aarch64-none-elf-ar" "COMPILER_FLAGS=  -c" "EXTRA_COMPILER_FLAGS=-g -Wall -Wextra -fno-tree-loop-distribute-
TRACE::2025-03-23.19:50:16::SCWBDomain::patterns -Os -flto -ffat-lto-objects"

TRACE::2025-03-23.19:50:16::SCWBDomain::"Running Make include in psu_cortexa53_0/libsrc/scugic_v5_1/src"

TRACE::2025-03-23.19:50:16::SCWBDomain::make -C psu_cortexa53_0/libsrc/scugic_v5_1/src -s include  "SHELL=CMD" "COMPILER=aarch64-none-elf-gcc" "ASSEMBLER=aarch64-none-
TRACE::2025-03-23.19:50:16::SCWBDomain::elf-as" "ARCHIVER=aarch64-none-elf-ar" "COMPILER_FLAGS=  -c" "EXTRA_COMPILER_FLAGS=-g -Wall -Wextra -fno-tree-loop-distribute-p
TRACE::2025-03-23.19:50:16::SCWBDomain::atterns -Os -flto -ffat-lto-objects"

TRACE::2025-03-23.19:50:16::SCWBDomain::"Running Make include in psu_cortexa53_0/libsrc/sdps_v4_1/src"

TRACE::2025-03-23.19:50:16::SCWBDomain::make -C psu_cortexa53_0/libsrc/sdps_v4_1/src -s include  "SHELL=CMD" "COMPILER=aarch64-none-elf-gcc" "ASSEMBLER=aarch64-none-el
TRACE::2025-03-23.19:50:16::SCWBDomain::f-as" "ARCHIVER=aarch64-none-elf-ar" "COMPILER_FLAGS=  -c" "EXTRA_COMPILER_FLAGS=-g -Wall -Wextra -fno-tree-loop-distribute-pat
TRACE::2025-03-23.19:50:16::SCWBDomain::terns -Os -flto -ffat-lto-objects"

TRACE::2025-03-23.19:50:17::SCWBDomain::"Running Make include in psu_cortexa53_0/libsrc/spi_v4_10/src"

TRACE::2025-03-23.19:50:17::SCWBDomain::make -C psu_cortexa53_0/libsrc/spi_v4_10/src -s include  "SHELL=CMD" "COMPILER=aarch64-none-elf-gcc" "ASSEMBLER=aarch64-none-el
TRACE::2025-03-23.19:50:17::SCWBDomain::f-as" "ARCHIVER=aarch64-none-elf-ar" "COMPILER_FLAGS=  -c" "EXTRA_COMPILER_FLAGS=-g -Wall -Wextra -fno-tree-loop-distribute-pat
TRACE::2025-03-23.19:50:17::SCWBDomain::terns -Os -flto -ffat-lto-objects"

TRACE::2025-03-23.19:50:17::SCWBDomain::"Running Make include in psu_cortexa53_0/libsrc/standalone_v8_1/src"

TRACE::2025-03-23.19:50:17::SCWBDomain::make -C psu_cortexa53_0/libsrc/standalone_v8_1/src -s include  "SHELL=CMD" "COMPILER=aarch64-none-elf-gcc" "ASSEMBLER=aarch64-n
TRACE::2025-03-23.19:50:17::SCWBDomain::one-elf-as" "ARCHIVER=aarch64-none-elf-ar" "COMPILER_FLAGS=  -c" "EXTRA_COMPILER_FLAGS=-g -Wall -Wextra -fno-tree-loop-distribu
TRACE::2025-03-23.19:50:17::SCWBDomain::te-patterns -Os -flto -ffat-lto-objects"

TRACE::2025-03-23.19:50:20::SCWBDomain::"Running Make include in psu_cortexa53_0/libsrc/sysmonpsu_v2_8/src"

TRACE::2025-03-23.19:50:20::SCWBDomain::make -C psu_cortexa53_0/libsrc/sysmonpsu_v2_8/src -s include  "SHELL=CMD" "COMPILER=aarch64-none-elf-gcc" "ASSEMBLER=aarch64-no
TRACE::2025-03-23.19:50:20::SCWBDomain::ne-elf-as" "ARCHIVER=aarch64-none-elf-ar" "COMPILER_FLAGS=  -c" "EXTRA_COMPILER_FLAGS=-g -Wall -Wextra -fno-tree-loop-distribut
TRACE::2025-03-23.19:50:20::SCWBDomain::e-patterns -Os -flto -ffat-lto-objects"

TRACE::2025-03-23.19:50:20::SCWBDomain::"Running Make include in psu_cortexa53_0/libsrc/ttcps_v3_17/src"

TRACE::2025-03-23.19:50:20::SCWBDomain::make -C psu_cortexa53_0/libsrc/ttcps_v3_17/src -s include  "SHELL=CMD" "COMPILER=aarch64-none-elf-gcc" "ASSEMBLER=aarch64-none-
TRACE::2025-03-23.19:50:20::SCWBDomain::elf-as" "ARCHIVER=aarch64-none-elf-ar" "COMPILER_FLAGS=  -c" "EXTRA_COMPILER_FLAGS=-g -Wall -Wextra -fno-tree-loop-distribute-p
TRACE::2025-03-23.19:50:20::SCWBDomain::atterns -Os -flto -ffat-lto-objects"

TRACE::2025-03-23.19:50:20::SCWBDomain::"Running Make include in psu_cortexa53_0/libsrc/uartps_v3_12/src"

TRACE::2025-03-23.19:50:20::SCWBDomain::make -C psu_cortexa53_0/libsrc/uartps_v3_12/src -s include  "SHELL=CMD" "COMPILER=aarch64-none-elf-gcc" "ASSEMBLER=aarch64-none
TRACE::2025-03-23.19:50:20::SCWBDomain::-elf-as" "ARCHIVER=aarch64-none-elf-ar" "COMPILER_FLAGS=  -c" "EXTRA_COMPILER_FLAGS=-g -Wall -Wextra -fno-tree-loop-distribute-
TRACE::2025-03-23.19:50:20::SCWBDomain::patterns -Os -flto -ffat-lto-objects"

TRACE::2025-03-23.19:50:20::SCWBDomain::"Running Make include in psu_cortexa53_0/libsrc/wdtps_v3_5/src"

TRACE::2025-03-23.19:50:20::SCWBDomain::make -C psu_cortexa53_0/libsrc/wdtps_v3_5/src -s include  "SHELL=CMD" "COMPILER=aarch64-none-elf-gcc" "ASSEMBLER=aarch64-none-e
TRACE::2025-03-23.19:50:20::SCWBDomain::lf-as" "ARCHIVER=aarch64-none-elf-ar" "COMPILER_FLAGS=  -c" "EXTRA_COMPILER_FLAGS=-g -Wall -Wextra -fno-tree-loop-distribute-pa
TRACE::2025-03-23.19:50:20::SCWBDomain::tterns -Os -flto -ffat-lto-objects"

TRACE::2025-03-23.19:50:20::SCWBDomain::"Running Make include in psu_cortexa53_0/libsrc/xilffs_v5_0/src"

TRACE::2025-03-23.19:50:20::SCWBDomain::make -C psu_cortexa53_0/libsrc/xilffs_v5_0/src -s include  "SHELL=CMD" "COMPILER=aarch64-none-elf-gcc" "ASSEMBLER=aarch64-none-
TRACE::2025-03-23.19:50:20::SCWBDomain::elf-as" "ARCHIVER=aarch64-none-elf-ar" "COMPILER_FLAGS=  -c" "EXTRA_COMPILER_FLAGS=-g -Wall -Wextra -fno-tree-loop-distribute-p
TRACE::2025-03-23.19:50:20::SCWBDomain::atterns -Os -flto -ffat-lto-objects"

TRACE::2025-03-23.19:50:20::SCWBDomain::"Running Make include in psu_cortexa53_0/libsrc/xilpm_v5_0/src"

TRACE::2025-03-23.19:50:20::SCWBDomain::make -C psu_cortexa53_0/libsrc/xilpm_v5_0/src -s include  "SHELL=CMD" "COMPILER=aarch64-none-elf-gcc" "ASSEMBLER=aarch64-none-e
TRACE::2025-03-23.19:50:20::SCWBDomain::lf-as" "ARCHIVER=aarch64-none-elf-ar" "COMPILER_FLAGS=  -c" "EXTRA_COMPILER_FLAGS=-g -Wall -Wextra -fno-tree-loop-distribute-pa
TRACE::2025-03-23.19:50:20::SCWBDomain::tterns -Os -flto -ffat-lto-objects"

TRACE::2025-03-23.19:50:20::SCWBDomain::"Include files for this library have already been copied."

TRACE::2025-03-23.19:50:20::SCWBDomain::"Running Make include in psu_cortexa53_0/libsrc/xilsecure_v5_1/src"

TRACE::2025-03-23.19:50:20::SCWBDomain::make -C psu_cortexa53_0/libsrc/xilsecure_v5_1/src -s include  "SHELL=CMD" "COMPILER=aarch64-none-elf-gcc" "ASSEMBLER=aarch64-no
TRACE::2025-03-23.19:50:20::SCWBDomain::ne-elf-as" "ARCHIVER=aarch64-none-elf-ar" "COMPILER_FLAGS=  -c" "EXTRA_COMPILER_FLAGS=-g -Wall -Wextra -fno-tree-loop-distribut
TRACE::2025-03-23.19:50:20::SCWBDomain::e-patterns -Os -flto -ffat-lto-objects"

TRACE::2025-03-23.19:50:21::SCWBDomain::"Running Make include in psu_cortexa53_0/libsrc/zdma_v1_16/src"

TRACE::2025-03-23.19:50:21::SCWBDomain::make -C psu_cortexa53_0/libsrc/zdma_v1_16/src -s include  "SHELL=CMD" "COMPILER=aarch64-none-elf-gcc" "ASSEMBLER=aarch64-none-e
TRACE::2025-03-23.19:50:21::SCWBDomain::lf-as" "ARCHIVER=aarch64-none-elf-ar" "COMPILER_FLAGS=  -c" "EXTRA_COMPILER_FLAGS=-g -Wall -Wextra -fno-tree-loop-distribute-pa
TRACE::2025-03-23.19:50:21::SCWBDomain::tterns -Os -flto -ffat-lto-objects"

TRACE::2025-03-23.19:50:21::SCWBDomain::"Running Make libs in psu_cortexa53_0/libsrc/xilpm_v5_0/src"

TRACE::2025-03-23.19:50:21::SCWBDomain::make -C psu_cortexa53_0/libsrc/xilpm_v5_0/src -s libs  "SHELL=CMD" "COMPILER=aarch64-none-elf-gcc" "ASSEMBLER=aarch64-none-elf-
TRACE::2025-03-23.19:50:21::SCWBDomain::as" "ARCHIVER=aarch64-none-elf-ar" "COMPILER_FLAGS=  -c" "EXTRA_COMPILER_FLAGS=-g -Wall -Wextra -fno-tree-loop-distribute-patte
TRACE::2025-03-23.19:50:21::SCWBDomain::rns -Os -flto -ffat-lto-objects"

TRACE::2025-03-23.19:50:21::SCWBDomain::"Compiling xilpm library"

TRACE::2025-03-23.19:50:22::SCWBDomain::"Running Make libs in psu_cortexa53_0/libsrc/xilsecure_v5_1/src"

TRACE::2025-03-23.19:50:22::SCWBDomain::make -C psu_cortexa53_0/libsrc/xilsecure_v5_1/src -s libs  "SHELL=CMD" "COMPILER=aarch64-none-elf-gcc" "ASSEMBLER=aarch64-none-
TRACE::2025-03-23.19:50:22::SCWBDomain::elf-as" "ARCHIVER=aarch64-none-elf-ar" "COMPILER_FLAGS=  -c" "EXTRA_COMPILER_FLAGS=-g -Wall -Wextra -fno-tree-loop-distribute-p
TRACE::2025-03-23.19:50:22::SCWBDomain::atterns -Os -flto -ffat-lto-objects"

TRACE::2025-03-23.19:50:22::SCWBDomain::"Compiling XilSecure Library"

TRACE::2025-03-23.19:50:24::SCWBDomain::'Finished building libraries sequentially.'

TRACE::2025-03-23.19:50:24::SCWBDomain::make -j 30 --no-print-directory par_libs

TRACE::2025-03-23.19:50:24::SCWBDomain::"Running Make include in psu_cortexa53_0/libsrc/axipmon_v6_9/src"

TRACE::2025-03-23.19:50:24::SCWBDomain::make -C psu_cortexa53_0/libsrc/axipmon_v6_9/src -s include  "SHELL=CMD" "COMPILER=aarch64-none-elf-gcc" "ASSEMBLER=aarch64-none
TRACE::2025-03-23.19:50:24::SCWBDomain::-elf-as" "ARCHIVER=aarch64-none-elf-ar" "COMPILER_FLAGS=  -c" "EXTRA_COMPILER_FLAGS=-g -Wall -Wextra -fno-tree-loop-distribute-
TRACE::2025-03-23.19:50:24::SCWBDomain::patterns -Os -flto -ffat-lto-objects"

TRACE::2025-03-23.19:50:24::SCWBDomain::"Running Make include in psu_cortexa53_0/libsrc/clockps_v1_4/src"

TRACE::2025-03-23.19:50:24::SCWBDomain::make -C psu_cortexa53_0/libsrc/clockps_v1_4/src -s include  "SHELL=CMD" "COMPILER=aarch64-none-elf-gcc" "ASSEMBLER=aarch64-none
TRACE::2025-03-23.19:50:24::SCWBDomain::-elf-as" "ARCHIVER=aarch64-none-elf-ar" "COMPILER_FLAGS=  -c" "EXTRA_COMPILER_FLAGS=-g -Wall -Wextra -fno-tree-loop-distribute-
TRACE::2025-03-23.19:50:24::SCWBDomain::patterns -Os -flto -ffat-lto-objects"

TRACE::2025-03-23.19:50:24::SCWBDomain::"Running Make include in psu_cortexa53_0/libsrc/coresightps_dcc_v1_8/src"

TRACE::2025-03-23.19:50:24::SCWBDomain::make -C psu_cortexa53_0/libsrc/coresightps_dcc_v1_8/src -s include  "SHELL=CMD" "COMPILER=aarch64-none-elf-gcc" "ASSEMBLER=aarc
TRACE::2025-03-23.19:50:24::SCWBDomain::h64-none-elf-as" "ARCHIVER=aarch64-none-elf-ar" "COMPILER_FLAGS=  -c" "EXTRA_COMPILER_FLAGS=-g -Wall -Wextra -fno-tree-loop-dis
TRACE::2025-03-23.19:50:24::SCWBDomain::tribute-patterns -Os -flto -ffat-lto-objects"

TRACE::2025-03-23.19:50:24::SCWBDomain::"Running Make include in psu_cortexa53_0/libsrc/cpu_cortexa53_v2_0/src"

TRACE::2025-03-23.19:50:24::SCWBDomain::make -C psu_cortexa53_0/libsrc/cpu_cortexa53_v2_0/src -s include  "SHELL=CMD" "COMPILER=aarch64-none-elf-gcc" "ASSEMBLER=aarch6
TRACE::2025-03-23.19:50:24::SCWBDomain::4-none-elf-as" "ARCHIVER=aarch64-none-elf-ar" "COMPILER_FLAGS=  -c" "EXTRA_COMPILER_FLAGS=-g -Wall -Wextra -fno-tree-loop-distr
TRACE::2025-03-23.19:50:24::SCWBDomain::ibute-patterns -Os -flto -ffat-lto-objects"

TRACE::2025-03-23.19:50:24::SCWBDomain::"Running Make include in psu_cortexa53_0/libsrc/csudma_v1_13/src"

TRACE::2025-03-23.19:50:24::SCWBDomain::make -C psu_cortexa53_0/libsrc/csudma_v1_13/src -s include  "SHELL=CMD" "COMPILER=aarch64-none-elf-gcc" "ASSEMBLER=aarch64-none
TRACE::2025-03-23.19:50:24::SCWBDomain::-elf-as" "ARCHIVER=aarch64-none-elf-ar" "COMPILER_FLAGS=  -c" "EXTRA_COMPILER_FLAGS=-g -Wall -Wextra -fno-tree-loop-distribute-
TRACE::2025-03-23.19:50:24::SCWBDomain::patterns -Os -flto -ffat-lto-objects"

TRACE::2025-03-23.19:50:24::SCWBDomain::"Running Make include in psu_cortexa53_0/libsrc/ddrcpsu_v1_4/src"

TRACE::2025-03-23.19:50:24::SCWBDomain::make -C psu_cortexa53_0/libsrc/ddrcpsu_v1_4/src -s include  "SHELL=CMD" "COMPILER=aarch64-none-elf-gcc" "ASSEMBLER=aarch64-none
TRACE::2025-03-23.19:50:24::SCWBDomain::-elf-as" "ARCHIVER=aarch64-none-elf-ar" "COMPILER_FLAGS=  -c" "EXTRA_COMPILER_FLAGS=-g -Wall -Wextra -fno-tree-loop-distribute-
TRACE::2025-03-23.19:50:24::SCWBDomain::patterns -Os -flto -ffat-lto-objects"

TRACE::2025-03-23.19:50:24::SCWBDomain::"Running Make include in psu_cortexa53_0/libsrc/gpiops_v3_11/src"

TRACE::2025-03-23.19:50:24::SCWBDomain::make -C psu_cortexa53_0/libsrc/gpiops_v3_11/src -s include  "SHELL=CMD" "COMPILER=aarch64-none-elf-gcc" "ASSEMBLER=aarch64-none
TRACE::2025-03-23.19:50:24::SCWBDomain::-elf-as" "ARCHIVER=aarch64-none-elf-ar" "COMPILER_FLAGS=  -c" "EXTRA_COMPILER_FLAGS=-g -Wall -Wextra -fno-tree-loop-distribute-
TRACE::2025-03-23.19:50:24::SCWBDomain::patterns -Os -flto -ffat-lto-objects"

TRACE::2025-03-23.19:50:24::SCWBDomain::"Running Make include in psu_cortexa53_0/libsrc/gpio_v4_9/src"

TRACE::2025-03-23.19:50:24::SCWBDomain::make -C psu_cortexa53_0/libsrc/gpio_v4_9/src -s include  "SHELL=CMD" "COMPILER=aarch64-none-elf-gcc" "ASSEMBLER=aarch64-none-el
TRACE::2025-03-23.19:50:24::SCWBDomain::f-as" "ARCHIVER=aarch64-none-elf-ar" "COMPILER_FLAGS=  -c" "EXTRA_COMPILER_FLAGS=-g -Wall -Wextra -fno-tree-loop-distribute-pat
TRACE::2025-03-23.19:50:24::SCWBDomain::terns -Os -flto -ffat-lto-objects"

TRACE::2025-03-23.19:50:24::SCWBDomain::"Running Make include in psu_cortexa53_0/libsrc/iicps_v3_17/src"

TRACE::2025-03-23.19:50:24::SCWBDomain::make -C psu_cortexa53_0/libsrc/iicps_v3_17/src -s include  "SHELL=CMD" "COMPILER=aarch64-none-elf-gcc" "ASSEMBLER=aarch64-none-
TRACE::2025-03-23.19:50:24::SCWBDomain::elf-as" "ARCHIVER=aarch64-none-elf-ar" "COMPILER_FLAGS=  -c" "EXTRA_COMPILER_FLAGS=-g -Wall -Wextra -fno-tree-loop-distribute-p
TRACE::2025-03-23.19:50:24::SCWBDomain::atterns -Os -flto -ffat-lto-objects"

TRACE::2025-03-23.19:50:24::SCWBDomain::"Running Make include in psu_cortexa53_0/libsrc/iic_v3_9/src"

TRACE::2025-03-23.19:50:25::SCWBDomain::make -C psu_cortexa53_0/libsrc/iic_v3_9/src -s include  "SHELL=CMD" "COMPILER=aarch64-none-elf-gcc" "ASSEMBLER=aarch64-none-elf
TRACE::2025-03-23.19:50:25::SCWBDomain::-as" "ARCHIVER=aarch64-none-elf-ar" "COMPILER_FLAGS=  -c" "EXTRA_COMPILER_FLAGS=-g -Wall -Wextra -fno-tree-loop-distribute-patt
TRACE::2025-03-23.19:50:25::SCWBDomain::erns -Os -flto -ffat-lto-objects"

TRACE::2025-03-23.19:50:25::SCWBDomain::"Running Make include in psu_cortexa53_0/libsrc/ipipsu_v2_13/src"

TRACE::2025-03-23.19:50:25::SCWBDomain::make -C psu_cortexa53_0/libsrc/ipipsu_v2_13/src -s include  "SHELL=CMD" "COMPILER=aarch64-none-elf-gcc" "ASSEMBLER=aarch64-none
TRACE::2025-03-23.19:50:25::SCWBDomain::-elf-as" "ARCHIVER=aarch64-none-elf-ar" "COMPILER_FLAGS=  -c" "EXTRA_COMPILER_FLAGS=-g -Wall -Wextra -fno-tree-loop-distribute-
TRACE::2025-03-23.19:50:25::SCWBDomain::patterns -Os -flto -ffat-lto-objects"

TRACE::2025-03-23.19:50:25::SCWBDomain::"Running Make include in psu_cortexa53_0/libsrc/qspipsu_v1_17/src"

TRACE::2025-03-23.19:50:25::SCWBDomain::make -C psu_cortexa53_0/libsrc/qspipsu_v1_17/src -s include  "SHELL=CMD" "COMPILER=aarch64-none-elf-gcc" "ASSEMBLER=aarch64-non
TRACE::2025-03-23.19:50:25::SCWBDomain::e-elf-as" "ARCHIVER=aarch64-none-elf-ar" "COMPILER_FLAGS=  -c" "EXTRA_COMPILER_FLAGS=-g -Wall -Wextra -fno-tree-loop-distribute
TRACE::2025-03-23.19:50:25::SCWBDomain::-patterns -Os -flto -ffat-lto-objects"

TRACE::2025-03-23.19:50:25::SCWBDomain::"Running Make include in psu_cortexa53_0/libsrc/resetps_v1_5/src"

TRACE::2025-03-23.19:50:25::SCWBDomain::make -C psu_cortexa53_0/libsrc/resetps_v1_5/src -s include  "SHELL=CMD" "COMPILER=aarch64-none-elf-gcc" "ASSEMBLER=aarch64-none
TRACE::2025-03-23.19:50:25::SCWBDomain::-elf-as" "ARCHIVER=aarch64-none-elf-ar" "COMPILER_FLAGS=  -c" "EXTRA_COMPILER_FLAGS=-g -Wall -Wextra -fno-tree-loop-distribute-
TRACE::2025-03-23.19:50:25::SCWBDomain::patterns -Os -flto -ffat-lto-objects"

TRACE::2025-03-23.19:50:25::SCWBDomain::"Running Make include in psu_cortexa53_0/libsrc/rtcpsu_v1_12/src"

TRACE::2025-03-23.19:50:25::SCWBDomain::make -C psu_cortexa53_0/libsrc/rtcpsu_v1_12/src -s include  "SHELL=CMD" "COMPILER=aarch64-none-elf-gcc" "ASSEMBLER=aarch64-none
TRACE::2025-03-23.19:50:25::SCWBDomain::-elf-as" "ARCHIVER=aarch64-none-elf-ar" "COMPILER_FLAGS=  -c" "EXTRA_COMPILER_FLAGS=-g -Wall -Wextra -fno-tree-loop-distribute-
TRACE::2025-03-23.19:50:25::SCWBDomain::patterns -Os -flto -ffat-lto-objects"

TRACE::2025-03-23.19:50:25::SCWBDomain::"Running Make include in psu_cortexa53_0/libsrc/scugic_v5_1/src"

TRACE::2025-03-23.19:50:25::SCWBDomain::make -C psu_cortexa53_0/libsrc/scugic_v5_1/src -s include  "SHELL=CMD" "COMPILER=aarch64-none-elf-gcc" "ASSEMBLER=aarch64-none-
TRACE::2025-03-23.19:50:25::SCWBDomain::elf-as" "ARCHIVER=aarch64-none-elf-ar" "COMPILER_FLAGS=  -c" "EXTRA_COMPILER_FLAGS=-g -Wall -Wextra -fno-tree-loop-distribute-p
TRACE::2025-03-23.19:50:25::SCWBDomain::atterns -Os -flto -ffat-lto-objects"

TRACE::2025-03-23.19:50:25::SCWBDomain::"Running Make include in psu_cortexa53_0/libsrc/sdps_v4_1/src"

TRACE::2025-03-23.19:50:25::SCWBDomain::make -C psu_cortexa53_0/libsrc/sdps_v4_1/src -s include  "SHELL=CMD" "COMPILER=aarch64-none-elf-gcc" "ASSEMBLER=aarch64-none-el
TRACE::2025-03-23.19:50:25::SCWBDomain::f-as" "ARCHIVER=aarch64-none-elf-ar" "COMPILER_FLAGS=  -c" "EXTRA_COMPILER_FLAGS=-g -Wall -Wextra -fno-tree-loop-distribute-pat
TRACE::2025-03-23.19:50:25::SCWBDomain::terns -Os -flto -ffat-lto-objects"

TRACE::2025-03-23.19:50:25::SCWBDomain::"Running Make include in psu_cortexa53_0/libsrc/spi_v4_10/src"

TRACE::2025-03-23.19:50:25::SCWBDomain::make -C psu_cortexa53_0/libsrc/spi_v4_10/src -s include  "SHELL=CMD" "COMPILER=aarch64-none-elf-gcc" "ASSEMBLER=aarch64-none-el
TRACE::2025-03-23.19:50:25::SCWBDomain::f-as" "ARCHIVER=aarch64-none-elf-ar" "COMPILER_FLAGS=  -c" "EXTRA_COMPILER_FLAGS=-g -Wall -Wextra -fno-tree-loop-distribute-pat
TRACE::2025-03-23.19:50:25::SCWBDomain::terns -Os -flto -ffat-lto-objects"

TRACE::2025-03-23.19:50:25::SCWBDomain::"Running Make include in psu_cortexa53_0/libsrc/standalone_v8_1/src"

TRACE::2025-03-23.19:50:25::SCWBDomain::make -C psu_cortexa53_0/libsrc/standalone_v8_1/src -s include  "SHELL=CMD" "COMPILER=aarch64-none-elf-gcc" "ASSEMBLER=aarch64-n
TRACE::2025-03-23.19:50:25::SCWBDomain::one-elf-as" "ARCHIVER=aarch64-none-elf-ar" "COMPILER_FLAGS=  -c" "EXTRA_COMPILER_FLAGS=-g -Wall -Wextra -fno-tree-loop-distribu
TRACE::2025-03-23.19:50:25::SCWBDomain::te-patterns -Os -flto -ffat-lto-objects"

TRACE::2025-03-23.19:50:25::SCWBDomain::"Running Make include in psu_cortexa53_0/libsrc/sysmonpsu_v2_8/src"

TRACE::2025-03-23.19:50:25::SCWBDomain::make -C psu_cortexa53_0/libsrc/sysmonpsu_v2_8/src -s include  "SHELL=CMD" "COMPILER=aarch64-none-elf-gcc" "ASSEMBLER=aarch64-no
TRACE::2025-03-23.19:50:25::SCWBDomain::ne-elf-as" "ARCHIVER=aarch64-none-elf-ar" "COMPILER_FLAGS=  -c" "EXTRA_COMPILER_FLAGS=-g -Wall -Wextra -fno-tree-loop-distribut
TRACE::2025-03-23.19:50:25::SCWBDomain::e-patterns -Os -flto -ffat-lto-objects"

TRACE::2025-03-23.19:50:25::SCWBDomain::"Running Make include in psu_cortexa53_0/libsrc/ttcps_v3_17/src"

TRACE::2025-03-23.19:50:25::SCWBDomain::make -C psu_cortexa53_0/libsrc/ttcps_v3_17/src -s include  "SHELL=CMD" "COMPILER=aarch64-none-elf-gcc" "ASSEMBLER=aarch64-none-
TRACE::2025-03-23.19:50:25::SCWBDomain::elf-as" "ARCHIVER=aarch64-none-elf-ar" "COMPILER_FLAGS=  -c" "EXTRA_COMPILER_FLAGS=-g -Wall -Wextra -fno-tree-loop-distribute-p
TRACE::2025-03-23.19:50:25::SCWBDomain::atterns -Os -flto -ffat-lto-objects"

TRACE::2025-03-23.19:50:25::SCWBDomain::"Running Make include in psu_cortexa53_0/libsrc/uartps_v3_12/src"

TRACE::2025-03-23.19:50:25::SCWBDomain::make -C psu_cortexa53_0/libsrc/uartps_v3_12/src -s include  "SHELL=CMD" "COMPILER=aarch64-none-elf-gcc" "ASSEMBLER=aarch64-none
TRACE::2025-03-23.19:50:25::SCWBDomain::-elf-as" "ARCHIVER=aarch64-none-elf-ar" "COMPILER_FLAGS=  -c" "EXTRA_COMPILER_FLAGS=-g -Wall -Wextra -fno-tree-loop-distribute-
TRACE::2025-03-23.19:50:25::SCWBDomain::patterns -Os -flto -ffat-lto-objects"

TRACE::2025-03-23.19:50:25::SCWBDomain::"Running Make include in psu_cortexa53_0/libsrc/wdtps_v3_5/src"

TRACE::2025-03-23.19:50:25::SCWBDomain::make -C psu_cortexa53_0/libsrc/wdtps_v3_5/src -s include  "SHELL=CMD" "COMPILER=aarch64-none-elf-gcc" "ASSEMBLER=aarch64-none-e
TRACE::2025-03-23.19:50:25::SCWBDomain::lf-as" "ARCHIVER=aarch64-none-elf-ar" "COMPILER_FLAGS=  -c" "EXTRA_COMPILER_FLAGS=-g -Wall -Wextra -fno-tree-loop-distribute-pa
TRACE::2025-03-23.19:50:25::SCWBDomain::tterns -Os -flto -ffat-lto-objects"

TRACE::2025-03-23.19:50:25::SCWBDomain::"Running Make include in psu_cortexa53_0/libsrc/xilffs_v5_0/src"

TRACE::2025-03-23.19:50:25::SCWBDomain::make -C psu_cortexa53_0/libsrc/xilffs_v5_0/src -s include  "SHELL=CMD" "COMPILER=aarch64-none-elf-gcc" "ASSEMBLER=aarch64-none-
TRACE::2025-03-23.19:50:25::SCWBDomain::elf-as" "ARCHIVER=aarch64-none-elf-ar" "COMPILER_FLAGS=  -c" "EXTRA_COMPILER_FLAGS=-g -Wall -Wextra -fno-tree-loop-distribute-p
TRACE::2025-03-23.19:50:25::SCWBDomain::atterns -Os -flto -ffat-lto-objects"

TRACE::2025-03-23.19:50:25::SCWBDomain::"Running Make include in psu_cortexa53_0/libsrc/xilpm_v5_0/src"

TRACE::2025-03-23.19:50:25::SCWBDomain::make -C psu_cortexa53_0/libsrc/xilpm_v5_0/src -s include  "SHELL=CMD" "COMPILER=aarch64-none-elf-gcc" "ASSEMBLER=aarch64-none-e
TRACE::2025-03-23.19:50:25::SCWBDomain::lf-as" "ARCHIVER=aarch64-none-elf-ar" "COMPILER_FLAGS=  -c" "EXTRA_COMPILER_FLAGS=-g -Wall -Wextra -fno-tree-loop-distribute-pa
TRACE::2025-03-23.19:50:25::SCWBDomain::tterns -Os -flto -ffat-lto-objects"

TRACE::2025-03-23.19:50:25::SCWBDomain::"Running Make include in psu_cortexa53_0/libsrc/xilsecure_v5_1/src"

TRACE::2025-03-23.19:50:25::SCWBDomain::"Include files for this library have already been copied."

TRACE::2025-03-23.19:50:25::SCWBDomain::make -C psu_cortexa53_0/libsrc/xilsecure_v5_1/src -s include  "SHELL=CMD" "COMPILER=aarch64-none-elf-gcc" "ASSEMBLER=aarch64-no
TRACE::2025-03-23.19:50:25::SCWBDomain::ne-elf-as" "ARCHIVER=aarch64-none-elf-ar" "COMPILER_FLAGS=  -c" "EXTRA_COMPILER_FLAGS=-g -Wall -Wextra -fno-tree-loop-distribut
TRACE::2025-03-23.19:50:25::SCWBDomain::e-patterns -Os -flto -ffat-lto-objects"

TRACE::2025-03-23.19:50:25::SCWBDomain::"Running Make include in psu_cortexa53_0/libsrc/zdma_v1_16/src"

TRACE::2025-03-23.19:50:25::SCWBDomain::make -C psu_cortexa53_0/libsrc/zdma_v1_16/src -s include  "SHELL=CMD" "COMPILER=aarch64-none-elf-gcc" "ASSEMBLER=aarch64-none-e
TRACE::2025-03-23.19:50:25::SCWBDomain::lf-as" "ARCHIVER=aarch64-none-elf-ar" "COMPILER_FLAGS=  -c" "EXTRA_COMPILER_FLAGS=-g -Wall -Wextra -fno-tree-loop-distribute-pa
TRACE::2025-03-23.19:50:25::SCWBDomain::tterns -Os -flto -ffat-lto-objects"

TRACE::2025-03-23.19:50:25::SCWBDomain::"Running Make libs in psu_cortexa53_0/libsrc/axipmon_v6_9/src"

TRACE::2025-03-23.19:50:25::SCWBDomain::make -C psu_cortexa53_0/libsrc/axipmon_v6_9/src -s libs  "SHELL=CMD" "COMPILER=aarch64-none-elf-gcc" "ASSEMBLER=aarch64-none-el
TRACE::2025-03-23.19:50:25::SCWBDomain::f-as" "ARCHIVER=aarch64-none-elf-ar" "COMPILER_FLAGS=  -c" "EXTRA_COMPILER_FLAGS=-g -Wall -Wextra -fno-tree-loop-distribute-pat
TRACE::2025-03-23.19:50:25::SCWBDomain::terns -Os -flto -ffat-lto-objects"

TRACE::2025-03-23.19:50:25::SCWBDomain::"Running Make libs in psu_cortexa53_0/libsrc/clockps_v1_4/src"

TRACE::2025-03-23.19:50:25::SCWBDomain::make -C psu_cortexa53_0/libsrc/clockps_v1_4/src -s libs  "SHELL=CMD" "COMPILER=aarch64-none-elf-gcc" "ASSEMBLER=aarch64-none-el
TRACE::2025-03-23.19:50:25::SCWBDomain::f-as" "ARCHIVER=aarch64-none-elf-ar" "COMPILER_FLAGS=  -c" "EXTRA_COMPILER_FLAGS=-g -Wall -Wextra -fno-tree-loop-distribute-pat
TRACE::2025-03-23.19:50:25::SCWBDomain::terns -Os -flto -ffat-lto-objects"

TRACE::2025-03-23.19:50:26::SCWBDomain::"Running Make libs in psu_cortexa53_0/libsrc/coresightps_dcc_v1_8/src"

TRACE::2025-03-23.19:50:26::SCWBDomain::make -C psu_cortexa53_0/libsrc/coresightps_dcc_v1_8/src -s libs  "SHELL=CMD" "COMPILER=aarch64-none-elf-gcc" "ASSEMBLER=aarch64
TRACE::2025-03-23.19:50:26::SCWBDomain::-none-elf-as" "ARCHIVER=aarch64-none-elf-ar" "COMPILER_FLAGS=  -c" "EXTRA_COMPILER_FLAGS=-g -Wall -Wextra -fno-tree-loop-distri
TRACE::2025-03-23.19:50:26::SCWBDomain::bute-patterns -Os -flto -ffat-lto-objects"

TRACE::2025-03-23.19:50:26::SCWBDomain::"Running Make libs in psu_cortexa53_0/libsrc/cpu_cortexa53_v2_0/src"

TRACE::2025-03-23.19:50:26::SCWBDomain::make -C psu_cortexa53_0/libsrc/cpu_cortexa53_v2_0/src -s libs  "SHELL=CMD" "COMPILER=aarch64-none-elf-gcc" "ASSEMBLER=aarch64-n
TRACE::2025-03-23.19:50:26::SCWBDomain::one-elf-as" "ARCHIVER=aarch64-none-elf-ar" "COMPILER_FLAGS=  -c" "EXTRA_COMPILER_FLAGS=-g -Wall -Wextra -fno-tree-loop-distribu
TRACE::2025-03-23.19:50:26::SCWBDomain::te-patterns -Os -flto -ffat-lto-objects"

TRACE::2025-03-23.19:50:26::SCWBDomain::"Running Make libs in psu_cortexa53_0/libsrc/csudma_v1_13/src"

TRACE::2025-03-23.19:50:26::SCWBDomain::make -C psu_cortexa53_0/libsrc/csudma_v1_13/src -s libs  "SHELL=CMD" "COMPILER=aarch64-none-elf-gcc" "ASSEMBLER=aarch64-none-el
TRACE::2025-03-23.19:50:26::SCWBDomain::f-as" "ARCHIVER=aarch64-none-elf-ar" "COMPILER_FLAGS=  -c" "EXTRA_COMPILER_FLAGS=-g -Wall -Wextra -fno-tree-loop-distribute-pat
TRACE::2025-03-23.19:50:26::SCWBDomain::terns -Os -flto -ffat-lto-objects"

TRACE::2025-03-23.19:50:26::SCWBDomain::"Running Make libs in psu_cortexa53_0/libsrc/ddrcpsu_v1_4/src"

TRACE::2025-03-23.19:50:26::SCWBDomain::make -C psu_cortexa53_0/libsrc/ddrcpsu_v1_4/src -s libs  "SHELL=CMD" "COMPILER=aarch64-none-elf-gcc" "ASSEMBLER=aarch64-none-el
TRACE::2025-03-23.19:50:26::SCWBDomain::f-as" "ARCHIVER=aarch64-none-elf-ar" "COMPILER_FLAGS=  -c" "EXTRA_COMPILER_FLAGS=-g -Wall -Wextra -fno-tree-loop-distribute-pat
TRACE::2025-03-23.19:50:26::SCWBDomain::terns -Os -flto -ffat-lto-objects"

TRACE::2025-03-23.19:50:26::SCWBDomain::"Running Make libs in psu_cortexa53_0/libsrc/gpiops_v3_11/src"

TRACE::2025-03-23.19:50:26::SCWBDomain::make -C psu_cortexa53_0/libsrc/gpiops_v3_11/src -s libs  "SHELL=CMD" "COMPILER=aarch64-none-elf-gcc" "ASSEMBLER=aarch64-none-el
TRACE::2025-03-23.19:50:26::SCWBDomain::f-as" "ARCHIVER=aarch64-none-elf-ar" "COMPILER_FLAGS=  -c" "EXTRA_COMPILER_FLAGS=-g -Wall -Wextra -fno-tree-loop-distribute-pat
TRACE::2025-03-23.19:50:26::SCWBDomain::terns -Os -flto -ffat-lto-objects"

TRACE::2025-03-23.19:50:26::SCWBDomain::"Running Make libs in psu_cortexa53_0/libsrc/gpio_v4_9/src"

TRACE::2025-03-23.19:50:26::SCWBDomain::make -C psu_cortexa53_0/libsrc/gpio_v4_9/src -s libs  "SHELL=CMD" "COMPILER=aarch64-none-elf-gcc" "ASSEMBLER=aarch64-none-elf-a
TRACE::2025-03-23.19:50:26::SCWBDomain::s" "ARCHIVER=aarch64-none-elf-ar" "COMPILER_FLAGS=  -c" "EXTRA_COMPILER_FLAGS=-g -Wall -Wextra -fno-tree-loop-distribute-patter
TRACE::2025-03-23.19:50:26::SCWBDomain::ns -Os -flto -ffat-lto-objects"

TRACE::2025-03-23.19:50:26::SCWBDomain::"Running Make libs in psu_cortexa53_0/libsrc/iicps_v3_17/src"

TRACE::2025-03-23.19:50:26::SCWBDomain::make -C psu_cortexa53_0/libsrc/iicps_v3_17/src -s libs  "SHELL=CMD" "COMPILER=aarch64-none-elf-gcc" "ASSEMBLER=aarch64-none-elf
TRACE::2025-03-23.19:50:26::SCWBDomain::-as" "ARCHIVER=aarch64-none-elf-ar" "COMPILER_FLAGS=  -c" "EXTRA_COMPILER_FLAGS=-g -Wall -Wextra -fno-tree-loop-distribute-patt
TRACE::2025-03-23.19:50:26::SCWBDomain::erns -Os -flto -ffat-lto-objects"

TRACE::2025-03-23.19:50:26::SCWBDomain::"Running Make libs in psu_cortexa53_0/libsrc/iic_v3_9/src"

TRACE::2025-03-23.19:50:26::SCWBDomain::make -C psu_cortexa53_0/libsrc/iic_v3_9/src -s libs  "SHELL=CMD" "COMPILER=aarch64-none-elf-gcc" "ASSEMBLER=aarch64-none-elf-as
TRACE::2025-03-23.19:50:26::SCWBDomain::" "ARCHIVER=aarch64-none-elf-ar" "COMPILER_FLAGS=  -c" "EXTRA_COMPILER_FLAGS=-g -Wall -Wextra -fno-tree-loop-distribute-pattern
TRACE::2025-03-23.19:50:26::SCWBDomain::s -Os -flto -ffat-lto-objects"

TRACE::2025-03-23.19:50:26::SCWBDomain::"Running Make libs in psu_cortexa53_0/libsrc/ipipsu_v2_13/src"

TRACE::2025-03-23.19:50:26::SCWBDomain::make -C psu_cortexa53_0/libsrc/ipipsu_v2_13/src -s libs  "SHELL=CMD" "COMPILER=aarch64-none-elf-gcc" "ASSEMBLER=aarch64-none-el
TRACE::2025-03-23.19:50:26::SCWBDomain::f-as" "ARCHIVER=aarch64-none-elf-ar" "COMPILER_FLAGS=  -c" "EXTRA_COMPILER_FLAGS=-g -Wall -Wextra -fno-tree-loop-distribute-pat
TRACE::2025-03-23.19:50:26::SCWBDomain::terns -Os -flto -ffat-lto-objects"

TRACE::2025-03-23.19:50:26::SCWBDomain::"Running Make libs in psu_cortexa53_0/libsrc/qspipsu_v1_17/src"

TRACE::2025-03-23.19:50:26::SCWBDomain::make -C psu_cortexa53_0/libsrc/qspipsu_v1_17/src -s libs  "SHELL=CMD" "COMPILER=aarch64-none-elf-gcc" "ASSEMBLER=aarch64-none-e
TRACE::2025-03-23.19:50:26::SCWBDomain::lf-as" "ARCHIVER=aarch64-none-elf-ar" "COMPILER_FLAGS=  -c" "EXTRA_COMPILER_FLAGS=-g -Wall -Wextra -fno-tree-loop-distribute-pa
TRACE::2025-03-23.19:50:26::SCWBDomain::tterns -Os -flto -ffat-lto-objects"

TRACE::2025-03-23.19:50:27::SCWBDomain::"Running Make libs in psu_cortexa53_0/libsrc/resetps_v1_5/src"

TRACE::2025-03-23.19:50:27::SCWBDomain::make -C psu_cortexa53_0/libsrc/resetps_v1_5/src -s libs  "SHELL=CMD" "COMPILER=aarch64-none-elf-gcc" "ASSEMBLER=aarch64-none-el
TRACE::2025-03-23.19:50:27::SCWBDomain::f-as" "ARCHIVER=aarch64-none-elf-ar" "COMPILER_FLAGS=  -c" "EXTRA_COMPILER_FLAGS=-g -Wall -Wextra -fno-tree-loop-distribute-pat
TRACE::2025-03-23.19:50:27::SCWBDomain::terns -Os -flto -ffat-lto-objects"

TRACE::2025-03-23.19:50:27::SCWBDomain::"Running Make libs in psu_cortexa53_0/libsrc/rtcpsu_v1_12/src"

TRACE::2025-03-23.19:50:27::SCWBDomain::make -C psu_cortexa53_0/libsrc/rtcpsu_v1_12/src -s libs  "SHELL=CMD" "COMPILER=aarch64-none-elf-gcc" "ASSEMBLER=aarch64-none-el
TRACE::2025-03-23.19:50:27::SCWBDomain::f-as" "ARCHIVER=aarch64-none-elf-ar" "COMPILER_FLAGS=  -c" "EXTRA_COMPILER_FLAGS=-g -Wall -Wextra -fno-tree-loop-distribute-pat
TRACE::2025-03-23.19:50:27::SCWBDomain::terns -Os -flto -ffat-lto-objects"

TRACE::2025-03-23.19:50:27::SCWBDomain::"Running Make libs in psu_cortexa53_0/libsrc/scugic_v5_1/src"

TRACE::2025-03-23.19:50:27::SCWBDomain::make -C psu_cortexa53_0/libsrc/scugic_v5_1/src -s libs  "SHELL=CMD" "COMPILER=aarch64-none-elf-gcc" "ASSEMBLER=aarch64-none-elf
TRACE::2025-03-23.19:50:27::SCWBDomain::-as" "ARCHIVER=aarch64-none-elf-ar" "COMPILER_FLAGS=  -c" "EXTRA_COMPILER_FLAGS=-g -Wall -Wextra -fno-tree-loop-distribute-patt
TRACE::2025-03-23.19:50:27::SCWBDomain::erns -Os -flto -ffat-lto-objects"

TRACE::2025-03-23.19:50:27::SCWBDomain::"Running Make libs in psu_cortexa53_0/libsrc/sdps_v4_1/src"

TRACE::2025-03-23.19:50:27::SCWBDomain::make -C psu_cortexa53_0/libsrc/sdps_v4_1/src -s libs  "SHELL=CMD" "COMPILER=aarch64-none-elf-gcc" "ASSEMBLER=aarch64-none-elf-a
TRACE::2025-03-23.19:50:27::SCWBDomain::s" "ARCHIVER=aarch64-none-elf-ar" "COMPILER_FLAGS=  -c" "EXTRA_COMPILER_FLAGS=-g -Wall -Wextra -fno-tree-loop-distribute-patter
TRACE::2025-03-23.19:50:27::SCWBDomain::ns -Os -flto -ffat-lto-objects"

TRACE::2025-03-23.19:50:27::SCWBDomain::"Running Make libs in psu_cortexa53_0/libsrc/spi_v4_10/src"

TRACE::2025-03-23.19:50:27::SCWBDomain::make -C psu_cortexa53_0/libsrc/spi_v4_10/src -s libs  "SHELL=CMD" "COMPILER=aarch64-none-elf-gcc" "ASSEMBLER=aarch64-none-elf-a
TRACE::2025-03-23.19:50:27::SCWBDomain::s" "ARCHIVER=aarch64-none-elf-ar" "COMPILER_FLAGS=  -c" "EXTRA_COMPILER_FLAGS=-g -Wall -Wextra -fno-tree-loop-distribute-patter
TRACE::2025-03-23.19:50:27::SCWBDomain::ns -Os -flto -ffat-lto-objects"

TRACE::2025-03-23.19:50:27::SCWBDomain::"Running Make libs in psu_cortexa53_0/libsrc/standalone_v8_1/src"

TRACE::2025-03-23.19:50:27::SCWBDomain::make -C psu_cortexa53_0/libsrc/standalone_v8_1/src -s libs  "SHELL=CMD" "COMPILER=aarch64-none-elf-gcc" "ASSEMBLER=aarch64-none
TRACE::2025-03-23.19:50:27::SCWBDomain::-elf-as" "ARCHIVER=aarch64-none-elf-ar" "COMPILER_FLAGS=  -c" "EXTRA_COMPILER_FLAGS=-g -Wall -Wextra -fno-tree-loop-distribute-
TRACE::2025-03-23.19:50:27::SCWBDomain::patterns -Os -flto -ffat-lto-objects"

TRACE::2025-03-23.19:50:28::SCWBDomain::"Running Make libs in psu_cortexa53_0/libsrc/sysmonpsu_v2_8/src"

TRACE::2025-03-23.19:50:28::SCWBDomain::make -C psu_cortexa53_0/libsrc/sysmonpsu_v2_8/src -s libs  "SHELL=CMD" "COMPILER=aarch64-none-elf-gcc" "ASSEMBLER=aarch64-none-
TRACE::2025-03-23.19:50:28::SCWBDomain::elf-as" "ARCHIVER=aarch64-none-elf-ar" "COMPILER_FLAGS=  -c" "EXTRA_COMPILER_FLAGS=-g -Wall -Wextra -fno-tree-loop-distribute-p
TRACE::2025-03-23.19:50:28::SCWBDomain::atterns -Os -flto -ffat-lto-objects"

TRACE::2025-03-23.19:50:28::SCWBDomain::"Running Make libs in psu_cortexa53_0/libsrc/ttcps_v3_17/src"

TRACE::2025-03-23.19:50:28::SCWBDomain::make -C psu_cortexa53_0/libsrc/ttcps_v3_17/src -s libs  "SHELL=CMD" "COMPILER=aarch64-none-elf-gcc" "ASSEMBLER=aarch64-none-elf
TRACE::2025-03-23.19:50:28::SCWBDomain::-as" "ARCHIVER=aarch64-none-elf-ar" "COMPILER_FLAGS=  -c" "EXTRA_COMPILER_FLAGS=-g -Wall -Wextra -fno-tree-loop-distribute-patt
TRACE::2025-03-23.19:50:28::SCWBDomain::erns -Os -flto -ffat-lto-objects"

TRACE::2025-03-23.19:50:28::SCWBDomain::"Running Make libs in psu_cortexa53_0/libsrc/uartps_v3_12/src"

TRACE::2025-03-23.19:50:28::SCWBDomain::make -C psu_cortexa53_0/libsrc/uartps_v3_12/src -s libs  "SHELL=CMD" "COMPILER=aarch64-none-elf-gcc" "ASSEMBLER=aarch64-none-el
TRACE::2025-03-23.19:50:28::SCWBDomain::f-as" "ARCHIVER=aarch64-none-elf-ar" "COMPILER_FLAGS=  -c" "EXTRA_COMPILER_FLAGS=-g -Wall -Wextra -fno-tree-loop-distribute-pat
TRACE::2025-03-23.19:50:28::SCWBDomain::terns -Os -flto -ffat-lto-objects"

TRACE::2025-03-23.19:50:28::SCWBDomain::"Running Make libs in psu_cortexa53_0/libsrc/wdtps_v3_5/src"

TRACE::2025-03-23.19:50:28::SCWBDomain::make -C psu_cortexa53_0/libsrc/wdtps_v3_5/src -s libs  "SHELL=CMD" "COMPILER=aarch64-none-elf-gcc" "ASSEMBLER=aarch64-none-elf-
TRACE::2025-03-23.19:50:28::SCWBDomain::as" "ARCHIVER=aarch64-none-elf-ar" "COMPILER_FLAGS=  -c" "EXTRA_COMPILER_FLAGS=-g -Wall -Wextra -fno-tree-loop-distribute-patte
TRACE::2025-03-23.19:50:28::SCWBDomain::rns -Os -flto -ffat-lto-objects"

TRACE::2025-03-23.19:50:28::SCWBDomain::"Running Make libs in psu_cortexa53_0/libsrc/xilffs_v5_0/src"

TRACE::2025-03-23.19:50:28::SCWBDomain::make -C psu_cortexa53_0/libsrc/xilffs_v5_0/src -s libs  "SHELL=CMD" "COMPILER=aarch64-none-elf-gcc" "ASSEMBLER=aarch64-none-elf
TRACE::2025-03-23.19:50:28::SCWBDomain::-as" "ARCHIVER=aarch64-none-elf-ar" "COMPILER_FLAGS=  -c" "EXTRA_COMPILER_FLAGS=-g -Wall -Wextra -fno-tree-loop-distribute-patt
TRACE::2025-03-23.19:50:28::SCWBDomain::erns -Os -flto -ffat-lto-objects"

TRACE::2025-03-23.19:50:29::SCWBDomain::"Running Make libs in psu_cortexa53_0/libsrc/zdma_v1_16/src"

TRACE::2025-03-23.19:50:29::SCWBDomain::make -C psu_cortexa53_0/libsrc/zdma_v1_16/src -s libs  "SHELL=CMD" "COMPILER=aarch64-none-elf-gcc" "ASSEMBLER=aarch64-none-elf-
TRACE::2025-03-23.19:50:29::SCWBDomain::as" "ARCHIVER=aarch64-none-elf-ar" "COMPILER_FLAGS=  -c" "EXTRA_COMPILER_FLAGS=-g -Wall -Wextra -fno-tree-loop-distribute-patte
TRACE::2025-03-23.19:50:29::SCWBDomain::rns -Os -flto -ffat-lto-objects"

TRACE::2025-03-23.19:50:31::SCWBDomain::'Finished building libraries parallelly.'

TRACE::2025-03-23.19:50:31::SCWBDomain::make --no-print-directory archive

TRACE::2025-03-23.19:50:31::SCWBDomain::aarch64-none-elf-ar -r  psu_cortexa53_0/lib/libxil.a psu_cortexa53_0/lib/_exit.o psu_cortexa53_0/lib/_open.o psu_cortexa53_0/li
TRACE::2025-03-23.19:50:31::SCWBDomain::b/_sbrk.o psu_cortexa53_0/lib/abort.o psu_cortexa53_0/lib/asm_vectors.o psu_cortexa53_0/lib/boot.o psu_cortexa53_0/lib/close.o 
TRACE::2025-03-23.19:50:31::SCWBDomain::psu_cortexa53_0/lib/cpputest_time.o psu_cortexa53_0/lib/errno.o psu_cortexa53_0/lib/fcntl.o psu_cortexa53_0/lib/fstat.o psu_cor
TRACE::2025-03-23.19:50:31::SCWBDomain::texa53_0/lib/getentropy.o psu_cortexa53_0/lib/getpid.o psu_cortexa53_0/lib/inbyte.o psu_cortexa53_0/lib/initialise_monitor_hand
TRACE::2025-03-23.19:50:31::SCWBDomain::les.o psu_cortexa53_0/lib/isatty.o psu_cortexa53_0/lib/kill.o psu_cortexa53_0/lib/lseek.o psu_cortexa53_0/lib/open.o psu_cortex
TRACE::2025-03-23.19:50:31::SCWBDomain::a53_0/lib/outbyte.o psu_cortexa53_0/lib/print.o psu_cortexa53_0/lib/putnum.o psu_cortexa53_0/lib/read.o psu_cortexa53_0/lib/sbr
TRACE::2025-03-23.19:50:31::SCWBDomain::k.o psu_cortexa53_0/lib/sleep.o psu_cortexa53_0/lib/time.o psu_cortexa53_0/lib/translation_table.o psu_cortexa53_0/lib/unlink.o
TRACE::2025-03-23.19:50:31::SCWBDomain:: psu_cortexa53_0/lib/vectors.o psu_cortexa53_0/lib/write.o psu_cortexa53_0/lib/xaxipmon.o psu_cortexa53_0/lib/xaxipmon_g.o psu_
TRACE::2025-03-23.19:50:31::SCWBDomain::cortexa53_0/lib/xaxipmon_selftest.o psu_cortexa53_0/lib/xaxipmon_sinit.o psu_cortexa53_0/lib/xclockps.o psu_cortexa53_0/lib/xcl
TRACE::2025-03-23.19:50:31::SCWBDomain::ockps_divider.o psu_cortexa53_0/lib/xclockps_fixedfactor.o psu_cortexa53_0/lib/xclockps_g.o psu_cortexa53_0/lib/xclockps_gate.o
TRACE::2025-03-23.19:50:31::SCWBDomain:: psu_cortexa53_0/lib/xclockps_mux.o psu_cortexa53_0/lib/xclockps_pll.o psu_cortexa53_0/lib/xclockps_sinit.o psu_cortexa53_0/lib
TRACE::2025-03-23.19:50:31::SCWBDomain::/xcoresightpsdcc.o psu_cortexa53_0/lib/xcsudma.o psu_cortexa53_0/lib/xcsudma_g.o psu_cortexa53_0/lib/xcsudma_intr.o psu_cortexa
TRACE::2025-03-23.19:50:31::SCWBDomain::53_0/lib/xcsudma_selftest.o psu_cortexa53_0/lib/xcsudma_sinit.o psu_cortexa53_0/lib/xgpio.o psu_cortexa53_0/lib/xgpio_extra.o p
TRACE::2025-03-23.19:50:31::SCWBDomain::su_cortexa53_0/lib/xgpio_g.o psu_cortexa53_0/lib/xgpio_intr.o psu_cortexa53_0/lib/xgpio_selftest.o psu_cortexa53_0/lib/xgpio_si
TRACE::2025-03-23.19:50:31::SCWBDomain::nit.o psu_cortexa53_0/lib/xgpiops.o psu_cortexa53_0/lib/xgpiops_g.o psu_cortexa53_0/lib/xgpiops_hw.o psu_cortexa53_0/lib/xgpiop
TRACE::2025-03-23.19:50:31::SCWBDomain::s_intr.o psu_cortexa53_0/lib/xgpiops_selftest.o psu_cortexa53_0/lib/xgpiops_sinit.o psu_cortexa53_0/lib/xiic.o psu_cortexa53_0/
TRACE::2025-03-23.19:50:31::SCWBDomain::lib/xiic_dyn_master.o psu_cortexa53_0/lib/xiic_g.o psu_cortexa53_0/lib/xiic_intr.o psu_cortexa53_0/lib/xiic_l.o psu_cortexa53_0
TRACE::2025-03-23.19:50:31::SCWBDomain::/lib/xiic_master.o psu_cortexa53_0/lib/xiic_multi_master.o psu_cortexa53_0/lib/xiic_options.o psu_cortexa53_0/lib/xiic_selftest
TRACE::2025-03-23.19:50:31::SCWBDomain::.o psu_cortexa53_0/lib/xiic_sinit.o psu_cortexa53_0/lib/xiic_slave.o psu_cortexa53_0/lib/xiic_stats.o psu_cortexa53_0/lib/xiicp
TRACE::2025-03-23.19:50:31::SCWBDomain::s.o psu_cortexa53_0/lib/xiicps_g.o psu_cortexa53_0/lib/xiicps_hw.o psu_cortexa53_0/lib/xiicps_intr.o psu_cortexa53_0/lib/xiicps
TRACE::2025-03-23.19:50:31::SCWBDomain::_master.o psu_cortexa53_0/lib/xiicps_options.o psu_cortexa53_0/lib/xiicps_selftest.o psu_cortexa53_0/lib/xiicps_sinit.o psu_cor
TRACE::2025-03-23.19:50:31::SCWBDomain::texa53_0/lib/xiicps_slave.o psu_cortexa53_0/lib/xiicps_xfer.o psu_cortexa53_0/lib/xil-crt0.o psu_cortexa53_0/lib/xil_assert.o p
TRACE::2025-03-23.19:50:31::SCWBDomain::su_cortexa53_0/lib/xil_cache.o psu_cortexa53_0/lib/xil_clocking.o psu_cortexa53_0/lib/xil_exception.o psu_cortexa53_0/lib/xil_m
TRACE::2025-03-23.19:50:31::SCWBDomain::em.o psu_cortexa53_0/lib/xil_mmu.o psu_cortexa53_0/lib/xil_printf.o psu_cortexa53_0/lib/xil_sleepcommon.o psu_cortexa53_0/lib/x
TRACE::2025-03-23.19:50:31::SCWBDomain::il_sleeptimer.o psu_cortexa53_0/lib/xil_smc.o psu_cortexa53_0/lib/xil_spinlock.o psu_cortexa53_0/lib/xil_testcache.o psu_cortex
TRACE::2025-03-23.19:50:31::SCWBDomain::a53_0/lib/xil_testio.o psu_cortexa53_0/lib/xil_testmem.o psu_cortexa53_0/lib/xil_util.o psu_cortexa53_0/lib/xinterrupt_wrap.o p
TRACE::2025-03-23.19:50:31::SCWBDomain::su_cortexa53_0/lib/xipipsu.o psu_cortexa53_0/lib/xipipsu_buf.o psu_cortexa53_0/lib/xipipsu_g.o psu_cortexa53_0/lib/xipipsu_sini
TRACE::2025-03-23.19:50:31::SCWBDomain::t.o psu_cortexa53_0/lib/xplatform_info.o psu_cortexa53_0/lib/xpm_counter.o psu_cortexa53_0/lib/xqspipsu.o psu_cortexa53_0/lib/x
TRACE::2025-03-23.19:50:31::SCWBDomain::qspipsu_control.o psu_cortexa53_0/lib/xqspipsu_g.o psu_cortexa53_0/lib/xqspipsu_hw.o psu_cortexa53_0/lib/xqspipsu_options.o psu
TRACE::2025-03-23.19:50:31::SCWBDomain::_cortexa53_0/lib/xqspipsu_sinit.o psu_cortexa53_0/lib/xresetps.o psu_cortexa53_0/lib/xresetps_g.o psu_cortexa53_0/lib/xresetps_
TRACE::2025-03-23.19:50:31::SCWBDomain::sinit.o psu_cortexa53_0/lib/xrtcpsu.o psu_cortexa53_0/lib/xrtcpsu_g.o psu_cortexa53_0/lib/xrtcpsu_intr.o psu_cortexa53_0/lib/xr
TRACE::2025-03-23.19:50:31::SCWBDomain::tcpsu_selftest.o psu_cortexa53_0/lib/xrtcpsu_sinit.o psu_cortexa53_0/lib/xscugic.o psu_cortexa53_0/lib/xscugic_g.o psu_cortexa5
TRACE::2025-03-23.19:50:31::SCWBDomain::3_0/lib/xscugic_hw.o psu_cortexa53_0/lib/xscugic_intr.o psu_cortexa53_0/lib/xscugic_selftest.o psu_cortexa53_0/lib/xscugic_sini
TRACE::2025-03-23.19:50:31::SCWBDomain::t.o psu_cortexa53_0/lib/xsdps.o psu_cortexa53_0/lib/xsdps_card.o psu_cortexa53_0/lib/xsdps_g.o psu_cortexa53_0/lib/xsdps_host.o
TRACE::2025-03-23.19:50:31::SCWBDomain:: psu_cortexa53_0/lib/xsdps_options.o psu_cortexa53_0/lib/xsdps_sinit.o psu_cortexa53_0/lib/xspi.o psu_cortexa53_0/lib/xspi_g.o 
TRACE::2025-03-23.19:50:31::SCWBDomain::psu_cortexa53_0/lib/xspi_options.o psu_cortexa53_0/lib/xspi_selftest.o psu_cortexa53_0/lib/xspi_sinit.o psu_cortexa53_0/lib/xsp
TRACE::2025-03-23.19:50:31::SCWBDomain::i_stats.o psu_cortexa53_0/lib/xsysmonpsu.o psu_cortexa53_0/lib/xsysmonpsu_g.o psu_cortexa53_0/lib/xsysmonpsu_intr.o psu_cortexa
TRACE::2025-03-23.19:50:31::SCWBDomain::53_0/lib/xsysmonpsu_selftest.o psu_cortexa53_0/lib/xsysmonpsu_sinit.o psu_cortexa53_0/lib/xtime_l.o psu_cortexa53_0/lib/xttcps.
TRACE::2025-03-23.19:50:31::SCWBDomain::o psu_cortexa53_0/lib/xttcps_g.o psu_cortexa53_0/lib/xttcps_options.o psu_cortexa53_0/lib/xttcps_selftest.o psu_cortexa53_0/lib
TRACE::2025-03-23.19:50:31::SCWBDomain::/xttcps_sinit.o psu_cortexa53_0/lib/xuartps.o psu_cortexa53_0/lib/xuartps_g.o psu_cortexa53_0/lib/xuartps_hw.o psu_cortexa53_0/
TRACE::2025-03-23.19:50:31::SCWBDomain::lib/xuartps_intr.o psu_cortexa53_0/lib/xuartps_options.o psu_cortexa53_0/lib/xuartps_selftest.o psu_cortexa53_0/lib/xuartps_sin
TRACE::2025-03-23.19:50:31::SCWBDomain::it.o psu_cortexa53_0/lib/xwdtps.o psu_cortexa53_0/lib/xwdtps_g.o psu_cortexa53_0/lib/xwdtps_selftest.o psu_cortexa53_0/lib/xwdt
TRACE::2025-03-23.19:50:31::SCWBDomain::ps_sinit.o psu_cortexa53_0/lib/xzdma.o psu_cortexa53_0/lib/xzdma_g.o psu_cortexa53_0/lib/xzdma_intr.o psu_cortexa53_0/lib/xzdma
TRACE::2025-03-23.19:50:31::SCWBDomain::_selftest.o psu_cortexa53_0/lib/xzdma_sinit.o

TRACE::2025-03-23.19:50:31::SCWBDomain::'Finished building libraries'

TRACE::2025-03-23.19:50:31::SCWBDomain::make: Leaving directory 'C:/Xilinx/Projects/DRC_Rev2.0_Deliverables/Vitis2023.1/DRC_Rev2.0_SW/DRCPlatform/zynqmp_fsbl/zynqmp_fs
TRACE::2025-03-23.19:50:31::SCWBDomain::bl_bsp'

TRACE::2025-03-23.19:50:31::SCWBDomain::aarch64-none-elf-gcc  -c -MMD -MP      -Wall -fmessage-length=0 -DARMA53_64 -Os -flto -ffat-lto-objects   -c xfsbl_qspi.c -o xf
TRACE::2025-03-23.19:50:31::SCWBDomain::sbl_qspi.o -Izynqmp_fsbl_bsp/psu_cortexa53_0/include -I.

TRACE::2025-03-23.19:50:31::SCWBDomain::aarch64-none-elf-gcc  -c -MMD -MP      -Wall -fmessage-length=0 -DARMA53_64 -Os -flto -ffat-lto-objects   -c xfsbl_csu_dma.c -o
TRACE::2025-03-23.19:50:31::SCWBDomain:: xfsbl_csu_dma.o -Izynqmp_fsbl_bsp/psu_cortexa53_0/include -I.

TRACE::2025-03-23.19:50:32::SCWBDomain::aarch64-none-elf-gcc  -c -MMD -MP      -Wall -fmessage-length=0 -DARMA53_64 -Os -flto -ffat-lto-objects   -c xfsbl_nand.c -o xf
TRACE::2025-03-23.19:50:32::SCWBDomain::sbl_nand.o -Izynqmp_fsbl_bsp/psu_cortexa53_0/include -I.

TRACE::2025-03-23.19:50:32::SCWBDomain::aarch64-none-elf-gcc  -c -MMD -MP      -Wall -fmessage-length=0 -DARMA53_64 -Os -flto -ffat-lto-objects   -c xfsbl_sd.c -o xfsb
TRACE::2025-03-23.19:50:32::SCWBDomain::l_sd.o -Izynqmp_fsbl_bsp/psu_cortexa53_0/include -I.

TRACE::2025-03-23.19:50:32::SCWBDomain::aarch64-none-elf-gcc  -c -MMD -MP      -Wall -fmessage-length=0 -DARMA53_64 -Os -flto -ffat-lto-objects   -c xfsbl_usb.c -o xfs
TRACE::2025-03-23.19:50:32::SCWBDomain::bl_usb.o -Izynqmp_fsbl_bsp/psu_cortexa53_0/include -I.

TRACE::2025-03-23.19:50:32::SCWBDomain::aarch64-none-elf-gcc  -c -MMD -MP      -Wall -fmessage-length=0 -DARMA53_64 -Os -flto -ffat-lto-objects   -c xfsbl_hooks.c -o x
TRACE::2025-03-23.19:50:32::SCWBDomain::fsbl_hooks.o -Izynqmp_fsbl_bsp/psu_cortexa53_0/include -I.

TRACE::2025-03-23.19:50:32::SCWBDomain::aarch64-none-elf-gcc  -c -MMD -MP      -Wall -fmessage-length=0 -DARMA53_64 -Os -flto -ffat-lto-objects   -c xfsbl_main.c -o xf
TRACE::2025-03-23.19:50:32::SCWBDomain::sbl_main.o -Izynqmp_fsbl_bsp/psu_cortexa53_0/include -I.

TRACE::2025-03-23.19:50:32::SCWBDomain::aarch64-none-elf-gcc  -c -MMD -MP      -Wall -fmessage-length=0 -DARMA53_64 -Os -flto -ffat-lto-objects   -c xfsbl_dfu_util.c -
TRACE::2025-03-23.19:50:32::SCWBDomain::o xfsbl_dfu_util.o -Izynqmp_fsbl_bsp/psu_cortexa53_0/include -I.

TRACE::2025-03-23.19:50:32::SCWBDomain::aarch64-none-elf-gcc  -c -MMD -MP      -Wall -fmessage-length=0 -DARMA53_64 -Os -flto -ffat-lto-objects   -c xfsbl_partition_lo
TRACE::2025-03-23.19:50:32::SCWBDomain::ad.c -o xfsbl_partition_load.o -Izynqmp_fsbl_bsp/psu_cortexa53_0/include -I.

TRACE::2025-03-23.19:50:33::SCWBDomain::aarch64-none-elf-gcc  -c -MMD -MP      -Wall -fmessage-length=0 -DARMA53_64 -Os -flto -ffat-lto-objects   -c xfsbl_tpm.c -o xfs
TRACE::2025-03-23.19:50:33::SCWBDomain::bl_tpm.o -Izynqmp_fsbl_bsp/psu_cortexa53_0/include -I.

TRACE::2025-03-23.19:50:33::SCWBDomain::aarch64-none-elf-gcc  -c -MMD -MP      -Wall -fmessage-length=0 -DARMA53_64 -Os -flto -ffat-lto-objects   -c xfsbl_initializati
TRACE::2025-03-23.19:50:33::SCWBDomain::on.c -o xfsbl_initialization.o -Izynqmp_fsbl_bsp/psu_cortexa53_0/include -I.

TRACE::2025-03-23.19:50:33::SCWBDomain::aarch64-none-elf-gcc  -c -MMD -MP      -Wall -fmessage-length=0 -DARMA53_64 -Os -flto -ffat-lto-objects   -c xfsbl_ddr_init.c -
TRACE::2025-03-23.19:50:33::SCWBDomain::o xfsbl_ddr_init.o -Izynqmp_fsbl_bsp/psu_cortexa53_0/include -I.

TRACE::2025-03-23.19:50:33::SCWBDomain::aarch64-none-elf-gcc  -c -MMD -MP      -Wall -fmessage-length=0 -DARMA53_64 -Os -flto -ffat-lto-objects   -c xfsbl_handoff.c -o
TRACE::2025-03-23.19:50:33::SCWBDomain:: xfsbl_handoff.o -Izynqmp_fsbl_bsp/psu_cortexa53_0/include -I.

TRACE::2025-03-23.19:50:33::SCWBDomain::aarch64-none-elf-gcc  -c -MMD -MP      -Wall -fmessage-length=0 -DARMA53_64 -Os -flto -ffat-lto-objects   -c psu_init.c -o psu_
TRACE::2025-03-23.19:50:33::SCWBDomain::init.o -Izynqmp_fsbl_bsp/psu_cortexa53_0/include -I.

TRACE::2025-03-23.19:50:33::SCWBDomain::aarch64-none-elf-gcc  -c -MMD -MP      -Wall -fmessage-length=0 -DARMA53_64 -Os -flto -ffat-lto-objects   -c xfsbl_board.c -o x
TRACE::2025-03-23.19:50:33::SCWBDomain::fsbl_board.o -Izynqmp_fsbl_bsp/psu_cortexa53_0/include -I.

TRACE::2025-03-23.19:50:34::SCWBDomain::aarch64-none-elf-gcc  -c -MMD -MP      -Wall -fmessage-length=0 -DARMA53_64 -Os -flto -ffat-lto-objects   -c xfsbl_misc_drivers
TRACE::2025-03-23.19:50:34::SCWBDomain::.c -o xfsbl_misc_drivers.o -Izynqmp_fsbl_bsp/psu_cortexa53_0/include -I.

TRACE::2025-03-23.19:50:34::SCWBDomain::aarch64-none-elf-gcc  -c -MMD -MP      -Wall -fmessage-length=0 -DARMA53_64 -Os -flto -ffat-lto-objects   -c xfsbl_bs.c -o xfsb
TRACE::2025-03-23.19:50:34::SCWBDomain::l_bs.o -Izynqmp_fsbl_bsp/psu_cortexa53_0/include -I.

TRACE::2025-03-23.19:50:34::SCWBDomain::aarch64-none-elf-gcc  -c -MMD -MP      -Wall -fmessage-length=0 -DARMA53_64 -Os -flto -ffat-lto-objects   -c xfsbl_tpm_util.c -
TRACE::2025-03-23.19:50:34::SCWBDomain::o xfsbl_tpm_util.o -Izynqmp_fsbl_bsp/psu_cortexa53_0/include -I.

TRACE::2025-03-23.19:50:34::SCWBDomain::aarch64-none-elf-gcc  -c -MMD -MP      -Wall -fmessage-length=0 -DARMA53_64 -Os -flto -ffat-lto-objects   -c xfsbl_rsa_sha.c -o
TRACE::2025-03-23.19:50:34::SCWBDomain:: xfsbl_rsa_sha.o -Izynqmp_fsbl_bsp/psu_cortexa53_0/include -I.

TRACE::2025-03-23.19:50:34::SCWBDomain::aarch64-none-elf-gcc  -c -MMD -MP      -Wall -fmessage-length=0 -DARMA53_64 -Os -flto -ffat-lto-objects   -c xfsbl_plpartition_
TRACE::2025-03-23.19:50:34::SCWBDomain::valid.c -o xfsbl_plpartition_valid.o -Izynqmp_fsbl_bsp/psu_cortexa53_0/include -I.

TRACE::2025-03-23.19:50:34::SCWBDomain::aarch64-none-elf-gcc  -c -MMD -MP      -Wall -fmessage-length=0 -DARMA53_64 -Os -flto -ffat-lto-objects   -c xfsbl_image_header
TRACE::2025-03-23.19:50:34::SCWBDomain::.c -o xfsbl_image_header.o -Izynqmp_fsbl_bsp/psu_cortexa53_0/include -I.

TRACE::2025-03-23.19:50:35::SCWBDomain::aarch64-none-elf-gcc  -c -MMD -MP      -Wall -fmessage-length=0 -DARMA53_64 -Os -flto -ffat-lto-objects   -c xfsbl_misc.c -o xf
TRACE::2025-03-23.19:50:35::SCWBDomain::sbl_misc.o -Izynqmp_fsbl_bsp/psu_cortexa53_0/include -I.

TRACE::2025-03-23.19:50:35::SCWBDomain::aarch64-none-elf-gcc  -c -MMD -MP      -Wall -fmessage-length=0 -DARMA53_64 -Os -flto -ffat-lto-objects   -c xfsbl_authenticati
TRACE::2025-03-23.19:50:35::SCWBDomain::on.c -o xfsbl_authentication.o -Izynqmp_fsbl_bsp/psu_cortexa53_0/include -I.

TRACE::2025-03-23.19:50:35::SCWBDomain::aarch64-none-elf-gcc  -c -MMD -MP      -Wall -fmessage-length=0 -DARMA53_64 -Os -flto -ffat-lto-objects   -c xfsbl_translation_
TRACE::2025-03-23.19:50:35::SCWBDomain::table.S -o xfsbl_translation_table.o -Izynqmp_fsbl_bsp/psu_cortexa53_0/include -I.

TRACE::2025-03-23.19:50:35::SCWBDomain::aarch64-none-elf-gcc  -c -MMD -MP      -Wall -fmessage-length=0 -DARMA53_64 -Os -flto -ffat-lto-objects   -c xfsbl_exit.S -o xf
TRACE::2025-03-23.19:50:35::SCWBDomain::sbl_exit.o -Izynqmp_fsbl_bsp/psu_cortexa53_0/include -I.

TRACE::2025-03-23.19:50:35::SCWBDomain::aarch64-none-elf-gcc -o fsbl_a53.elf psu_init.o xfsbl_authentication.o xfsbl_board.o xfsbl_bs.o xfsbl_csu_dma.o xfsbl_ddr_init.
TRACE::2025-03-23.19:50:35::SCWBDomain::o xfsbl_dfu_util.o xfsbl_exit.o xfsbl_handoff.o xfsbl_hooks.o xfsbl_image_header.o xfsbl_initialization.o xfsbl_main.o xfsbl_mi
TRACE::2025-03-23.19:50:35::SCWBDomain::sc.o xfsbl_misc_drivers.o xfsbl_nand.o xfsbl_partition_load.o xfsbl_plpartition_valid.o xfsbl_qspi.o xfsbl_rsa_sha.o xfsbl_sd.o
TRACE::2025-03-23.19:50:35::SCWBDomain:: xfsbl_tpm.o xfsbl_tpm_util.o xfsbl_translation_table.o xfsbl_usb.o -MMD -MP      -Wall -fmessage-length=0 -DARMA53_64 -Os -flt
TRACE::2025-03-23.19:50:35::SCWBDomain::o -ffat-lto-objects    -Wl,--start-group,-lxil,-lgcc,-lc,--end-group -Wl,--start-group,-lxilffs,-lxil,-lgcc,-lc,--end-group -Wl
TRACE::2025-03-23.19:50:35::SCWBDomain::,--start-group,-lxilsecure,-lxil,-lgcc,-lc,--end-group -Wl,--start-group,-lxilpm,-lxil,-lgcc,-lc,--end-group                   
TRACE::2025-03-23.19:50:35::SCWBDomain::                                                                                                  -n  -Wl,--gc-sections -Lzynqm
TRACE::2025-03-23.19:50:35::SCWBDomain::p_fsbl_bsp/psu_cortexa53_0/lib -Tlscript.ld

LOG::2025-03-23.19:50:38::SCWSystem::Checking the domain zynqmp_pmufw
LOG::2025-03-23.19:50:38::SCWSystem::Doing application build for :  zynqmp_pmufw
TRACE::2025-03-23.19:50:38::SCWBDomain::Not a forced makefile updation, No changes are present. 
TRACE::2025-03-23.19:50:38::SCWDomain::Building the domain as part of full build :  zynqmp_pmufw
TRACE::2025-03-23.19:50:38::SCWPlatform::Trying to open the hw design at C:/Xilinx/Projects/DRC_Rev2.0_Deliverables/Vitis2023.1/DRC_Rev2.0_SW/DRCPlatform/hw/DRC_Rev2.0_Deliverable.xsa
TRACE::2025-03-23.19:50:38::SCWPlatform::DSA given C:/Xilinx/Projects/DRC_Rev2.0_Deliverables/Vitis2023.1/DRC_Rev2.0_SW/DRCPlatform/hw/DRC_Rev2.0_Deliverable.xsa
TRACE::2025-03-23.19:50:38::SCWPlatform::DSA absoulate path C:/Xilinx/Projects/DRC_Rev2.0_Deliverables/Vitis2023.1/DRC_Rev2.0_SW/DRCPlatform/hw/DRC_Rev2.0_Deliverable.xsa
TRACE::2025-03-23.19:50:38::SCWPlatform::DSA directory C:/Xilinx/Projects/DRC_Rev2.0_Deliverables/Vitis2023.1/DRC_Rev2.0_SW/DRCPlatform/hw
TRACE::2025-03-23.19:50:38::SCWPlatform:: Platform Path C:/Xilinx/Projects/DRC_Rev2.0_Deliverables/Vitis2023.1/DRC_Rev2.0_SW/DRCPlatform/hw/DRC_Rev2.0_Deliverable.xsa
TRACE::2025-03-23.19:50:38::SCWPlatform:: Unique name xilinx:osdzu3eg1_2g_1v8_sip::0.0
TRACE::2025-03-23.19:50:38::SCWPlatform::Trying to set the existing hwdb with name design_1_wrapper_1
TRACE::2025-03-23.19:50:38::SCWPlatform::Opened existing hwdb design_1_wrapper_1
TRACE::2025-03-23.19:50:38::SCWPlatform::Found the Hw Db part of the input DSA
TRACE::2025-03-23.19:50:38::SCWMssOS::Checking the sw design at  C:/Xilinx/Projects/DRC_Rev2.0_Deliverables/Vitis2023.1/DRC_Rev2.0_SW/DRCPlatform/zynqmp_pmufw/zynqmp_pmufw_bsp/system.mss
TRACE::2025-03-23.19:50:38::SCWMssOS::DEBUG:  swdes dump  C:/Xilinx/Projects/DRC_Rev2.0_Deliverables/Vitis2023.1/DRC_Rev2.0_SW/DRCPlatform/psu_cortexa53_0/standalone_domain/bsp/system.mss|system_1||
C:/Xilinx/Projects/DRC_Rev2.0_Deliverables/Vitis2023.1/DRC_Rev2.0_SW/DRCPlatform/zynqmp_fsbl/zynqmp_fsbl_bsp/system.mss|system||
C:/Xilinx/Projects/DRC_Rev2.0_Deliverables/Vitis2023.1/DRC_Rev2.0_SW/DRCPlatform/zynqmp_pmufw/zynqmp_pmufw_bsp/system.mss|system_0||

TRACE::2025-03-23.19:50:38::SCWMssOS::Sw design exists and opened at  C:/Xilinx/Projects/DRC_Rev2.0_Deliverables/Vitis2023.1/DRC_Rev2.0_SW/DRCPlatform/zynqmp_pmufw/zynqmp_pmufw_bsp/system.mss
TRACE::2025-03-23.19:50:38::SCWBDomain::Completed writing the mss file at C:/Xilinx/Projects/DRC_Rev2.0_Deliverables/Vitis2023.1/DRC_Rev2.0_SW/DRCPlatform/zynqmp_pmufw/zynqmp_pmufw_bsp
TRACE::2025-03-23.19:50:38::SCWBDomain::bsp generated is upto date with the mss file. Skipping bsp generation.
TRACE::2025-03-23.19:50:38::SCWBDomain::Not a forced makefile updation, No changes are present. 
TRACE::2025-03-23.19:50:38::SCWBDomain::System Command Ran  C:&  cd  C:/Xilinx/Projects/DRC_Rev2.0_Deliverables/Vitis2023.1/DRC_Rev2.0_SW/DRCPlatform/zynqmp_pmufw& make -C  zynqmp_pmufw_bsp & make 
TRACE::2025-03-23.19:50:38::SCWBDomain::make: Entering directory 'C:/Xilinx/Projects/DRC_Rev2.0_Deliverables/Vitis2023.1/DRC_Rev2.0_SW/DRCPlatform/zynqmp_pmufw/zynqmp_
TRACE::2025-03-23.19:50:38::SCWBDomain::pmufw_bsp'

TRACE::2025-03-23.19:50:38::SCWBDomain::make --no-print-directory seq_libs

TRACE::2025-03-23.19:50:38::SCWBDomain::"Running Make include in psu_pmu_0/libsrc/axipmon_v6_9/src"

TRACE::2025-03-23.19:50:38::SCWBDomain::make -C psu_pmu_0/libsrc/axipmon_v6_9/src -s include  "SHELL=CMD" "COMPILER=mb-gcc" "ASSEMBLER=mb-as" "ARCHIVER=mb-ar" "COMPILE
TRACE::2025-03-23.19:50:38::SCWBDomain::R_FLAGS=  -O2 -c -mcpu=v9.2 -mlittle-endian -mxl-barrel-shift -mxl-pattern-compare -mxl-soft-mul" "EXTRA_COMPILER_FLAGS=-g -ffu
TRACE::2025-03-23.19:50:38::SCWBDomain::nction-sections -fdata-sections -Wall -Wextra -fno-tree-loop-distribute-patterns  -Os -flto -ffat-lto-objects"

TRACE::2025-03-23.19:50:38::SCWBDomain::"Running Make include in psu_pmu_0/libsrc/clockps_v1_4/src"

TRACE::2025-03-23.19:50:38::SCWBDomain::make -C psu_pmu_0/libsrc/clockps_v1_4/src -s include  "SHELL=CMD" "COMPILER=mb-gcc" "ASSEMBLER=mb-as" "ARCHIVER=mb-ar" "COMPILE
TRACE::2025-03-23.19:50:38::SCWBDomain::R_FLAGS=  -O2 -c -mcpu=v9.2 -mlittle-endian -mxl-barrel-shift -mxl-pattern-compare -mxl-soft-mul" "EXTRA_COMPILER_FLAGS=-g -ffu
TRACE::2025-03-23.19:50:38::SCWBDomain::nction-sections -fdata-sections -Wall -Wextra -fno-tree-loop-distribute-patterns  -Os -flto -ffat-lto-objects"

TRACE::2025-03-23.19:50:38::SCWBDomain::"Running Make include in psu_pmu_0/libsrc/cpu_v2_17/src"

TRACE::2025-03-23.19:50:38::SCWBDomain::make -C psu_pmu_0/libsrc/cpu_v2_17/src -s include  "SHELL=CMD" "COMPILER=mb-gcc" "ASSEMBLER=mb-as" "ARCHIVER=mb-ar" "COMPILER_F
TRACE::2025-03-23.19:50:38::SCWBDomain::LAGS=  -O2 -c -mcpu=v9.2 -mlittle-endian -mxl-barrel-shift -mxl-pattern-compare -mxl-soft-mul" "EXTRA_COMPILER_FLAGS=-g -ffunct
TRACE::2025-03-23.19:50:38::SCWBDomain::ion-sections -fdata-sections -Wall -Wextra -fno-tree-loop-distribute-patterns  -Os -flto -ffat-lto-objects"

TRACE::2025-03-23.19:50:38::SCWBDomain::"Running Make include in psu_pmu_0/libsrc/csudma_v1_13/src"

TRACE::2025-03-23.19:50:38::SCWBDomain::make -C psu_pmu_0/libsrc/csudma_v1_13/src -s include  "SHELL=CMD" "COMPILER=mb-gcc" "ASSEMBLER=mb-as" "ARCHIVER=mb-ar" "COMPILE
TRACE::2025-03-23.19:50:38::SCWBDomain::R_FLAGS=  -O2 -c -mcpu=v9.2 -mlittle-endian -mxl-barrel-shift -mxl-pattern-compare -mxl-soft-mul" "EXTRA_COMPILER_FLAGS=-g -ffu
TRACE::2025-03-23.19:50:38::SCWBDomain::nction-sections -fdata-sections -Wall -Wextra -fno-tree-loop-distribute-patterns  -Os -flto -ffat-lto-objects"

TRACE::2025-03-23.19:50:39::SCWBDomain::"Running Make include in psu_pmu_0/libsrc/ddrcpsu_v1_4/src"

TRACE::2025-03-23.19:50:39::SCWBDomain::make -C psu_pmu_0/libsrc/ddrcpsu_v1_4/src -s include  "SHELL=CMD" "COMPILER=mb-gcc" "ASSEMBLER=mb-as" "ARCHIVER=mb-ar" "COMPILE
TRACE::2025-03-23.19:50:39::SCWBDomain::R_FLAGS=  -O2 -c -mcpu=v9.2 -mlittle-endian -mxl-barrel-shift -mxl-pattern-compare -mxl-soft-mul" "EXTRA_COMPILER_FLAGS=-g -ffu
TRACE::2025-03-23.19:50:39::SCWBDomain::nction-sections -fdata-sections -Wall -Wextra -fno-tree-loop-distribute-patterns  -Os -flto -ffat-lto-objects"

TRACE::2025-03-23.19:50:39::SCWBDomain::"Running Make include in psu_pmu_0/libsrc/gpiops_v3_11/src"

TRACE::2025-03-23.19:50:39::SCWBDomain::make -C psu_pmu_0/libsrc/gpiops_v3_11/src -s include  "SHELL=CMD" "COMPILER=mb-gcc" "ASSEMBLER=mb-as" "ARCHIVER=mb-ar" "COMPILE
TRACE::2025-03-23.19:50:39::SCWBDomain::R_FLAGS=  -O2 -c -mcpu=v9.2 -mlittle-endian -mxl-barrel-shift -mxl-pattern-compare -mxl-soft-mul" "EXTRA_COMPILER_FLAGS=-g -ffu
TRACE::2025-03-23.19:50:39::SCWBDomain::nction-sections -fdata-sections -Wall -Wextra -fno-tree-loop-distribute-patterns  -Os -flto -ffat-lto-objects"

TRACE::2025-03-23.19:50:39::SCWBDomain::"Running Make include in psu_pmu_0/libsrc/gpio_v4_9/src"

TRACE::2025-03-23.19:50:39::SCWBDomain::make -C psu_pmu_0/libsrc/gpio_v4_9/src -s include  "SHELL=CMD" "COMPILER=mb-gcc" "ASSEMBLER=mb-as" "ARCHIVER=mb-ar" "COMPILER_F
TRACE::2025-03-23.19:50:39::SCWBDomain::LAGS=  -O2 -c -mcpu=v9.2 -mlittle-endian -mxl-barrel-shift -mxl-pattern-compare -mxl-soft-mul" "EXTRA_COMPILER_FLAGS=-g -ffunct
TRACE::2025-03-23.19:50:39::SCWBDomain::ion-sections -fdata-sections -Wall -Wextra -fno-tree-loop-distribute-patterns  -Os -flto -ffat-lto-objects"

TRACE::2025-03-23.19:50:39::SCWBDomain::"Running Make include in psu_pmu_0/libsrc/iicps_v3_17/src"

TRACE::2025-03-23.19:50:39::SCWBDomain::make -C psu_pmu_0/libsrc/iicps_v3_17/src -s include  "SHELL=CMD" "COMPILER=mb-gcc" "ASSEMBLER=mb-as" "ARCHIVER=mb-ar" "COMPILER
TRACE::2025-03-23.19:50:39::SCWBDomain::_FLAGS=  -O2 -c -mcpu=v9.2 -mlittle-endian -mxl-barrel-shift -mxl-pattern-compare -mxl-soft-mul" "EXTRA_COMPILER_FLAGS=-g -ffun
TRACE::2025-03-23.19:50:39::SCWBDomain::ction-sections -fdata-sections -Wall -Wextra -fno-tree-loop-distribute-patterns  -Os -flto -ffat-lto-objects"

TRACE::2025-03-23.19:50:39::SCWBDomain::"Running Make include in psu_pmu_0/libsrc/iic_v3_9/src"

TRACE::2025-03-23.19:50:39::SCWBDomain::make -C psu_pmu_0/libsrc/iic_v3_9/src -s include  "SHELL=CMD" "COMPILER=mb-gcc" "ASSEMBLER=mb-as" "ARCHIVER=mb-ar" "COMPILER_FL
TRACE::2025-03-23.19:50:39::SCWBDomain::AGS=  -O2 -c -mcpu=v9.2 -mlittle-endian -mxl-barrel-shift -mxl-pattern-compare -mxl-soft-mul" "EXTRA_COMPILER_FLAGS=-g -ffuncti
TRACE::2025-03-23.19:50:39::SCWBDomain::on-sections -fdata-sections -Wall -Wextra -fno-tree-loop-distribute-patterns  -Os -flto -ffat-lto-objects"

TRACE::2025-03-23.19:50:40::SCWBDomain::"Running Make include in psu_pmu_0/libsrc/ipipsu_v2_13/src"

TRACE::2025-03-23.19:50:40::SCWBDomain::make -C psu_pmu_0/libsrc/ipipsu_v2_13/src -s include  "SHELL=CMD" "COMPILER=mb-gcc" "ASSEMBLER=mb-as" "ARCHIVER=mb-ar" "COMPILE
TRACE::2025-03-23.19:50:40::SCWBDomain::R_FLAGS=  -O2 -c -mcpu=v9.2 -mlittle-endian -mxl-barrel-shift -mxl-pattern-compare -mxl-soft-mul" "EXTRA_COMPILER_FLAGS=-g -ffu
TRACE::2025-03-23.19:50:40::SCWBDomain::nction-sections -fdata-sections -Wall -Wextra -fno-tree-loop-distribute-patterns  -Os -flto -ffat-lto-objects"

TRACE::2025-03-23.19:50:40::SCWBDomain::"Running Make include in psu_pmu_0/libsrc/qspipsu_v1_17/src"

TRACE::2025-03-23.19:50:40::SCWBDomain::make -C psu_pmu_0/libsrc/qspipsu_v1_17/src -s include  "SHELL=CMD" "COMPILER=mb-gcc" "ASSEMBLER=mb-as" "ARCHIVER=mb-ar" "COMPIL
TRACE::2025-03-23.19:50:40::SCWBDomain::ER_FLAGS=  -O2 -c -mcpu=v9.2 -mlittle-endian -mxl-barrel-shift -mxl-pattern-compare -mxl-soft-mul" "EXTRA_COMPILER_FLAGS=-g -ff
TRACE::2025-03-23.19:50:40::SCWBDomain::unction-sections -fdata-sections -Wall -Wextra -fno-tree-loop-distribute-patterns  -Os -flto -ffat-lto-objects"

TRACE::2025-03-23.19:50:40::SCWBDomain::"Running Make include in psu_pmu_0/libsrc/resetps_v1_5/src"

TRACE::2025-03-23.19:50:40::SCWBDomain::make -C psu_pmu_0/libsrc/resetps_v1_5/src -s include  "SHELL=CMD" "COMPILER=mb-gcc" "ASSEMBLER=mb-as" "ARCHIVER=mb-ar" "COMPILE
TRACE::2025-03-23.19:50:40::SCWBDomain::R_FLAGS=  -O2 -c -mcpu=v9.2 -mlittle-endian -mxl-barrel-shift -mxl-pattern-compare -mxl-soft-mul" "EXTRA_COMPILER_FLAGS=-g -ffu
TRACE::2025-03-23.19:50:40::SCWBDomain::nction-sections -fdata-sections -Wall -Wextra -fno-tree-loop-distribute-patterns  -Os -flto -ffat-lto-objects"

TRACE::2025-03-23.19:50:40::SCWBDomain::"Running Make include in psu_pmu_0/libsrc/rtcpsu_v1_12/src"

TRACE::2025-03-23.19:50:40::SCWBDomain::make -C psu_pmu_0/libsrc/rtcpsu_v1_12/src -s include  "SHELL=CMD" "COMPILER=mb-gcc" "ASSEMBLER=mb-as" "ARCHIVER=mb-ar" "COMPILE
TRACE::2025-03-23.19:50:40::SCWBDomain::R_FLAGS=  -O2 -c -mcpu=v9.2 -mlittle-endian -mxl-barrel-shift -mxl-pattern-compare -mxl-soft-mul" "EXTRA_COMPILER_FLAGS=-g -ffu
TRACE::2025-03-23.19:50:40::SCWBDomain::nction-sections -fdata-sections -Wall -Wextra -fno-tree-loop-distribute-patterns  -Os -flto -ffat-lto-objects"

TRACE::2025-03-23.19:50:41::SCWBDomain::"Running Make include in psu_pmu_0/libsrc/sdps_v4_1/src"

TRACE::2025-03-23.19:50:41::SCWBDomain::make -C psu_pmu_0/libsrc/sdps_v4_1/src -s include  "SHELL=CMD" "COMPILER=mb-gcc" "ASSEMBLER=mb-as" "ARCHIVER=mb-ar" "COMPILER_F
TRACE::2025-03-23.19:50:41::SCWBDomain::LAGS=  -O2 -c -mcpu=v9.2 -mlittle-endian -mxl-barrel-shift -mxl-pattern-compare -mxl-soft-mul" "EXTRA_COMPILER_FLAGS=-g -ffunct
TRACE::2025-03-23.19:50:41::SCWBDomain::ion-sections -fdata-sections -Wall -Wextra -fno-tree-loop-distribute-patterns  -Os -flto -ffat-lto-objects"

TRACE::2025-03-23.19:50:41::SCWBDomain::"Running Make include in psu_pmu_0/libsrc/spi_v4_10/src"

TRACE::2025-03-23.19:50:41::SCWBDomain::make -C psu_pmu_0/libsrc/spi_v4_10/src -s include  "SHELL=CMD" "COMPILER=mb-gcc" "ASSEMBLER=mb-as" "ARCHIVER=mb-ar" "COMPILER_F
TRACE::2025-03-23.19:50:41::SCWBDomain::LAGS=  -O2 -c -mcpu=v9.2 -mlittle-endian -mxl-barrel-shift -mxl-pattern-compare -mxl-soft-mul" "EXTRA_COMPILER_FLAGS=-g -ffunct
TRACE::2025-03-23.19:50:41::SCWBDomain::ion-sections -fdata-sections -Wall -Wextra -fno-tree-loop-distribute-patterns  -Os -flto -ffat-lto-objects"

TRACE::2025-03-23.19:50:41::SCWBDomain::"Running Make include in psu_pmu_0/libsrc/standalone_v8_1/src"

TRACE::2025-03-23.19:50:41::SCWBDomain::make -C psu_pmu_0/libsrc/standalone_v8_1/src -s include  "SHELL=CMD" "COMPILER=mb-gcc" "ASSEMBLER=mb-as" "ARCHIVER=mb-ar" "COMP
TRACE::2025-03-23.19:50:41::SCWBDomain::ILER_FLAGS=  -O2 -c -mcpu=v9.2 -mlittle-endian -mxl-barrel-shift -mxl-pattern-compare -mxl-soft-mul" "EXTRA_COMPILER_FLAGS=-g -
TRACE::2025-03-23.19:50:41::SCWBDomain::ffunction-sections -fdata-sections -Wall -Wextra -fno-tree-loop-distribute-patterns  -Os -flto -ffat-lto-objects"

TRACE::2025-03-23.19:50:44::SCWBDomain::"Running Make include in psu_pmu_0/libsrc/sysmonpsu_v2_8/src"

TRACE::2025-03-23.19:50:44::SCWBDomain::make -C psu_pmu_0/libsrc/sysmonpsu_v2_8/src -s include  "SHELL=CMD" "COMPILER=mb-gcc" "ASSEMBLER=mb-as" "ARCHIVER=mb-ar" "COMPI
TRACE::2025-03-23.19:50:44::SCWBDomain::LER_FLAGS=  -O2 -c -mcpu=v9.2 -mlittle-endian -mxl-barrel-shift -mxl-pattern-compare -mxl-soft-mul" "EXTRA_COMPILER_FLAGS=-g -f
TRACE::2025-03-23.19:50:44::SCWBDomain::function-sections -fdata-sections -Wall -Wextra -fno-tree-loop-distribute-patterns  -Os -flto -ffat-lto-objects"

TRACE::2025-03-23.19:50:44::SCWBDomain::"Running Make include in psu_pmu_0/libsrc/ttcps_v3_17/src"

TRACE::2025-03-23.19:50:44::SCWBDomain::make -C psu_pmu_0/libsrc/ttcps_v3_17/src -s include  "SHELL=CMD" "COMPILER=mb-gcc" "ASSEMBLER=mb-as" "ARCHIVER=mb-ar" "COMPILER
TRACE::2025-03-23.19:50:44::SCWBDomain::_FLAGS=  -O2 -c -mcpu=v9.2 -mlittle-endian -mxl-barrel-shift -mxl-pattern-compare -mxl-soft-mul" "EXTRA_COMPILER_FLAGS=-g -ffun
TRACE::2025-03-23.19:50:44::SCWBDomain::ction-sections -fdata-sections -Wall -Wextra -fno-tree-loop-distribute-patterns  -Os -flto -ffat-lto-objects"

TRACE::2025-03-23.19:50:44::SCWBDomain::"Running Make include in psu_pmu_0/libsrc/uartps_v3_12/src"

TRACE::2025-03-23.19:50:44::SCWBDomain::make -C psu_pmu_0/libsrc/uartps_v3_12/src -s include  "SHELL=CMD" "COMPILER=mb-gcc" "ASSEMBLER=mb-as" "ARCHIVER=mb-ar" "COMPILE
TRACE::2025-03-23.19:50:44::SCWBDomain::R_FLAGS=  -O2 -c -mcpu=v9.2 -mlittle-endian -mxl-barrel-shift -mxl-pattern-compare -mxl-soft-mul" "EXTRA_COMPILER_FLAGS=-g -ffu
TRACE::2025-03-23.19:50:44::SCWBDomain::nction-sections -fdata-sections -Wall -Wextra -fno-tree-loop-distribute-patterns  -Os -flto -ffat-lto-objects"

TRACE::2025-03-23.19:50:44::SCWBDomain::"Running Make include in psu_pmu_0/libsrc/wdtps_v3_5/src"

TRACE::2025-03-23.19:50:44::SCWBDomain::make -C psu_pmu_0/libsrc/wdtps_v3_5/src -s include  "SHELL=CMD" "COMPILER=mb-gcc" "ASSEMBLER=mb-as" "ARCHIVER=mb-ar" "COMPILER_
TRACE::2025-03-23.19:50:44::SCWBDomain::FLAGS=  -O2 -c -mcpu=v9.2 -mlittle-endian -mxl-barrel-shift -mxl-pattern-compare -mxl-soft-mul" "EXTRA_COMPILER_FLAGS=-g -ffunc
TRACE::2025-03-23.19:50:44::SCWBDomain::tion-sections -fdata-sections -Wall -Wextra -fno-tree-loop-distribute-patterns  -Os -flto -ffat-lto-objects"

TRACE::2025-03-23.19:50:45::SCWBDomain::"Running Make include in psu_pmu_0/libsrc/xilfpga_v6_4/src"

TRACE::2025-03-23.19:50:45::SCWBDomain::make -C psu_pmu_0/libsrc/xilfpga_v6_4/src -s include  "SHELL=CMD" "COMPILER=mb-gcc" "ASSEMBLER=mb-as" "ARCHIVER=mb-ar" "COMPILE
TRACE::2025-03-23.19:50:45::SCWBDomain::R_FLAGS=  -O2 -c -mcpu=v9.2 -mlittle-endian -mxl-barrel-shift -mxl-pattern-compare -mxl-soft-mul" "EXTRA_COMPILER_FLAGS=-g -ffu
TRACE::2025-03-23.19:50:45::SCWBDomain::nction-sections -fdata-sections -Wall -Wextra -fno-tree-loop-distribute-patterns  -Os -flto -ffat-lto-objects"

TRACE::2025-03-23.19:50:45::SCWBDomain::"Running Make include in psu_pmu_0/libsrc/xilsecure_v5_1/src"

TRACE::2025-03-23.19:50:45::SCWBDomain::make -C psu_pmu_0/libsrc/xilsecure_v5_1/src -s include  "SHELL=CMD" "COMPILER=mb-gcc" "ASSEMBLER=mb-as" "ARCHIVER=mb-ar" "COMPI
TRACE::2025-03-23.19:50:45::SCWBDomain::LER_FLAGS=  -O2 -c -mcpu=v9.2 -mlittle-endian -mxl-barrel-shift -mxl-pattern-compare -mxl-soft-mul" "EXTRA_COMPILER_FLAGS=-g -f
TRACE::2025-03-23.19:50:45::SCWBDomain::function-sections -fdata-sections -Wall -Wextra -fno-tree-loop-distribute-patterns  -Os -flto -ffat-lto-objects"

TRACE::2025-03-23.19:50:45::SCWBDomain::"Running Make include in psu_pmu_0/libsrc/xilskey_v7_4/src"

TRACE::2025-03-23.19:50:45::SCWBDomain::make -C psu_pmu_0/libsrc/xilskey_v7_4/src -s include  "SHELL=CMD" "COMPILER=mb-gcc" "ASSEMBLER=mb-as" "ARCHIVER=mb-ar" "COMPILE
TRACE::2025-03-23.19:50:45::SCWBDomain::R_FLAGS=  -O2 -c -mcpu=v9.2 -mlittle-endian -mxl-barrel-shift -mxl-pattern-compare -mxl-soft-mul" "EXTRA_COMPILER_FLAGS=-g -ffu
TRACE::2025-03-23.19:50:45::SCWBDomain::nction-sections -fdata-sections -Wall -Wextra -fno-tree-loop-distribute-patterns  -Os -flto -ffat-lto-objects"

TRACE::2025-03-23.19:50:45::SCWBDomain::"Running Make include in psu_pmu_0/libsrc/zdma_v1_16/src"

TRACE::2025-03-23.19:50:45::SCWBDomain::make -C psu_pmu_0/libsrc/zdma_v1_16/src -s include  "SHELL=CMD" "COMPILER=mb-gcc" "ASSEMBLER=mb-as" "ARCHIVER=mb-ar" "COMPILER_
TRACE::2025-03-23.19:50:45::SCWBDomain::FLAGS=  -O2 -c -mcpu=v9.2 -mlittle-endian -mxl-barrel-shift -mxl-pattern-compare -mxl-soft-mul" "EXTRA_COMPILER_FLAGS=-g -ffunc
TRACE::2025-03-23.19:50:45::SCWBDomain::tion-sections -fdata-sections -Wall -Wextra -fno-tree-loop-distribute-patterns  -Os -flto -ffat-lto-objects"

TRACE::2025-03-23.19:50:46::SCWBDomain::"Running Make libs in psu_pmu_0/libsrc/xilsecure_v5_1/src"

TRACE::2025-03-23.19:50:46::SCWBDomain::make -C psu_pmu_0/libsrc/xilsecure_v5_1/src -s libs  "SHELL=CMD" "COMPILER=mb-gcc" "ASSEMBLER=mb-as" "ARCHIVER=mb-ar" "COMPILER
TRACE::2025-03-23.19:50:46::SCWBDomain::_FLAGS=  -O2 -c -mcpu=v9.2 -mlittle-endian -mxl-barrel-shift -mxl-pattern-compare -mxl-soft-mul" "EXTRA_COMPILER_FLAGS=-g -ffun
TRACE::2025-03-23.19:50:46::SCWBDomain::ction-sections -fdata-sections -Wall -Wextra -fno-tree-loop-distribute-patterns  -Os -flto -ffat-lto-objects"

TRACE::2025-03-23.19:50:46::SCWBDomain::"Compiling XilSecure Library"

TRACE::2025-03-23.19:50:47::SCWBDomain::"Running Make libs in psu_pmu_0/libsrc/xilskey_v7_4/src"

TRACE::2025-03-23.19:50:47::SCWBDomain::make -C psu_pmu_0/libsrc/xilskey_v7_4/src -s libs  "SHELL=CMD" "COMPILER=mb-gcc" "ASSEMBLER=mb-as" "ARCHIVER=mb-ar" "COMPILER_F
TRACE::2025-03-23.19:50:47::SCWBDomain::LAGS=  -O2 -c -mcpu=v9.2 -mlittle-endian -mxl-barrel-shift -mxl-pattern-compare -mxl-soft-mul" "EXTRA_COMPILER_FLAGS=-g -ffunct
TRACE::2025-03-23.19:50:47::SCWBDomain::ion-sections -fdata-sections -Wall -Wextra -fno-tree-loop-distribute-patterns  -Os -flto -ffat-lto-objects"

TRACE::2025-03-23.19:50:47::SCWBDomain::"Compiling Xilskey Library"

TRACE::2025-03-23.19:50:48::SCWBDomain::'Finished building libraries sequentially.'

TRACE::2025-03-23.19:50:48::SCWBDomain::make -j 30 --no-print-directory par_libs

TRACE::2025-03-23.19:50:48::SCWBDomain::"Running Make include in psu_pmu_0/libsrc/axipmon_v6_9/src"

TRACE::2025-03-23.19:50:48::SCWBDomain::make -C psu_pmu_0/libsrc/axipmon_v6_9/src -s include  "SHELL=CMD" "COMPILER=mb-gcc" "ASSEMBLER=mb-as" "ARCHIVER=mb-ar" "COMPILE
TRACE::2025-03-23.19:50:48::SCWBDomain::R_FLAGS=  -O2 -c -mcpu=v9.2 -mlittle-endian -mxl-barrel-shift -mxl-pattern-compare -mxl-soft-mul" "EXTRA_COMPILER_FLAGS=-g -ffu
TRACE::2025-03-23.19:50:48::SCWBDomain::nction-sections -fdata-sections -Wall -Wextra -fno-tree-loop-distribute-patterns  -Os -flto -ffat-lto-objects"

TRACE::2025-03-23.19:50:48::SCWBDomain::"Running Make include in psu_pmu_0/libsrc/clockps_v1_4/src"

TRACE::2025-03-23.19:50:48::SCWBDomain::make -C psu_pmu_0/libsrc/clockps_v1_4/src -s include  "SHELL=CMD" "COMPILER=mb-gcc" "ASSEMBLER=mb-as" "ARCHIVER=mb-ar" "COMPILE
TRACE::2025-03-23.19:50:48::SCWBDomain::R_FLAGS=  -O2 -c -mcpu=v9.2 -mlittle-endian -mxl-barrel-shift -mxl-pattern-compare -mxl-soft-mul" "EXTRA_COMPILER_FLAGS=-g -ffu
TRACE::2025-03-23.19:50:48::SCWBDomain::nction-sections -fdata-sections -Wall -Wextra -fno-tree-loop-distribute-patterns  -Os -flto -ffat-lto-objects"

TRACE::2025-03-23.19:50:48::SCWBDomain::"Running Make include in psu_pmu_0/libsrc/cpu_v2_17/src"

TRACE::2025-03-23.19:50:48::SCWBDomain::make -C psu_pmu_0/libsrc/cpu_v2_17/src -s include  "SHELL=CMD" "COMPILER=mb-gcc" "ASSEMBLER=mb-as" "ARCHIVER=mb-ar" "COMPILER_F
TRACE::2025-03-23.19:50:48::SCWBDomain::LAGS=  -O2 -c -mcpu=v9.2 -mlittle-endian -mxl-barrel-shift -mxl-pattern-compare -mxl-soft-mul" "EXTRA_COMPILER_FLAGS=-g -ffunct
TRACE::2025-03-23.19:50:48::SCWBDomain::ion-sections -fdata-sections -Wall -Wextra -fno-tree-loop-distribute-patterns  -Os -flto -ffat-lto-objects"

TRACE::2025-03-23.19:50:48::SCWBDomain::"Running Make include in psu_pmu_0/libsrc/csudma_v1_13/src"

TRACE::2025-03-23.19:50:48::SCWBDomain::make -C psu_pmu_0/libsrc/csudma_v1_13/src -s include  "SHELL=CMD" "COMPILER=mb-gcc" "ASSEMBLER=mb-as" "ARCHIVER=mb-ar" "COMPILE
TRACE::2025-03-23.19:50:48::SCWBDomain::R_FLAGS=  -O2 -c -mcpu=v9.2 -mlittle-endian -mxl-barrel-shift -mxl-pattern-compare -mxl-soft-mul" "EXTRA_COMPILER_FLAGS=-g -ffu
TRACE::2025-03-23.19:50:48::SCWBDomain::nction-sections -fdata-sections -Wall -Wextra -fno-tree-loop-distribute-patterns  -Os -flto -ffat-lto-objects"

TRACE::2025-03-23.19:50:48::SCWBDomain::"Running Make include in psu_pmu_0/libsrc/ddrcpsu_v1_4/src"

TRACE::2025-03-23.19:50:48::SCWBDomain::make -C psu_pmu_0/libsrc/ddrcpsu_v1_4/src -s include  "SHELL=CMD" "COMPILER=mb-gcc" "ASSEMBLER=mb-as" "ARCHIVER=mb-ar" "COMPILE
TRACE::2025-03-23.19:50:48::SCWBDomain::R_FLAGS=  -O2 -c -mcpu=v9.2 -mlittle-endian -mxl-barrel-shift -mxl-pattern-compare -mxl-soft-mul" "EXTRA_COMPILER_FLAGS=-g -ffu
TRACE::2025-03-23.19:50:48::SCWBDomain::nction-sections -fdata-sections -Wall -Wextra -fno-tree-loop-distribute-patterns  -Os -flto -ffat-lto-objects"

TRACE::2025-03-23.19:50:48::SCWBDomain::"Running Make include in psu_pmu_0/libsrc/gpiops_v3_11/src"

TRACE::2025-03-23.19:50:48::SCWBDomain::make -C psu_pmu_0/libsrc/gpiops_v3_11/src -s include  "SHELL=CMD" "COMPILER=mb-gcc" "ASSEMBLER=mb-as" "ARCHIVER=mb-ar" "COMPILE
TRACE::2025-03-23.19:50:48::SCWBDomain::R_FLAGS=  -O2 -c -mcpu=v9.2 -mlittle-endian -mxl-barrel-shift -mxl-pattern-compare -mxl-soft-mul" "EXTRA_COMPILER_FLAGS=-g -ffu
TRACE::2025-03-23.19:50:48::SCWBDomain::nction-sections -fdata-sections -Wall -Wextra -fno-tree-loop-distribute-patterns  -Os -flto -ffat-lto-objects"

TRACE::2025-03-23.19:50:48::SCWBDomain::"Running Make include in psu_pmu_0/libsrc/gpio_v4_9/src"

TRACE::2025-03-23.19:50:48::SCWBDomain::make -C psu_pmu_0/libsrc/gpio_v4_9/src -s include  "SHELL=CMD" "COMPILER=mb-gcc" "ASSEMBLER=mb-as" "ARCHIVER=mb-ar" "COMPILER_F
TRACE::2025-03-23.19:50:48::SCWBDomain::LAGS=  -O2 -c -mcpu=v9.2 -mlittle-endian -mxl-barrel-shift -mxl-pattern-compare -mxl-soft-mul" "EXTRA_COMPILER_FLAGS=-g -ffunct
TRACE::2025-03-23.19:50:48::SCWBDomain::ion-sections -fdata-sections -Wall -Wextra -fno-tree-loop-distribute-patterns  -Os -flto -ffat-lto-objects"

TRACE::2025-03-23.19:50:48::SCWBDomain::"Running Make include in psu_pmu_0/libsrc/iicps_v3_17/src"

TRACE::2025-03-23.19:50:48::SCWBDomain::make -C psu_pmu_0/libsrc/iicps_v3_17/src -s include  "SHELL=CMD" "COMPILER=mb-gcc" "ASSEMBLER=mb-as" "ARCHIVER=mb-ar" "COMPILER
TRACE::2025-03-23.19:50:48::SCWBDomain::_FLAGS=  -O2 -c -mcpu=v9.2 -mlittle-endian -mxl-barrel-shift -mxl-pattern-compare -mxl-soft-mul" "EXTRA_COMPILER_FLAGS=-g -ffun
TRACE::2025-03-23.19:50:48::SCWBDomain::ction-sections -fdata-sections -Wall -Wextra -fno-tree-loop-distribute-patterns  -Os -flto -ffat-lto-objects"

TRACE::2025-03-23.19:50:48::SCWBDomain::"Running Make include in psu_pmu_0/libsrc/iic_v3_9/src"

TRACE::2025-03-23.19:50:48::SCWBDomain::make -C psu_pmu_0/libsrc/iic_v3_9/src -s include  "SHELL=CMD" "COMPILER=mb-gcc" "ASSEMBLER=mb-as" "ARCHIVER=mb-ar" "COMPILER_FL
TRACE::2025-03-23.19:50:48::SCWBDomain::AGS=  -O2 -c -mcpu=v9.2 -mlittle-endian -mxl-barrel-shift -mxl-pattern-compare -mxl-soft-mul" "EXTRA_COMPILER_FLAGS=-g -ffuncti
TRACE::2025-03-23.19:50:48::SCWBDomain::on-sections -fdata-sections -Wall -Wextra -fno-tree-loop-distribute-patterns  -Os -flto -ffat-lto-objects"

TRACE::2025-03-23.19:50:48::SCWBDomain::"Running Make include in psu_pmu_0/libsrc/ipipsu_v2_13/src"

TRACE::2025-03-23.19:50:48::SCWBDomain::make -C psu_pmu_0/libsrc/ipipsu_v2_13/src -s include  "SHELL=CMD" "COMPILER=mb-gcc" "ASSEMBLER=mb-as" "ARCHIVER=mb-ar" "COMPILE
TRACE::2025-03-23.19:50:48::SCWBDomain::R_FLAGS=  -O2 -c -mcpu=v9.2 -mlittle-endian -mxl-barrel-shift -mxl-pattern-compare -mxl-soft-mul" "EXTRA_COMPILER_FLAGS=-g -ffu
TRACE::2025-03-23.19:50:48::SCWBDomain::nction-sections -fdata-sections -Wall -Wextra -fno-tree-loop-distribute-patterns  -Os -flto -ffat-lto-objects"

TRACE::2025-03-23.19:50:48::SCWBDomain::"Running Make include in psu_pmu_0/libsrc/qspipsu_v1_17/src"

TRACE::2025-03-23.19:50:49::SCWBDomain::make -C psu_pmu_0/libsrc/qspipsu_v1_17/src -s include  "SHELL=CMD" "COMPILER=mb-gcc" "ASSEMBLER=mb-as" "ARCHIVER=mb-ar" "COMPIL
TRACE::2025-03-23.19:50:49::SCWBDomain::ER_FLAGS=  -O2 -c -mcpu=v9.2 -mlittle-endian -mxl-barrel-shift -mxl-pattern-compare -mxl-soft-mul" "EXTRA_COMPILER_FLAGS=-g -ff
TRACE::2025-03-23.19:50:49::SCWBDomain::unction-sections -fdata-sections -Wall -Wextra -fno-tree-loop-distribute-patterns  -Os -flto -ffat-lto-objects"

TRACE::2025-03-23.19:50:49::SCWBDomain::"Running Make include in psu_pmu_0/libsrc/resetps_v1_5/src"

TRACE::2025-03-23.19:50:49::SCWBDomain::make -C psu_pmu_0/libsrc/resetps_v1_5/src -s include  "SHELL=CMD" "COMPILER=mb-gcc" "ASSEMBLER=mb-as" "ARCHIVER=mb-ar" "COMPILE
TRACE::2025-03-23.19:50:49::SCWBDomain::R_FLAGS=  -O2 -c -mcpu=v9.2 -mlittle-endian -mxl-barrel-shift -mxl-pattern-compare -mxl-soft-mul" "EXTRA_COMPILER_FLAGS=-g -ffu
TRACE::2025-03-23.19:50:49::SCWBDomain::nction-sections -fdata-sections -Wall -Wextra -fno-tree-loop-distribute-patterns  -Os -flto -ffat-lto-objects"

TRACE::2025-03-23.19:50:49::SCWBDomain::"Running Make include in psu_pmu_0/libsrc/rtcpsu_v1_12/src"

TRACE::2025-03-23.19:50:49::SCWBDomain::make -C psu_pmu_0/libsrc/rtcpsu_v1_12/src -s include  "SHELL=CMD" "COMPILER=mb-gcc" "ASSEMBLER=mb-as" "ARCHIVER=mb-ar" "COMPILE
TRACE::2025-03-23.19:50:49::SCWBDomain::R_FLAGS=  -O2 -c -mcpu=v9.2 -mlittle-endian -mxl-barrel-shift -mxl-pattern-compare -mxl-soft-mul" "EXTRA_COMPILER_FLAGS=-g -ffu
TRACE::2025-03-23.19:50:49::SCWBDomain::nction-sections -fdata-sections -Wall -Wextra -fno-tree-loop-distribute-patterns  -Os -flto -ffat-lto-objects"

TRACE::2025-03-23.19:50:49::SCWBDomain::"Running Make include in psu_pmu_0/libsrc/sdps_v4_1/src"

TRACE::2025-03-23.19:50:49::SCWBDomain::make -C psu_pmu_0/libsrc/sdps_v4_1/src -s include  "SHELL=CMD" "COMPILER=mb-gcc" "ASSEMBLER=mb-as" "ARCHIVER=mb-ar" "COMPILER_F
TRACE::2025-03-23.19:50:49::SCWBDomain::LAGS=  -O2 -c -mcpu=v9.2 -mlittle-endian -mxl-barrel-shift -mxl-pattern-compare -mxl-soft-mul" "EXTRA_COMPILER_FLAGS=-g -ffunct
TRACE::2025-03-23.19:50:49::SCWBDomain::ion-sections -fdata-sections -Wall -Wextra -fno-tree-loop-distribute-patterns  -Os -flto -ffat-lto-objects"

TRACE::2025-03-23.19:50:49::SCWBDomain::"Running Make include in psu_pmu_0/libsrc/spi_v4_10/src"

TRACE::2025-03-23.19:50:49::SCWBDomain::make -C psu_pmu_0/libsrc/spi_v4_10/src -s include  "SHELL=CMD" "COMPILER=mb-gcc" "ASSEMBLER=mb-as" "ARCHIVER=mb-ar" "COMPILER_F
TRACE::2025-03-23.19:50:49::SCWBDomain::LAGS=  -O2 -c -mcpu=v9.2 -mlittle-endian -mxl-barrel-shift -mxl-pattern-compare -mxl-soft-mul" "EXTRA_COMPILER_FLAGS=-g -ffunct
TRACE::2025-03-23.19:50:49::SCWBDomain::ion-sections -fdata-sections -Wall -Wextra -fno-tree-loop-distribute-patterns  -Os -flto -ffat-lto-objects"

TRACE::2025-03-23.19:50:49::SCWBDomain::"Running Make include in psu_pmu_0/libsrc/standalone_v8_1/src"

TRACE::2025-03-23.19:50:49::SCWBDomain::make -C psu_pmu_0/libsrc/standalone_v8_1/src -s include  "SHELL=CMD" "COMPILER=mb-gcc" "ASSEMBLER=mb-as" "ARCHIVER=mb-ar" "COMP
TRACE::2025-03-23.19:50:49::SCWBDomain::ILER_FLAGS=  -O2 -c -mcpu=v9.2 -mlittle-endian -mxl-barrel-shift -mxl-pattern-compare -mxl-soft-mul" "EXTRA_COMPILER_FLAGS=-g -
TRACE::2025-03-23.19:50:49::SCWBDomain::ffunction-sections -fdata-sections -Wall -Wextra -fno-tree-loop-distribute-patterns  -Os -flto -ffat-lto-objects"

TRACE::2025-03-23.19:50:49::SCWBDomain::"Running Make include in psu_pmu_0/libsrc/sysmonpsu_v2_8/src"

TRACE::2025-03-23.19:50:49::SCWBDomain::make -C psu_pmu_0/libsrc/sysmonpsu_v2_8/src -s include  "SHELL=CMD" "COMPILER=mb-gcc" "ASSEMBLER=mb-as" "ARCHIVER=mb-ar" "COMPI
TRACE::2025-03-23.19:50:49::SCWBDomain::LER_FLAGS=  -O2 -c -mcpu=v9.2 -mlittle-endian -mxl-barrel-shift -mxl-pattern-compare -mxl-soft-mul" "EXTRA_COMPILER_FLAGS=-g -f
TRACE::2025-03-23.19:50:49::SCWBDomain::function-sections -fdata-sections -Wall -Wextra -fno-tree-loop-distribute-patterns  -Os -flto -ffat-lto-objects"

TRACE::2025-03-23.19:50:49::SCWBDomain::"Running Make include in psu_pmu_0/libsrc/ttcps_v3_17/src"

TRACE::2025-03-23.19:50:49::SCWBDomain::make -C psu_pmu_0/libsrc/ttcps_v3_17/src -s include  "SHELL=CMD" "COMPILER=mb-gcc" "ASSEMBLER=mb-as" "ARCHIVER=mb-ar" "COMPILER
TRACE::2025-03-23.19:50:49::SCWBDomain::_FLAGS=  -O2 -c -mcpu=v9.2 -mlittle-endian -mxl-barrel-shift -mxl-pattern-compare -mxl-soft-mul" "EXTRA_COMPILER_FLAGS=-g -ffun
TRACE::2025-03-23.19:50:49::SCWBDomain::ction-sections -fdata-sections -Wall -Wextra -fno-tree-loop-distribute-patterns  -Os -flto -ffat-lto-objects"

TRACE::2025-03-23.19:50:49::SCWBDomain::"Running Make include in psu_pmu_0/libsrc/uartps_v3_12/src"

TRACE::2025-03-23.19:50:49::SCWBDomain::make -C psu_pmu_0/libsrc/uartps_v3_12/src -s include  "SHELL=CMD" "COMPILER=mb-gcc" "ASSEMBLER=mb-as" "ARCHIVER=mb-ar" "COMPILE
TRACE::2025-03-23.19:50:49::SCWBDomain::R_FLAGS=  -O2 -c -mcpu=v9.2 -mlittle-endian -mxl-barrel-shift -mxl-pattern-compare -mxl-soft-mul" "EXTRA_COMPILER_FLAGS=-g -ffu
TRACE::2025-03-23.19:50:49::SCWBDomain::nction-sections -fdata-sections -Wall -Wextra -fno-tree-loop-distribute-patterns  -Os -flto -ffat-lto-objects"

TRACE::2025-03-23.19:50:49::SCWBDomain::"Running Make include in psu_pmu_0/libsrc/wdtps_v3_5/src"

TRACE::2025-03-23.19:50:49::SCWBDomain::make -C psu_pmu_0/libsrc/wdtps_v3_5/src -s include  "SHELL=CMD" "COMPILER=mb-gcc" "ASSEMBLER=mb-as" "ARCHIVER=mb-ar" "COMPILER_
TRACE::2025-03-23.19:50:49::SCWBDomain::FLAGS=  -O2 -c -mcpu=v9.2 -mlittle-endian -mxl-barrel-shift -mxl-pattern-compare -mxl-soft-mul" "EXTRA_COMPILER_FLAGS=-g -ffunc
TRACE::2025-03-23.19:50:49::SCWBDomain::tion-sections -fdata-sections -Wall -Wextra -fno-tree-loop-distribute-patterns  -Os -flto -ffat-lto-objects"

TRACE::2025-03-23.19:50:49::SCWBDomain::"Running Make include in psu_pmu_0/libsrc/xilfpga_v6_4/src"

TRACE::2025-03-23.19:50:49::SCWBDomain::make -C psu_pmu_0/libsrc/xilfpga_v6_4/src -s include  "SHELL=CMD" "COMPILER=mb-gcc" "ASSEMBLER=mb-as" "ARCHIVER=mb-ar" "COMPILE
TRACE::2025-03-23.19:50:49::SCWBDomain::R_FLAGS=  -O2 -c -mcpu=v9.2 -mlittle-endian -mxl-barrel-shift -mxl-pattern-compare -mxl-soft-mul" "EXTRA_COMPILER_FLAGS=-g -ffu
TRACE::2025-03-23.19:50:49::SCWBDomain::nction-sections -fdata-sections -Wall -Wextra -fno-tree-loop-distribute-patterns  -Os -flto -ffat-lto-objects"

TRACE::2025-03-23.19:50:49::SCWBDomain::"Running Make include in psu_pmu_0/libsrc/xilsecure_v5_1/src"

TRACE::2025-03-23.19:50:49::SCWBDomain::make -C psu_pmu_0/libsrc/xilsecure_v5_1/src -s include  "SHELL=CMD" "COMPILER=mb-gcc" "ASSEMBLER=mb-as" "ARCHIVER=mb-ar" "COMPI
TRACE::2025-03-23.19:50:49::SCWBDomain::LER_FLAGS=  -O2 -c -mcpu=v9.2 -mlittle-endian -mxl-barrel-shift -mxl-pattern-compare -mxl-soft-mul" "EXTRA_COMPILER_FLAGS=-g -f
TRACE::2025-03-23.19:50:49::SCWBDomain::function-sections -fdata-sections -Wall -Wextra -fno-tree-loop-distribute-patterns  -Os -flto -ffat-lto-objects"

TRACE::2025-03-23.19:50:49::SCWBDomain::"Running Make include in psu_pmu_0/libsrc/xilskey_v7_4/src"

TRACE::2025-03-23.19:50:49::SCWBDomain::make -C psu_pmu_0/libsrc/xilskey_v7_4/src -s include  "SHELL=CMD" "COMPILER=mb-gcc" "ASSEMBLER=mb-as" "ARCHIVER=mb-ar" "COMPILE
TRACE::2025-03-23.19:50:49::SCWBDomain::R_FLAGS=  -O2 -c -mcpu=v9.2 -mlittle-endian -mxl-barrel-shift -mxl-pattern-compare -mxl-soft-mul" "EXTRA_COMPILER_FLAGS=-g -ffu
TRACE::2025-03-23.19:50:49::SCWBDomain::nction-sections -fdata-sections -Wall -Wextra -fno-tree-loop-distribute-patterns  -Os -flto -ffat-lto-objects"

TRACE::2025-03-23.19:50:49::SCWBDomain::"Running Make include in psu_pmu_0/libsrc/zdma_v1_16/src"

TRACE::2025-03-23.19:50:49::SCWBDomain::make -C psu_pmu_0/libsrc/zdma_v1_16/src -s include  "SHELL=CMD" "COMPILER=mb-gcc" "ASSEMBLER=mb-as" "ARCHIVER=mb-ar" "COMPILER_
TRACE::2025-03-23.19:50:49::SCWBDomain::FLAGS=  -O2 -c -mcpu=v9.2 -mlittle-endian -mxl-barrel-shift -mxl-pattern-compare -mxl-soft-mul" "EXTRA_COMPILER_FLAGS=-g -ffunc
TRACE::2025-03-23.19:50:49::SCWBDomain::tion-sections -fdata-sections -Wall -Wextra -fno-tree-loop-distribute-patterns  -Os -flto -ffat-lto-objects"

TRACE::2025-03-23.19:50:49::SCWBDomain::"Running Make libs in psu_pmu_0/libsrc/axipmon_v6_9/src"

TRACE::2025-03-23.19:50:49::SCWBDomain::make -C psu_pmu_0/libsrc/axipmon_v6_9/src -s libs  "SHELL=CMD" "COMPILER=mb-gcc" "ASSEMBLER=mb-as" "ARCHIVER=mb-ar" "COMPILER_F
TRACE::2025-03-23.19:50:49::SCWBDomain::LAGS=  -O2 -c -mcpu=v9.2 -mlittle-endian -mxl-barrel-shift -mxl-pattern-compare -mxl-soft-mul" "EXTRA_COMPILER_FLAGS=-g -ffunct
TRACE::2025-03-23.19:50:49::SCWBDomain::ion-sections -fdata-sections -Wall -Wextra -fno-tree-loop-distribute-patterns  -Os -flto -ffat-lto-objects"

TRACE::2025-03-23.19:50:49::SCWBDomain::"Running Make libs in psu_pmu_0/libsrc/clockps_v1_4/src"

TRACE::2025-03-23.19:50:49::SCWBDomain::make -C psu_pmu_0/libsrc/clockps_v1_4/src -s libs  "SHELL=CMD" "COMPILER=mb-gcc" "ASSEMBLER=mb-as" "ARCHIVER=mb-ar" "COMPILER_F
TRACE::2025-03-23.19:50:49::SCWBDomain::LAGS=  -O2 -c -mcpu=v9.2 -mlittle-endian -mxl-barrel-shift -mxl-pattern-compare -mxl-soft-mul" "EXTRA_COMPILER_FLAGS=-g -ffunct
TRACE::2025-03-23.19:50:49::SCWBDomain::ion-sections -fdata-sections -Wall -Wextra -fno-tree-loop-distribute-patterns  -Os -flto -ffat-lto-objects"

TRACE::2025-03-23.19:50:49::SCWBDomain::"Running Make libs in psu_pmu_0/libsrc/cpu_v2_17/src"

TRACE::2025-03-23.19:50:49::SCWBDomain::make -C psu_pmu_0/libsrc/cpu_v2_17/src -s libs  "SHELL=CMD" "COMPILER=mb-gcc" "ASSEMBLER=mb-as" "ARCHIVER=mb-ar" "COMPILER_FLAG
TRACE::2025-03-23.19:50:49::SCWBDomain::S=  -O2 -c -mcpu=v9.2 -mlittle-endian -mxl-barrel-shift -mxl-pattern-compare -mxl-soft-mul" "EXTRA_COMPILER_FLAGS=-g -ffunction
TRACE::2025-03-23.19:50:49::SCWBDomain::-sections -fdata-sections -Wall -Wextra -fno-tree-loop-distribute-patterns  -Os -flto -ffat-lto-objects"

TRACE::2025-03-23.19:50:49::SCWBDomain::"Running Make libs in psu_pmu_0/libsrc/csudma_v1_13/src"

TRACE::2025-03-23.19:50:49::SCWBDomain::make -C psu_pmu_0/libsrc/csudma_v1_13/src -s libs  "SHELL=CMD" "COMPILER=mb-gcc" "ASSEMBLER=mb-as" "ARCHIVER=mb-ar" "COMPILER_F
TRACE::2025-03-23.19:50:49::SCWBDomain::LAGS=  -O2 -c -mcpu=v9.2 -mlittle-endian -mxl-barrel-shift -mxl-pattern-compare -mxl-soft-mul" "EXTRA_COMPILER_FLAGS=-g -ffunct
TRACE::2025-03-23.19:50:49::SCWBDomain::ion-sections -fdata-sections -Wall -Wextra -fno-tree-loop-distribute-patterns  -Os -flto -ffat-lto-objects"

TRACE::2025-03-23.19:50:50::SCWBDomain::"Running Make libs in psu_pmu_0/libsrc/ddrcpsu_v1_4/src"

TRACE::2025-03-23.19:50:50::SCWBDomain::make -C psu_pmu_0/libsrc/ddrcpsu_v1_4/src -s libs  "SHELL=CMD" "COMPILER=mb-gcc" "ASSEMBLER=mb-as" "ARCHIVER=mb-ar" "COMPILER_F
TRACE::2025-03-23.19:50:50::SCWBDomain::LAGS=  -O2 -c -mcpu=v9.2 -mlittle-endian -mxl-barrel-shift -mxl-pattern-compare -mxl-soft-mul" "EXTRA_COMPILER_FLAGS=-g -ffunct
TRACE::2025-03-23.19:50:50::SCWBDomain::ion-sections -fdata-sections -Wall -Wextra -fno-tree-loop-distribute-patterns  -Os -flto -ffat-lto-objects"

TRACE::2025-03-23.19:50:50::SCWBDomain::"Running Make libs in psu_pmu_0/libsrc/gpiops_v3_11/src"

TRACE::2025-03-23.19:50:50::SCWBDomain::make -C psu_pmu_0/libsrc/gpiops_v3_11/src -s libs  "SHELL=CMD" "COMPILER=mb-gcc" "ASSEMBLER=mb-as" "ARCHIVER=mb-ar" "COMPILER_F
TRACE::2025-03-23.19:50:50::SCWBDomain::LAGS=  -O2 -c -mcpu=v9.2 -mlittle-endian -mxl-barrel-shift -mxl-pattern-compare -mxl-soft-mul" "EXTRA_COMPILER_FLAGS=-g -ffunct
TRACE::2025-03-23.19:50:50::SCWBDomain::ion-sections -fdata-sections -Wall -Wextra -fno-tree-loop-distribute-patterns  -Os -flto -ffat-lto-objects"

TRACE::2025-03-23.19:50:50::SCWBDomain::"Running Make libs in psu_pmu_0/libsrc/gpio_v4_9/src"

TRACE::2025-03-23.19:50:50::SCWBDomain::make -C psu_pmu_0/libsrc/gpio_v4_9/src -s libs  "SHELL=CMD" "COMPILER=mb-gcc" "ASSEMBLER=mb-as" "ARCHIVER=mb-ar" "COMPILER_FLAG
TRACE::2025-03-23.19:50:50::SCWBDomain::S=  -O2 -c -mcpu=v9.2 -mlittle-endian -mxl-barrel-shift -mxl-pattern-compare -mxl-soft-mul" "EXTRA_COMPILER_FLAGS=-g -ffunction
TRACE::2025-03-23.19:50:50::SCWBDomain::-sections -fdata-sections -Wall -Wextra -fno-tree-loop-distribute-patterns  -Os -flto -ffat-lto-objects"

TRACE::2025-03-23.19:50:50::SCWBDomain::"Running Make libs in psu_pmu_0/libsrc/iicps_v3_17/src"

TRACE::2025-03-23.19:50:50::SCWBDomain::make -C psu_pmu_0/libsrc/iicps_v3_17/src -s libs  "SHELL=CMD" "COMPILER=mb-gcc" "ASSEMBLER=mb-as" "ARCHIVER=mb-ar" "COMPILER_FL
TRACE::2025-03-23.19:50:50::SCWBDomain::AGS=  -O2 -c -mcpu=v9.2 -mlittle-endian -mxl-barrel-shift -mxl-pattern-compare -mxl-soft-mul" "EXTRA_COMPILER_FLAGS=-g -ffuncti
TRACE::2025-03-23.19:50:50::SCWBDomain::on-sections -fdata-sections -Wall -Wextra -fno-tree-loop-distribute-patterns  -Os -flto -ffat-lto-objects"

TRACE::2025-03-23.19:50:50::SCWBDomain::"Running Make libs in psu_pmu_0/libsrc/iic_v3_9/src"

TRACE::2025-03-23.19:50:50::SCWBDomain::make -C psu_pmu_0/libsrc/iic_v3_9/src -s libs  "SHELL=CMD" "COMPILER=mb-gcc" "ASSEMBLER=mb-as" "ARCHIVER=mb-ar" "COMPILER_FLAGS
TRACE::2025-03-23.19:50:50::SCWBDomain::=  -O2 -c -mcpu=v9.2 -mlittle-endian -mxl-barrel-shift -mxl-pattern-compare -mxl-soft-mul" "EXTRA_COMPILER_FLAGS=-g -ffunction-
TRACE::2025-03-23.19:50:50::SCWBDomain::sections -fdata-sections -Wall -Wextra -fno-tree-loop-distribute-patterns  -Os -flto -ffat-lto-objects"

TRACE::2025-03-23.19:50:50::SCWBDomain::"Running Make libs in psu_pmu_0/libsrc/ipipsu_v2_13/src"

TRACE::2025-03-23.19:50:50::SCWBDomain::make -C psu_pmu_0/libsrc/ipipsu_v2_13/src -s libs  "SHELL=CMD" "COMPILER=mb-gcc" "ASSEMBLER=mb-as" "ARCHIVER=mb-ar" "COMPILER_F
TRACE::2025-03-23.19:50:50::SCWBDomain::LAGS=  -O2 -c -mcpu=v9.2 -mlittle-endian -mxl-barrel-shift -mxl-pattern-compare -mxl-soft-mul" "EXTRA_COMPILER_FLAGS=-g -ffunct
TRACE::2025-03-23.19:50:50::SCWBDomain::ion-sections -fdata-sections -Wall -Wextra -fno-tree-loop-distribute-patterns  -Os -flto -ffat-lto-objects"

TRACE::2025-03-23.19:50:50::SCWBDomain::"Running Make libs in psu_pmu_0/libsrc/qspipsu_v1_17/src"

TRACE::2025-03-23.19:50:50::SCWBDomain::make -C psu_pmu_0/libsrc/qspipsu_v1_17/src -s libs  "SHELL=CMD" "COMPILER=mb-gcc" "ASSEMBLER=mb-as" "ARCHIVER=mb-ar" "COMPILER_
TRACE::2025-03-23.19:50:50::SCWBDomain::FLAGS=  -O2 -c -mcpu=v9.2 -mlittle-endian -mxl-barrel-shift -mxl-pattern-compare -mxl-soft-mul" "EXTRA_COMPILER_FLAGS=-g -ffunc
TRACE::2025-03-23.19:50:50::SCWBDomain::tion-sections -fdata-sections -Wall -Wextra -fno-tree-loop-distribute-patterns  -Os -flto -ffat-lto-objects"

TRACE::2025-03-23.19:50:50::SCWBDomain::"Running Make libs in psu_pmu_0/libsrc/resetps_v1_5/src"

TRACE::2025-03-23.19:50:50::SCWBDomain::make -C psu_pmu_0/libsrc/resetps_v1_5/src -s libs  "SHELL=CMD" "COMPILER=mb-gcc" "ASSEMBLER=mb-as" "ARCHIVER=mb-ar" "COMPILER_F
TRACE::2025-03-23.19:50:50::SCWBDomain::LAGS=  -O2 -c -mcpu=v9.2 -mlittle-endian -mxl-barrel-shift -mxl-pattern-compare -mxl-soft-mul" "EXTRA_COMPILER_FLAGS=-g -ffunct
TRACE::2025-03-23.19:50:50::SCWBDomain::ion-sections -fdata-sections -Wall -Wextra -fno-tree-loop-distribute-patterns  -Os -flto -ffat-lto-objects"

TRACE::2025-03-23.19:50:50::SCWBDomain::"Running Make libs in psu_pmu_0/libsrc/rtcpsu_v1_12/src"

TRACE::2025-03-23.19:50:50::SCWBDomain::make -C psu_pmu_0/libsrc/rtcpsu_v1_12/src -s libs  "SHELL=CMD" "COMPILER=mb-gcc" "ASSEMBLER=mb-as" "ARCHIVER=mb-ar" "COMPILER_F
TRACE::2025-03-23.19:50:50::SCWBDomain::LAGS=  -O2 -c -mcpu=v9.2 -mlittle-endian -mxl-barrel-shift -mxl-pattern-compare -mxl-soft-mul" "EXTRA_COMPILER_FLAGS=-g -ffunct
TRACE::2025-03-23.19:50:50::SCWBDomain::ion-sections -fdata-sections -Wall -Wextra -fno-tree-loop-distribute-patterns  -Os -flto -ffat-lto-objects"

TRACE::2025-03-23.19:50:50::SCWBDomain::"Running Make libs in psu_pmu_0/libsrc/sdps_v4_1/src"

TRACE::2025-03-23.19:50:51::SCWBDomain::make -C psu_pmu_0/libsrc/sdps_v4_1/src -s libs  "SHELL=CMD" "COMPILER=mb-gcc" "ASSEMBLER=mb-as" "ARCHIVER=mb-ar" "COMPILER_FLAG
TRACE::2025-03-23.19:50:51::SCWBDomain::S=  -O2 -c -mcpu=v9.2 -mlittle-endian -mxl-barrel-shift -mxl-pattern-compare -mxl-soft-mul" "EXTRA_COMPILER_FLAGS=-g -ffunction
TRACE::2025-03-23.19:50:51::SCWBDomain::-sections -fdata-sections -Wall -Wextra -fno-tree-loop-distribute-patterns  -Os -flto -ffat-lto-objects"

TRACE::2025-03-23.19:50:51::SCWBDomain::"Running Make libs in psu_pmu_0/libsrc/spi_v4_10/src"

TRACE::2025-03-23.19:50:51::SCWBDomain::make -C psu_pmu_0/libsrc/spi_v4_10/src -s libs  "SHELL=CMD" "COMPILER=mb-gcc" "ASSEMBLER=mb-as" "ARCHIVER=mb-ar" "COMPILER_FLAG
TRACE::2025-03-23.19:50:51::SCWBDomain::S=  -O2 -c -mcpu=v9.2 -mlittle-endian -mxl-barrel-shift -mxl-pattern-compare -mxl-soft-mul" "EXTRA_COMPILER_FLAGS=-g -ffunction
TRACE::2025-03-23.19:50:51::SCWBDomain::-sections -fdata-sections -Wall -Wextra -fno-tree-loop-distribute-patterns  -Os -flto -ffat-lto-objects"

TRACE::2025-03-23.19:50:51::SCWBDomain::"Running Make libs in psu_pmu_0/libsrc/standalone_v8_1/src"

TRACE::2025-03-23.19:50:51::SCWBDomain::make -C psu_pmu_0/libsrc/standalone_v8_1/src -s libs  "SHELL=CMD" "COMPILER=mb-gcc" "ASSEMBLER=mb-as" "ARCHIVER=mb-ar" "COMPILE
TRACE::2025-03-23.19:50:51::SCWBDomain::R_FLAGS=  -O2 -c -mcpu=v9.2 -mlittle-endian -mxl-barrel-shift -mxl-pattern-compare -mxl-soft-mul" "EXTRA_COMPILER_FLAGS=-g -ffu
TRACE::2025-03-23.19:50:51::SCWBDomain::nction-sections -fdata-sections -Wall -Wextra -fno-tree-loop-distribute-patterns  -Os -flto -ffat-lto-objects"

TRACE::2025-03-23.19:50:51::SCWBDomain::"Running Make libs in psu_pmu_0/libsrc/sysmonpsu_v2_8/src"

TRACE::2025-03-23.19:50:51::SCWBDomain::make -C psu_pmu_0/libsrc/sysmonpsu_v2_8/src -s libs  "SHELL=CMD" "COMPILER=mb-gcc" "ASSEMBLER=mb-as" "ARCHIVER=mb-ar" "COMPILER
TRACE::2025-03-23.19:50:51::SCWBDomain::_FLAGS=  -O2 -c -mcpu=v9.2 -mlittle-endian -mxl-barrel-shift -mxl-pattern-compare -mxl-soft-mul" "EXTRA_COMPILER_FLAGS=-g -ffun
TRACE::2025-03-23.19:50:51::SCWBDomain::ction-sections -fdata-sections -Wall -Wextra -fno-tree-loop-distribute-patterns  -Os -flto -ffat-lto-objects"

TRACE::2025-03-23.19:50:51::SCWBDomain::"Running Make libs in psu_pmu_0/libsrc/ttcps_v3_17/src"

TRACE::2025-03-23.19:50:51::SCWBDomain::make -C psu_pmu_0/libsrc/ttcps_v3_17/src -s libs  "SHELL=CMD" "COMPILER=mb-gcc" "ASSEMBLER=mb-as" "ARCHIVER=mb-ar" "COMPILER_FL
TRACE::2025-03-23.19:50:51::SCWBDomain::AGS=  -O2 -c -mcpu=v9.2 -mlittle-endian -mxl-barrel-shift -mxl-pattern-compare -mxl-soft-mul" "EXTRA_COMPILER_FLAGS=-g -ffuncti
TRACE::2025-03-23.19:50:51::SCWBDomain::on-sections -fdata-sections -Wall -Wextra -fno-tree-loop-distribute-patterns  -Os -flto -ffat-lto-objects"

TRACE::2025-03-23.19:50:51::SCWBDomain::"Running Make libs in psu_pmu_0/libsrc/uartps_v3_12/src"

TRACE::2025-03-23.19:50:51::SCWBDomain::make -C psu_pmu_0/libsrc/uartps_v3_12/src -s libs  "SHELL=CMD" "COMPILER=mb-gcc" "ASSEMBLER=mb-as" "ARCHIVER=mb-ar" "COMPILER_F
TRACE::2025-03-23.19:50:51::SCWBDomain::LAGS=  -O2 -c -mcpu=v9.2 -mlittle-endian -mxl-barrel-shift -mxl-pattern-compare -mxl-soft-mul" "EXTRA_COMPILER_FLAGS=-g -ffunct
TRACE::2025-03-23.19:50:51::SCWBDomain::ion-sections -fdata-sections -Wall -Wextra -fno-tree-loop-distribute-patterns  -Os -flto -ffat-lto-objects"

TRACE::2025-03-23.19:50:51::SCWBDomain::"Running Make libs in psu_pmu_0/libsrc/wdtps_v3_5/src"

TRACE::2025-03-23.19:50:52::SCWBDomain::make -C psu_pmu_0/libsrc/wdtps_v3_5/src -s libs  "SHELL=CMD" "COMPILER=mb-gcc" "ASSEMBLER=mb-as" "ARCHIVER=mb-ar" "COMPILER_FLA
TRACE::2025-03-23.19:50:52::SCWBDomain::GS=  -O2 -c -mcpu=v9.2 -mlittle-endian -mxl-barrel-shift -mxl-pattern-compare -mxl-soft-mul" "EXTRA_COMPILER_FLAGS=-g -ffunctio
TRACE::2025-03-23.19:50:52::SCWBDomain::n-sections -fdata-sections -Wall -Wextra -fno-tree-loop-distribute-patterns  -Os -flto -ffat-lto-objects"

TRACE::2025-03-23.19:50:52::SCWBDomain::"Running Make libs in psu_pmu_0/libsrc/xilfpga_v6_4/src"

TRACE::2025-03-23.19:50:52::SCWBDomain::make -C psu_pmu_0/libsrc/xilfpga_v6_4/src -s libs  "SHELL=CMD" "COMPILER=mb-gcc" "ASSEMBLER=mb-as" "ARCHIVER=mb-ar" "COMPILER_F
TRACE::2025-03-23.19:50:52::SCWBDomain::LAGS=  -O2 -c -mcpu=v9.2 -mlittle-endian -mxl-barrel-shift -mxl-pattern-compare -mxl-soft-mul" "EXTRA_COMPILER_FLAGS=-g -ffunct
TRACE::2025-03-23.19:50:52::SCWBDomain::ion-sections -fdata-sections -Wall -Wextra -fno-tree-loop-distribute-patterns  -Os -flto -ffat-lto-objects"

TRACE::2025-03-23.19:50:52::SCWBDomain::"Running Make libs in psu_pmu_0/libsrc/zdma_v1_16/src"

TRACE::2025-03-23.19:50:52::SCWBDomain::make -C psu_pmu_0/libsrc/zdma_v1_16/src -s libs  "SHELL=CMD" "COMPILER=mb-gcc" "ASSEMBLER=mb-as" "ARCHIVER=mb-ar" "COMPILER_FLA
TRACE::2025-03-23.19:50:52::SCWBDomain::GS=  -O2 -c -mcpu=v9.2 -mlittle-endian -mxl-barrel-shift -mxl-pattern-compare -mxl-soft-mul" "EXTRA_COMPILER_FLAGS=-g -ffunctio
TRACE::2025-03-23.19:50:52::SCWBDomain::n-sections -fdata-sections -Wall -Wextra -fno-tree-loop-distribute-patterns  -Os -flto -ffat-lto-objects"

TRACE::2025-03-23.19:50:54::SCWBDomain::"DEBUG NON_LTO_OBJECTS is ../../../lib/microblaze_interrupt_handler.o"

TRACE::2025-03-23.19:50:54::SCWBDomain::'Finished building libraries parallelly.'

TRACE::2025-03-23.19:50:54::SCWBDomain::make --no-print-directory archive

TRACE::2025-03-23.19:50:54::SCWBDomain::mb-ar -r  psu_pmu_0/lib/libxil.a psu_pmu_0/lib/_exit.o psu_pmu_0/lib/errno.o psu_pmu_0/lib/fcntl.o psu_pmu_0/lib/hw_exception_h
TRACE::2025-03-23.19:50:54::SCWBDomain::andler.o psu_pmu_0/lib/inbyte.o psu_pmu_0/lib/microblaze_disable_dcache.o psu_pmu_0/lib/microblaze_disable_exceptions.o psu_pmu
TRACE::2025-03-23.19:50:54::SCWBDomain::_0/lib/microblaze_disable_icache.o psu_pmu_0/lib/microblaze_disable_interrupts.o psu_pmu_0/lib/microblaze_enable_dcache.o psu_p
TRACE::2025-03-23.19:50:54::SCWBDomain::mu_0/lib/microblaze_enable_exceptions.o psu_pmu_0/lib/microblaze_enable_icache.o psu_pmu_0/lib/microblaze_enable_interrupts.o p
TRACE::2025-03-23.19:50:54::SCWBDomain::su_pmu_0/lib/microblaze_exception_handler.o psu_pmu_0/lib/microblaze_flush_cache_ext.o psu_pmu_0/lib/microblaze_flush_cache_ext
TRACE::2025-03-23.19:50:54::SCWBDomain::_range.o psu_pmu_0/lib/microblaze_flush_dcache.o psu_pmu_0/lib/microblaze_flush_dcache_range.o psu_pmu_0/lib/microblaze_init_dc
TRACE::2025-03-23.19:50:54::SCWBDomain::ache_range.o psu_pmu_0/lib/microblaze_init_icache_range.o psu_pmu_0/lib/microblaze_interrupt_handler.o psu_pmu_0/lib/microblaze
TRACE::2025-03-23.19:50:54::SCWBDomain::_interrupts_g.o psu_pmu_0/lib/microblaze_invalidate_cache_ext.o psu_pmu_0/lib/microblaze_invalidate_cache_ext_range.o psu_pmu_0
TRACE::2025-03-23.19:50:54::SCWBDomain::/lib/microblaze_invalidate_dcache.o psu_pmu_0/lib/microblaze_invalidate_dcache_range.o psu_pmu_0/lib/microblaze_invalidate_icac
TRACE::2025-03-23.19:50:54::SCWBDomain::he.o psu_pmu_0/lib/microblaze_invalidate_icache_range.o psu_pmu_0/lib/microblaze_scrub.o psu_pmu_0/lib/microblaze_selftest.o ps
TRACE::2025-03-23.19:50:54::SCWBDomain::u_pmu_0/lib/microblaze_sleep.o psu_pmu_0/lib/microblaze_update_dcache.o psu_pmu_0/lib/microblaze_update_icache.o psu_pmu_0/lib/
TRACE::2025-03-23.19:50:54::SCWBDomain::outbyte.o psu_pmu_0/lib/print.o psu_pmu_0/lib/pvr.o psu_pmu_0/lib/xaxipmon.o psu_pmu_0/lib/xaxipmon_g.o psu_pmu_0/lib/xaxipmon_
TRACE::2025-03-23.19:50:54::SCWBDomain::selftest.o psu_pmu_0/lib/xaxipmon_sinit.o psu_pmu_0/lib/xclockps.o psu_pmu_0/lib/xclockps_divider.o psu_pmu_0/lib/xclockps_fixe
TRACE::2025-03-23.19:50:54::SCWBDomain::dfactor.o psu_pmu_0/lib/xclockps_g.o psu_pmu_0/lib/xclockps_gate.o psu_pmu_0/lib/xclockps_mux.o psu_pmu_0/lib/xclockps_pll.o ps
TRACE::2025-03-23.19:50:54::SCWBDomain::u_pmu_0/lib/xclockps_sinit.o psu_pmu_0/lib/xcsudma.o psu_pmu_0/lib/xcsudma_g.o psu_pmu_0/lib/xcsudma_intr.o psu_pmu_0/lib/xcsud
TRACE::2025-03-23.19:50:54::SCWBDomain::ma_selftest.o psu_pmu_0/lib/xcsudma_sinit.o psu_pmu_0/lib/xgpio.o psu_pmu_0/lib/xgpio_extra.o psu_pmu_0/lib/xgpio_g.o psu_pmu_0
TRACE::2025-03-23.19:50:54::SCWBDomain::/lib/xgpio_intr.o psu_pmu_0/lib/xgpio_selftest.o psu_pmu_0/lib/xgpio_sinit.o psu_pmu_0/lib/xgpiops.o psu_pmu_0/lib/xgpiops_g.o 
TRACE::2025-03-23.19:50:54::SCWBDomain::psu_pmu_0/lib/xgpiops_hw.o psu_pmu_0/lib/xgpiops_intr.o psu_pmu_0/lib/xgpiops_selftest.o psu_pmu_0/lib/xgpiops_sinit.o psu_pmu_
TRACE::2025-03-23.19:50:54::SCWBDomain::0/lib/xiic.o psu_pmu_0/lib/xiic_dyn_master.o psu_pmu_0/lib/xiic_g.o psu_pmu_0/lib/xiic_intr.o psu_pmu_0/lib/xiic_l.o psu_pmu_0/
TRACE::2025-03-23.19:50:54::SCWBDomain::lib/xiic_master.o psu_pmu_0/lib/xiic_multi_master.o psu_pmu_0/lib/xiic_options.o psu_pmu_0/lib/xiic_selftest.o psu_pmu_0/lib/xi
TRACE::2025-03-23.19:50:54::SCWBDomain::ic_sinit.o psu_pmu_0/lib/xiic_slave.o psu_pmu_0/lib/xiic_stats.o psu_pmu_0/lib/xiicps.o psu_pmu_0/lib/xiicps_g.o psu_pmu_0/lib/
TRACE::2025-03-23.19:50:54::SCWBDomain::xiicps_hw.o psu_pmu_0/lib/xiicps_intr.o psu_pmu_0/lib/xiicps_master.o psu_pmu_0/lib/xiicps_options.o psu_pmu_0/lib/xiicps_selft
TRACE::2025-03-23.19:50:54::SCWBDomain::est.o psu_pmu_0/lib/xiicps_sinit.o psu_pmu_0/lib/xiicps_slave.o psu_pmu_0/lib/xiicps_xfer.o psu_pmu_0/lib/xil_assert.o psu_pmu_
TRACE::2025-03-23.19:50:54::SCWBDomain::0/lib/xil_cache.o psu_pmu_0/lib/xil_clocking.o psu_pmu_0/lib/xil_exception.o psu_pmu_0/lib/xil_mem.o psu_pmu_0/lib/xil_misc_psr
TRACE::2025-03-23.19:50:54::SCWBDomain::eset_api.o psu_pmu_0/lib/xil_printf.o psu_pmu_0/lib/xil_sleepcommon.o psu_pmu_0/lib/xil_testcache.o psu_pmu_0/lib/xil_testio.o 
TRACE::2025-03-23.19:50:54::SCWBDomain::psu_pmu_0/lib/xil_testmem.o psu_pmu_0/lib/xil_util.o psu_pmu_0/lib/xinterrupt_wrap.o psu_pmu_0/lib/xio.o psu_pmu_0/lib/xipipsu.
TRACE::2025-03-23.19:50:54::SCWBDomain::o psu_pmu_0/lib/xipipsu_buf.o psu_pmu_0/lib/xipipsu_g.o psu_pmu_0/lib/xipipsu_sinit.o psu_pmu_0/lib/xplatform_info.o psu_pmu_0/
TRACE::2025-03-23.19:50:54::SCWBDomain::lib/xqspipsu.o psu_pmu_0/lib/xqspipsu_control.o psu_pmu_0/lib/xqspipsu_g.o psu_pmu_0/lib/xqspipsu_hw.o psu_pmu_0/lib/xqspipsu_o
TRACE::2025-03-23.19:50:54::SCWBDomain::ptions.o psu_pmu_0/lib/xqspipsu_sinit.o psu_pmu_0/lib/xresetps.o psu_pmu_0/lib/xresetps_g.o psu_pmu_0/lib/xresetps_sinit.o psu_
TRACE::2025-03-23.19:50:54::SCWBDomain::pmu_0/lib/xrtcpsu.o psu_pmu_0/lib/xrtcpsu_g.o psu_pmu_0/lib/xrtcpsu_intr.o psu_pmu_0/lib/xrtcpsu_selftest.o psu_pmu_0/lib/xrtcp
TRACE::2025-03-23.19:50:54::SCWBDomain::su_sinit.o psu_pmu_0/lib/xsdps.o psu_pmu_0/lib/xsdps_card.o psu_pmu_0/lib/xsdps_g.o psu_pmu_0/lib/xsdps_host.o psu_pmu_0/lib/xs
TRACE::2025-03-23.19:50:54::SCWBDomain::dps_options.o psu_pmu_0/lib/xsdps_sinit.o psu_pmu_0/lib/xspi.o psu_pmu_0/lib/xspi_g.o psu_pmu_0/lib/xspi_options.o psu_pmu_0/li
TRACE::2025-03-23.19:50:54::SCWBDomain::b/xspi_selftest.o psu_pmu_0/lib/xspi_sinit.o psu_pmu_0/lib/xspi_stats.o psu_pmu_0/lib/xsysmonpsu.o psu_pmu_0/lib/xsysmonpsu_g.o
TRACE::2025-03-23.19:50:54::SCWBDomain:: psu_pmu_0/lib/xsysmonpsu_intr.o psu_pmu_0/lib/xsysmonpsu_selftest.o psu_pmu_0/lib/xsysmonpsu_sinit.o psu_pmu_0/lib/xttcps.o ps
TRACE::2025-03-23.19:50:54::SCWBDomain::u_pmu_0/lib/xttcps_g.o psu_pmu_0/lib/xttcps_options.o psu_pmu_0/lib/xttcps_selftest.o psu_pmu_0/lib/xttcps_sinit.o psu_pmu_0/li
TRACE::2025-03-23.19:50:54::SCWBDomain::b/xuartps.o psu_pmu_0/lib/xuartps_g.o psu_pmu_0/lib/xuartps_hw.o psu_pmu_0/lib/xuartps_intr.o psu_pmu_0/lib/xuartps_options.o p
TRACE::2025-03-23.19:50:54::SCWBDomain::su_pmu_0/lib/xuartps_selftest.o psu_pmu_0/lib/xuartps_sinit.o psu_pmu_0/lib/xwdtps.o psu_pmu_0/lib/xwdtps_g.o psu_pmu_0/lib/xwd
TRACE::2025-03-23.19:50:54::SCWBDomain::tps_selftest.o psu_pmu_0/lib/xwdtps_sinit.o psu_pmu_0/lib/xzdma.o psu_pmu_0/lib/xzdma_g.o psu_pmu_0/lib/xzdma_intr.o psu_pmu_0/
TRACE::2025-03-23.19:50:54::SCWBDomain::lib/xzdma_selftest.o psu_pmu_0/lib/xzdma_sinit.o

TRACE::2025-03-23.19:50:54::SCWBDomain::'Finished building libraries'

TRACE::2025-03-23.19:50:54::SCWBDomain::make: Leaving directory 'C:/Xilinx/Projects/DRC_Rev2.0_Deliverables/Vitis2023.1/DRC_Rev2.0_SW/DRCPlatform/zynqmp_pmufw/zynqmp_p
TRACE::2025-03-23.19:50:54::SCWBDomain::mufw_bsp'

TRACE::2025-03-23.19:50:54::SCWBDomain::mb-gcc  -mlittle-endian -mxl-barrel-shift -mxl-pattern-compare -mxl-soft-mul -mcpu=v9.2 -MMD -MP      -mlittle-endian -mxl-barr
TRACE::2025-03-23.19:50:54::SCWBDomain::el-shift -mxl-pattern-compare -mcpu=v9.2 -mxl-soft-mul -Os -flto -ffat-lto-objects   -c pm_clock.c -o pm_clock.o -Izynqmp_pmufw
TRACE::2025-03-23.19:50:54::SCWBDomain::_bsp/psu_pmu_0/include -I.

TRACE::2025-03-23.19:50:54::SCWBDomain::mb-gcc  -mlittle-endian -mxl-barrel-shift -mxl-pattern-compare -mxl-soft-mul -mcpu=v9.2 -MMD -MP      -mlittle-endian -mxl-barr
TRACE::2025-03-23.19:50:54::SCWBDomain::el-shift -mxl-pattern-compare -mcpu=v9.2 -mxl-soft-mul -Os -flto -ffat-lto-objects   -c pm_proc.c -o pm_proc.o -Izynqmp_pmufw_b
TRACE::2025-03-23.19:50:54::SCWBDomain::sp/psu_pmu_0/include -I.

TRACE::2025-03-23.19:50:55::SCWBDomain::mb-gcc  -mlittle-endian -mxl-barrel-shift -mxl-pattern-compare -mxl-soft-mul -mcpu=v9.2 -MMD -MP      -mlittle-endian -mxl-barr
TRACE::2025-03-23.19:50:55::SCWBDomain::el-shift -mxl-pattern-compare -mcpu=v9.2 -mxl-soft-mul -Os -flto -ffat-lto-objects   -c xpfw_mod_em.c -o xpfw_mod_em.o -Izynqmp
TRACE::2025-03-23.19:50:55::SCWBDomain::_pmufw_bsp/psu_pmu_0/include -I.

TRACE::2025-03-23.19:50:55::SCWBDomain::mb-gcc  -mlittle-endian -mxl-barrel-shift -mxl-pattern-compare -mxl-soft-mul -mcpu=v9.2 -MMD -MP      -mlittle-endian -mxl-barr
TRACE::2025-03-23.19:50:55::SCWBDomain::el-shift -mxl-pattern-compare -mcpu=v9.2 -mxl-soft-mul -Os -flto -ffat-lto-objects   -c pm_reset.c -o pm_reset.o -Izynqmp_pmufw
TRACE::2025-03-23.19:50:55::SCWBDomain::_bsp/psu_pmu_0/include -I.

TRACE::2025-03-23.19:50:55::SCWBDomain::mb-gcc  -mlittle-endian -mxl-barrel-shift -mxl-pattern-compare -mxl-soft-mul -mcpu=v9.2 -MMD -MP      -mlittle-endian -mxl-barr
TRACE::2025-03-23.19:50:55::SCWBDomain::el-shift -mxl-pattern-compare -mcpu=v9.2 -mxl-soft-mul -Os -flto -ffat-lto-objects   -c xpfw_main.c -o xpfw_main.o -Izynqmp_pmu
TRACE::2025-03-23.19:50:55::SCWBDomain::fw_bsp/psu_pmu_0/include -I.

TRACE::2025-03-23.19:50:55::SCWBDomain::mb-gcc  -mlittle-endian -mxl-barrel-shift -mxl-pattern-compare -mxl-soft-mul -mcpu=v9.2 -MMD -MP      -mlittle-endian -mxl-barr
TRACE::2025-03-23.19:50:55::SCWBDomain::el-shift -mxl-pattern-compare -mcpu=v9.2 -mxl-soft-mul -Os -flto -ffat-lto-objects   -c pm_power.c -o pm_power.o -Izynqmp_pmufw
TRACE::2025-03-23.19:50:55::SCWBDomain::_bsp/psu_pmu_0/include -I.

TRACE::2025-03-23.19:50:55::SCWBDomain::mb-gcc  -mlittle-endian -mxl-barrel-shift -mxl-pattern-compare -mxl-soft-mul -mcpu=v9.2 -MMD -MP      -mlittle-endian -mxl-barr
TRACE::2025-03-23.19:50:55::SCWBDomain::el-shift -mxl-pattern-compare -mcpu=v9.2 -mxl-soft-mul -Os -flto -ffat-lto-objects   -c xpfw_mod_rpu.c -o xpfw_mod_rpu.o -Izynq
TRACE::2025-03-23.19:50:55::SCWBDomain::mp_pmufw_bsp/psu_pmu_0/include -I.

TRACE::2025-03-23.19:50:55::SCWBDomain::mb-gcc  -mlittle-endian -mxl-barrel-shift -mxl-pattern-compare -mxl-soft-mul -mcpu=v9.2 -MMD -MP      -mlittle-endian -mxl-barr
TRACE::2025-03-23.19:50:55::SCWBDomain::el-shift -mxl-pattern-compare -mcpu=v9.2 -mxl-soft-mul -Os -flto -ffat-lto-objects   -c pm_gpp.c -o pm_gpp.o -Izynqmp_pmufw_bsp
TRACE::2025-03-23.19:50:55::SCWBDomain::/psu_pmu_0/include -I.

TRACE::2025-03-23.19:50:56::SCWBDomain::mb-gcc  -mlittle-endian -mxl-barrel-shift -mxl-pattern-compare -mxl-soft-mul -mcpu=v9.2 -MMD -MP      -mlittle-endian -mxl-barr
TRACE::2025-03-23.19:50:56::SCWBDomain::el-shift -mxl-pattern-compare -mcpu=v9.2 -mxl-soft-mul -Os -flto -ffat-lto-objects   -c pm_hooks.c -o pm_hooks.o -Izynqmp_pmufw
TRACE::2025-03-23.19:50:56::SCWBDomain::_bsp/psu_pmu_0/include -I.

TRACE::2025-03-23.19:50:56::SCWBDomain::mb-gcc  -mlittle-endian -mxl-barrel-shift -mxl-pattern-compare -mxl-soft-mul -mcpu=v9.2 -MMD -MP      -mlittle-endian -mxl-barr
TRACE::2025-03-23.19:50:56::SCWBDomain::el-shift -mxl-pattern-compare -mcpu=v9.2 -mxl-soft-mul -Os -flto -ffat-lto-objects   -c pm_pll.c -o pm_pll.o -Izynqmp_pmufw_bsp
TRACE::2025-03-23.19:50:56::SCWBDomain::/psu_pmu_0/include -I.

TRACE::2025-03-23.19:50:56::SCWBDomain::mb-gcc  -mlittle-endian -mxl-barrel-shift -mxl-pattern-compare -mxl-soft-mul -mcpu=v9.2 -MMD -MP      -mlittle-endian -mxl-barr
TRACE::2025-03-23.19:50:56::SCWBDomain::el-shift -mxl-pattern-compare -mcpu=v9.2 -mxl-soft-mul -Os -flto -ffat-lto-objects   -c xpfw_mod_common.c -o xpfw_mod_common.o 
TRACE::2025-03-23.19:50:56::SCWBDomain::-Izynqmp_pmufw_bsp/psu_pmu_0/include -I.

TRACE::2025-03-23.19:50:56::SCWBDomain::mb-gcc  -mlittle-endian -mxl-barrel-shift -mxl-pattern-compare -mxl-soft-mul -mcpu=v9.2 -MMD -MP      -mlittle-endian -mxl-barr
TRACE::2025-03-23.19:50:56::SCWBDomain::el-shift -mxl-pattern-compare -mcpu=v9.2 -mxl-soft-mul -Os -flto -ffat-lto-objects   -c pm_periph.c -o pm_periph.o -Izynqmp_pmu
TRACE::2025-03-23.19:50:56::SCWBDomain::fw_bsp/psu_pmu_0/include -I.

TRACE::2025-03-23.19:50:56::SCWBDomain::mb-gcc  -mlittle-endian -mxl-barrel-shift -mxl-pattern-compare -mxl-soft-mul -mcpu=v9.2 -MMD -MP      -mlittle-endian -mxl-barr
TRACE::2025-03-23.19:50:56::SCWBDomain::el-shift -mxl-pattern-compare -mcpu=v9.2 -mxl-soft-mul -Os -flto -ffat-lto-objects   -c idle_hooks.c -o idle_hooks.o -Izynqmp_p
TRACE::2025-03-23.19:50:56::SCWBDomain::mufw_bsp/psu_pmu_0/include -I.

TRACE::2025-03-23.19:50:57::SCWBDomain::mb-gcc  -mlittle-endian -mxl-barrel-shift -mxl-pattern-compare -mxl-soft-mul -mcpu=v9.2 -MMD -MP      -mlittle-endian -mxl-barr
TRACE::2025-03-23.19:50:57::SCWBDomain::el-shift -mxl-pattern-compare -mcpu=v9.2 -mxl-soft-mul -Os -flto -ffat-lto-objects   -c xpfw_resets.c -o xpfw_resets.o -Izynqmp
TRACE::2025-03-23.19:50:57::SCWBDomain::_pmufw_bsp/psu_pmu_0/include -I.

TRACE::2025-03-23.19:50:57::SCWBDomain::mb-gcc  -mlittle-endian -mxl-barrel-shift -mxl-pattern-compare -mxl-soft-mul -mcpu=v9.2 -MMD -MP      -mlittle-endian -mxl-barr
TRACE::2025-03-23.19:50:57::SCWBDomain::el-shift -mxl-pattern-compare -mcpu=v9.2 -mxl-soft-mul -Os -flto -ffat-lto-objects   -c xpfw_core.c -o xpfw_core.o -Izynqmp_pmu
TRACE::2025-03-23.19:50:57::SCWBDomain::fw_bsp/psu_pmu_0/include -I.

TRACE::2025-03-23.19:50:57::SCWBDomain::mb-gcc  -mlittle-endian -mxl-barrel-shift -mxl-pattern-compare -mxl-soft-mul -mcpu=v9.2 -MMD -MP      -mlittle-endian -mxl-barr
TRACE::2025-03-23.19:50:57::SCWBDomain::el-shift -mxl-pattern-compare -mcpu=v9.2 -mxl-soft-mul -Os -flto -ffat-lto-objects   -c pm_node.c -o pm_node.o -Izynqmp_pmufw_b
TRACE::2025-03-23.19:50:57::SCWBDomain::sp/psu_pmu_0/include -I.

TRACE::2025-03-23.19:50:57::SCWBDomain::mb-gcc  -mlittle-endian -mxl-barrel-shift -mxl-pattern-compare -mxl-soft-mul -mcpu=v9.2 -MMD -MP      -mlittle-endian -mxl-barr
TRACE::2025-03-23.19:50:57::SCWBDomain::el-shift -mxl-pattern-compare -mcpu=v9.2 -mxl-soft-mul -Os -flto -ffat-lto-objects   -c pm_extern.c -o pm_extern.o -Izynqmp_pmu
TRACE::2025-03-23.19:50:57::SCWBDomain::fw_bsp/psu_pmu_0/include -I.

TRACE::2025-03-23.19:50:57::SCWBDomain::mb-gcc  -mlittle-endian -mxl-barrel-shift -mxl-pattern-compare -mxl-soft-mul -mcpu=v9.2 -MMD -MP      -mlittle-endian -mxl-barr
TRACE::2025-03-23.19:50:57::SCWBDomain::el-shift -mxl-pattern-compare -mcpu=v9.2 -mxl-soft-mul -Os -flto -ffat-lto-objects   -c xpfw_mod_extwdt.c -o xpfw_mod_extwdt.o 
TRACE::2025-03-23.19:50:57::SCWBDomain::-Izynqmp_pmufw_bsp/psu_pmu_0/include -I.

TRACE::2025-03-23.19:50:58::SCWBDomain::mb-gcc  -mlittle-endian -mxl-barrel-shift -mxl-pattern-compare -mxl-soft-mul -mcpu=v9.2 -MMD -MP      -mlittle-endian -mxl-barr
TRACE::2025-03-23.19:50:58::SCWBDomain::el-shift -mxl-pattern-compare -mcpu=v9.2 -mxl-soft-mul -Os -flto -ffat-lto-objects   -c xpfw_mod_ultra96.c -o xpfw_mod_ultra96.
TRACE::2025-03-23.19:50:58::SCWBDomain::o -Izynqmp_pmufw_bsp/psu_pmu_0/include -I.

TRACE::2025-03-23.19:50:58::SCWBDomain::mb-gcc  -mlittle-endian -mxl-barrel-shift -mxl-pattern-compare -mxl-soft-mul -mcpu=v9.2 -MMD -MP      -mlittle-endian -mxl-barr
TRACE::2025-03-23.19:50:58::SCWBDomain::el-shift -mxl-pattern-compare -mcpu=v9.2 -mxl-soft-mul -Os -flto -ffat-lto-objects   -c xpfw_mod_dap.c -o xpfw_mod_dap.o -Izynq
TRACE::2025-03-23.19:50:58::SCWBDomain::mp_pmufw_bsp/psu_pmu_0/include -I.

TRACE::2025-03-23.19:50:58::SCWBDomain::mb-gcc  -mlittle-endian -mxl-barrel-shift -mxl-pattern-compare -mxl-soft-mul -mcpu=v9.2 -MMD -MP      -mlittle-endian -mxl-barr
TRACE::2025-03-23.19:50:58::SCWBDomain::el-shift -mxl-pattern-compare -mcpu=v9.2 -mxl-soft-mul -Os -flto -ffat-lto-objects   -c xpfw_interrupts.c -o xpfw_interrupts.o 
TRACE::2025-03-23.19:50:58::SCWBDomain::-Izynqmp_pmufw_bsp/psu_pmu_0/include -I.

TRACE::2025-03-23.19:50:58::SCWBDomain::mb-gcc  -mlittle-endian -mxl-barrel-shift -mxl-pattern-compare -mxl-soft-mul -mcpu=v9.2 -MMD -MP      -mlittle-endian -mxl-barr
TRACE::2025-03-23.19:50:58::SCWBDomain::el-shift -mxl-pattern-compare -mcpu=v9.2 -mxl-soft-mul -Os -flto -ffat-lto-objects   -c xpfw_ipi_manager.c -o xpfw_ipi_manager.
TRACE::2025-03-23.19:50:58::SCWBDomain::o -Izynqmp_pmufw_bsp/psu_pmu_0/include -I.

TRACE::2025-03-23.19:50:58::SCWBDomain::mb-gcc  -mlittle-endian -mxl-barrel-shift -mxl-pattern-compare -mxl-soft-mul -mcpu=v9.2 -MMD -MP      -mlittle-endian -mxl-barr
TRACE::2025-03-23.19:50:58::SCWBDomain::el-shift -mxl-pattern-compare -mcpu=v9.2 -mxl-soft-mul -Os -flto -ffat-lto-objects   -c xpfw_user_startup.c -o xpfw_user_startu
TRACE::2025-03-23.19:50:58::SCWBDomain::p.o -Izynqmp_pmufw_bsp/psu_pmu_0/include -I.

TRACE::2025-03-23.19:50:58::SCWBDomain::mb-gcc  -mlittle-endian -mxl-barrel-shift -mxl-pattern-compare -mxl-soft-mul -mcpu=v9.2 -MMD -MP      -mlittle-endian -mxl-barr
TRACE::2025-03-23.19:50:58::SCWBDomain::el-shift -mxl-pattern-compare -mcpu=v9.2 -mxl-soft-mul -Os -flto -ffat-lto-objects   -c xpfw_mod_stl.c -o xpfw_mod_stl.o -Izynq
TRACE::2025-03-23.19:50:58::SCWBDomain::mp_pmufw_bsp/psu_pmu_0/include -I.

TRACE::2025-03-23.19:50:59::SCWBDomain::mb-gcc  -mlittle-endian -mxl-barrel-shift -mxl-pattern-compare -mxl-soft-mul -mcpu=v9.2 -MMD -MP      -mlittle-endian -mxl-barr
TRACE::2025-03-23.19:50:59::SCWBDomain::el-shift -mxl-pattern-compare -mcpu=v9.2 -mxl-soft-mul -Os -flto -ffat-lto-objects   -c pm_callbacks.c -o pm_callbacks.o -Izynq
TRACE::2025-03-23.19:50:59::SCWBDomain::mp_pmufw_bsp/psu_pmu_0/include -I.

TRACE::2025-03-23.19:50:59::SCWBDomain::mb-gcc  -mlittle-endian -mxl-barrel-shift -mxl-pattern-compare -mxl-soft-mul -mcpu=v9.2 -MMD -MP      -mlittle-endian -mxl-barr
TRACE::2025-03-23.19:50:59::SCWBDomain::el-shift -mxl-pattern-compare -mcpu=v9.2 -mxl-soft-mul -Os -flto -ffat-lto-objects   -c xpfw_mod_wdt.c -o xpfw_mod_wdt.o -Izynq
TRACE::2025-03-23.19:50:59::SCWBDomain::mp_pmufw_bsp/psu_pmu_0/include -I.

TRACE::2025-03-23.19:50:59::SCWBDomain::mb-gcc  -mlittle-endian -mxl-barrel-shift -mxl-pattern-compare -mxl-soft-mul -mcpu=v9.2 -MMD -MP      -mlittle-endian -mxl-barr
TRACE::2025-03-23.19:50:59::SCWBDomain::el-shift -mxl-pattern-compare -mcpu=v9.2 -mxl-soft-mul -Os -flto -ffat-lto-objects   -c pm_csudma.c -o pm_csudma.o -Izynqmp_pmu
TRACE::2025-03-23.19:50:59::SCWBDomain::fw_bsp/psu_pmu_0/include -I.

TRACE::2025-03-23.19:50:59::SCWBDomain::mb-gcc  -mlittle-endian -mxl-barrel-shift -mxl-pattern-compare -mxl-soft-mul -mcpu=v9.2 -MMD -MP      -mlittle-endian -mxl-barr
TRACE::2025-03-23.19:50:59::SCWBDomain::el-shift -mxl-pattern-compare -mcpu=v9.2 -mxl-soft-mul -Os -flto -ffat-lto-objects   -c xpfw_rom_interface.c -o xpfw_rom_interf
TRACE::2025-03-23.19:50:59::SCWBDomain::ace.o -Izynqmp_pmufw_bsp/psu_pmu_0/include -I.

TRACE::2025-03-23.19:50:59::SCWBDomain::mb-gcc  -mlittle-endian -mxl-barrel-shift -mxl-pattern-compare -mxl-soft-mul -mcpu=v9.2 -MMD -MP      -mlittle-endian -mxl-barr
TRACE::2025-03-23.19:50:59::SCWBDomain::el-shift -mxl-pattern-compare -mcpu=v9.2 -mxl-soft-mul -Os -flto -ffat-lto-objects   -c pm_usb.c -o pm_usb.o -Izynqmp_pmufw_bsp
TRACE::2025-03-23.19:50:59::SCWBDomain::/psu_pmu_0/include -I.

TRACE::2025-03-23.19:50:59::SCWBDomain::mb-gcc  -mlittle-endian -mxl-barrel-shift -mxl-pattern-compare -mxl-soft-mul -mcpu=v9.2 -MMD -MP      -mlittle-endian -mxl-barr
TRACE::2025-03-23.19:50:59::SCWBDomain::el-shift -mxl-pattern-compare -mcpu=v9.2 -mxl-soft-mul -Os -flto -ffat-lto-objects   -c xpfw_mod_rtc.c -o xpfw_mod_rtc.o -Izynq
TRACE::2025-03-23.19:50:59::SCWBDomain::mp_pmufw_bsp/psu_pmu_0/include -I.

TRACE::2025-03-23.19:50:59::SCWBDomain::mb-gcc  -mlittle-endian -mxl-barrel-shift -mxl-pattern-compare -mxl-soft-mul -mcpu=v9.2 -MMD -MP      -mlittle-endian -mxl-barr
TRACE::2025-03-23.19:50:59::SCWBDomain::el-shift -mxl-pattern-compare -mcpu=v9.2 -mxl-soft-mul -Os -flto -ffat-lto-objects   -c xpfw_mod_sched.c -o xpfw_mod_sched.o -I
TRACE::2025-03-23.19:50:59::SCWBDomain::zynqmp_pmufw_bsp/psu_pmu_0/include -I.

TRACE::2025-03-23.19:51:00::SCWBDomain::mb-gcc  -mlittle-endian -mxl-barrel-shift -mxl-pattern-compare -mxl-soft-mul -mcpu=v9.2 -MMD -MP      -mlittle-endian -mxl-barr
TRACE::2025-03-23.19:51:00::SCWBDomain::el-shift -mxl-pattern-compare -mcpu=v9.2 -mxl-soft-mul -Os -flto -ffat-lto-objects   -c pm_sram.c -o pm_sram.o -Izynqmp_pmufw_b
TRACE::2025-03-23.19:51:00::SCWBDomain::sp/psu_pmu_0/include -I.

TRACE::2025-03-23.19:51:00::SCWBDomain::mb-gcc  -mlittle-endian -mxl-barrel-shift -mxl-pattern-compare -mxl-soft-mul -mcpu=v9.2 -MMD -MP      -mlittle-endian -mxl-barr
TRACE::2025-03-23.19:51:00::SCWBDomain::el-shift -mxl-pattern-compare -mcpu=v9.2 -mxl-soft-mul -Os -flto -ffat-lto-objects   -c pm_qspi.c -o pm_qspi.o -Izynqmp_pmufw_b
TRACE::2025-03-23.19:51:00::SCWBDomain::sp/psu_pmu_0/include -I.

TRACE::2025-03-23.19:51:00::SCWBDomain::mb-gcc  -mlittle-endian -mxl-barrel-shift -mxl-pattern-compare -mxl-soft-mul -mcpu=v9.2 -MMD -MP      -mlittle-endian -mxl-barr
TRACE::2025-03-23.19:51:00::SCWBDomain::el-shift -mxl-pattern-compare -mcpu=v9.2 -mxl-soft-mul -Os -flto -ffat-lto-objects   -c pm_ddr.c -o pm_ddr.o -Izynqmp_pmufw_bsp
TRACE::2025-03-23.19:51:00::SCWBDomain::/psu_pmu_0/include -I.

TRACE::2025-03-23.19:51:00::SCWBDomain::mb-gcc  -mlittle-endian -mxl-barrel-shift -mxl-pattern-compare -mxl-soft-mul -mcpu=v9.2 -MMD -MP      -mlittle-endian -mxl-barr
TRACE::2025-03-23.19:51:00::SCWBDomain::el-shift -mxl-pattern-compare -mcpu=v9.2 -mxl-soft-mul -Os -flto -ffat-lto-objects   -c xpfw_mod_pm.c -o xpfw_mod_pm.o -Izynqmp
TRACE::2025-03-23.19:51:00::SCWBDomain::_pmufw_bsp/psu_pmu_0/include -I.

TRACE::2025-03-23.19:51:00::SCWBDomain::mb-gcc  -mlittle-endian -mxl-barrel-shift -mxl-pattern-compare -mxl-soft-mul -mcpu=v9.2 -MMD -MP      -mlittle-endian -mxl-barr
TRACE::2025-03-23.19:51:00::SCWBDomain::el-shift -mxl-pattern-compare -mcpu=v9.2 -mxl-soft-mul -Os -flto -ffat-lto-objects   -c xpfw_platform.c -o xpfw_platform.o -Izy
TRACE::2025-03-23.19:51:00::SCWBDomain::nqmp_pmufw_bsp/psu_pmu_0/include -I.

TRACE::2025-03-23.19:51:00::SCWBDomain::mb-gcc  -mlittle-endian -mxl-barrel-shift -mxl-pattern-compare -mxl-soft-mul -mcpu=v9.2 -MMD -MP      -mlittle-endian -mxl-barr
TRACE::2025-03-23.19:51:00::SCWBDomain::el-shift -mxl-pattern-compare -mcpu=v9.2 -mxl-soft-mul -Os -flto -ffat-lto-objects   -c pm_pinctrl.c -o pm_pinctrl.o -Izynqmp_p
TRACE::2025-03-23.19:51:00::SCWBDomain::mufw_bsp/psu_pmu_0/include -I.

TRACE::2025-03-23.19:51:01::SCWBDomain::mb-gcc  -mlittle-endian -mxl-barrel-shift -mxl-pattern-compare -mxl-soft-mul -mcpu=v9.2 -MMD -MP      -mlittle-endian -mxl-barr
TRACE::2025-03-23.19:51:01::SCWBDomain::el-shift -mxl-pattern-compare -mcpu=v9.2 -mxl-soft-mul -Os -flto -ffat-lto-objects   -c pm_slave.c -o pm_slave.o -Izynqmp_pmufw
TRACE::2025-03-23.19:51:01::SCWBDomain::_bsp/psu_pmu_0/include -I.

TRACE::2025-03-23.19:51:01::SCWBDomain::mb-gcc  -mlittle-endian -mxl-barrel-shift -mxl-pattern-compare -mxl-soft-mul -mcpu=v9.2 -MMD -MP      -mlittle-endian -mxl-barr
TRACE::2025-03-23.19:51:01::SCWBDomain::el-shift -mxl-pattern-compare -mcpu=v9.2 -mxl-soft-mul -Os -flto -ffat-lto-objects   -c xpfw_scheduler.c -o xpfw_scheduler.o -I
TRACE::2025-03-23.19:51:01::SCWBDomain::zynqmp_pmufw_bsp/psu_pmu_0/include -I.

TRACE::2025-03-23.19:51:01::SCWBDomain::mb-gcc  -mlittle-endian -mxl-barrel-shift -mxl-pattern-compare -mxl-soft-mul -mcpu=v9.2 -MMD -MP      -mlittle-endian -mxl-barr
TRACE::2025-03-23.19:51:01::SCWBDomain::el-shift -mxl-pattern-compare -mcpu=v9.2 -mxl-soft-mul -Os -flto -ffat-lto-objects   -c pm_binding.c -o pm_binding.o -Izynqmp_p
TRACE::2025-03-23.19:51:01::SCWBDomain::mufw_bsp/psu_pmu_0/include -I.

TRACE::2025-03-23.19:51:01::SCWBDomain::mb-gcc  -mlittle-endian -mxl-barrel-shift -mxl-pattern-compare -mxl-soft-mul -mcpu=v9.2 -MMD -MP      -mlittle-endian -mxl-barr
TRACE::2025-03-23.19:51:01::SCWBDomain::el-shift -mxl-pattern-compare -mcpu=v9.2 -mxl-soft-mul -Os -flto -ffat-lto-objects   -c xpfw_events.c -o xpfw_events.o -Izynqmp
TRACE::2025-03-23.19:51:01::SCWBDomain::_pmufw_bsp/psu_pmu_0/include -I.

TRACE::2025-03-23.19:51:01::SCWBDomain::mb-gcc  -mlittle-endian -mxl-barrel-shift -mxl-pattern-compare -mxl-soft-mul -mcpu=v9.2 -MMD -MP      -mlittle-endian -mxl-barr
TRACE::2025-03-23.19:51:01::SCWBDomain::el-shift -mxl-pattern-compare -mcpu=v9.2 -mxl-soft-mul -Os -flto -ffat-lto-objects   -c xpfw_aib.c -o xpfw_aib.o -Izynqmp_pmufw
TRACE::2025-03-23.19:51:01::SCWBDomain::_bsp/psu_pmu_0/include -I.

TRACE::2025-03-23.19:51:01::SCWBDomain::mb-gcc  -mlittle-endian -mxl-barrel-shift -mxl-pattern-compare -mxl-soft-mul -mcpu=v9.2 -MMD -MP      -mlittle-endian -mxl-barr
TRACE::2025-03-23.19:51:01::SCWBDomain::el-shift -mxl-pattern-compare -mcpu=v9.2 -mxl-soft-mul -Os -flto -ffat-lto-objects   -c xpfw_mod_overtemp.c -o xpfw_mod_overtem
TRACE::2025-03-23.19:51:01::SCWBDomain::p.o -Izynqmp_pmufw_bsp/psu_pmu_0/include -I.

TRACE::2025-03-23.19:51:01::SCWBDomain::mb-gcc  -mlittle-endian -mxl-barrel-shift -mxl-pattern-compare -mxl-soft-mul -mcpu=v9.2 -MMD -MP      -mlittle-endian -mxl-barr
TRACE::2025-03-23.19:51:01::SCWBDomain::el-shift -mxl-pattern-compare -mcpu=v9.2 -mxl-soft-mul -Os -flto -ffat-lto-objects   -c pm_gic_proxy.c -o pm_gic_proxy.o -Izynq
TRACE::2025-03-23.19:51:01::SCWBDomain::mp_pmufw_bsp/psu_pmu_0/include -I.

TRACE::2025-03-23.19:51:02::SCWBDomain::mb-gcc  -mlittle-endian -mxl-barrel-shift -mxl-pattern-compare -mxl-soft-mul -mcpu=v9.2 -MMD -MP      -mlittle-endian -mxl-barr
TRACE::2025-03-23.19:51:02::SCWBDomain::el-shift -mxl-pattern-compare -mcpu=v9.2 -mxl-soft-mul -Os -flto -ffat-lto-objects   -c xpfw_xpu.c -o xpfw_xpu.o -Izynqmp_pmufw
TRACE::2025-03-23.19:51:02::SCWBDomain::_bsp/psu_pmu_0/include -I.

TRACE::2025-03-23.19:51:02::SCWBDomain::mb-gcc  -mlittle-endian -mxl-barrel-shift -mxl-pattern-compare -mxl-soft-mul -mcpu=v9.2 -MMD -MP      -mlittle-endian -mxl-barr
TRACE::2025-03-23.19:51:02::SCWBDomain::el-shift -mxl-pattern-compare -mcpu=v9.2 -mxl-soft-mul -Os -flto -ffat-lto-objects   -c pm_core.c -o pm_core.o -Izynqmp_pmufw_b
TRACE::2025-03-23.19:51:02::SCWBDomain::sp/psu_pmu_0/include -I.

TRACE::2025-03-23.19:51:02::SCWBDomain::mb-gcc  -mlittle-endian -mxl-barrel-shift -mxl-pattern-compare -mxl-soft-mul -mcpu=v9.2 -MMD -MP      -mlittle-endian -mxl-barr
TRACE::2025-03-23.19:51:02::SCWBDomain::el-shift -mxl-pattern-compare -mcpu=v9.2 -mxl-soft-mul -Os -flto -ffat-lto-objects   -c pm_config.c -o pm_config.o -Izynqmp_pmu
TRACE::2025-03-23.19:51:02::SCWBDomain::fw_bsp/psu_pmu_0/include -I.

TRACE::2025-03-23.19:51:02::SCWBDomain::mb-gcc  -mlittle-endian -mxl-barrel-shift -mxl-pattern-compare -mxl-soft-mul -mcpu=v9.2 -MMD -MP      -mlittle-endian -mxl-barr
TRACE::2025-03-23.19:51:02::SCWBDomain::el-shift -mxl-pattern-compare -mcpu=v9.2 -mxl-soft-mul -Os -flto -ffat-lto-objects   -c pm_system.c -o pm_system.o -Izynqmp_pmu
TRACE::2025-03-23.19:51:02::SCWBDomain::fw_bsp/psu_pmu_0/include -I.

TRACE::2025-03-23.19:51:02::SCWBDomain::mb-gcc  -mlittle-endian -mxl-barrel-shift -mxl-pattern-compare -mxl-soft-mul -mcpu=v9.2 -MMD -MP      -mlittle-endian -mxl-barr
TRACE::2025-03-23.19:51:02::SCWBDomain::el-shift -mxl-pattern-compare -mcpu=v9.2 -mxl-soft-mul -Os -flto -ffat-lto-objects   -c pm_mmio_access.c -o pm_mmio_access.o -I
TRACE::2025-03-23.19:51:02::SCWBDomain::zynqmp_pmufw_bsp/psu_pmu_0/include -I.

TRACE::2025-03-23.19:51:03::SCWBDomain::mb-gcc  -mlittle-endian -mxl-barrel-shift -mxl-pattern-compare -mxl-soft-mul -mcpu=v9.2 -MMD -MP      -mlittle-endian -mxl-barr
TRACE::2025-03-23.19:51:03::SCWBDomain::el-shift -mxl-pattern-compare -mcpu=v9.2 -mxl-soft-mul -Os -flto -ffat-lto-objects   -c pm_node_reset.c -o pm_node_reset.o -Izy
TRACE::2025-03-23.19:51:03::SCWBDomain::nqmp_pmufw_bsp/psu_pmu_0/include -I.

TRACE::2025-03-23.19:51:03::SCWBDomain::mb-gcc  -mlittle-endian -mxl-barrel-shift -mxl-pattern-compare -mxl-soft-mul -mcpu=v9.2 -MMD -MP      -mlittle-endian -mxl-barr
TRACE::2025-03-23.19:51:03::SCWBDomain::el-shift -mxl-pattern-compare -mcpu=v9.2 -mxl-soft-mul -Os -flto -ffat-lto-objects   -c pm_requirement.c -o pm_requirement.o -I
TRACE::2025-03-23.19:51:03::SCWBDomain::zynqmp_pmufw_bsp/psu_pmu_0/include -I.

TRACE::2025-03-23.19:51:03::SCWBDomain::mb-gcc  -mlittle-endian -mxl-barrel-shift -mxl-pattern-compare -mxl-soft-mul -mcpu=v9.2 -MMD -MP      -mlittle-endian -mxl-barr
TRACE::2025-03-23.19:51:03::SCWBDomain::el-shift -mxl-pattern-compare -mcpu=v9.2 -mxl-soft-mul -Os -flto -ffat-lto-objects   -c pm_notifier.c -o pm_notifier.o -Izynqmp
TRACE::2025-03-23.19:51:03::SCWBDomain::_pmufw_bsp/psu_pmu_0/include -I.

TRACE::2025-03-23.19:51:03::SCWBDomain::mb-gcc  -mlittle-endian -mxl-barrel-shift -mxl-pattern-compare -mxl-soft-mul -mcpu=v9.2 -MMD -MP      -mlittle-endian -mxl-barr
TRACE::2025-03-23.19:51:03::SCWBDomain::el-shift -mxl-pattern-compare -mcpu=v9.2 -mxl-soft-mul -Os -flto -ffat-lto-objects   -c xpfw_module.c -o xpfw_module.o -Izynqmp
TRACE::2025-03-23.19:51:03::SCWBDomain::_pmufw_bsp/psu_pmu_0/include -I.

TRACE::2025-03-23.19:51:03::SCWBDomain::mb-gcc  -mlittle-endian -mxl-barrel-shift -mxl-pattern-compare -mxl-soft-mul -mcpu=v9.2 -MMD -MP      -mlittle-endian -mxl-barr
TRACE::2025-03-23.19:51:03::SCWBDomain::el-shift -mxl-pattern-compare -mcpu=v9.2 -mxl-soft-mul -Os -flto -ffat-lto-objects   -c xpfw_restart.c -o xpfw_restart.o -Izynq
TRACE::2025-03-23.19:51:03::SCWBDomain::mp_pmufw_bsp/psu_pmu_0/include -I.

TRACE::2025-03-23.19:51:03::SCWBDomain::mb-gcc  -mlittle-endian -mxl-barrel-shift -mxl-pattern-compare -mxl-soft-mul -mcpu=v9.2 -MMD -MP      -mlittle-endian -mxl-barr
TRACE::2025-03-23.19:51:03::SCWBDomain::el-shift -mxl-pattern-compare -mcpu=v9.2 -mxl-soft-mul -Os -flto -ffat-lto-objects   -c xpfw_error_manager.c -o xpfw_error_mana
TRACE::2025-03-23.19:51:03::SCWBDomain::ger.o -Izynqmp_pmufw_bsp/psu_pmu_0/include -I.

TRACE::2025-03-23.19:51:04::SCWBDomain::mb-gcc  -mlittle-endian -mxl-barrel-shift -mxl-pattern-compare -mxl-soft-mul -mcpu=v9.2 -MMD -MP      -mlittle-endian -mxl-barr
TRACE::2025-03-23.19:51:04::SCWBDomain::el-shift -mxl-pattern-compare -mcpu=v9.2 -mxl-soft-mul -Os -flto -ffat-lto-objects   -c xpfw_util.c -o xpfw_util.o -Izynqmp_pmu
TRACE::2025-03-23.19:51:04::SCWBDomain::fw_bsp/psu_pmu_0/include -I.

TRACE::2025-03-23.19:51:04::SCWBDomain::mb-gcc  -mlittle-endian -mxl-barrel-shift -mxl-pattern-compare -mxl-soft-mul -mcpu=v9.2 -MMD -MP      -mlittle-endian -mxl-barr
TRACE::2025-03-23.19:51:04::SCWBDomain::el-shift -mxl-pattern-compare -mcpu=v9.2 -mxl-soft-mul -Os -flto -ffat-lto-objects   -c pm_ioctl.c -o pm_ioctl.o -Izynqmp_pmufw
TRACE::2025-03-23.19:51:04::SCWBDomain::_bsp/psu_pmu_0/include -I.

TRACE::2025-03-23.19:51:04::SCWBDomain::mb-gcc  -mlittle-endian -mxl-barrel-shift -mxl-pattern-compare -mxl-soft-mul -mcpu=v9.2 -MMD -MP      -mlittle-endian -mxl-barr
TRACE::2025-03-23.19:51:04::SCWBDomain::el-shift -mxl-pattern-compare -mcpu=v9.2 -mxl-soft-mul -Os -flto -ffat-lto-objects   -c xpfw_mod_legacy.c -o xpfw_mod_legacy.o 
TRACE::2025-03-23.19:51:04::SCWBDomain::-Izynqmp_pmufw_bsp/psu_pmu_0/include -I.

TRACE::2025-03-23.19:51:04::SCWBDomain::mb-gcc  -mlittle-endian -mxl-barrel-shift -mxl-pattern-compare -mxl-soft-mul -mcpu=v9.2 -MMD -MP      -mlittle-endian -mxl-barr
TRACE::2025-03-23.19:51:04::SCWBDomain::el-shift -mxl-pattern-compare -mcpu=v9.2 -mxl-soft-mul -Os -flto -ffat-lto-objects   -c pm_master.c -o pm_master.o -Izynqmp_pmu
TRACE::2025-03-23.19:51:04::SCWBDomain::fw_bsp/psu_pmu_0/include -I.

TRACE::2025-03-23.19:51:04::SCWBDomain::mb-gcc  -mlittle-endian -mxl-barrel-shift -mxl-pattern-compare -mxl-soft-mul -mcpu=v9.2 -MMD -MP      -mlittle-endian -mxl-barr
TRACE::2025-03-23.19:51:04::SCWBDomain::el-shift -mxl-pattern-compare -mcpu=v9.2 -mxl-soft-mul -Os -flto -ffat-lto-objects   -c xpfw_start.S -o xpfw_start.o -Izynqmp_p
TRACE::2025-03-23.19:51:04::SCWBDomain::mufw_bsp/psu_pmu_0/include -I.

TRACE::2025-03-23.19:51:04::SCWBDomain::mb-gcc -o pmufw.elf idle_hooks.o pm_binding.o pm_callbacks.o pm_clock.o pm_config.o pm_core.o pm_csudma.o pm_ddr.o pm_extern.o 
TRACE::2025-03-23.19:51:04::SCWBDomain::pm_gic_proxy.o pm_gpp.o pm_hooks.o pm_ioctl.o pm_master.o pm_mmio_access.o pm_node.o pm_node_reset.o pm_notifier.o pm_periph.o 
TRACE::2025-03-23.19:51:04::SCWBDomain::pm_pinctrl.o pm_pll.o pm_power.o pm_proc.o pm_qspi.o pm_requirement.o pm_reset.o pm_slave.o pm_sram.o pm_system.o pm_usb.o xpfw
TRACE::2025-03-23.19:51:04::SCWBDomain::_aib.o xpfw_core.o xpfw_error_manager.o xpfw_events.o xpfw_interrupts.o xpfw_ipi_manager.o xpfw_main.o xpfw_mod_common.o xpfw_m
TRACE::2025-03-23.19:51:04::SCWBDomain::od_dap.o xpfw_mod_em.o xpfw_mod_extwdt.o xpfw_mod_legacy.o xpfw_mod_overtemp.o xpfw_mod_pm.o xpfw_mod_rpu.o xpfw_mod_rtc.o xpfw
TRACE::2025-03-23.19:51:04::SCWBDomain::_mod_sched.o xpfw_mod_stl.o xpfw_mod_ultra96.o xpfw_mod_wdt.o xpfw_module.o xpfw_platform.o xpfw_resets.o xpfw_restart.o xpfw_r
TRACE::2025-03-23.19:51:04::SCWBDomain::om_interface.o xpfw_scheduler.o xpfw_start.o xpfw_user_startup.o xpfw_util.o xpfw_xpu.o -MMD -MP      -mlittle-endian -mxl-barr
TRACE::2025-03-23.19:51:04::SCWBDomain::el-shift -mxl-pattern-compare -mcpu=v9.2 -mxl-soft-mul -Os -flto -ffat-lto-objects    -Wl,--start-group,-lxil,-lgcc,-lc,--end-g
TRACE::2025-03-23.19:51:04::SCWBDomain::roup -Wl,--start-group,-lxilfpga,-lxil,-lgcc,-lc,--end-group -Wl,--start-group,-lxilsecure,-lxil,-lgcc,-lc,--end-group -Wl,--st
TRACE::2025-03-23.19:51:04::SCWBDomain::art-group,-lxilskey,-lxil,-lgcc,-lc,--end-group                                                                                
TRACE::2025-03-23.19:51:04::SCWBDomain::                                        -nostartfiles -Wl,--no-relax -Wl,--gc-sections -Lzynqmp_pmufw_bsp/psu_pmu_0/lib -Tlscri
TRACE::2025-03-23.19:51:04::SCWBDomain::pt.ld

LOG::2025-03-23.19:51:06::SCWSystem::Checking the domain standalone_domain
LOG::2025-03-23.19:51:06::SCWSystem::Not a boot domain 
LOG::2025-03-23.19:51:06::SCWSystem::Started Processing the domain standalone_domain
TRACE::2025-03-23.19:51:06::SCWDomain::Generating domain artifcats
TRACE::2025-03-23.19:51:06::SCWMssOS::Generating standalone artifcats
TRACE::2025-03-23.19:51:06::SCWMssOS::Copying the qemu file from  C:/Xilinx/Projects/DRC_Rev2.0_Deliverables/Vitis2023.1/DRC_Rev2.0_SW/DRCPlatform/resources/DRCPlatform/standalone_domain/qemu_args.txt To C:/Xilinx/Projects/DRC_Rev2.0_Deliverables/Vitis2023.1/DRC_Rev2.0_SW/DRCPlatform/export/DRCPlatform/sw/DRCPlatform/qemu/
TRACE::2025-03-23.19:51:06::SCWMssOS::Copying the qemu file from  C:/Xilinx/Projects/DRC_Rev2.0_Deliverables/Vitis2023.1/DRC_Rev2.0_SW/DRCPlatform/resources/DRCPlatform/standalone_domain/qemu_args.txt To C:/Xilinx/Projects/DRC_Rev2.0_Deliverables/Vitis2023.1/DRC_Rev2.0_SW/DRCPlatform/export/DRCPlatform/sw/DRCPlatform/qemu/
TRACE::2025-03-23.19:51:06::SCWMssOS::Copying the qemu file from  C:/Xilinx/Projects/DRC_Rev2.0_Deliverables/Vitis2023.1/DRC_Rev2.0_SW/DRCPlatform/resources/DRCPlatform/standalone_domain/qemu_args.txt To C:/Xilinx/Projects/DRC_Rev2.0_Deliverables/Vitis2023.1/DRC_Rev2.0_SW/DRCPlatform/export/DRCPlatform/sw/DRCPlatform/standalone_domain/qemu/
TRACE::2025-03-23.19:51:06::SCWMssOS::Copying the qemu file from  C:/Xilinx/Projects/DRC_Rev2.0_Deliverables/Vitis2023.1/DRC_Rev2.0_SW/DRCPlatform/resources/DRCPlatform/standalone_domain/qemu_args.txt To C:/Xilinx/Projects/DRC_Rev2.0_Deliverables/Vitis2023.1/DRC_Rev2.0_SW/DRCPlatform/export/DRCPlatform/sw/DRCPlatform/standalone_domain/qemu/
TRACE::2025-03-23.19:51:06::SCWMssOS:: Copying the user libraries. 
TRACE::2025-03-23.19:51:06::SCWPlatform::Trying to open the hw design at C:/Xilinx/Projects/DRC_Rev2.0_Deliverables/Vitis2023.1/DRC_Rev2.0_SW/DRCPlatform/hw/DRC_Rev2.0_Deliverable.xsa
TRACE::2025-03-23.19:51:06::SCWPlatform::DSA given C:/Xilinx/Projects/DRC_Rev2.0_Deliverables/Vitis2023.1/DRC_Rev2.0_SW/DRCPlatform/hw/DRC_Rev2.0_Deliverable.xsa
TRACE::2025-03-23.19:51:06::SCWPlatform::DSA absoulate path C:/Xilinx/Projects/DRC_Rev2.0_Deliverables/Vitis2023.1/DRC_Rev2.0_SW/DRCPlatform/hw/DRC_Rev2.0_Deliverable.xsa
TRACE::2025-03-23.19:51:06::SCWPlatform::DSA directory C:/Xilinx/Projects/DRC_Rev2.0_Deliverables/Vitis2023.1/DRC_Rev2.0_SW/DRCPlatform/hw
TRACE::2025-03-23.19:51:06::SCWPlatform:: Platform Path C:/Xilinx/Projects/DRC_Rev2.0_Deliverables/Vitis2023.1/DRC_Rev2.0_SW/DRCPlatform/hw/DRC_Rev2.0_Deliverable.xsa
TRACE::2025-03-23.19:51:06::SCWPlatform:: Unique name xilinx:osdzu3eg1_2g_1v8_sip::0.0
TRACE::2025-03-23.19:51:06::SCWPlatform::Trying to set the existing hwdb with name design_1_wrapper_1
TRACE::2025-03-23.19:51:06::SCWPlatform::Opened existing hwdb design_1_wrapper_1
TRACE::2025-03-23.19:51:06::SCWPlatform::Found the Hw Db part of the input DSA
TRACE::2025-03-23.19:51:06::SCWMssOS::Checking the sw design at  C:/Xilinx/Projects/DRC_Rev2.0_Deliverables/Vitis2023.1/DRC_Rev2.0_SW/DRCPlatform/psu_cortexa53_0/standalone_domain/bsp/system.mss
TRACE::2025-03-23.19:51:06::SCWMssOS::DEBUG:  swdes dump  C:/Xilinx/Projects/DRC_Rev2.0_Deliverables/Vitis2023.1/DRC_Rev2.0_SW/DRCPlatform/psu_cortexa53_0/standalone_domain/bsp/system.mss|system_1||
C:/Xilinx/Projects/DRC_Rev2.0_Deliverables/Vitis2023.1/DRC_Rev2.0_SW/DRCPlatform/zynqmp_fsbl/zynqmp_fsbl_bsp/system.mss|system||
C:/Xilinx/Projects/DRC_Rev2.0_Deliverables/Vitis2023.1/DRC_Rev2.0_SW/DRCPlatform/zynqmp_pmufw/zynqmp_pmufw_bsp/system.mss|system_0||

TRACE::2025-03-23.19:51:06::SCWMssOS::Sw design exists and opened at  C:/Xilinx/Projects/DRC_Rev2.0_Deliverables/Vitis2023.1/DRC_Rev2.0_SW/DRCPlatform/psu_cortexa53_0/standalone_domain/bsp/system.mss
TRACE::2025-03-23.19:51:06::SCWMssOS::Completed writing the mss file at C:/Xilinx/Projects/DRC_Rev2.0_Deliverables/Vitis2023.1/DRC_Rev2.0_SW/DRCPlatform/psu_cortexa53_0/standalone_domain/bsp
TRACE::2025-03-23.19:51:06::SCWMssOS::Mss edits present, copying mssfile into export location C:/Xilinx/Projects/DRC_Rev2.0_Deliverables/Vitis2023.1/DRC_Rev2.0_SW/DRCPlatform/psu_cortexa53_0/standalone_domain/bsp/system.mss
TRACE::2025-03-23.19:51:06::SCWMssOS::bsp generated is upto date with the mss file. Skipping bsp generation.
TRACE::2025-03-23.19:51:06::SCWMssOS::BSP is already built. skipping the bsp build ... 
TRACE::2025-03-23.19:51:06::SCWDomain::Building the domain as part of full build :  standalone_domain
TRACE::2025-03-23.19:51:06::SCWMssOS::doing bsp build ... 
TRACE::2025-03-23.19:51:06::SCWMssOS::System Command Ran  C: & cd  C:/Xilinx/Projects/DRC_Rev2.0_Deliverables/Vitis2023.1/DRC_Rev2.0_SW/DRCPlatform/psu_cortexa53_0/standalone_domain/bsp & make 
TRACE::2025-03-23.19:51:06::SCWMssOS::make --no-print-directory seq_libs

TRACE::2025-03-23.19:51:06::SCWMssOS::'Finished building libraries sequentially.'

TRACE::2025-03-23.19:51:06::SCWMssOS::make -j 30 --no-print-directory par_libs

TRACE::2025-03-23.19:51:06::SCWMssOS::"Running Make include in psu_cortexa53_0/libsrc/axipmon_v6_9/src"

TRACE::2025-03-23.19:51:06::SCWMssOS::make -C psu_cortexa53_0/libsrc/axipmon_v6_9/src -s include  "SHELL=CMD" "COMPILER=aarch64-none-elf-gcc" "ASSEMBLER=aarch64-none
TRACE::2025-03-23.19:51:06::SCWMssOS::-elf-as" "ARCHIVER=aarch64-none-elf-ar" "COMPILER_FLAGS=  -O2 -c" "EXTRA_COMPILER_FLAGS=-g -Wall -Wextra -fno-tree-loop-distrib
TRACE::2025-03-23.19:51:06::SCWMssOS::ute-patterns"

TRACE::2025-03-23.19:51:06::SCWMssOS::"Running Make include in psu_cortexa53_0/libsrc/clockps_v1_4/src"

TRACE::2025-03-23.19:51:06::SCWMssOS::make -C psu_cortexa53_0/libsrc/clockps_v1_4/src -s include  "SHELL=CMD" "COMPILER=aarch64-none-elf-gcc" "ASSEMBLER=aarch64-none
TRACE::2025-03-23.19:51:06::SCWMssOS::-elf-as" "ARCHIVER=aarch64-none-elf-ar" "COMPILER_FLAGS=  -O2 -c" "EXTRA_COMPILER_FLAGS=-g -Wall -Wextra -fno-tree-loop-distrib
TRACE::2025-03-23.19:51:06::SCWMssOS::ute-patterns"

TRACE::2025-03-23.19:51:06::SCWMssOS::"Running Make include in psu_cortexa53_0/libsrc/coresightps_dcc_v1_8/src"

TRACE::2025-03-23.19:51:06::SCWMssOS::make -C psu_cortexa53_0/libsrc/coresightps_dcc_v1_8/src -s include  "SHELL=CMD" "COMPILER=aarch64-none-elf-gcc" "ASSEMBLER=aarc
TRACE::2025-03-23.19:51:06::SCWMssOS::h64-none-elf-as" "ARCHIVER=aarch64-none-elf-ar" "COMPILER_FLAGS=  -O2 -c" "EXTRA_COMPILER_FLAGS=-g -Wall -Wextra -fno-tree-loop
TRACE::2025-03-23.19:51:06::SCWMssOS::-distribute-patterns"

TRACE::2025-03-23.19:51:06::SCWMssOS::"Running Make include in psu_cortexa53_0/libsrc/cpu_cortexa53_v2_0/src"

TRACE::2025-03-23.19:51:06::SCWMssOS::make -C psu_cortexa53_0/libsrc/cpu_cortexa53_v2_0/src -s include  "SHELL=CMD" "COMPILER=aarch64-none-elf-gcc" "ASSEMBLER=aarch6
TRACE::2025-03-23.19:51:06::SCWMssOS::4-none-elf-as" "ARCHIVER=aarch64-none-elf-ar" "COMPILER_FLAGS=  -O2 -c" "EXTRA_COMPILER_FLAGS=-g -Wall -Wextra -fno-tree-loop-d
TRACE::2025-03-23.19:51:06::SCWMssOS::istribute-patterns"

TRACE::2025-03-23.19:51:06::SCWMssOS::"Running Make include in psu_cortexa53_0/libsrc/csudma_v1_13/src"

TRACE::2025-03-23.19:51:06::SCWMssOS::make -C psu_cortexa53_0/libsrc/csudma_v1_13/src -s include  "SHELL=CMD" "COMPILER=aarch64-none-elf-gcc" "ASSEMBLER=aarch64-none
TRACE::2025-03-23.19:51:06::SCWMssOS::-elf-as" "ARCHIVER=aarch64-none-elf-ar" "COMPILER_FLAGS=  -O2 -c" "EXTRA_COMPILER_FLAGS=-g -Wall -Wextra -fno-tree-loop-distrib
TRACE::2025-03-23.19:51:06::SCWMssOS::ute-patterns"

TRACE::2025-03-23.19:51:06::SCWMssOS::"Running Make include in psu_cortexa53_0/libsrc/ddrcpsu_v1_4/src"

TRACE::2025-03-23.19:51:06::SCWMssOS::make -C psu_cortexa53_0/libsrc/ddrcpsu_v1_4/src -s include  "SHELL=CMD" "COMPILER=aarch64-none-elf-gcc" "ASSEMBLER=aarch64-none
TRACE::2025-03-23.19:51:06::SCWMssOS::-elf-as" "ARCHIVER=aarch64-none-elf-ar" "COMPILER_FLAGS=  -O2 -c" "EXTRA_COMPILER_FLAGS=-g -Wall -Wextra -fno-tree-loop-distrib
TRACE::2025-03-23.19:51:06::SCWMssOS::ute-patterns"

TRACE::2025-03-23.19:51:06::SCWMssOS::"Running Make include in psu_cortexa53_0/libsrc/gpiops_v3_11/src"

TRACE::2025-03-23.19:51:07::SCWMssOS::make -C psu_cortexa53_0/libsrc/gpiops_v3_11/src -s include  "SHELL=CMD" "COMPILER=aarch64-none-elf-gcc" "ASSEMBLER=aarch64-none
TRACE::2025-03-23.19:51:07::SCWMssOS::-elf-as" "ARCHIVER=aarch64-none-elf-ar" "COMPILER_FLAGS=  -O2 -c" "EXTRA_COMPILER_FLAGS=-g -Wall -Wextra -fno-tree-loop-distrib
TRACE::2025-03-23.19:51:07::SCWMssOS::ute-patterns"

TRACE::2025-03-23.19:51:07::SCWMssOS::"Running Make include in psu_cortexa53_0/libsrc/gpio_v4_9/src"

TRACE::2025-03-23.19:51:07::SCWMssOS::make -C psu_cortexa53_0/libsrc/gpio_v4_9/src -s include  "SHELL=CMD" "COMPILER=aarch64-none-elf-gcc" "ASSEMBLER=aarch64-none-el
TRACE::2025-03-23.19:51:07::SCWMssOS::f-as" "ARCHIVER=aarch64-none-elf-ar" "COMPILER_FLAGS=  -O2 -c" "EXTRA_COMPILER_FLAGS=-g -Wall -Wextra -fno-tree-loop-distribute
TRACE::2025-03-23.19:51:07::SCWMssOS::-patterns"

TRACE::2025-03-23.19:51:07::SCWMssOS::"Running Make include in psu_cortexa53_0/libsrc/iicps_v3_17/src"

TRACE::2025-03-23.19:51:07::SCWMssOS::make -C psu_cortexa53_0/libsrc/iicps_v3_17/src -s include  "SHELL=CMD" "COMPILER=aarch64-none-elf-gcc" "ASSEMBLER=aarch64-none-
TRACE::2025-03-23.19:51:07::SCWMssOS::elf-as" "ARCHIVER=aarch64-none-elf-ar" "COMPILER_FLAGS=  -O2 -c" "EXTRA_COMPILER_FLAGS=-g -Wall -Wextra -fno-tree-loop-distribu
TRACE::2025-03-23.19:51:07::SCWMssOS::te-patterns"

TRACE::2025-03-23.19:51:07::SCWMssOS::"Running Make include in psu_cortexa53_0/libsrc/iic_v3_9/src"

TRACE::2025-03-23.19:51:07::SCWMssOS::make -C psu_cortexa53_0/libsrc/iic_v3_9/src -s include  "SHELL=CMD" "COMPILER=aarch64-none-elf-gcc" "ASSEMBLER=aarch64-none-elf
TRACE::2025-03-23.19:51:07::SCWMssOS::-as" "ARCHIVER=aarch64-none-elf-ar" "COMPILER_FLAGS=  -O2 -c" "EXTRA_COMPILER_FLAGS=-g -Wall -Wextra -fno-tree-loop-distribute-
TRACE::2025-03-23.19:51:07::SCWMssOS::patterns"

TRACE::2025-03-23.19:51:07::SCWMssOS::"Running Make include in psu_cortexa53_0/libsrc/ipipsu_v2_13/src"

TRACE::2025-03-23.19:51:07::SCWMssOS::make -C psu_cortexa53_0/libsrc/ipipsu_v2_13/src -s include  "SHELL=CMD" "COMPILER=aarch64-none-elf-gcc" "ASSEMBLER=aarch64-none
TRACE::2025-03-23.19:51:07::SCWMssOS::-elf-as" "ARCHIVER=aarch64-none-elf-ar" "COMPILER_FLAGS=  -O2 -c" "EXTRA_COMPILER_FLAGS=-g -Wall -Wextra -fno-tree-loop-distrib
TRACE::2025-03-23.19:51:07::SCWMssOS::ute-patterns"

TRACE::2025-03-23.19:51:07::SCWMssOS::"Running Make include in psu_cortexa53_0/libsrc/qspipsu_v1_17/src"

TRACE::2025-03-23.19:51:07::SCWMssOS::make -C psu_cortexa53_0/libsrc/qspipsu_v1_17/src -s include  "SHELL=CMD" "COMPILER=aarch64-none-elf-gcc" "ASSEMBLER=aarch64-non
TRACE::2025-03-23.19:51:07::SCWMssOS::e-elf-as" "ARCHIVER=aarch64-none-elf-ar" "COMPILER_FLAGS=  -O2 -c" "EXTRA_COMPILER_FLAGS=-g -Wall -Wextra -fno-tree-loop-distri
TRACE::2025-03-23.19:51:07::SCWMssOS::bute-patterns"

TRACE::2025-03-23.19:51:07::SCWMssOS::"Running Make include in psu_cortexa53_0/libsrc/resetps_v1_5/src"

TRACE::2025-03-23.19:51:07::SCWMssOS::make -C psu_cortexa53_0/libsrc/resetps_v1_5/src -s include  "SHELL=CMD" "COMPILER=aarch64-none-elf-gcc" "ASSEMBLER=aarch64-none
TRACE::2025-03-23.19:51:07::SCWMssOS::-elf-as" "ARCHIVER=aarch64-none-elf-ar" "COMPILER_FLAGS=  -O2 -c" "EXTRA_COMPILER_FLAGS=-g -Wall -Wextra -fno-tree-loop-distrib
TRACE::2025-03-23.19:51:07::SCWMssOS::ute-patterns"

TRACE::2025-03-23.19:51:07::SCWMssOS::"Running Make include in psu_cortexa53_0/libsrc/rtcpsu_v1_12/src"

TRACE::2025-03-23.19:51:07::SCWMssOS::make -C psu_cortexa53_0/libsrc/rtcpsu_v1_12/src -s include  "SHELL=CMD" "COMPILER=aarch64-none-elf-gcc" "ASSEMBLER=aarch64-none
TRACE::2025-03-23.19:51:07::SCWMssOS::-elf-as" "ARCHIVER=aarch64-none-elf-ar" "COMPILER_FLAGS=  -O2 -c" "EXTRA_COMPILER_FLAGS=-g -Wall -Wextra -fno-tree-loop-distrib
TRACE::2025-03-23.19:51:07::SCWMssOS::ute-patterns"

TRACE::2025-03-23.19:51:07::SCWMssOS::"Running Make include in psu_cortexa53_0/libsrc/scugic_v5_1/src"

TRACE::2025-03-23.19:51:07::SCWMssOS::make -C psu_cortexa53_0/libsrc/scugic_v5_1/src -s include  "SHELL=CMD" "COMPILER=aarch64-none-elf-gcc" "ASSEMBLER=aarch64-none-
TRACE::2025-03-23.19:51:07::SCWMssOS::elf-as" "ARCHIVER=aarch64-none-elf-ar" "COMPILER_FLAGS=  -O2 -c" "EXTRA_COMPILER_FLAGS=-g -Wall -Wextra -fno-tree-loop-distribu
TRACE::2025-03-23.19:51:07::SCWMssOS::te-patterns"

TRACE::2025-03-23.19:51:07::SCWMssOS::"Running Make include in psu_cortexa53_0/libsrc/sdps_v4_1/src"

TRACE::2025-03-23.19:51:07::SCWMssOS::make -C psu_cortexa53_0/libsrc/sdps_v4_1/src -s include  "SHELL=CMD" "COMPILER=aarch64-none-elf-gcc" "ASSEMBLER=aarch64-none-el
TRACE::2025-03-23.19:51:07::SCWMssOS::f-as" "ARCHIVER=aarch64-none-elf-ar" "COMPILER_FLAGS=  -O2 -c" "EXTRA_COMPILER_FLAGS=-g -Wall -Wextra -fno-tree-loop-distribute
TRACE::2025-03-23.19:51:07::SCWMssOS::-patterns"

TRACE::2025-03-23.19:51:07::SCWMssOS::"Running Make include in psu_cortexa53_0/libsrc/spi_v4_10/src"

TRACE::2025-03-23.19:51:07::SCWMssOS::make -C psu_cortexa53_0/libsrc/spi_v4_10/src -s include  "SHELL=CMD" "COMPILER=aarch64-none-elf-gcc" "ASSEMBLER=aarch64-none-el
TRACE::2025-03-23.19:51:07::SCWMssOS::f-as" "ARCHIVER=aarch64-none-elf-ar" "COMPILER_FLAGS=  -O2 -c" "EXTRA_COMPILER_FLAGS=-g -Wall -Wextra -fno-tree-loop-distribute
TRACE::2025-03-23.19:51:07::SCWMssOS::-patterns"

TRACE::2025-03-23.19:51:07::SCWMssOS::"Running Make include in psu_cortexa53_0/libsrc/standalone_v8_1/src"

TRACE::2025-03-23.19:51:07::SCWMssOS::make -C psu_cortexa53_0/libsrc/standalone_v8_1/src -s include  "SHELL=CMD" "COMPILER=aarch64-none-elf-gcc" "ASSEMBLER=aarch64-n
TRACE::2025-03-23.19:51:07::SCWMssOS::one-elf-as" "ARCHIVER=aarch64-none-elf-ar" "COMPILER_FLAGS=  -O2 -c" "EXTRA_COMPILER_FLAGS=-g -Wall -Wextra -fno-tree-loop-dist
TRACE::2025-03-23.19:51:07::SCWMssOS::ribute-patterns"

TRACE::2025-03-23.19:51:07::SCWMssOS::"Running Make include in psu_cortexa53_0/libsrc/sysmonpsu_v2_8/src"

TRACE::2025-03-23.19:51:07::SCWMssOS::make -C psu_cortexa53_0/libsrc/sysmonpsu_v2_8/src -s include  "SHELL=CMD" "COMPILER=aarch64-none-elf-gcc" "ASSEMBLER=aarch64-no
TRACE::2025-03-23.19:51:07::SCWMssOS::ne-elf-as" "ARCHIVER=aarch64-none-elf-ar" "COMPILER_FLAGS=  -O2 -c" "EXTRA_COMPILER_FLAGS=-g -Wall -Wextra -fno-tree-loop-distr
TRACE::2025-03-23.19:51:07::SCWMssOS::ibute-patterns"

TRACE::2025-03-23.19:51:07::SCWMssOS::"Running Make include in psu_cortexa53_0/libsrc/ttcps_v3_17/src"

TRACE::2025-03-23.19:51:07::SCWMssOS::make -C psu_cortexa53_0/libsrc/ttcps_v3_17/src -s include  "SHELL=CMD" "COMPILER=aarch64-none-elf-gcc" "ASSEMBLER=aarch64-none-
TRACE::2025-03-23.19:51:07::SCWMssOS::elf-as" "ARCHIVER=aarch64-none-elf-ar" "COMPILER_FLAGS=  -O2 -c" "EXTRA_COMPILER_FLAGS=-g -Wall -Wextra -fno-tree-loop-distribu
TRACE::2025-03-23.19:51:07::SCWMssOS::te-patterns"

TRACE::2025-03-23.19:51:07::SCWMssOS::"Running Make include in psu_cortexa53_0/libsrc/uartps_v3_12/src"

TRACE::2025-03-23.19:51:07::SCWMssOS::make -C psu_cortexa53_0/libsrc/uartps_v3_12/src -s include  "SHELL=CMD" "COMPILER=aarch64-none-elf-gcc" "ASSEMBLER=aarch64-none
TRACE::2025-03-23.19:51:07::SCWMssOS::-elf-as" "ARCHIVER=aarch64-none-elf-ar" "COMPILER_FLAGS=  -O2 -c" "EXTRA_COMPILER_FLAGS=-g -Wall -Wextra -fno-tree-loop-distrib
TRACE::2025-03-23.19:51:07::SCWMssOS::ute-patterns"

TRACE::2025-03-23.19:51:07::SCWMssOS::"Running Make include in psu_cortexa53_0/libsrc/wdtps_v3_5/src"

TRACE::2025-03-23.19:51:07::SCWMssOS::make -C psu_cortexa53_0/libsrc/wdtps_v3_5/src -s include  "SHELL=CMD" "COMPILER=aarch64-none-elf-gcc" "ASSEMBLER=aarch64-none-e
TRACE::2025-03-23.19:51:07::SCWMssOS::lf-as" "ARCHIVER=aarch64-none-elf-ar" "COMPILER_FLAGS=  -O2 -c" "EXTRA_COMPILER_FLAGS=-g -Wall -Wextra -fno-tree-loop-distribut
TRACE::2025-03-23.19:51:07::SCWMssOS::e-patterns"

TRACE::2025-03-23.19:51:07::SCWMssOS::"Running Make include in psu_cortexa53_0/libsrc/zdma_v1_16/src"

TRACE::2025-03-23.19:51:07::SCWMssOS::make -C psu_cortexa53_0/libsrc/zdma_v1_16/src -s include  "SHELL=CMD" "COMPILER=aarch64-none-elf-gcc" "ASSEMBLER=aarch64-none-e
TRACE::2025-03-23.19:51:07::SCWMssOS::lf-as" "ARCHIVER=aarch64-none-elf-ar" "COMPILER_FLAGS=  -O2 -c" "EXTRA_COMPILER_FLAGS=-g -Wall -Wextra -fno-tree-loop-distribut
TRACE::2025-03-23.19:51:07::SCWMssOS::e-patterns"

TRACE::2025-03-23.19:51:08::SCWMssOS::"Running Make libs in psu_cortexa53_0/libsrc/axipmon_v6_9/src"

TRACE::2025-03-23.19:51:08::SCWMssOS::make -C psu_cortexa53_0/libsrc/axipmon_v6_9/src -s libs  "SHELL=CMD" "COMPILER=aarch64-none-elf-gcc" "ASSEMBLER=aarch64-none-el
TRACE::2025-03-23.19:51:08::SCWMssOS::f-as" "ARCHIVER=aarch64-none-elf-ar" "COMPILER_FLAGS=  -O2 -c" "EXTRA_COMPILER_FLAGS=-g -Wall -Wextra -fno-tree-loop-distribute
TRACE::2025-03-23.19:51:08::SCWMssOS::-patterns"

TRACE::2025-03-23.19:51:08::SCWMssOS::"Running Make libs in psu_cortexa53_0/libsrc/clockps_v1_4/src"

TRACE::2025-03-23.19:51:08::SCWMssOS::make -C psu_cortexa53_0/libsrc/clockps_v1_4/src -s libs  "SHELL=CMD" "COMPILER=aarch64-none-elf-gcc" "ASSEMBLER=aarch64-none-el
TRACE::2025-03-23.19:51:08::SCWMssOS::f-as" "ARCHIVER=aarch64-none-elf-ar" "COMPILER_FLAGS=  -O2 -c" "EXTRA_COMPILER_FLAGS=-g -Wall -Wextra -fno-tree-loop-distribute
TRACE::2025-03-23.19:51:08::SCWMssOS::-patterns"

TRACE::2025-03-23.19:51:08::SCWMssOS::"Running Make libs in psu_cortexa53_0/libsrc/coresightps_dcc_v1_8/src"

TRACE::2025-03-23.19:51:08::SCWMssOS::make -C psu_cortexa53_0/libsrc/coresightps_dcc_v1_8/src -s libs  "SHELL=CMD" "COMPILER=aarch64-none-elf-gcc" "ASSEMBLER=aarch64
TRACE::2025-03-23.19:51:08::SCWMssOS::-none-elf-as" "ARCHIVER=aarch64-none-elf-ar" "COMPILER_FLAGS=  -O2 -c" "EXTRA_COMPILER_FLAGS=-g -Wall -Wextra -fno-tree-loop-di
TRACE::2025-03-23.19:51:08::SCWMssOS::stribute-patterns"

TRACE::2025-03-23.19:51:08::SCWMssOS::"Running Make libs in psu_cortexa53_0/libsrc/cpu_cortexa53_v2_0/src"

TRACE::2025-03-23.19:51:08::SCWMssOS::make -C psu_cortexa53_0/libsrc/cpu_cortexa53_v2_0/src -s libs  "SHELL=CMD" "COMPILER=aarch64-none-elf-gcc" "ASSEMBLER=aarch64-n
TRACE::2025-03-23.19:51:08::SCWMssOS::one-elf-as" "ARCHIVER=aarch64-none-elf-ar" "COMPILER_FLAGS=  -O2 -c" "EXTRA_COMPILER_FLAGS=-g -Wall -Wextra -fno-tree-loop-dist
TRACE::2025-03-23.19:51:08::SCWMssOS::ribute-patterns"

TRACE::2025-03-23.19:51:08::SCWMssOS::"Running Make libs in psu_cortexa53_0/libsrc/csudma_v1_13/src"

TRACE::2025-03-23.19:51:08::SCWMssOS::make -C psu_cortexa53_0/libsrc/csudma_v1_13/src -s libs  "SHELL=CMD" "COMPILER=aarch64-none-elf-gcc" "ASSEMBLER=aarch64-none-el
TRACE::2025-03-23.19:51:08::SCWMssOS::f-as" "ARCHIVER=aarch64-none-elf-ar" "COMPILER_FLAGS=  -O2 -c" "EXTRA_COMPILER_FLAGS=-g -Wall -Wextra -fno-tree-loop-distribute
TRACE::2025-03-23.19:51:08::SCWMssOS::-patterns"

TRACE::2025-03-23.19:51:08::SCWMssOS::"Running Make libs in psu_cortexa53_0/libsrc/ddrcpsu_v1_4/src"

TRACE::2025-03-23.19:51:08::SCWMssOS::make -C psu_cortexa53_0/libsrc/ddrcpsu_v1_4/src -s libs  "SHELL=CMD" "COMPILER=aarch64-none-elf-gcc" "ASSEMBLER=aarch64-none-el
TRACE::2025-03-23.19:51:08::SCWMssOS::f-as" "ARCHIVER=aarch64-none-elf-ar" "COMPILER_FLAGS=  -O2 -c" "EXTRA_COMPILER_FLAGS=-g -Wall -Wextra -fno-tree-loop-distribute
TRACE::2025-03-23.19:51:08::SCWMssOS::-patterns"

TRACE::2025-03-23.19:51:08::SCWMssOS::"Running Make libs in psu_cortexa53_0/libsrc/gpiops_v3_11/src"

TRACE::2025-03-23.19:51:08::SCWMssOS::make -C psu_cortexa53_0/libsrc/gpiops_v3_11/src -s libs  "SHELL=CMD" "COMPILER=aarch64-none-elf-gcc" "ASSEMBLER=aarch64-none-el
TRACE::2025-03-23.19:51:08::SCWMssOS::f-as" "ARCHIVER=aarch64-none-elf-ar" "COMPILER_FLAGS=  -O2 -c" "EXTRA_COMPILER_FLAGS=-g -Wall -Wextra -fno-tree-loop-distribute
TRACE::2025-03-23.19:51:08::SCWMssOS::-patterns"

TRACE::2025-03-23.19:51:08::SCWMssOS::"Running Make libs in psu_cortexa53_0/libsrc/gpio_v4_9/src"

TRACE::2025-03-23.19:51:08::SCWMssOS::make -C psu_cortexa53_0/libsrc/gpio_v4_9/src -s libs  "SHELL=CMD" "COMPILER=aarch64-none-elf-gcc" "ASSEMBLER=aarch64-none-elf-a
TRACE::2025-03-23.19:51:08::SCWMssOS::s" "ARCHIVER=aarch64-none-elf-ar" "COMPILER_FLAGS=  -O2 -c" "EXTRA_COMPILER_FLAGS=-g -Wall -Wextra -fno-tree-loop-distribute-pa
TRACE::2025-03-23.19:51:08::SCWMssOS::tterns"

TRACE::2025-03-23.19:51:08::SCWMssOS::"Running Make libs in psu_cortexa53_0/libsrc/iicps_v3_17/src"

TRACE::2025-03-23.19:51:08::SCWMssOS::make -C psu_cortexa53_0/libsrc/iicps_v3_17/src -s libs  "SHELL=CMD" "COMPILER=aarch64-none-elf-gcc" "ASSEMBLER=aarch64-none-elf
TRACE::2025-03-23.19:51:08::SCWMssOS::-as" "ARCHIVER=aarch64-none-elf-ar" "COMPILER_FLAGS=  -O2 -c" "EXTRA_COMPILER_FLAGS=-g -Wall -Wextra -fno-tree-loop-distribute-
TRACE::2025-03-23.19:51:08::SCWMssOS::patterns"

TRACE::2025-03-23.19:51:08::SCWMssOS::"Running Make libs in psu_cortexa53_0/libsrc/iic_v3_9/src"

TRACE::2025-03-23.19:51:08::SCWMssOS::make -C psu_cortexa53_0/libsrc/iic_v3_9/src -s libs  "SHELL=CMD" "COMPILER=aarch64-none-elf-gcc" "ASSEMBLER=aarch64-none-elf-as
TRACE::2025-03-23.19:51:08::SCWMssOS::" "ARCHIVER=aarch64-none-elf-ar" "COMPILER_FLAGS=  -O2 -c" "EXTRA_COMPILER_FLAGS=-g -Wall -Wextra -fno-tree-loop-distribute-pat
TRACE::2025-03-23.19:51:08::SCWMssOS::terns"

TRACE::2025-03-23.19:51:09::SCWMssOS::"Running Make libs in psu_cortexa53_0/libsrc/ipipsu_v2_13/src"

TRACE::2025-03-23.19:51:09::SCWMssOS::make -C psu_cortexa53_0/libsrc/ipipsu_v2_13/src -s libs  "SHELL=CMD" "COMPILER=aarch64-none-elf-gcc" "ASSEMBLER=aarch64-none-el
TRACE::2025-03-23.19:51:09::SCWMssOS::f-as" "ARCHIVER=aarch64-none-elf-ar" "COMPILER_FLAGS=  -O2 -c" "EXTRA_COMPILER_FLAGS=-g -Wall -Wextra -fno-tree-loop-distribute
TRACE::2025-03-23.19:51:09::SCWMssOS::-patterns"

TRACE::2025-03-23.19:51:09::SCWMssOS::"Running Make libs in psu_cortexa53_0/libsrc/qspipsu_v1_17/src"

TRACE::2025-03-23.19:51:09::SCWMssOS::make -C psu_cortexa53_0/libsrc/qspipsu_v1_17/src -s libs  "SHELL=CMD" "COMPILER=aarch64-none-elf-gcc" "ASSEMBLER=aarch64-none-e
TRACE::2025-03-23.19:51:09::SCWMssOS::lf-as" "ARCHIVER=aarch64-none-elf-ar" "COMPILER_FLAGS=  -O2 -c" "EXTRA_COMPILER_FLAGS=-g -Wall -Wextra -fno-tree-loop-distribut
TRACE::2025-03-23.19:51:09::SCWMssOS::e-patterns"

TRACE::2025-03-23.19:51:09::SCWMssOS::"Running Make libs in psu_cortexa53_0/libsrc/resetps_v1_5/src"

TRACE::2025-03-23.19:51:09::SCWMssOS::make -C psu_cortexa53_0/libsrc/resetps_v1_5/src -s libs  "SHELL=CMD" "COMPILER=aarch64-none-elf-gcc" "ASSEMBLER=aarch64-none-el
TRACE::2025-03-23.19:51:09::SCWMssOS::f-as" "ARCHIVER=aarch64-none-elf-ar" "COMPILER_FLAGS=  -O2 -c" "EXTRA_COMPILER_FLAGS=-g -Wall -Wextra -fno-tree-loop-distribute
TRACE::2025-03-23.19:51:09::SCWMssOS::-patterns"

TRACE::2025-03-23.19:51:09::SCWMssOS::"Running Make libs in psu_cortexa53_0/libsrc/rtcpsu_v1_12/src"

TRACE::2025-03-23.19:51:09::SCWMssOS::make -C psu_cortexa53_0/libsrc/rtcpsu_v1_12/src -s libs  "SHELL=CMD" "COMPILER=aarch64-none-elf-gcc" "ASSEMBLER=aarch64-none-el
TRACE::2025-03-23.19:51:09::SCWMssOS::f-as" "ARCHIVER=aarch64-none-elf-ar" "COMPILER_FLAGS=  -O2 -c" "EXTRA_COMPILER_FLAGS=-g -Wall -Wextra -fno-tree-loop-distribute
TRACE::2025-03-23.19:51:09::SCWMssOS::-patterns"

TRACE::2025-03-23.19:51:09::SCWMssOS::"Running Make libs in psu_cortexa53_0/libsrc/scugic_v5_1/src"

TRACE::2025-03-23.19:51:09::SCWMssOS::make -C psu_cortexa53_0/libsrc/scugic_v5_1/src -s libs  "SHELL=CMD" "COMPILER=aarch64-none-elf-gcc" "ASSEMBLER=aarch64-none-elf
TRACE::2025-03-23.19:51:09::SCWMssOS::-as" "ARCHIVER=aarch64-none-elf-ar" "COMPILER_FLAGS=  -O2 -c" "EXTRA_COMPILER_FLAGS=-g -Wall -Wextra -fno-tree-loop-distribute-
TRACE::2025-03-23.19:51:09::SCWMssOS::patterns"

TRACE::2025-03-23.19:51:09::SCWMssOS::"Running Make libs in psu_cortexa53_0/libsrc/sdps_v4_1/src"

TRACE::2025-03-23.19:51:09::SCWMssOS::make -C psu_cortexa53_0/libsrc/sdps_v4_1/src -s libs  "SHELL=CMD" "COMPILER=aarch64-none-elf-gcc" "ASSEMBLER=aarch64-none-elf-a
TRACE::2025-03-23.19:51:09::SCWMssOS::s" "ARCHIVER=aarch64-none-elf-ar" "COMPILER_FLAGS=  -O2 -c" "EXTRA_COMPILER_FLAGS=-g -Wall -Wextra -fno-tree-loop-distribute-pa
TRACE::2025-03-23.19:51:09::SCWMssOS::tterns"

TRACE::2025-03-23.19:51:09::SCWMssOS::"Running Make libs in psu_cortexa53_0/libsrc/spi_v4_10/src"

TRACE::2025-03-23.19:51:10::SCWMssOS::make -C psu_cortexa53_0/libsrc/spi_v4_10/src -s libs  "SHELL=CMD" "COMPILER=aarch64-none-elf-gcc" "ASSEMBLER=aarch64-none-elf-a
TRACE::2025-03-23.19:51:10::SCWMssOS::s" "ARCHIVER=aarch64-none-elf-ar" "COMPILER_FLAGS=  -O2 -c" "EXTRA_COMPILER_FLAGS=-g -Wall -Wextra -fno-tree-loop-distribute-pa
TRACE::2025-03-23.19:51:10::SCWMssOS::tterns"

TRACE::2025-03-23.19:51:10::SCWMssOS::"Running Make libs in psu_cortexa53_0/libsrc/standalone_v8_1/src"

TRACE::2025-03-23.19:51:10::SCWMssOS::make -C psu_cortexa53_0/libsrc/standalone_v8_1/src -s libs  "SHELL=CMD" "COMPILER=aarch64-none-elf-gcc" "ASSEMBLER=aarch64-none
TRACE::2025-03-23.19:51:10::SCWMssOS::-elf-as" "ARCHIVER=aarch64-none-elf-ar" "COMPILER_FLAGS=  -O2 -c" "EXTRA_COMPILER_FLAGS=-g -Wall -Wextra -fno-tree-loop-distrib
TRACE::2025-03-23.19:51:10::SCWMssOS::ute-patterns"

TRACE::2025-03-23.19:51:10::SCWMssOS::"Running Make libs in psu_cortexa53_0/libsrc/sysmonpsu_v2_8/src"

TRACE::2025-03-23.19:51:10::SCWMssOS::make -C psu_cortexa53_0/libsrc/sysmonpsu_v2_8/src -s libs  "SHELL=CMD" "COMPILER=aarch64-none-elf-gcc" "ASSEMBLER=aarch64-none-
TRACE::2025-03-23.19:51:10::SCWMssOS::elf-as" "ARCHIVER=aarch64-none-elf-ar" "COMPILER_FLAGS=  -O2 -c" "EXTRA_COMPILER_FLAGS=-g -Wall -Wextra -fno-tree-loop-distribu
TRACE::2025-03-23.19:51:10::SCWMssOS::te-patterns"

TRACE::2025-03-23.19:51:10::SCWMssOS::"Running Make libs in psu_cortexa53_0/libsrc/ttcps_v3_17/src"

TRACE::2025-03-23.19:51:10::SCWMssOS::make -C psu_cortexa53_0/libsrc/ttcps_v3_17/src -s libs  "SHELL=CMD" "COMPILER=aarch64-none-elf-gcc" "ASSEMBLER=aarch64-none-elf
TRACE::2025-03-23.19:51:10::SCWMssOS::-as" "ARCHIVER=aarch64-none-elf-ar" "COMPILER_FLAGS=  -O2 -c" "EXTRA_COMPILER_FLAGS=-g -Wall -Wextra -fno-tree-loop-distribute-
TRACE::2025-03-23.19:51:10::SCWMssOS::patterns"

TRACE::2025-03-23.19:51:10::SCWMssOS::"Running Make libs in psu_cortexa53_0/libsrc/uartps_v3_12/src"

TRACE::2025-03-23.19:51:10::SCWMssOS::make -C psu_cortexa53_0/libsrc/uartps_v3_12/src -s libs  "SHELL=CMD" "COMPILER=aarch64-none-elf-gcc" "ASSEMBLER=aarch64-none-el
TRACE::2025-03-23.19:51:10::SCWMssOS::f-as" "ARCHIVER=aarch64-none-elf-ar" "COMPILER_FLAGS=  -O2 -c" "EXTRA_COMPILER_FLAGS=-g -Wall -Wextra -fno-tree-loop-distribute
TRACE::2025-03-23.19:51:10::SCWMssOS::-patterns"

TRACE::2025-03-23.19:51:10::SCWMssOS::"Running Make libs in psu_cortexa53_0/libsrc/wdtps_v3_5/src"

TRACE::2025-03-23.19:51:10::SCWMssOS::make -C psu_cortexa53_0/libsrc/wdtps_v3_5/src -s libs  "SHELL=CMD" "COMPILER=aarch64-none-elf-gcc" "ASSEMBLER=aarch64-none-elf-
TRACE::2025-03-23.19:51:10::SCWMssOS::as" "ARCHIVER=aarch64-none-elf-ar" "COMPILER_FLAGS=  -O2 -c" "EXTRA_COMPILER_FLAGS=-g -Wall -Wextra -fno-tree-loop-distribute-p
TRACE::2025-03-23.19:51:10::SCWMssOS::atterns"

TRACE::2025-03-23.19:51:11::SCWMssOS::"Running Make libs in psu_cortexa53_0/libsrc/zdma_v1_16/src"

TRACE::2025-03-23.19:51:11::SCWMssOS::make -C psu_cortexa53_0/libsrc/zdma_v1_16/src -s libs  "SHELL=CMD" "COMPILER=aarch64-none-elf-gcc" "ASSEMBLER=aarch64-none-elf-
TRACE::2025-03-23.19:51:11::SCWMssOS::as" "ARCHIVER=aarch64-none-elf-ar" "COMPILER_FLAGS=  -O2 -c" "EXTRA_COMPILER_FLAGS=-g -Wall -Wextra -fno-tree-loop-distribute-p
TRACE::2025-03-23.19:51:11::SCWMssOS::atterns"

TRACE::2025-03-23.19:51:13::SCWMssOS::'Finished building libraries parallelly.'

TRACE::2025-03-23.19:51:13::SCWMssOS::make --no-print-directory archive

TRACE::2025-03-23.19:51:13::SCWMssOS::aarch64-none-elf-ar -r  psu_cortexa53_0/lib/libxil.a psu_cortexa53_0/lib/_exit.o psu_cortexa53_0/lib/_open.o psu_cortexa53_0/li
TRACE::2025-03-23.19:51:13::SCWMssOS::b/_sbrk.o psu_cortexa53_0/lib/abort.o psu_cortexa53_0/lib/asm_vectors.o psu_cortexa53_0/lib/boot.o psu_cortexa53_0/lib/close.o 
TRACE::2025-03-23.19:51:13::SCWMssOS::psu_cortexa53_0/lib/cpputest_time.o psu_cortexa53_0/lib/errno.o psu_cortexa53_0/lib/fcntl.o psu_cortexa53_0/lib/fstat.o psu_cor
TRACE::2025-03-23.19:51:13::SCWMssOS::texa53_0/lib/getentropy.o psu_cortexa53_0/lib/getpid.o psu_cortexa53_0/lib/inbyte.o psu_cortexa53_0/lib/initialise_monitor_hand
TRACE::2025-03-23.19:51:13::SCWMssOS::les.o psu_cortexa53_0/lib/isatty.o psu_cortexa53_0/lib/kill.o psu_cortexa53_0/lib/lseek.o psu_cortexa53_0/lib/open.o psu_cortex
TRACE::2025-03-23.19:51:13::SCWMssOS::a53_0/lib/outbyte.o psu_cortexa53_0/lib/print.o psu_cortexa53_0/lib/putnum.o psu_cortexa53_0/lib/read.o psu_cortexa53_0/lib/sbr
TRACE::2025-03-23.19:51:13::SCWMssOS::k.o psu_cortexa53_0/lib/sleep.o psu_cortexa53_0/lib/time.o psu_cortexa53_0/lib/translation_table.o psu_cortexa53_0/lib/unlink.o
TRACE::2025-03-23.19:51:13::SCWMssOS:: psu_cortexa53_0/lib/vectors.o psu_cortexa53_0/lib/write.o psu_cortexa53_0/lib/xaxipmon.o psu_cortexa53_0/lib/xaxipmon_g.o psu_
TRACE::2025-03-23.19:51:13::SCWMssOS::cortexa53_0/lib/xaxipmon_selftest.o psu_cortexa53_0/lib/xaxipmon_sinit.o psu_cortexa53_0/lib/xclockps.o psu_cortexa53_0/lib/xcl
TRACE::2025-03-23.19:51:13::SCWMssOS::ockps_divider.o psu_cortexa53_0/lib/xclockps_fixedfactor.o psu_cortexa53_0/lib/xclockps_g.o psu_cortexa53_0/lib/xclockps_gate.o
TRACE::2025-03-23.19:51:13::SCWMssOS:: psu_cortexa53_0/lib/xclockps_mux.o psu_cortexa53_0/lib/xclockps_pll.o psu_cortexa53_0/lib/xclockps_sinit.o psu_cortexa53_0/lib
TRACE::2025-03-23.19:51:13::SCWMssOS::/xcoresightpsdcc.o psu_cortexa53_0/lib/xcsudma.o psu_cortexa53_0/lib/xcsudma_g.o psu_cortexa53_0/lib/xcsudma_intr.o psu_cortexa
TRACE::2025-03-23.19:51:13::SCWMssOS::53_0/lib/xcsudma_selftest.o psu_cortexa53_0/lib/xcsudma_sinit.o psu_cortexa53_0/lib/xgpio.o psu_cortexa53_0/lib/xgpio_extra.o p
TRACE::2025-03-23.19:51:13::SCWMssOS::su_cortexa53_0/lib/xgpio_g.o psu_cortexa53_0/lib/xgpio_intr.o psu_cortexa53_0/lib/xgpio_selftest.o psu_cortexa53_0/lib/xgpio_si
TRACE::2025-03-23.19:51:13::SCWMssOS::nit.o psu_cortexa53_0/lib/xgpiops.o psu_cortexa53_0/lib/xgpiops_g.o psu_cortexa53_0/lib/xgpiops_hw.o psu_cortexa53_0/lib/xgpiop
TRACE::2025-03-23.19:51:13::SCWMssOS::s_intr.o psu_cortexa53_0/lib/xgpiops_selftest.o psu_cortexa53_0/lib/xgpiops_sinit.o psu_cortexa53_0/lib/xiic.o psu_cortexa53_0/
TRACE::2025-03-23.19:51:13::SCWMssOS::lib/xiic_dyn_master.o psu_cortexa53_0/lib/xiic_g.o psu_cortexa53_0/lib/xiic_intr.o psu_cortexa53_0/lib/xiic_l.o psu_cortexa53_0
TRACE::2025-03-23.19:51:13::SCWMssOS::/lib/xiic_master.o psu_cortexa53_0/lib/xiic_multi_master.o psu_cortexa53_0/lib/xiic_options.o psu_cortexa53_0/lib/xiic_selftest
TRACE::2025-03-23.19:51:13::SCWMssOS::.o psu_cortexa53_0/lib/xiic_sinit.o psu_cortexa53_0/lib/xiic_slave.o psu_cortexa53_0/lib/xiic_stats.o psu_cortexa53_0/lib/xiicp
TRACE::2025-03-23.19:51:13::SCWMssOS::s.o psu_cortexa53_0/lib/xiicps_g.o psu_cortexa53_0/lib/xiicps_hw.o psu_cortexa53_0/lib/xiicps_intr.o psu_cortexa53_0/lib/xiicps
TRACE::2025-03-23.19:51:13::SCWMssOS::_master.o psu_cortexa53_0/lib/xiicps_options.o psu_cortexa53_0/lib/xiicps_selftest.o psu_cortexa53_0/lib/xiicps_sinit.o psu_cor
TRACE::2025-03-23.19:51:13::SCWMssOS::texa53_0/lib/xiicps_slave.o psu_cortexa53_0/lib/xiicps_xfer.o psu_cortexa53_0/lib/xil-crt0.o psu_cortexa53_0/lib/xil_assert.o p
TRACE::2025-03-23.19:51:13::SCWMssOS::su_cortexa53_0/lib/xil_cache.o psu_cortexa53_0/lib/xil_clocking.o psu_cortexa53_0/lib/xil_exception.o psu_cortexa53_0/lib/xil_m
TRACE::2025-03-23.19:51:13::SCWMssOS::em.o psu_cortexa53_0/lib/xil_mmu.o psu_cortexa53_0/lib/xil_printf.o psu_cortexa53_0/lib/xil_sleepcommon.o psu_cortexa53_0/lib/x
TRACE::2025-03-23.19:51:13::SCWMssOS::il_sleeptimer.o psu_cortexa53_0/lib/xil_smc.o psu_cortexa53_0/lib/xil_spinlock.o psu_cortexa53_0/lib/xil_testcache.o psu_cortex
TRACE::2025-03-23.19:51:13::SCWMssOS::a53_0/lib/xil_testio.o psu_cortexa53_0/lib/xil_testmem.o psu_cortexa53_0/lib/xil_util.o psu_cortexa53_0/lib/xinterrupt_wrap.o p
TRACE::2025-03-23.19:51:13::SCWMssOS::su_cortexa53_0/lib/xipipsu.o psu_cortexa53_0/lib/xipipsu_buf.o psu_cortexa53_0/lib/xipipsu_g.o psu_cortexa53_0/lib/xipipsu_sini
TRACE::2025-03-23.19:51:13::SCWMssOS::t.o psu_cortexa53_0/lib/xplatform_info.o psu_cortexa53_0/lib/xpm_counter.o psu_cortexa53_0/lib/xqspipsu.o psu_cortexa53_0/lib/x
TRACE::2025-03-23.19:51:13::SCWMssOS::qspipsu_control.o psu_cortexa53_0/lib/xqspipsu_g.o psu_cortexa53_0/lib/xqspipsu_hw.o psu_cortexa53_0/lib/xqspipsu_options.o psu
TRACE::2025-03-23.19:51:13::SCWMssOS::_cortexa53_0/lib/xqspipsu_sinit.o psu_cortexa53_0/lib/xresetps.o psu_cortexa53_0/lib/xresetps_g.o psu_cortexa53_0/lib/xresetps_
TRACE::2025-03-23.19:51:13::SCWMssOS::sinit.o psu_cortexa53_0/lib/xrtcpsu.o psu_cortexa53_0/lib/xrtcpsu_g.o psu_cortexa53_0/lib/xrtcpsu_intr.o psu_cortexa53_0/lib/xr
TRACE::2025-03-23.19:51:13::SCWMssOS::tcpsu_selftest.o psu_cortexa53_0/lib/xrtcpsu_sinit.o psu_cortexa53_0/lib/xscugic.o psu_cortexa53_0/lib/xscugic_g.o psu_cortexa5
TRACE::2025-03-23.19:51:13::SCWMssOS::3_0/lib/xscugic_hw.o psu_cortexa53_0/lib/xscugic_intr.o psu_cortexa53_0/lib/xscugic_selftest.o psu_cortexa53_0/lib/xscugic_sini
TRACE::2025-03-23.19:51:13::SCWMssOS::t.o psu_cortexa53_0/lib/xsdps.o psu_cortexa53_0/lib/xsdps_card.o psu_cortexa53_0/lib/xsdps_g.o psu_cortexa53_0/lib/xsdps_host.o
TRACE::2025-03-23.19:51:13::SCWMssOS:: psu_cortexa53_0/lib/xsdps_options.o psu_cortexa53_0/lib/xsdps_sinit.o psu_cortexa53_0/lib/xspi.o psu_cortexa53_0/lib/xspi_g.o 
TRACE::2025-03-23.19:51:13::SCWMssOS::psu_cortexa53_0/lib/xspi_options.o psu_cortexa53_0/lib/xspi_selftest.o psu_cortexa53_0/lib/xspi_sinit.o psu_cortexa53_0/lib/xsp
TRACE::2025-03-23.19:51:13::SCWMssOS::i_stats.o psu_cortexa53_0/lib/xsysmonpsu.o psu_cortexa53_0/lib/xsysmonpsu_g.o psu_cortexa53_0/lib/xsysmonpsu_intr.o psu_cortexa
TRACE::2025-03-23.19:51:13::SCWMssOS::53_0/lib/xsysmonpsu_selftest.o psu_cortexa53_0/lib/xsysmonpsu_sinit.o psu_cortexa53_0/lib/xtime_l.o psu_cortexa53_0/lib/xttcps.
TRACE::2025-03-23.19:51:13::SCWMssOS::o psu_cortexa53_0/lib/xttcps_g.o psu_cortexa53_0/lib/xttcps_options.o psu_cortexa53_0/lib/xttcps_selftest.o psu_cortexa53_0/lib
TRACE::2025-03-23.19:51:13::SCWMssOS::/xttcps_sinit.o psu_cortexa53_0/lib/xuartps.o psu_cortexa53_0/lib/xuartps_g.o psu_cortexa53_0/lib/xuartps_hw.o psu_cortexa53_0/
TRACE::2025-03-23.19:51:13::SCWMssOS::lib/xuartps_intr.o psu_cortexa53_0/lib/xuartps_options.o psu_cortexa53_0/lib/xuartps_selftest.o psu_cortexa53_0/lib/xuartps_sin
TRACE::2025-03-23.19:51:13::SCWMssOS::it.o psu_cortexa53_0/lib/xwdtps.o psu_cortexa53_0/lib/xwdtps_g.o psu_cortexa53_0/lib/xwdtps_selftest.o psu_cortexa53_0/lib/xwdt
TRACE::2025-03-23.19:51:13::SCWMssOS::ps_sinit.o psu_cortexa53_0/lib/xzdma.o psu_cortexa53_0/lib/xzdma_g.o psu_cortexa53_0/lib/xzdma_intr.o psu_cortexa53_0/lib/xzdma
TRACE::2025-03-23.19:51:13::SCWMssOS::_selftest.o psu_cortexa53_0/lib/xzdma_sinit.o

TRACE::2025-03-23.19:51:13::SCWMssOS::'Finished building libraries'

TRACE::2025-03-23.19:51:13::SCWMssOS::Copying to export directory.
TRACE::2025-03-23.19:51:13::SCWMssOS:: Checking if to create the Supporting Applications
TRACE::2025-03-23.19:51:13::SCWMssOS:: No Linux domain exists, trying to generate FSBL 
LOG::2025-03-23.19:51:13::SCWSystem::Completed Processing the domain standalone_domain
LOG::2025-03-23.19:51:13::SCWSystem::Completed Processing the sysconfig DRCPlatform
LOG::2025-03-23.19:51:13::SCWPlatform::Completed generating the artifacts for system configuration DRCPlatform
TRACE::2025-03-23.19:51:13::SCWPlatform::Started preparing the platform 
TRACE::2025-03-23.19:51:13::SCWSystem::Writing the bif file for system config DRCPlatform
TRACE::2025-03-23.19:51:13::SCWSystem::dir created 
TRACE::2025-03-23.19:51:13::SCWSystem::Writing the bif 
TRACE::2025-03-23.19:51:13::SCWPlatform::Started writing the spfm file 
TRACE::2025-03-23.19:51:13::SCWPlatform::Started writing the xpfm file 
TRACE::2025-03-23.19:51:13::SCWPlatform::Completed generating the platform
TRACE::2025-03-23.19:51:13::SCWMssOS::Saving the mss changes C:/Xilinx/Projects/DRC_Rev2.0_Deliverables/Vitis2023.1/DRC_Rev2.0_SW/DRCPlatform/zynqmp_fsbl/zynqmp_fsbl_bsp/system.mss
TRACE::2025-03-23.19:51:13::SCWMssOS::Found a swdesign opened with the mssfile.
TRACE::2025-03-23.19:51:13::SCWMssOS::Completed writemss as part of save.
TRACE::2025-03-23.19:51:13::SCWMssOS::Commit changes completed.
TRACE::2025-03-23.19:51:13::SCWMssOS::Saving the mss changes C:/Xilinx/Projects/DRC_Rev2.0_Deliverables/Vitis2023.1/DRC_Rev2.0_SW/DRCPlatform/zynqmp_pmufw/zynqmp_pmufw_bsp/system.mss
TRACE::2025-03-23.19:51:13::SCWMssOS::Found a swdesign opened with the mssfile.
TRACE::2025-03-23.19:51:13::SCWMssOS::Completed writemss as part of save.
TRACE::2025-03-23.19:51:13::SCWMssOS::Commit changes completed.
TRACE::2025-03-23.19:51:13::SCWMssOS::Saving the mss changes C:/Xilinx/Projects/DRC_Rev2.0_Deliverables/Vitis2023.1/DRC_Rev2.0_SW/DRCPlatform/psu_cortexa53_0/standalone_domain/bsp/system.mss
TRACE::2025-03-23.19:51:13::SCWMssOS::Found a swdesign opened with the mssfile.
TRACE::2025-03-23.19:51:13::SCWMssOS::Completed writemss as part of save.
TRACE::2025-03-23.19:51:13::SCWMssOS::Commit changes completed.
TRACE::2025-03-23.19:51:13::SCWPlatform::Trying to open the hw design at C:/Xilinx/Projects/DRC_Rev2.0_Deliverables/Vitis2023.1/DRC_Rev2.0_SW/DRCPlatform/hw/DRC_Rev2.0_Deliverable.xsa
TRACE::2025-03-23.19:51:13::SCWPlatform::DSA given C:/Xilinx/Projects/DRC_Rev2.0_Deliverables/Vitis2023.1/DRC_Rev2.0_SW/DRCPlatform/hw/DRC_Rev2.0_Deliverable.xsa
TRACE::2025-03-23.19:51:13::SCWPlatform::DSA absoulate path C:/Xilinx/Projects/DRC_Rev2.0_Deliverables/Vitis2023.1/DRC_Rev2.0_SW/DRCPlatform/hw/DRC_Rev2.0_Deliverable.xsa
TRACE::2025-03-23.19:51:13::SCWPlatform::DSA directory C:/Xilinx/Projects/DRC_Rev2.0_Deliverables/Vitis2023.1/DRC_Rev2.0_SW/DRCPlatform/hw
TRACE::2025-03-23.19:51:13::SCWPlatform:: Platform Path C:/Xilinx/Projects/DRC_Rev2.0_Deliverables/Vitis2023.1/DRC_Rev2.0_SW/DRCPlatform/hw/DRC_Rev2.0_Deliverable.xsa
TRACE::2025-03-23.19:51:13::SCWPlatform:: Unique name xilinx:osdzu3eg1_2g_1v8_sip::0.0
TRACE::2025-03-23.19:51:13::SCWPlatform::Trying to set the existing hwdb with name design_1_wrapper_1
TRACE::2025-03-23.19:51:13::SCWPlatform::Opened existing hwdb design_1_wrapper_1
TRACE::2025-03-23.19:51:13::SCWPlatform::Found the Hw Db part of the input DSA
TRACE::2025-03-23.19:51:13::SCWMssOS::Checking the sw design at  C:/Xilinx/Projects/DRC_Rev2.0_Deliverables/Vitis2023.1/DRC_Rev2.0_SW/DRCPlatform/zynqmp_fsbl/zynqmp_fsbl_bsp/system.mss
TRACE::2025-03-23.19:51:13::SCWMssOS::DEBUG:  swdes dump  C:/Xilinx/Projects/DRC_Rev2.0_Deliverables/Vitis2023.1/DRC_Rev2.0_SW/DRCPlatform/psu_cortexa53_0/standalone_domain/bsp/system.mss|system_1||
C:/Xilinx/Projects/DRC_Rev2.0_Deliverables/Vitis2023.1/DRC_Rev2.0_SW/DRCPlatform/zynqmp_fsbl/zynqmp_fsbl_bsp/system.mss|system||
C:/Xilinx/Projects/DRC_Rev2.0_Deliverables/Vitis2023.1/DRC_Rev2.0_SW/DRCPlatform/zynqmp_pmufw/zynqmp_pmufw_bsp/system.mss|system_0||

TRACE::2025-03-23.19:51:13::SCWMssOS::Sw design exists and opened at  C:/Xilinx/Projects/DRC_Rev2.0_Deliverables/Vitis2023.1/DRC_Rev2.0_SW/DRCPlatform/zynqmp_fsbl/zynqmp_fsbl_bsp/system.mss
TRACE::2025-03-23.19:51:13::SCWPlatform::Trying to open the hw design at C:/Xilinx/Projects/DRC_Rev2.0_Deliverables/Vitis2023.1/DRC_Rev2.0_SW/DRCPlatform/hw/DRC_Rev2.0_Deliverable.xsa
TRACE::2025-03-23.19:51:13::SCWPlatform::DSA given C:/Xilinx/Projects/DRC_Rev2.0_Deliverables/Vitis2023.1/DRC_Rev2.0_SW/DRCPlatform/hw/DRC_Rev2.0_Deliverable.xsa
TRACE::2025-03-23.19:51:13::SCWPlatform::DSA absoulate path C:/Xilinx/Projects/DRC_Rev2.0_Deliverables/Vitis2023.1/DRC_Rev2.0_SW/DRCPlatform/hw/DRC_Rev2.0_Deliverable.xsa
TRACE::2025-03-23.19:51:13::SCWPlatform::DSA directory C:/Xilinx/Projects/DRC_Rev2.0_Deliverables/Vitis2023.1/DRC_Rev2.0_SW/DRCPlatform/hw
TRACE::2025-03-23.19:51:13::SCWPlatform:: Platform Path C:/Xilinx/Projects/DRC_Rev2.0_Deliverables/Vitis2023.1/DRC_Rev2.0_SW/DRCPlatform/hw/DRC_Rev2.0_Deliverable.xsa
TRACE::2025-03-23.19:51:13::SCWPlatform:: Unique name xilinx:osdzu3eg1_2g_1v8_sip::0.0
TRACE::2025-03-23.19:51:13::SCWPlatform::Trying to set the existing hwdb with name design_1_wrapper_1
TRACE::2025-03-23.19:51:13::SCWPlatform::Opened existing hwdb design_1_wrapper_1
TRACE::2025-03-23.19:51:13::SCWPlatform::Found the Hw Db part of the input DSA
TRACE::2025-03-23.19:51:13::SCWMssOS::Checking the sw design at  C:/Xilinx/Projects/DRC_Rev2.0_Deliverables/Vitis2023.1/DRC_Rev2.0_SW/DRCPlatform/zynqmp_pmufw/zynqmp_pmufw_bsp/system.mss
TRACE::2025-03-23.19:51:13::SCWMssOS::DEBUG:  swdes dump  C:/Xilinx/Projects/DRC_Rev2.0_Deliverables/Vitis2023.1/DRC_Rev2.0_SW/DRCPlatform/psu_cortexa53_0/standalone_domain/bsp/system.mss|system_1||
C:/Xilinx/Projects/DRC_Rev2.0_Deliverables/Vitis2023.1/DRC_Rev2.0_SW/DRCPlatform/zynqmp_fsbl/zynqmp_fsbl_bsp/system.mss|system||
C:/Xilinx/Projects/DRC_Rev2.0_Deliverables/Vitis2023.1/DRC_Rev2.0_SW/DRCPlatform/zynqmp_pmufw/zynqmp_pmufw_bsp/system.mss|system_0||

TRACE::2025-03-23.19:51:13::SCWMssOS::Sw design exists and opened at  C:/Xilinx/Projects/DRC_Rev2.0_Deliverables/Vitis2023.1/DRC_Rev2.0_SW/DRCPlatform/zynqmp_pmufw/zynqmp_pmufw_bsp/system.mss
TRACE::2025-03-23.19:51:13::SCWPlatform::Trying to open the hw design at C:/Xilinx/Projects/DRC_Rev2.0_Deliverables/Vitis2023.1/DRC_Rev2.0_SW/DRCPlatform/hw/DRC_Rev2.0_Deliverable.xsa
TRACE::2025-03-23.19:51:13::SCWPlatform::DSA given C:/Xilinx/Projects/DRC_Rev2.0_Deliverables/Vitis2023.1/DRC_Rev2.0_SW/DRCPlatform/hw/DRC_Rev2.0_Deliverable.xsa
TRACE::2025-03-23.19:51:13::SCWPlatform::DSA absoulate path C:/Xilinx/Projects/DRC_Rev2.0_Deliverables/Vitis2023.1/DRC_Rev2.0_SW/DRCPlatform/hw/DRC_Rev2.0_Deliverable.xsa
TRACE::2025-03-23.19:51:13::SCWPlatform::DSA directory C:/Xilinx/Projects/DRC_Rev2.0_Deliverables/Vitis2023.1/DRC_Rev2.0_SW/DRCPlatform/hw
TRACE::2025-03-23.19:51:13::SCWPlatform:: Platform Path C:/Xilinx/Projects/DRC_Rev2.0_Deliverables/Vitis2023.1/DRC_Rev2.0_SW/DRCPlatform/hw/DRC_Rev2.0_Deliverable.xsa
TRACE::2025-03-23.19:51:13::SCWPlatform:: Unique name xilinx:osdzu3eg1_2g_1v8_sip::0.0
TRACE::2025-03-23.19:51:13::SCWPlatform::Trying to set the existing hwdb with name design_1_wrapper_1
TRACE::2025-03-23.19:51:13::SCWPlatform::Opened existing hwdb design_1_wrapper_1
TRACE::2025-03-23.19:51:13::SCWPlatform::Found the Hw Db part of the input DSA
TRACE::2025-03-23.19:51:13::SCWMssOS::Checking the sw design at  C:/Xilinx/Projects/DRC_Rev2.0_Deliverables/Vitis2023.1/DRC_Rev2.0_SW/DRCPlatform/psu_cortexa53_0/standalone_domain/bsp/system.mss
TRACE::2025-03-23.19:51:13::SCWMssOS::DEBUG:  swdes dump  C:/Xilinx/Projects/DRC_Rev2.0_Deliverables/Vitis2023.1/DRC_Rev2.0_SW/DRCPlatform/psu_cortexa53_0/standalone_domain/bsp/system.mss|system_1||
C:/Xilinx/Projects/DRC_Rev2.0_Deliverables/Vitis2023.1/DRC_Rev2.0_SW/DRCPlatform/zynqmp_fsbl/zynqmp_fsbl_bsp/system.mss|system||
C:/Xilinx/Projects/DRC_Rev2.0_Deliverables/Vitis2023.1/DRC_Rev2.0_SW/DRCPlatform/zynqmp_pmufw/zynqmp_pmufw_bsp/system.mss|system_0||

TRACE::2025-03-23.19:51:13::SCWMssOS::Sw design exists and opened at  C:/Xilinx/Projects/DRC_Rev2.0_Deliverables/Vitis2023.1/DRC_Rev2.0_SW/DRCPlatform/psu_cortexa53_0/standalone_domain/bsp/system.mss
TRACE::2025-03-23.19:51:13::SCWWriter::formatted JSON is {
	"platformName":	"DRCPlatform",
	"sprVersion":	"2.0",
	"mode":	"gui",
	"dsaType":	"Fixed",
	"platformDesc":	"DRCPlatform",
	"platHandOff":	"C:/Xilinx/Projects/DRC_Rev2.0_Deliverables/Vivado2023.1/DRC_Rev2.0_FW/DRC_Rev2.0_Deliverable.xsa",
	"platIntHandOff":	"<platformDir>/hw/DRC_Rev2.0_Deliverable.xsa",
	"deviceType":	"zynqMP",
	"platIsPrebuiltAutogen":	"false",
	"platIsNoBootBsp":	"false",
	"platFsblTarget":	"psu_cortexa53_0",
	"hasFsblMakeHasChanges":	"false",
	"hasPmufwMakeHasChanges":	"false",
	"fsblExtraCompilerFlags":	"-MMD -MP      -Wall -fmessage-length=0 -DARMA53_64 -Os -flto -ffat-lto-objects  ",
	"pmufwExtraCompilerFlags":	"-MMD -MP      -mlittle-endian -mxl-barrel-shift -mxl-pattern-compare -mcpu=v9.2 -mxl-soft-mul -Os -flto -ffat-lto-objects  ",
	"platPreBuiltFlag":	false,
	"platformSamplesDir":	"",
	"platActiveSys":	"DRCPlatform",
	"systems":	[{
			"systemName":	"DRCPlatform",
			"systemDesc":	"DRCPlatform",
			"sysIsBootAutoGen":	"true",
			"systemDispName":	"DRCPlatform",
			"sysActiveDom":	"standalone_domain",
			"sysDefaultDom":	"standalone_domain",
			"domains":	[{
					"domainName":	"zynqmp_fsbl",
					"domainDispName":	"zynqmp_fsbl",
					"domainDesc":	"FSBL Application BSP - Auto Generated.",
					"processors":	"psu_cortexa53_0",
					"os":	"standalone",
					"sdxOs":	"standalone",
					"debugEnable":	"",
					"domRuntimes":	["cpp"],
					"swRepo":	"",
					"mssOsVer":	"8.1",
					"mssFile":	"",
					"md5Digest":	"2c86846b79a29ca9cbb7aeab53461da4",
					"compatibleApp":	"zynqmp_fsbl",
					"domType":	"bootDomain",
					"arch":	"64-bit",
					"appSettings":	{
						"appCompilerFlags":	"",
						"appLinkerFlags":	""
					},
					"addedLibs":	["xilffs:5.0", "xilsecure:5.1", "xilpm:5.0"],
					"libOptions":	{
						"standalone":	{
							"zynqmp_fsbl_bsp":	"true",
							"libOptionNames":	["zynqmp_fsbl_bsp"]
						},
						"xilffs":	{
							"read_only":	"true",
							"use_mkfs":	"false",
							"libOptionNames":	["read_only", "use_mkfs"]
						},
						"xilsecure":	{
							"tpm_support":	"true",
							"libOptionNames":	["tpm_support"]
						},
						"libsContainingOptions":	["standalone", "xilffs", "xilsecure"]
					},
					"prebuiltLibs":	{
						"prebuiltIncPath":	[],
						"prebuiltLibPath":	[]
					},
					"isolation":	{
					}
				}, {
					"domainName":	"zynqmp_pmufw",
					"domainDispName":	"zynqmp_pmufw",
					"domainDesc":	"PMUFW Application BSP - Auto Generated.",
					"processors":	"psu_pmu_0",
					"os":	"standalone",
					"sdxOs":	"standalone",
					"debugEnable":	"",
					"domRuntimes":	["cpp"],
					"swRepo":	"",
					"mssOsVer":	"8.1",
					"mssFile":	"",
					"md5Digest":	"550fca1150fbaea7cb6d01f88f8defa0",
					"compatibleApp":	"zynqmp_pmufw",
					"domType":	"bootDomain",
					"arch":	"32-bit",
					"appSettings":	{
						"appCompilerFlags":	"",
						"appLinkerFlags":	""
					},
					"addedLibs":	["xilfpga:6.4", "xilsecure:5.1", "xilskey:7.4"],
					"libOptions":	{
						"psu_pmu_0":	{
							"extra_compiler_flags":	"-g -ffunction-sections -fdata-sections -Wall -Wextra -fno-tree-loop-distribute-patterns  -Os -flto -ffat-lto-objects",
							"libOptionNames":	["extra_compiler_flags"]
						},
						"libsContainingOptions":	["psu_pmu_0"]
					},
					"prebuiltLibs":	{
						"prebuiltIncPath":	[],
						"prebuiltLibPath":	[]
					},
					"isolation":	{
					}
				}, {
					"domainName":	"standalone_domain",
					"domainDispName":	"standalone on psu_cortexa53_0",
					"domainDesc":	"standalone_domain",
					"processors":	"psu_cortexa53_0",
					"os":	"standalone",
					"sdxOs":	"standalone",
					"qemuArgs":	"<platformDir>/resources/DRCPlatform/standalone_domain/qemu_args.txt",
					"qemuData":	"<platformDir>/resources/DRCPlatform/standalone_domain/qemu",
					"pmuQemuArgs":	"<platformDir>/resources/DRCPlatform/standalone_domain/pmu_args.txt",
					"debugEnable":	"False",
					"domRuntimes":	["cpp"],
					"swRepo":	"",
					"mssOsVer":	"8.1",
					"mssFile":	"",
					"md5Digest":	"fcd87a202073bed06c63c9c38fbd1014",
					"compatibleApp":	"",
					"domType":	"mssDomain",
					"arch":	"64-bit",
					"appSettings":	{
						"appCompilerFlags":	"",
						"appLinkerFlags":	""
					},
					"addedLibs":	[],
					"libOptions":	{
						"libsContainingOptions":	[]
					},
					"prebuiltLibs":	{
						"prebuiltIncPath":	[],
						"prebuiltLibPath":	[]
					},
					"isolation":	{
					}
				}]
		}]
}
KEYINFO::2025-03-23.19:51:13::SCWPlatform::updated the xpfm file.
TRACE::2025-03-23.19:51:14::SCWPlatform::Trying to open the hw design at C:/Xilinx/Projects/DRC_Rev2.0_Deliverables/Vitis2023.1/DRC_Rev2.0_SW/DRCPlatform/hw/DRC_Rev2.0_Deliverable.xsa
TRACE::2025-03-23.19:51:14::SCWPlatform::DSA given C:/Xilinx/Projects/DRC_Rev2.0_Deliverables/Vitis2023.1/DRC_Rev2.0_SW/DRCPlatform/hw/DRC_Rev2.0_Deliverable.xsa
TRACE::2025-03-23.19:51:14::SCWPlatform::DSA absoulate path C:/Xilinx/Projects/DRC_Rev2.0_Deliverables/Vitis2023.1/DRC_Rev2.0_SW/DRCPlatform/hw/DRC_Rev2.0_Deliverable.xsa
TRACE::2025-03-23.19:51:14::SCWPlatform::DSA directory C:/Xilinx/Projects/DRC_Rev2.0_Deliverables/Vitis2023.1/DRC_Rev2.0_SW/DRCPlatform/hw
TRACE::2025-03-23.19:51:14::SCWPlatform:: Platform Path C:/Xilinx/Projects/DRC_Rev2.0_Deliverables/Vitis2023.1/DRC_Rev2.0_SW/DRCPlatform/hw/DRC_Rev2.0_Deliverable.xsa
TRACE::2025-03-23.19:51:14::SCWPlatform:: Unique name xilinx:osdzu3eg1_2g_1v8_sip::0.0
TRACE::2025-03-23.19:51:14::SCWPlatform::Trying to set the existing hwdb with name design_1_wrapper_1
TRACE::2025-03-23.19:51:14::SCWPlatform::Opened existing hwdb design_1_wrapper_1
TRACE::2025-03-23.19:51:14::SCWPlatform::Found the Hw Db part of the input DSA
TRACE::2025-03-23.19:51:14::SCWMssOS::Checking the sw design at  C:/Xilinx/Projects/DRC_Rev2.0_Deliverables/Vitis2023.1/DRC_Rev2.0_SW/DRCPlatform/psu_cortexa53_0/standalone_domain/bsp/system.mss
TRACE::2025-03-23.19:51:14::SCWMssOS::DEBUG:  swdes dump  C:/Xilinx/Projects/DRC_Rev2.0_Deliverables/Vitis2023.1/DRC_Rev2.0_SW/DRCPlatform/psu_cortexa53_0/standalone_domain/bsp/system.mss|system_1||
C:/Xilinx/Projects/DRC_Rev2.0_Deliverables/Vitis2023.1/DRC_Rev2.0_SW/DRCPlatform/zynqmp_fsbl/zynqmp_fsbl_bsp/system.mss|system||
C:/Xilinx/Projects/DRC_Rev2.0_Deliverables/Vitis2023.1/DRC_Rev2.0_SW/DRCPlatform/zynqmp_pmufw/zynqmp_pmufw_bsp/system.mss|system_0||

TRACE::2025-03-23.19:51:14::SCWMssOS::Sw design exists and opened at  C:/Xilinx/Projects/DRC_Rev2.0_Deliverables/Vitis2023.1/DRC_Rev2.0_SW/DRCPlatform/psu_cortexa53_0/standalone_domain/bsp/system.mss
